topic,FREX,DS_RESUMO,document
1,"mthfr, metilacao, hipertensas, c677t, citrulina",hipertensao_arterial_sistemica doenca multifatorial condicao complexa interferem diretamente perfil metabolomico metabolomica tecnica altamente reprodutivel permite analise amostras biologicas intactas necessidade preparacao extensiva reduzindo potencial variabilidade analitica proporcionando identificacao metabolitos desconhecidos tornando valioso perfil abrangente misturas metabolicas complexas alem ser considerada abordagem funcional atividades organismo vem sendo observado fibra_alimentar reduz pressao_arterial pa colesterol circulante apresenta associacao hipertensao sendo mecanismos quais fibras dieteticas reduzem niveis pa ainda elucidados momento logo ainda existem recomendacoes quantitativas fibras diretrizes nacionais internacionais quanto tratamento prevencao hipertensao diante exposto objetivo presente tese avaliar base metabolomica efeito intervencao fibras dieteticas mistas metabolitos hdl hdl_c soro valores pressoricos mulheres hipertensas normotensas excesso_peso trata estudo matriz intervencao duplo cego placebo controlado realizado 60 mulheres adultas faixa etaria 20 60 anos inicialmente amostra selecionada conveniencia aleatoriamente formados quatro grupos grupos 1 g1 hipertensas 3 g3 normotensas receberam doze gramas fibras dieteticas mistas grupos 2 g2 hipertensas 4 g4 normotensas placebo realizadas avaliacao_antropometrica analises_bioquimicas pre pos intervencao colesterol serico triglicerideos hdl_c ldl vldl glicemia_jejum pcr us assim analise perfil metabolomico meio tecnica ressonancia magnetica nuclear 1h rmn 1h relacao resultados primeiro artigo observou g3 diferencas significativas principais tipos metabolitos referentes aumento areas relativas tres picos metabolitos hdl 4 94 ppm 0 0086 hdl 1 28 ppm 0 0337 hdl 0 88 ppm 0 0224 metabolito glicose 4 90 ppm 0 0106 reducao pressao_arterial sistolica pas 0 0292 7 mmhg faixa referencia g4 ocorreu reducao pas 0 0118 4 mmhg metabolito colina 3 65 ppm 0 0266 poe causa validade desses resultados literatura quanto resultados segundo artigo g1 observou relacao aumento hdl_c total soro aumento areas relativas picos metabolitos hdl 0 84 ppm 0 88 ppm relacao negativa hdl_c total soro hdl 1 24 ppm quanto g3 relacoes positivas hdl_c total soro dois metabolitos hdl 0 88 ppm 1 24 ppm alem reducao pas pressao_arterial diastolica pad g1 reducao pas g3 g4 base resultados encontrados metabolitos hdl podem ser alvos prevencao fatores_risco_cardiovascular destaque aumento hdl_c total soro reducao colesterol_total reducao pressao_arterial amostra analisada neste estudo partir intervencao fibras dietetica mistas,4966
1,"mthfr, metilacao, hipertensas, c677t, citrulina",hipertensao_arterial_sistemica has considerada maior fator risco_cardiovascular atribuivel mortalidade fatores interferem prevalencia desse problema dieta porque vem sendo observado consumo fibras_alimentares reduz pressao_arterial sistemica embora ainda consenso dieta pode alterar dna expressao_genica logo objetivo deste estudo avaliar efeito complementacao fibras alimentar pressao_arterial metabolitos score risco_cardiovascular mulheres adultas polimorfismo c677t gene mthfr excesso_peso trata estudo_clinico intervencao duplo cego placebo controlado tema ainda pesquisado cuja amostra composta 60 mulheres 30 hipertensas 30 normotensas realizadas avaliacoes antropometricas estimativa risco_cardiovascular rcv analises_bioquimicas genotipagem polimorfismo c677t gene mthfr analises sobre concentracao metabolitos inicialmente amostra selecionada conveniencia aleatoriamente formados quatro grupos grupos 1 g1 hipertensas 3 g3 normotensas receberam saches doze gramas fibras dieteticas mistas grupos 2 g2 hipertensas 4 g4normotensas placebo relacao resultados primeiro artigo observou g1 genotipo ct tt reducoes valores pressao_arterial sistolica feita intervencao fibras 147 87 + 22 48 mmhg x 129 67 + 19 69 seguido genotipo cc 143 33 + 15 05 mmhg x 129 67 + 14 99 p = 0 0145 g1 genotipo ct tt apresentou reducao pressao_arterial sistolica 15 5 mmhg p = 0 0026 grupo cc g1 reducao 15 0 mmhg p = 0 0115 estudo mostrou efeito fibra sobre valores pressoricos aconteceu independentemente genotipos c677t pronunciado portadores alelo t quanto resultados segundo artigo relacao intervencao fibras dieteticas constataram alteracoes valores referentes reducao risco_cardiovascular grupo 1 grupo 3 portadoras genotipos cc genotipos ct tt referentes polimorfismo c677t gene mthfr embora diferencas sido significativas alem disso aumento significativo valores hdl_c grupo 1 classificacao genotipos resultados encontrados deram evidencias significativas polimorfismo c677t gene mthfr exerce influencia valores pas intervencao fibra dietetica mulheres hipertensas embora reducao rcv aumento hdl_c sido significativos base resultados encontrados observou comparar resultados genotipos grupos grupos utilizando diferentes testes estatisticos encontrou influencia polimorfismo apos intervencao fibras utilizar teste comparacao conover ocorreu influencia genotipo dependente grupo hipertensos suplementados fibras porem distribuir grupos genotipos ocorreu diferenca quanto score risco_cardiovascular valores ldl_c hdl_c embora observou reducao significativa desses valores,3011
1,"mthfr, metilacao, hipertensas, c677t, citrulina",hipertensao_arterial condicao clinica complexa multifatorial caracterizada elevacao persistente pressao_arterial alteracoes metabolicas apesar avancos compreensao fisiopatologia implementacao estrategias prevencao tratamento eficazes continua sendo maiores problemas emergentes saude_publica mundo contexto etiologico envolvidos fatores geneticos estilo_vida dentre destaca alimentacao fibra dietetica sido associada prevencao alteracoes glicemia resistencia_insulina perda_peso dislipidemias embora ainda consesual pressao_arterial regulacao pressao_arterial envolvida epigenetica criou novo conceito sobre heranca genetica regulacao fenotipica organismo podera ser melhor compreendida pos genomica metabolomica possibilitou melhor identificacao sobre relacoes metabolicas estudo objetivo avaliar perfil metabolomico influencia polimorfismo c677t gene mthfr perfil metabolomico apos suplementacao fibra dietetica mulheres hipertensas sobrepeso obesidade estudo_intervencao duplo cego placebo controlado formacao dois grupos grupo experimental composto 14 mulheres hipertensas sobrepeso obesidade suplementado 12 g dia fibra dietetica grupo placebo n=12 suplementado 12 gramas amido milho 8 semanas amostra composta mulheres faixa etaria 20 60 anos realizadas avaliacao_antropometrica analises_bioquimicas pre pos intervencao colesterol serico ct triglicerideos tg hdlc ldlc glicemia_jejum proteina_c_reativa ultrassensivel pcr us assim analise perfil metabolomico meio tecnica ressonancia magnetica nuclear h 1 hrmn genotipagem polimorfismo gene mthfr primeiro artigo sobre perfil metabolomico grupo 1 hipertensos excesso_peso suplementados fibras observou apos analise_componentes_principais pca aumento valores seguintes metabolitos hdl_c acordo deslocamento quimico ppm 0 88 p 0 0000 1 24 p 0 0010 1 28 p 0 0000 4 94 p 0 258 colina 3 65 p 0 0035 hidroxibutirato 1 20 p 0 0010 bem reducao pressao_arterial sistolica antes intervencao analise perfil metabolomico rmn soro mulheres hipertensas excesso_peso permitiu identificar metabolitos facilitando melhor compreensao vias metabolicas podendo auxiliar tratamento dessas patologias associadas segundo artigo analisados influencia polimorfismo c677t gene mthfr perfil metabolomico resposta consumo fibra mulheres genotipos ct tt apresentaram maiores reducoes valores pressao_arterial sistolica apos intervencao fibras assim aumento area concentracao picos varios metabolitos hdl hidroxibutirato grupo genotipo ct tt conclui intervencao fibra dietetica mista reduziu pressao_arterial sistolica afetou perfil metabolomico mulheres excesso_peso hipertensao polimorfismo c6777t gene mthfr influenciou perfil,3689
2,"adolescentes, meninas, excesso_peso, meninos, escolares",aumento prevalencia obesidade outras doencas_cronicas relacionado outros fatores estilo_vida sedentario pratica_atividade_fisica exerce papel importante estrategias controle_peso promocao_saude todavia dificuldades mensurar atividade_fisica podem prejudicar constatacao tais associacoes sabe pratica_atividade_fisica habitos sedentarios relacionam si maneira inversa influenciam saude adolescentes formas distintas fator protetor risco contudo levando conta estilo_vida atual jovens supoe coexistencia habitos sedentarios fisicamente ativos sendo assim surge indeterminacao relevante saude adolescentes objetivo deste estudo determinar associacoes existentes nivel atividade_fisica aptidao cardiorrespiratoria comportamento_sedentario combinacao destes constructos excesso_peso adolescentes analisou dados 1015 alunos idade 13 19 anos 1º ano ensino medio 2010 2 escolas_publicas 4 particulares participantes linha base estudo_longitudinal avaliacao_nutricional adolescentes elana nivel atividade_fisica avaliado forma curta international physical activity questionnaire ipaq aptidao cardiorrespiratoria avaliada teste corrida caminhada 9 minutos t9 comportamento_sedentario avaliado tempo uso tv autorreferido excesso_peso avaliado indice_massa_corporal imc segundo criterio proposto organizacao_mundial_saude oms magnitude associacoes avaliada odds ratio or intervalo confianca 95 ic95 analises brutas estratificadas sexo tipo escola mostraram fazem uso tv 2 horas diarias possuem aproximadamente 70 chance apresentarem excesso_peso fazem independente sexo tipo escola quanto nivel atividade_fisica meninos praticam menos 60 minutos atividade_fisica dia possuem 35 menos chance or=0 65 ic95= 0 43 0 98 ter excesso_peso meninos atendem recomendacao associacao semelhante observada estudantes escola publica or=0 56 ic95= 0 36 0 87 associacao combinacao nivel atividade_fisica comportamento_sedentario sobre excesso_peso apresenta odds ratio 0 46 ic95= 0 22 0 95 meninas praticam menos 60 minutos diarios atividade_fisica assistem menos 2 horas tv dia tomando referencia meninas praticam 60 minutos atividade_fisica dia comportamento_sedentario semelhante observa estudantes escolas_publicas or= 0 40 ic95=0 19 0 82 observam casos excesso_peso meninas categoria aptidao cardiorrespiratoria desejada nivel comportamento_sedentario baixo estudantes escola publica aptidao cardiorrespiratoria desejada independentemente tempo dispendido tv analises ajustadas sexo tipo escola idade consumo_alimentar apontam chance apresentar excesso_peso aproximadamente 5 vezes maior baixa aptidao cardiorrespiratoria comparacao adolescentes possuem aptidao desejada or=4 6 ic95= 1 38 15 34 assistir televisao tempo superior 2 horas representa aumento 92 chance adolescente apresentar excesso_peso or=1 92 ic95= 1 30 2 83 comparados adolescentes passam menos 2 horas diaras assistindo tv modelo regressao ajustada envolve nivel atvidade fisica observa chance 44 menor or=0 56 ic95= 0 40 0 78 ter excesso_peso adolescentes praticam menos 60 min dia atividade_fisica conclui apesar magnitude efeito protetor aptidao cardiorrespiratoria adequada ser excessivamente maior efeito risco horas tv excesso_peso importancia reducao tempo dedicado comportamentos sedentarios deve ser menosprezado abordagem variada propondo atividades promovam melhoria aptidao cardiorrespiratoria reducao comportamento_sedentario imperativa maior eficiencia programa prevencao combate excesso_peso adolescentes,1360
2,"adolescentes, meninas, excesso_peso, meninos, escolares",aumento prevalencia excesso_peso adolescentes despertado preocupacao sendo dificil estabelecer ganho_peso adequado nessa faixa etaria periodo grandes mudancas composicao_corporal alguns estudos sugerem excesso_peso consequencia menarca precoce havendo associacao elevado indice_massa_corporal imc idade adulta presente trabalho objetivos avaliar ocorrencia ganho excessivo indice_massa_corporal_idade imc i fatores_associados assim influencia maturacao_sexual precoce excesso_peso obesidade_abdominal alteracoes metabolicas final maturacao_sexual adolescentes sexo_feminino dados analisados provenientes estudo_coorte adolescentes recrutadas escolas_publicas recife pe anos 2007 2012 diagnostico nutricional realizado partir indices_antropometricos altura idade i imc i tomando base referencia organizacao_mundial_saude empregando programa who anthroplus R versao 3 2 2 resultados expressos escores z considerando baixa estatura baixo_peso escore z i zai imc i zimc i abaixo desvio padrao dp ser classificada excesso ganho follow up adolescente deveria apresentar ganho excessivo escore z imc i gezimc i follow up baseline >0 63 menarca considerada precoce instalou idade inferior mediana ocorrencia idade menarca meninas estudo 12 anos 2007 33 5 meninas apresentaram excesso_peso final estudo prevalencia 26 2 tendo sido evidenciada diferenca estatisticamente significante longo 5 anos estudo 126 382 meninas apresentaram gezimc i baseline 126 meninas apresentaram gezimc i 120 eutroficas baixo_peso follow up 76 meninas apresentavam excesso_peso alem ter havido gezimc i 76 meninas mudaram categoria zimc i apos analise regressao_logistica associados gezimc i estado_nutricional magro eutrofico excesso_peso materno 382 meninas 255 encontravam final maturacao_sexual estagios 4 5 eutroficas epoca menarca dentre verificou 32 9 apresentaram menarca precoce contudo evidenciado diferencial estatisticamente significante meninas menarca precoce relacao variaveis antropometricas laboratoriais acredita adolescentes baixo_peso eutroficas apresentado gezimc i devido protecao fisiologica excesso_peso materno apresentou influencia estado_nutricional adolescentes devido exposicao ambiente obesogenico assim acredita menarca precoce maior relacao excesso_peso durante infancia consequencia causa excesso_peso grande limitacao fato haver informacoes sobre estado_nutricional adolescentes infancia sendo necessarios estudos longitudinais abranjam acompanhamento precoce palavras chave adolescentes obesidade_abdominal dislipidemia excesso_peso fatores_associados,1692
2,"adolescentes, meninas, excesso_peso, meninos, escolares",adolescencia momento vida peculiar rapido intenso encerra crescimento fisico maturacao_sexual consolidacao personalidade habitos adquiridos nessa fase podem representar risco surgimento doencas_cronicas_transmissiveis excesso_peso considerado pandemia global todas faixas etarias principalmente infancia adolescencia recentes avancos compreensao dinamica comportamento adolescente podem facilitar promocao acoes resultem maior impacto futuro bem estar dessa populacao objetivo estudo avaliar prevalencia excesso_peso associacao fatores_socioeconomicos familiares estilo_vida saude adolescentes matriculados rede ensino publica privada goiania go analisados adolescentes 12 18 anos n=1 169 meio questionario padronizado previamente testado estudo piloto prevalencia excesso_peso avaliada meio pontos corte indice_massa_corporal associacoes variaveis sociodemograficas antecedentes pessoais estilo_vida pressao_arterial excesso_peso analisadas meio razao prevalencia bruta ajustada meio regressao multipla poisson prevalencia excesso_peso 21 2 sendo 14 1 sobrepeso 7 1 obesidade diferencas significativas generos 26 3 rapazes vs 16 8 mocas analise poisson obesidade materna rp=1 86 p=0 004 associada maior prevalencia excesso_peso sexo_masculino idade 15 18 anos menor prevalencia excesso_peso comparados idade 12 14 anos rp= 0 70 p=0 021 sexo_feminino presenca pais obesos rp=2 42 p<0 001 associou maior prevalencia excesso_peso pertencentes classe c menor prevalencia excesso_peso rp=0 67 p=0 035 excesso_peso adolescentes pode estar associado sexo obesidade familiar classificacao socioeconomica quais devem ser foco planejamento intervencoes especificas promocao_saude,508
3,"pubmed, scopus, lilacs, medline, revisao_sistematica",objetivo investigar associacao consumo_alimentos ultraprocessados risco desenvolvimento doenca alzheimer adultos_idosos protocolo revisao registrado prospero crd42022375944 metodos trata revisao_sistematica relatada conforme prisma incluidos estudos observacionais restricao idioma ano publicacao excluidos estudos avaliaram desfecho apenas outros tipos demencias considerando doenca alzheimer pesquisa realizada bases medline embase lilacs consulta literatura cinzenta abril maio 2023 alem busca citacao estudos incluidos extracao dados realizada dois revisores independentes risco vies qualidade metodologica estudos incluidos avaliados meio checklist instituto joanna briggs estudos coorte resultados total 4 estudos envolvendo 614 502 adultos_idosos incluidos todos estudos apresentaram desenho coorte considerados alta qualidade metodologica estudos incluidos 3 estudos evidenciaram associacao risco consumo_alimentos ultraprocessados desenvolvimento doenca alzheimer enquanto 1 estudo apresentou associacao risco apenas desenvolvimento declinio cognitivo discussao associacao consumo aup risco desenvolvimento tema recente estudos cientificos visto estudo antigo identificado revisao 2017 quatro estudos incluidos tres demonstraram associacao significativa consumo aup risco desenvolvimento,4333
3,"pubmed, scopus, lilacs, medline, revisao_sistematica",estudo objetivo revisar sistematicamente resultados estudos observacionais avaliaram relacao riscos ocupacionais qualidade_vida trabalho hospitais metodologia revisao desenvolvida seguindo recomendacoes guia preferred reporting items systematic_reviews and meta analyses prisma registro international prospective register of systematic_reviews prospero sob numero crd2019127865 todo processo busca selecao avaliacao qualidade estudos realizada dois revisores independentes bases dados busca medline pubmed embase scopus lilacs psycoinfo cinahl biblioteca digital brasileira teses dissertacoes ovid estrategia busca estruturada acordo sigla peco populacao trabalhadores adultos hospitais exposicao riscos ocupacionais comparacao adequado controle riscos ocupacionais resultado nivel qualidade_vida trabalho fases selecao seguiram exclusao duplicados leitura titulos resumos exclusao artigos irrelevantes leitura integra artigos selecionados avaliados segundo criterios elegibilidade listas referencias artigos selecionados pesquisadas artigos incluidos lidos integra informacoes extraidas registradas planilha padronizada qualidade metodologica avaliada escala newcastle ottawa risco vies research triangle institute item bank resultados total 49 911 artigos identificados apos todo processo selecao seis atenderam criterios elegibilidade majoritariamente realizados profissionais_saude 83 33 mulheres 66 70 paises asiaticos 66 66 todos estudos apresentaram uso diferentes instrumentos modos categorizar qualidade_vida trabalho riscos ocupacionais apenas estudo avaliou ruido ocupacional todos apresentaram relacao risco ocupacional qualidade_vida trabalho apontaram necessidade medidas melhorem vida destes profissionais ambiente laboral conclusao necessidade desenvolvimento estudos sobretudo homogeneos uso instrumentos conceituacao categorizacao qualidade_vida trabalho alem estudos avaliem relacao causal risco ocupacional qualidade_vida trabalho,3114
3,"pubmed, scopus, lilacs, medline, revisao_sistematica",amorphophallus plantas perenes familia araceae utilizada amorphophallus konjac longa historia uso asia tratamento patologias presente trabalho registrado prospero sob numero crd42022315902 objetivo produzir revisao_sistematica avaliar potenciais beneficios amorphophallus konjac saude individuos pesquisa realizada principais bases dados pubmed scopus scielo web of science restricao data publicacao lingua genero idade incluidos ensaios_clinicos estudos observacionais coorte excluidos artigos revisao meta_analise carta autor estudos experimentais in vitro animais qualidade estudos avaliada risco vies ferramenta escolhida analise rob 2 0 estudos intervencao encontrados 125 artigos desses sendo 21 artigos elegiveis konjac apresenta grande potencial tratamento adjuvante melhora perfil_lipidico glicemico individuos saudaveis doencas_cronicas_transmissiveis,4625
4,"jogadores, jogos, sessao, jogo, militares",objetivo presente estudo investigar elevada sinalizacao induzida exercicio realizado reduzido conteudo glicogenio muscular pode ser atribuida baixo conteudo glicogenio muscular si realizacao duas sessoes exercicio demasiada proximidade neste cenario dois diferentes regimes exercicio manipulando duracao recuperacao primeiro segundo exercicio treinar duas vezes dia versus treinar diariamente desenhados presente estudo outra condicao experimental composta somente exercicio realizada controle qualquer possivel influencia exercicio previo reduzido conteudo glicogenio muscular hipotese presente estudo metodologia treinar duas vezes dia potencializara transcricao genes relacionados biogenese mitocondrial comparacao metodologia treinar diariamente ensaio treinar diariamente participantes realizaram exercicio deplecao glicogenio muscular noite anterior inicio tarde dia seguinte realizaram sessao exercicio intervalado alta intensidade eiai manha ensaio treinar duas vezes dia participantes realizaram exercicio deplecao glicogenio muscular seguido duas horas sessao eiai inicio tarde durante ensaio controle participantes realizaram somente sessao eiai inicio tarde biopsias musculo vasto lateral amostras sangue venoso coletadas antes imediatamente apos 3h apos realizacao sessoes eiai antes sessao eiai concentracao glicogenio muscular similar condicoes treinar duas vezes dia treinar diariamente p > 0 05 ambas menores condicao controle p < 0 05 concentracao muscular glicogenio diminuiu apos eiai tres condicoes p < 0 05 manteve menor condicoes treinar duas vezes dia treinar diariamente comparacao condicao controle 3h apos eiai p = 0 001 rnam pgc 1 total isoforma 4 pgc 1 maiores condicao treinar duas vezes dia comparado condicoes treinar diariamente controle p < 0 05 alem disso rnam ppar maior condicao treinar duas vezes dia comparado condicoes treinar diariamente controle p < 0 05 rnam ppar maior condicao treinar duas vezes dia comparado condicao controle pos eiai maior comparado condicoes treinar diariamente controle 3h apos eiai p < 0 05 ademais treinar duas vezes dia aumentou fc v v o2 diminuiu glicose plasmatica comparado condicoes treinar diariamente controle p < 0 05 portanto evidencias indicam realizacao duas sessoes exercicio demasiada proximidade potencializa transcricao genica pgc 1 ppar ppar forma independente niveis iniciais glicogenio muscular resultados sugerem treinar duas vezes dia talvez estrategia eficiente induzir adaptacoes relacionadas biogenese mitocondrial devido realizacao duas sessoes exercicio demasiada proximidade propriamente reduzido conteudo glicogenio muscular,2493
4,"jogadores, jogos, sessao, jogo, militares",analise cinematica meio videogrametria sido utilizada descricao movimentos jogadores basquetebol sob vertente tecnica tatica fisica cargas treinamento_fisico devem ser planejadas termos volume intensidade modo proximo possivel demandas solicitadas durante jogos forma geral volume deslocamentos realizados pode ser caracterizado distancia percorrida intensidade velocidades alcancadas ocorrencia sucessivos periodos esforcos alternados intervalos recuperacao faz obtencao manipulacao variaveis duracao esforcos numero repeticoes tempo recuperacao grande importancia preparacao fisica desta modalidade caracterizada intermitente estudo propoe analise velocidades deslocamento durante tres partidas oficiais basquetebol classificando faixa velocidade definindo esforcos cada faixa velocidade maxima descrevendo cada faixa frequencia destes esforcos duracao intervalos tempo distancia percorrida posicoes armador ala armador ala ala pivo pivo tanto tres jogos novo basquete brasil filmados utilizando quatro cameras video sequencias imagens jogos total doze jogadores mesma equipe rastreados coordenadas 2d posicao funcao tempo reconstruidas utilizando sistema dvideo calculadas velocidades deslocamento cada jogador analise estatistica utilizado teste friedman resultados obtidos parametricos anova parametricos significancia adotada p < 0 01 velocidades classificadas tempo cronometrado parado tempo cronometrado ativo mostrando diferenca variaveis todas posicoes exceto alas armadores ala armadores armadores medias desvios padrao frequencias esforcos tempo duracao intervalos distancias percorridas calculadas tres diferentes faixas velocidades v2 0 3m s v3 3 1 6 9 m s v4 acima 7 0 m s media tempo cronometrado ativo 46 7 + 5 2 armadores deslocaram outras posicoes 6592 2 + 422 3 m permaneceram tempo faixa v2 apresentaram tempo medio duracao cada esforco 3 9 + 0 s terceira categoria 3 0 6 9 m s alas armadores obtiveram medias maiores frequencias esforco 133 3+ 2 0 intervalo esforcos 1578 3+ 75 8 tempo duracao 5 3+ 0 3s acima 7 0 m s novamente alas armadores obtiveram maiores medias todas variaveis frequencia esforcos 1 6+ 1 5 tempo duracao 6 9+ 6 7s distancia percorrida 20 4+ 15 1m pivos obtiveram medias menores frequencia esforcos 1 0+ 1 0 tempo duracao 5 2+ 4 81s intervalo esforcos 931 6+ 1450 6 distancia percorrida 721 2+ 36 1m v4 novamente alas armadores obtiveram maiores medias variaveis fe = 1 6 + 1 5 t = 6 9 + 6 7 s d = 20 4 + 15 1 m mostra importante caracteristica alas armadores sujeitos maiores esforcos velocidades 3 1 7 0 m s sugere indicacao intensidade treino posicao pivos obtiveram medias menores fe = 1 0 + 1 0 t = 5 2 + 4 81 s dt = 931 6 + 1450 6 d = 721 2+ 36 1 m indicando jogadores necessitam maior nivel condicionamento aerobico permanecem categorias menor intensidade tempo aplicacao reconstrucao bidimensional tracking manual utilizando dvideo possivel modelo experimental sugere diferenca quanto perfil velocidade deslocamento diferentes posicoes bem relacao variaveis estudadas observadas valores obtidos tres jogos analisados tais informacoes uteis prescricao treinamento levando consideracao especificidades cada funcao quadra,544
4,"jogadores, jogos, sessao, jogo, militares",aspectos importantes estudos recentes basquetebol descricao movimentacao jogadores dada posicao funcao tempo permite obter distancias percorridas caracterizar volume deslocamentos realizados jogadores durante jogos objetivos desse trabalho analisar distancias percorridas jogadores periodo jogo jogo velocidades medias jogadores bola viva cronometro ativo bola morta cronometro parado periodo jogo jogo b analisar distancias percorridas diferentes funcoes equipe verificar distancias percorridas jogadores separados funcao equipe situacoes ataque defesa transicoes ataque defesa c realizar analise_componentes_principais jogadores separados funcao situacoes ataque defesa transicoes ataque defesa sistema dvideo fef unicamp campinas brasil usado obter distancias percorridas jogadores cinco equipes basquetebol b c d quatro jogos novo basquete brasil 2011 2012 alas pivos pivos equipe percorreram menor distancia comparados outros jogadores durante quatro jogos analisados jogo 2 apresentou menor valor distancia percorrida comparado outros tres jogos pois duracao inferior outros ultimo periodo quarto jogo apresenta valores distancias percorridas superiores relacao outros periodos quartos jogo pois duracao maior tanto equipe casa equipes adversarias b c d encontradas diferencas significativas valores distancia percorrida situacoes jogo ataque defesa comparadas transicoes tanto ataque defesa jogadores maior deslocamento transicoes situacao defesa todas equipes apresentaram diferenca significativa variavel excentricidade indica jogadores situacao defesa deslocam direcoes latero laterais quadra situacao defesa direcoes eixos principais proximas direcoes transversais quadra resultados apresentados ferramentas importantes tecnicos viii preparadores fisicos equipes basquetebol porque ajudam definir detalhar perfil fisico tatico individual coletivo jogadores equipe,810
5,"adipocitos, inguinal, tam, mesenterico, edl",objetivo objetivo deste estudo verificar efeitos exercicio aerobico regular sobre composicao_corporal expressao_genes lipoliticos termogenicos concentracoes citocinas_inflamatorias tecido_adiposo camundongos 1 ar material metodos camundongos 1 ar selvagens machos provenientes linhagem c57 bl6j 4 meses idade divididos quatro grupos seis animais cada selvagem controle selvagem treinado 1 ar controle 1 ar treinado grupos treinados submetidos programa exercicio aerobico continuo intensidade moderada eacm 60 min dia 60 velocidade maxima 5 dias semana durante 8 semanas apos eutanasia tecidos_adiposos removidos usados calculo indice_adiposidade analise histomorfometrica concentracoes citocinas expressao_genica atividade lipases figado coletado analises citocinas atividade lipases carcaca eviscerada utilizada analise composicao_corporal conteudo gordura proteina agua corporal comparacoes quatro grupos feitas usando anova duas entradas post hoc tukey kruskal_wallis post hoc dunn adotou nivel significancia 5 resultados animais 1 ar apresentaram maior peso_corporal percentual_gordura area adipocitos tecido_adiposo inguinal marrom animais wt p<0 05 eacm capaz reduzir peso_corporal bem peso tecido_adiposo mesenterico percentual_gordura area adipocitos tecido_adiposo inguinal marrom animais 1 ar p<0 05 eacm aumentou frequencia pequenos adipocitos reduziu frequencia grandes adipocitos tecido_adiposo epididimal animais treinados p<0 05 animais 1 ar c apresentaram menor frequencia pequenos adipocitos maior frequencia grandes adipocitos tecido_adiposo inguinal p<0 05 enquanto animais 1 ar t apresentaram maior menor frequencia pequenos grandes adipocitos p<0 05 respectivamente animais 1 ar apresentaram menor frequencia pequenos adipocitos maior frequencia grandes adipocitos tecido_adiposo marrom p<0 05 animais 1 ar apresentaram maior menor atividade lipases tecido_adiposo mesenterico figado respectivamente comparados animais wt p<0 05 nenhum efeito eacm observado p>0 05 eacm entanto diminuiu concentracoes citocinas_pro_inflamatorias il 12p70 tnf il_6 anti_inflamatorias il_10 tecidos_adiposos epididimal inguinal mesenterico marrom figado animais 1 ar p<0 05 alem disso eacm delecao genica 1 ar alterou expressao_genes lipoliticos lipe npr1 termogenicos ucp 1 pgc 1 tecidos_adiposos animais 1 ar p>0 05 enquanto animais 1 ar apresentaram menor expressao gene adrb2 p<0 05 animais treinados maior expressao gene adrb3 p<0 05 conclusao delecao genica 1 ar aumenta peso_corporal percentual_gordura area adipocitos tecido_adiposo inguinal marrom frequencia pequenos adipocitos tecido_adiposo epididimal grandes adipocitos tecido_adiposo inguinal marrom reduz frequencia grandes adipocitos tecido_adiposo epididimal pequenos adipocitos tecido_adiposo inguinal marrom altera indice_adiposidade eacm reduz peso_corporal peso tecido_adiposo mesenterico indice_adiposidade percentual_gordura area frequencia grandes adipocitos tecido_adiposo epididimal inguinal aumenta frequencia pequenos adipocitos tecido_adiposo epididimal inguinal altera frequencia pequenos grandes adipocitos tecido_adiposo marrom delecao genica eacm alteram expressao_genes lipoliticos lipe npr1 termogenicos ucp 1 pgc 1 tecido_adiposo entretanto delecao genica 1 ar reduz expressao gene adrb2 eacm aumenta expressao gene adrb3 concentracoes citocinas delecao genica 1 ar aumenta concentracoes tnf tecido_adiposo epididimal inguinal marrom il12p70 tecido_adiposo inguinal il_6 il_10 tecido_adiposo mesenterico figado enquanto eacm reduz concentracoes il12p70 tecido_adiposo inguinal tnf tecido_adiposo epididimal inguinal il_6 tecido_adiposo epididimal mesenterico figado il_10 tecido_adiposo epididimal marrom mesenterico figado delecao genica eacm alteram concentracoes ifng mcp 1 tecidos_adiposos figado delecao genica 1 ar reduz atividade lipases tecido_adiposo mesenterico aumenta figado enquanto eacm afeta atividade lipases,2603
5,"adipocitos, inguinal, tam, mesenterico, edl",objetivo presente estudo avaliar numero foliculos primordiais primarios secundarios terciarios bem diametro nucleo oocito foliculo niveis proteinas forkhead box o3a foxo3a forkhead box o3a fosforilada p foxo3a ovarios animais ames dwarf df df deficiencia secrecao hormonio crescimento gh tratamento gh exogeno animais superexpressam gh endogeno bgh grupos receberam gh exogeno submetidos tratamento hormonio suino injecao via subcutanea dado duas vezes dia comecando idade quatorze meses durante seis semanas apos eutanasia ovarios retirados realizada analise histologica contagem foliculos ovarianos diametros oocitarios nucleares foliculares analise imunohistoquimica avaliar presenca proteinas foxo3a p foxo3a grupos animais df df apresentaram quantidade foliculos primordiais transicao totais maiores animais normais p<0 0001 p=0 0002 p<0 0001 respectivamente grupos receberam tratamento gh apresentaram menor quantidade foliculos primordiais totais p=0 009 p=0 018 respectivamente grupo animais bgh apresentou quantidade foliculos primordiais transicao primarios totais menores grupo_controle p=0 0001 p=0 0037 p=0 0006 p=0 0009 respectivamente imunohistoquimica observado foliculos primordiais grupos animais normais quantidade proteinas foxo3a p foxo3a menor comparado grupos animais df df p=0 009 p=0 01 respectivamente grupos tratamento gh apresentaram quantidade proteina foxo3a menor p=0 03 p foxo3a maior p=0 01 foliculos primordiais comparado grupos controles grupo animais bgh apresentou foliculos primarios maior quantidade p foxo3a comparada grupo_controle p=0 006 animais df df apresentam maior reserva ovariana tratamento gh vida adulta capaz ativar reserva tanto animais normais quanto df df contrario observado animais bgh apresentaram reserva ovariana menor animais normais ainda presenca p foxo3a parece estar diretamente relacionada ativacao crescimento folicular estar sobre controle gh,1438
5,"adipocitos, inguinal, tam, mesenterico, edl",teracurmina formulacao nanoparticulas derivada curcumina apresentar propriedades anti_inflamatorias composto bioativo proposto mitigador quadros patologicos pos inflamacao exacerbada trypanosoma cruzi protozoario causador doenca chagas induz intensa resposta_inflamatoria mamiferos ocasionando disfuncoes celulas tecidos distintos orgaos coracao colon sistema_nervoso_central neste estudo avaliamos efeitos teracurmina sobre resposta_inflamatoria parasitologica 32 camundongos_swiss machos infectados cepa colombiana t cruzi animais tratados 30 mg kg teracurmina via gavagem 30 dias sendo dados parasitemia coletados diariamente 30º dia pos infeccao camundongos eutanasiados coletou coracao baco figado tecido_adiposo epididimal gastrocnemio analise histologica alem 1ml sangue dosagens tnf il_6 il_10 il 15 ccl2 ck animais infectados submetidos terapia teracurmina apresentaram reducao parasitemia concentracoes il 15 tecidos cardiaco esqueletico ccl2 tecido cardiaco aumento massa esplenica infeccao alteracoes massa coracao figado apos infeccao terapia teracurmina 30 dias investigacao observadas diferencas concentracoes ck perfil infiltrado inflamatorio indice sobrevivencia camundongos infectados sob terapia teracurmina assim conclui teracurmina atua controlando replicacao parasitaria circulacao regulando producao il 15 ccl2 teciduais,4174
6,"cho, prova, desempenho, enxague, exercicios",treinamento resistido tr comumente praticado sociedade entretanto notada carencia avaliacoes metodos monitoramento movimentos especificos pensando nisso avaliacao potencia critica mensura parametros aerobio potencia critica pc anaerobio capacidade trabalho anaerobio cta poderia vir ser investigada adaptada aplicada tr meio sistema robusto mensuracao variaveis fisicas investigar melhor sistema aplicacao mensuracao variaveis fisicas criado presente pesquisa sistema celula carga elastico atado sistema dispositivos embarcados placas micro controladoras ambos sistemas demonstraram apenas moderada concordancia mensuracao variavel distancia mensuracao forca segundo sistema dispositivos embarcados placas micro controladoras utilizou analise cinetica apresentou confiavel mensuracao forca potencia mensurar variavel aceleracao maneira direta nesse sentido objetivo presente estudo aplicar modelo potencia critica respectivas adaptacoes forca critica levantamento critico tr meio analise movimentos efetuadas dispositivos embarcados placas micro controladoras sendo assim presente pesquisa 10 individuos treinados efetuaram 9 esforcos exaustivos sob cadencias 2 4 8 segundos pesos massas referentes 19 36 28 78 38 76 kg aplicacao avaliacao potencia critica realizadas regressoes meio seguintes modelos matematicos referentes hiperbolico y = cta x pc linear y = cta + pc x linear 1 x y = pc + cta 1 x adaptados forca critica levantamento critico levantamento critico utilizou numero repeticoes inves tempo esforcos mensuraram respetivamente parametros aerobio forca critica fc levantamento critico lc parametros aerobios capacidade impulso anaerobio cia capacidade levantamento anaerobio cla notado todas regressoes obteve r² = 0 85 alta correlacao intraclasse intensidades convertidas kg pc fc lc obtidas esforcos 4 segundos modelo linear 1 x,2171
6,"cho, prova, desempenho, enxague, exercicios",utilizacao avaliacoes fisiologicas modalidade esportivas ascensao faz necessaria promocao monitoramento melhor controle treinamento entretanto nesse processo especificidade modalidade questao necessita ser preservada sendo metabolismo anaerobio extremamente requisitado durante provas canoagem slalom aplicacao sistemas atados determinacao parametros acerca dessa via energetica pode ser extremamente interessante desse modo objetivo presente projeto aplicar teste especifico atado determinacao parametros anaerobios canoistas slalom estudar relacao resultados obtidos nesse teste desempenho esportivo modalidade atletas elevado rendimento nesse esporte submetidos teste all out 30 s atado piscina avaliacao desempenho corredeira todas realizadas sob caique sistema canoagem atado sca utilizado teste all out canoistas remaram atado utilizando corda elastica atada caiaque celula carga fixada borda piscina conectada sistema aquisicao dados sinais sendo coletados 1000 hz teste all out anaerobio atado 30 s aplicado determinacao valores absolutos relativos r forca pico fpico media fmed minima fmin indice fadiga if impulso simulacao prova contendo 24 portas aplicada objetivando aquisicao variaveis tempo prova tp distancia velocidade media respostas acerca frequencia_cardiaca durante esforco testes all out simulacao prova coletas sangue 25ul visando analise concentracao lactato sanguineo realizadas antes testes 2° 4° 6° 8° 10° minuto apos testes aplicacao provas simuladas analise respostas fisiologicas desempenho atletas permitiu observar existencia correlacoes pronunciadas rendimento alguns parametros obtidos diversos tipos testes anaerobios dentre destacadas significantes viii inversas correlacoes visualizadas tp 109 1+ 15 0 s fpico 170 29+ 35 36 n r= 0 60 r fpico 2 50+ 0 39 nkg r= 0 71 fmed 121 12+ 23 58 n r= 0 61 r fmed 1 78+ 0 26 nkg r= 0 73 impulso 3634 73+ 707 26 n s r= 0 61 r impulso 53 46+ 7 72 n skg r= 0 73 desse modo possivel apos conclusao projeto diagnosticar quais parametros fato atrelados rendimento propondo direcionamentos concretos relacionados monitoramento intensidade esforco treinamento objetivando desempenho esportivo,808
6,"cho, prova, desempenho, enxague, exercicios",tenis campo esporte raquete praticado mundo cresceu popularidade brasil ultimas decadas principalmente apos jogador brasileiro figurar melhores mundo gustavo kuerten tenis praticado quadra 23 78 metros comprimento 8 23 metros largura 6 40 metros area saque jogos contra federacao internacional tenis jogo tenis caracterizado movimentos alta intensidade intercalados baixa intensidade pausas pontos 20 segundos games 90 segundos sets 120 segundos duracao partida indefinida media partida 3 sets duracao 1 5 hora porem partidas 5 sets podem durar 5 horas kovacs 2007 dessa forma jogadores permanecem atividade dias consecutivos longo semanas agravado alguns atletas participam jogos duplas dificultando manutencao desempenho longo competicao gallo salazar et al 2017 gescheit et al 2015 evitar efeitos deleterios alguns recursos ergogenicos veem sendo utilizados tentar retardar fadiga devido formato competitivo estudos vem utilizando carboidrato gomes aoki 2010 creatina op t eijnde vergauwen hespel 2001 pluim et al 2006 bicarbonato sodio wu et al 2010 cafeina klein et al 2011 reyner horne 2013 dentre cafeina vem demonstrando eficiencia aumentar desempenho exercicios baixa moderada intensidade ainda controversos exercicios alta intensidade cafeina estrutura quimica 1 3 7 trimetilxantina alcaloide derivado xantinas atua sobre aspectos centrais perifericos relacionados desempenho dentre mecanismos acao centrais antagonismo receptores adenosina principal pois leva aumento impulso nervoso mantendo alto grau contracao estimulacao placa motora graham rush soeren 1994 dentro exercicios alta intensidade estudos demonstrado efeito controverso desempenho porem maiores doses cafeina 6 9 mg kg obtiveram resultados positivos tornando relevante uso entanto partir 9 mg kg efeitos colaterais tendem inverter efeito ergogenico pallares et al 2013 esportes raquete poucos achados sobre cafeina ocorrem estudos verificaram efeitos cafeina sobre desempenho atletas tenis amplos diversificados alguns utilizaram bebidas energeticas contendo cafeina conjunto carboidrato brink elfegoun et al 2014 ferrauti weber struder 1997 gallo salazar et al 2015 outros forma isolada capsulas klein et al 2011 reyner horne 2013 estudos utilizaram 3 mg kg isolado bebida esportiva diferentes metodologias brink elfegoun et al 2014 gallo salazar et al 2015 klein et al 2011 suplementacao cafeina dentro bebidas energeticas dificultam criar relacao melhora desempenho cafeina devido acao outras substancias contidas bebidas inclusao testes correlacionados desempenho comparacao dificultam aplicacao pratica devido grande variabilidade partida tenis baiget et al 2014 considerando potencial cafeina sobre desempenho tenis dose atual melhora desempenho atividades alta intensidade situa torno 6 ml kg presente projeto objetivo verificar efeitos cafeina 6 mg kg sobre desempenho atletas tenis testes especificos partida simulada tal dissertacao dividida artigo revisao sobre tenis cafeina seguida artigo original titulo efeito cafeina sobre desempenho atletas tenis testes especificos jogo simulado,2641
7,"restricao_proteica, ilhotas, ovx, lphc, dieta_hipoproteica",introducao prenhez restricao_proteica associadas alteracoes morfofuncionais antagonicas ilhotas pancreaticas mudancas expressao_genes conteudo proteinas envolvidas exocitose granulos insulina sido observadas ambas situacoes genes associados exocitose granulos insulina regulados micrornas mir mecanismos pos transcricionais objetivo avaliar participacao mir 124a regulacao genes envolvidos exocitose insulina efeitos sobre cinetica secrecao ilhotas pancreaticas ratas prenhes submetidas restricao_proteica metodos avaliadas ratas wistar 90 dias prenhes prenhes submetidas dieta_hipoproteica hpp hpnp controle cp cnp 1º 15º dia prenhez 15 dias ilhotas isoladas determinacao cinetica secrecao insulina ca2+ intracelular resposta glicose determinacao expressao_genes conteudo proteico elementos envolvidos exocitose granulos insulina mir 124a confirmar efeito modulatorio mir 124a sobre expressao_genes interesse celulas ins1e transfectadas mimetico mir resultados prenhez aumentou ingestao_alimentar peso_corporal insulinemia basal interferiu sensibilidade periferica insulina reduziu glicemia basal dieta_hipoproteica prenhez reduziram percentual aumento relacao valor basal durante primeira fase secrecao insulina apos estimulo 16 7 mmol l glicose percentual aumento durante segunda fase secrecao insulina similar ilhotas grupos hpp hpnp grupo cp menor grupo cnp amplitude ca2+ i menor ilhotas ratas submetidas restricao_proteica assim ilhotas ratas prenhes area_sob_curva ca2+ i menor ilhotas grupo hpp relacao demais grupos expressao mir 124a reduzida restricao_proteica expressao rnam conteudo proteico snap 25 bem conteudo proteico rab3a menores ilhotas ratas lpp relacao ilhotas ratas cp expressao rnam sintaxina 1a kir6 2 diminuida ilhotas ratas submetidas restricao_proteica relacao ilhotas ratas controles enquanto conteudo proteico reduzido ilhotas ratas prenhes superexpressao mir 124a aumentou rnam conteudo proteico snap 25 bem niveis rnam rab3a diminuiu expressao rnam sintaxina 1a celulas ins1e conclusao perda padrao bifasico secrecao insulina ilhotas grupo hpp parece ter resultado reduzido ca2+ i devido subexpressao kir6 2 bem mudancas elementos maquinaria exocitotica influenciado direta indiretamente mir 124a,939
7,"restricao_proteica, ilhotas, ovx, lphc, dieta_hipoproteica",secrecao insulina estimulada glicose apresenta padrao bifasico sendo perda primeira fase alteracoes iniciais diabetes_mellitus_tipo_2 desnutricao ocorre perda padrao bifasico enquanto prenhez aumento 60 primeira fase secrecao insulina primeira fase liberacao insulina reflete exocitose granulos insulina dependente calcio portanto presente estudo objetivo investigar ilhotas ratas prenhes desnutridas vida intrauterina lactacao recuperadas apos desmame cinetica secrecao insulina induzida glicose relacao concentracao calcio intracelular expressao proteinas maquinaria exocitose granulos avaliados seis grupos ratas prenhes prenhes alimentadas dieta controle cnp cp respectivamente dieta restrita proteina lpnp lpp respectivamente ratas sofreram restricao_proteica durante vida intrauterina lactacao recuperadas dieta controle apos desmame rnp rp respectivamente glicose induziu padrao bifasico secrecao insulina caracterizado liberacao rapida seguida segundo prolongado periodo grupos rp cp grupo lpp apresentou padrao monofasico caracterizado pequeno aumento seguido diminuicao secrecao tendo atingido valores constantes quantidade insulina secretada primeira fase similar grupos rp rnp assim grupos lpp lpnp maior grupo cp relacao grupo cnp concentracao calcio intracelular menor ilhotas grupos lpp lpnp comparacao grupos cnp cp quatro grupos menores relacao grupos rnp rp concentracao proteina snap 25 maior ilhotas grupos prenhes independentemente estado_nutricional conteudo sintaxina 1a reduzido ilhotas grupo rp relacao grupo rnp concentracao vamp 2 diferiu grupos portanto restricao_proteica durante vida intrauterina lactacao aumentou conteudo calcio citoplasmatico prejudicou aumento classico primeira fase secrecao insulina durante prenhez possivelmente devido menor expressao sintaxina 1,478
7,"restricao_proteica, ilhotas, ovx, lphc, dieta_hipoproteica",investigou efeito restricao_proteica durante prenhez sobre apoptose celulas b pancreaticas avaliadas ratas prenhes prenhes submetidas dieta_hipoproteica lpp lpnp respectivamente normoproteica cp cnp respectivamente 15 20 dias decimo quinto dia tratamento concentracao serica prolactina grupo lpp menor relacao grupos lpnp cp semelhante grupo cnp concentracao serica corticosterona maior ratas lpp lpnp ratas cp cnp dieta_hipoproteica aumentou expressao_genica conteudo proteico caspase 3 razao conteudo proteico bcl2 bax independentemente estado fisiologico conteudo proteico caspase 9 maior ilhotas ratas lpp ilhotas ratas cp 20d tratamento concentracao corticosterona serica maior ratas lpp ratas cp cnp concentracao serica prolactina aumentada ratas lpp cp comparacao ratas lpnp cnp dieta_hipoproteica aumentou rna mensageiro conteudo proteico caspase 9 conteudo proteico caspase 3 ilhotas grupo lpp maior comparacao demais grupos entanto apoptose celulas ilhotas ratas lpp menor comparacao ilhotas ratas lpnp menor apoptose ilhotas ratas cp cnp massa celulas b diferiu grupos 2 8 8 3 mmol l glicose capacidade secrecao insulina similar ilhotas ratas lp cp assim restricao proteinas curto periodo tempo preservou massa celulas b devido parte reducao morte celular apoptose durante prenhez tardia,481
8,"fermentacao, probioticas, casei, colonica, fermentado",processamento industrial frutas gera elevadas quantidades subprodutos constituidos principalmente cascas sementes subproduto processamento jabuticaba myrciaria jaboticaba vell berg apresenta destacavel valor nutritivo elevada concentracao fibras dieteticas compostos_fenolicos quais podem atuar modulacao microbiota_intestinal estimulando aumento populacao bacterias beneficas producao diferentes metabolitos nesse contexto estudo objetivo avaliar potencial prebiotico subproduto jabuticaba sj utilizando sistemas fermentacao in vitro inicialmente realizada liofilizacao sj caracterizacao quanto composicao_nutricional parametros fisico quimicos seguida sj liofilizado submetido digestao gastrointestinal in vitro utilizado unica fonte carbono meio cultivo avaliar capacidade estimular crescimento atividade metabolica cepas probioticas lactobacillus_acidophilus la 05 lacticaseibacillus casei l 26 bifidobacterium animalis subsp lactis bb12 avaliado efeito sj sobre abundancia relativa grupos bacterianos intestinais selecionados usando tecnica fluorescencia hibridizacao in situ acoplada citometria fluxo multiparametrica durante 48 horas fermentacao colonica in vitro determinacao indices prebioticos atividade metabolica microbiota colonica monitorada durante 48 horas meio determinacao valores ph consumo acucares producao acidos organicos perfil compostos_fenolicos longo fermentacao colonica sj liofilizado apresentou elevada concentracao fibra_alimentar principalmente fibra soluvel presenca acucares variedade compostos_fenolicos apos cultivo 48 horas meio sj digerido 20 g l cepas probioticos apresentaram contagens >8 log ufc ml quais semelhantes encontradas meio cultivo frutooligossacarideos cultivo probioticos meio sj resultou diminuicao ph aumento producao acido latico acidos_graxos_cadeia_curta consumo glicose frutose longo tempo indicando intensa atividade metabolica sj aumentou abundancia relativa bifdobacterium spp lactobacillus spp enterococcus spp durante 48 horas fermentacao colonica alem diminuir abundancia relativa bacteroides spp prevotella spp eubacterium rectale clostridium coccoides c histolyticum obtencao valores escores prebioticos positivos aumento atividade metabolica microbiota evidenciado reducao ph producao acido succinico aumento producao acidos_graxos_cadeia_curta consumo acucares meio durante fermentacao colonica sj compostos_fenolicos disponiveis sj extensivamente metabolizados durante periodo fermentacao colonica resultados mostraram sj pode contribuir modulacao positiva grupos bacterianos formam microbiota_intestinal humana producao metabotitos relacionados melhoria saude_intestinal podendo ser explorado ingrediente propriedades prebioticas formulacoes produtos_alimenticios funcionais,3685
8,"fermentacao, probioticas, casei, colonica, fermentado",frutas amplamente conhecidas potencial funcional recentemente coprodutos frutas ganhado destaque especial devido composicao_nutricional riqueza compostos_bioativos coprodutos derivados industria processamento frutas constituidos basicamente cascas sementes talos geralmente descartados lixo podendo ser aproveitados bioprocessamentos estudo objetivo avaliar potencial utilizacao coprodutos processamento frutas acerola malphigia glabra l cace caju anacardium occidentale l ccas goiaba psidium guayaba l cgua meios crescimento fermentacao manutencao viabilidade lactobacillus_acidophilus la 05 lacticaseibacillus paracasei l 10 durante liofilizacao armazenamento digestao gastrointestinal simulada efeitos abundancia relativa diferentes grupos bacterianos intestinais microbianos durante 48 h fermentacao fecal usando inoculo fecal humano resultados mostraram utilizados meios cultivo cace ccas cgua resultaram contagem celulas viaveis lactobacillus =8 8 log ufc g apos 24 h fermentacao alem capacidade reducao fase lag longo fermentacao reducao concentracao acucares glicose frutose concomitante aumento producao acidos organicos reducao ph 3 46  3 99 fermentacao coprodutos lactobacillus promoveu aumento concentracao compostos_fenolicos contribuiu aumento atividade_antioxidante final processo fermentativo apos processo liofilizacao cepas lactobacillus coprodutos fermentados observaram altas taxas sobrevivencia > 86 demonstrando meios poderiam proteger cepas durante liofilizacao final armazenamento l acidophilus la 05 l paracasei l 10 liofilizados cace ccas cgua apresentaram reducoes 2 3 ciclos logaritmicos significativamente menores liofilizados meio controle ainda cace ccas cgua capazes reduzir tamanho subpopulacoes injuriadas mortas durante etapas digestao simulada meios coprodutos frutas aumentaram abundancia relativa grupos bacterianos beneficos tempo diminuiram mantiveram abundancia relativa grupos bacterianos beneficos indicando efeitos estimuladores supostamente seletivos populacoes intestinais bacterianas beneficas concomitante estimulo atividade microbiana alteracao perfil_metabolico resultando diminuicao ph consumo acucar producao acidos_graxos_cadeia_curta aumento compostos_fenolicos capacidade_antioxidante durante fermentacao fecal resultados sugerem cace ccas cgua podem atuar meios cultivo eficientes crescimento l acidophilus la 05 l paracasei l 10 efeito protetor destas cepas durante liofilizacao armazenamento exposicao digestao gastrointestinal simulada alem disso podem induzir mudancas beneficas abundancia relativa varios grupos bacterianos bem atividade metabolica microbiota_intestinal humana sendo candidatos circulares novos sustentaveis uso ingredientes simbioticos,4967
8,"fermentacao, probioticas, casei, colonica, fermentado",padroes dieteticos incluam consumo regular compostos prebioticos capazes modular composicao metabolismo microbiota_intestinal humana exercendo papel importante saude hospedeiro beterraba vermelha beta vulgaris l importante especie olericola destacavel aporte nutrientes compostos_bioativos destaque fibras dieteticas compostos_fenolicos betalainas trabalho objetivo avaliar potencial prebiotico liofilizados obtidos diferentes porcoes beterraba vermelha meio verificacao efeitos sobre crescimento metabolismo cepas probioticas lactobacillus_acidophilus la 05 lacticaseibacillus casei l 26 limosilactobacillus fermentum 296 microbiota colonica humana condicoes in vitro ensaios realizados liofilizados porcoes raiz fdbr talos folhas fdbsl beterraba vermelha cultivar early wonder fdbr fdbsl submetidos analises determinacao composicao_nutricional parametros fisico quimicos seguida cepas lactobacillus expostas condicoes simuladas trato_gastrointestinal presenca fdbr fdbsl avaliados aspectos relacionados viabilidade celular functionalidade fisiologica capacidade_antioxidante_total compostos_fenolicos totais durante tres fases principais digestao boca estomago intestino segunda etapa novas amostras fdbr fdbsl submetidas digestao gastrointestinal simulada produto digestao avaliado ensaios fermentacao usando unica fonte carbono cultivo cepas probioticas avaliacao modulacao microbiota colonica utilizando inoculo fecal calculado escore atividade prebiotica atividade metabolica microbiana monitorada meio determinaao ph conteudos acucares acidos organicos diferentes sistemas cultivo monitorados perfil fenolicos capacidade_antioxidante_total durante fases digestao simulada fermentacao inoculo fecal fdbr fdbsl apresentaram altos teores fibras soluveis 5 25 11 10 g 100 g insoluveis 21 43 37 03 g 100 g pectinas 8 45 9 51 g 100 g betalainas 3 3628 99 g 100 g variedade compostos_fenolicos fdbr fdbsl estimularam crescimento cepas probioticas testadas altas contagens celulas viaveis >9 log ufc ml aumento producao acidos acetico butirico latico propionico alteracoes teores compostos_fenolicos durante 72 h cultivo ainda apresentaram valores positivos indices prebioticos =0 17 durante exposicao digestao simulada fdbr fdbsl aumentaram sobrevivencia manutencao funcoes fisiologicas ativas cepas probioticas indicado alta contagem celulas viaveis =3 5 log ufc ml percentual celulas fisiologicamente ativas >25 2 fdbr 23 1> fdbsl fdbr fdbsl aumentaram abundancia lactobacillus spp enterococcus spp 3 64 7 60 bifidobacterium spp 2 76 5 78 diminuiram abundancia bacteroides spp prevotella spp 9 56 4 18 clostridium histolyticum 1 62 1 15 eubacterium rectale clostridium coccoides 2 33 1 49 durante 48 h fermentacao colonica resultando indices prebioticos positivos > 3 61 fdbr fdbsl promoveram intensa atividade metabolica evidenciada diminuicao ph aumento producao acido latico acetico butirico propionico consumo glicose frutose longo tempo cultivo probioticos ensaios fermentacao colonica alteracoes conteudo compostos_fenolicos alta capacidade_antioxidante durante fermentacao colonica observados fbrd fdbsl mostraram potenciais propriedades prebioticas podendo ser explorados formulacao produtos_alimenticios suplementos dieteticos funcionais,4478
9,"glim, asg, uti, admissao, internacao",triagem risco_nutricional trn primeiro passo sistematizacao cuidado nutricao deve ser realizada partir ferramenta validacao previa ser destinada populacao aplicada baixo custo rapida aplicabilidade composta questionamento simples plano acao possa ser facilmente aplicado adaptado dentre ferramentas existentes apenas malnutrition universal screening tool must nutritional risk screening nrs 2002 modified nutrition risk in critically ill mnutric previamente estudadas pacientes_criticos ferramentas malnutrition screening tool mst nutritional risk in emergency nre 2017 parecem ser faceis acessiveis considerarem peso altura aferidos porem validade mesmas unidade_terapia_intensiva investigada acordo diretrizes nacionais internacionais paciente critico recomenda utilizar ferramentas nutric nrs 2002 trn entanto ambas ferramentas apresentam limitacoes sendo assim etapa cuidado_nutricional paciente critico requer maior investigacao objetivos avaliar validade criterio cinco diferentes ferramentas triagem risco_nutricional pacientes_criticos adultos desenvolver nova ferramenta maior factibilidade identificacao risco_nutricional ambiente terapia_intensiva metodos realizamos estudo_coorte coleta dados prospectiva pacientes adultos_idosos admitidos seis unidades terapia_intensiva utis complexo hospitalar sul brasil periodo julho 2019 maio 2022 ferramentas triagem risco_nutricional aplicadas mnutric nrs 2002 mst must nre 2017 realizar analise concorrente ferramentas utilizamos mnutric nrs 2002 metodos referencia curva caracteristica operacao receptor roc coeficiente avaliaram acuracia concordancia ferramentas regressao_logistica verificou associacao risco_nutricional tempo internacao uti prolongada regressao cox utilizada verificar associacao risco_nutricional mortalidade uti ambas ajuste confundidores realizamos analise secundaria desenvolvimento nova ferramenta trn pacientes_criticos escore screenic screening of nutritional risk in intensive care realizadas quatro etapas desenvolvimento ferramenta variaveis diferentes ferramentas trn diagnostico_desnutricao mnutric nrs 2002 mst must nre 2017 avaliacao_subjetiva_global asg criterios global leadership initiative on malnutrition glim consideradas nortear construcao ponto corte classificacao risco_nutricional definido atraves construcao curva roc utilizando mnutric referencia calculada sensibilidade especificidade valor preditivo positivo negativo validade preditiva avaliada regressao_logistica tempo internacao uti hospital readmissao uti desfechos pos alta regressao cox utilizada avaliar associacao risco_nutricional screenic mortalidade uti hospital resultados avaliados 450 pacientes 64 aiq 54 71 anos 52 2 homens risco_nutricional variou 36 4 nrs 2002 > 5 50 2 nrs 2002 > 3 nrs 2002 > 5 apresentou melhor acuracia 0 63 ic95 0 580 69 mnutric mst nrs 2002 > 5 0 76 ic95 0 710 80 embora nenhuma ferramenta metrica satisfatoria todas ferramentas apresentaram concordancia fraca mnutric k=0 0190 268 concordancia moderada nrs 2002 > 5 k=0 4740 503 must hr=2 26 ic95 1 403 63 mst hr=1 69 ic95 1 092 60 preditores obito uti nrs 2002 > 5 or=1 56 ic95 1 02 2 40 mnutric or=1 86 ic95 1 262 76 permanencia prolongada uti construcao screenic partir 14 variaveis pre selecionadas seis questoes possibilidade respostas sim incluidas ferramenta estarem associadas alto mnutric escore idade > 65 anos dias pre uti > 1 numero comorbidades > 2 sepse perda moderada grave massa_muscular exame fisico ventilacao mecanica vm admissao ponto corte classificacao risco_nutricional 4 0 pontos definido partir equilibrio maior sensibilidade 88 5 especificidade 68 8 escore screenic identificou 57 6 pacientes alto risco_nutricional apresentou concordancia moderada k=0 564 acuracia alta 0 896 ic95 0 867 0 925 mnutric escore screenic preditor independente internacao prolongada uti or=1 81 ic95 1 14 2 85 hospital or=2 15 ic95 1 37 3 38 conclusao nenhuma ferramenta trn apresentou validade concorrente satisfatoria mnutric nrs 2002 apenas must mst preditoras obito uti nrs 2002 > 5 mnutric associados independentemente internacao prolongada uti desenvolvido escore screenic trn pacientes_criticos composta seis questoes respostas sim variaveis necessitam anamnese podem ser obtidas prontuario partir exame fisico realizado beira leito nova ferramenta apresentou concordancia moderada alta sensibilidade mnutric preditora independente permanencia prolongada uti hospital aplicabilidade reprodutibilidade validade preditiva escore screenic identificar pacientes beneficiarao terapia nutricional precoce plena deve ser avaliada estudos futuros,4074
9,"glim, asg, uti, admissao, internacao",embora exista metodo universalmente aceito diagnostico_desnutricao avaliacao_subjetiva_global asg considerada referencia avaliacao_nutricional ambiente hospitalar contudo depende habilidade avaliador ultima decada sociedades internacionais nutricao clinica propuseram novas ferramentas diagnostico_desnutricao academy of nutrition and dietetics american society of enteral and parenteral nutrition and aspen european society clinical nutrition and metabolism espen global leadership initiative on malnutrition glim ferramentas validadas brasil uso pacientes hospitalizados criticos poucos estudos avaliaram desempenhos predizer morbimortalidade acuracia mesma amostra parece ainda ter sido comparada objetivo avaliar validade concorrente preditiva ferramenta and aspen pacientes hospitalizados comparar acuracia demais ferramentas integrativas diagnostico_desnutricao metodos coorte prospectiva pacientes hospitalizados > 18 anos coleta dados realizada primeiras 48 horas admissao dados_sociodemograficos clinicos laboratoriais obtidos prontuario gravidade clinica pacientes classificada partir indice comorbidades charlson icc ferramentas asg and aspen espen glim aplicadas diagnostico_desnutricao pacientes acompanhados alta_hospitalar coleta desfechos tempo internacao_hospitalar tih obito intra hospitalar bem contatados telefone apos seis meses alta coleta desfechos readmissao hospitalar obito estudo aprovado comite etica pesquisa hospital todos pacientes assinaram termo consentimento resultados avaliados 600 pacientes 55 7 + 14 8 anos 51 3 homens 78 2 etnia autodeclarada branca tih mediano 10 0 5 0 18 0 dias 2 7 amostra obito durante internacao pacientes contatados apos seis meses n= 566 35 3 readmissao 8 3 obito frequencia desnutricao 34 0 asg 34 6 and aspen 5 7 espen 41 7 glim desnutricao ferramenta and aspen apresentou concordancia substancial asg kappa=0 690 assim preditora maior risco tih prolongado rr= 1 4 ic 95 1 2 1 6 mortalidade hospitalar hr=5 0 ic 95 1 3 18 8 readmissao rr=1 4 ic 95 1 2 1 8 maior chance obito seis meses or=5 1 ic 95 2 6 9 9 apos ajuste icc and aspen glim apresentaram acuracia satisfatoria identificar pacientes desnutridos auc= 0 846 ic 95 0 810 0 883 auc= 0 842 ic 95 0 807 0 877 respectivamente significativamente superior acuracia espen satisfatoria auc= 0 572 ic 95 0 522 0 622 and aspen testada criterio forca aperto mao fam apresentando boa validade concorrente preditiva conclusao desnutricao avaliada and aspen preditora pior prognostico clinico pacientes hospitalizados alem disso and aspen avaliacao fam glim metodos acurados identificar pacientes desnutridos ambiente hospitalar enquanto uso ferramenta espen deve ser desencorajado,3067
9,"glim, asg, uti, admissao, internacao",fase aguda doenca critica caracterizada intenso catabolismo proteico consequente perda massa_muscular associada piores desfechos_clinicos minimizar catabolismo proteico fase aguda doenca critica desafio terapia nutricional entanto oferta proteica ideal bem melhor momento terapia possa conferir melhor resposta clinica pacientes ainda controversa objetivo avaliar associacao oferta proteica fase aguda doenca critica morbimortalidade pacientes terapia_intensiva metodo trata coorte retrospectiva realizada pacientes admitidos unidade_terapia_intensiva uti medico cirurgica maiores 18 anos ambos_sexos periodo janeiro 2018 junho 2020 coletados dados_demograficos clinicos oferta nutricional setimo dia internamento utilizando prontuarios eletronicos software acompanhamento_nutricional utilizado hospital meta proteica 1 2g kgpeso meta calorica 20 25kcal kgpeso consideradas adequadas dados mortalidade seis meses coletados site tribunal justica bahia analise descritiva variaveis realizada medidas tendencia central frequencia prevalencia comparadas testes_t studet mann_whitney qui_quadrado pearson associacao ingestao_proteica mortalidade seis meses uti hospitalar avaliada regressao multivariada cox associacao oferta proteica tempo internamento uti hospitalar regressao binominal negativa resultados 197 pacientes incluidos estudo 52 8 n=104 obito 6 meses pacientes obito apresentaram pontuacoes apache sofa altos 17 versus 15 p=0 028 6 versus 4 p=0 004 respectivamente desenvolveram sepse durante periodo internacao uti 81 7 versus 40 9 p < 0 001 permaneceram tempo hospitalizados 41 dias versus 30 5 dias p=0 004 sobreviventes pacientes obito apresentaram maior frequencia risco_nutricional 51 9 versus 34 4 p=0 013 aumento 1g kgpeso ingestao_proteica media setimo dia reduziu 65 0 mortalidade 6 meses hr 0 346 ic 95 0 133 0 903 64 4 mortalidade uti hr 0 356 ic 95 0 142 0 895 61 9 mortalidade hospitalar hr 0 381 ic 95 0 164 0 883 considerando risco_nutricional reducao mortalidade ainda maior apenas pacientes alto risco_nutricional 81 5 mortalidade 6 meses hr 0 185 ic 95 0 046 0 732 78 5 mortalidade uti hr 0 215 ic 95 0 061 0 75 82 7 mortalidade hospitalar hr 0 173 ic 95 0 051 0 587 tempo internamento uti aumento 1g kgpeso ingestao_proteica media dias 3 7 reduziu 32 0 rr 0 680 ic 95 0 498 0 928 28 4 rr 0 716 ic 95 0 533 0 961 respectivamente tempo internamento uti pacientes alto risco_nutricional reducao tempo internamento uti 41 0 rr 0 590 ic 95 0 374 0 928 34 5 rr 0 655 ic 95 0 450 0 954 respectivamente conclusao aumento ingestao_proteica media dia 7 reduziu mortalidade 6 meses mortalidade uti hospitalar tempo internamento uti pacientes doenca critica resultados ainda evidentes pacientes alto risco_nutricional tais achados revelam importancia otimizacao oferta proteica pacientes doenca critica particular pacientes alto risco_nutricional enfatizando importancia triagem_nutricional tomada conduta nutricional assertiva,4220
10,"anemia, vitamina_d, deficiencia, hipovitaminose_d, hepcidina",mendonca juliana omena braga alteracoes metabolismo ferro pessoas doenca falciforme 2016 82 f dissertacao mestrado alimentacao nutricao saude  instituto nutricao universidade estado rio janeiro rio janeiro 2016 introducao doenca falciforme df hemoglobinopatia caracterizada inflamacao hemolise cronicas intensa eritropoiese anemia inerentes doenca fatores potencialmente ocasionariam reducao producao hepcidina  hormonio responsavel homeostase ferro  acarretando aumento absorcao intestinal deste micronutriente contrapartida quadro inflamatorio caracteristico bem sobrecarga ferro observada alguns pacientes capazes induzir transcricao deste hormonio reduzindo absorcao ferro lacuna conhecimento respeito comportamento hepcidina gera dificuldades elaboracao protocolo nutricional especifico pessoas assim objetivo deste trabalho avaliar comportamento hepcidina serica individuos doenca falciforme metodos estudo_transversal realizado 115 adultos divididos grupos df presenca sobrecarga ferro n=13 41 0 + 11 6 anos df sobrecarga n=59 30 9+ 10 7 anos individuos doenca n=43 29 4+ 8 9 anos amostras sangue coletadas avaliacao seguintes parametros hematocrito hemoglobina hemoglobinas s fetal hepcidina serica ferritina ferro serico capacidade total ligacao ferro ctlf lactato desidrogenase ldh resultados concentracao hepcidina serica apresentou significativamente maior participantes doenca falciforme sobrecarga ferro relacao grupo df sobrecarga 12 0 ng ml versus 4 2 ng ml respectivamente grupo referida doenca 12 0 ng ml versus 7 2 ng ml respectivamente contrapartida grupo df sobrecarga ferro apresentou menores concentracoes hepcidina serica comparado outros grupos estudados exceto grupo df sobrecarga ferro ferritina correlacionou fortemente hepcidina apresentando principal variavel capaz influenciar variabilidade deste hormonio demais grupos hemoglobina s ldh sexo_feminino idade apareceram variaveis capazes influenciar variabilidade concentracao hepcidina porem menor intensidade conclusao hepcidina serica apresentou elevada individuos doenca falciforme sobrecarga ferro sugerindo aumento concentracao deste hormonio poderia diminuir absorcao deste micronutriente havendo entao necessidade restricao alimentos ricos ferro neste grupo,1483
10,"anemia, vitamina_d, deficiencia, hipovitaminose_d, hepcidina",insuficiencia cardiaca ic sindrome complexa duas etiologias predominantes isquemica isquemica existem lacunas sobre exato impacto etiologia outros fatores_associados ic sobre status zinco cobre objetivou investigar status zinco cobre individuos ic isquemica isquemica associacoes parametros biodemograficos clinicos bioquimicos nutricionais trata estudo_transversal incluiu 80 individuos ic atendidos ambulatorialmente distribuidos grupos ic isquemica n=36 isquemica n=44 avaliou dados biodemograficos clinicos bioquimicos nutricionais investigados biomarcadores zinco zinco plasma zinco urina zinco dieta cobre cobre plasma ceruloplasmina cobre dieta razao cobre zinco comparacao grupos utilizados testes_t student mann_whitney qui_quadrado teste_exato_fisher regressao_linear_multipla metodo stepwise empregada avaliar associacoes observou menor ingestao_dietetica zinco maior cobre grupo ic isquemica ambos p=0 02 maior inadequacao ingestao zinco menor cobre nesse grupo identificadas diferencas zinco cobre plasma razao cobre zinco ceruloplasmina zinco urina grupos todas p=0 05 valores mediana desses biomarcadores encontravam dentro faixa referencia ambos grupos associacoes inversas registradas idade = 0 001 p=0 005 uso diuretico = 0 047 p=0 013 zinco plasma saturacao transferrina =0 002 p=0 014 cobre plasma =0 001 p<0 001 albumina =0 090 p<0 001 etiologia isquemica =0 038 p=0 012 diretamente associadas zinco plasma identificou associacao direta ceruloplasmina =0 011 p<0 001 ggt =0 001 p<0 001 albumina =0 077 p=0 001 pcr us =0 001 p=0 024 calcio dieta =0 000 p=0 015 cobre plasma outro lado variaveis independentes etilismo pregresso = 0 070 p<0 001 fibra dieta = 0 016 p=0 008 inversamente associadas cobre plasma resultados sugerem existem alteracoes expressivas status zinco cobre independentemente etiologia ic atenta importancia monitoramento variaveis relacionadas contexto ic preditoras zinco cobre plasma especial associadas estresse_oxidativo inflamacao,2773
10,"anemia, vitamina_d, deficiencia, hipovitaminose_d, hepcidina",anemia falciforme af hemoglobinopatia caracterizada inflamacao fenomenos vaso oclusao hemolises cronicas fatores intrinsecos doenca podem influenciar forma positiva negativa sintese hepcidina hormonio responsavel homeostase ferro eritropoiese intensa anemia hemolitica podem ocasionar reducao deste hormonio acarretando aumento absorcao intestinal deste micronutriente entanto sobrecarga ferro transfusional observada alguns pacientes assim quadro inflamatorio poderiam levar aumento producao hepcidina consequentemente reduzir absorcao intestinal ferro estudos clinicos realizados adultos observaram concentracoes sericas deste hormonio diferiram funcao carga ferro tendo participantes sobrecarga deste mineral af apresentado maiores concentracoes hepcidina comparados participantes af sobrecarga controles doenca dados sugerem individuos expostos carga excessiva ferro precisariam reduzir ingestao_alimentos ricos neste micronutriente orientacao comumente prescrita profissionais_saude contudo resultados ainda suficientes estabelecer abordagem nutricional segura individuos visto estimativa capacidade absorcao ferro precisa ser melhor compreendida informacoes importantes especialmente criancas porque reducao consumo determinadas fontes alimentares carnes feijoes pode levar deficiencia micronutrientes fundamentais crescimento desenvolvimento assim objetivo deste estudo avaliar capacidade absorcao ferro criancas anemia falciforme estudo_experimental realizado 14 criancas idade mediana 8 0 anos intervalo interquartil 7 9 anos divididas seguintes grupos pareadas sexo cor raca idade controle composto individuos doenca n=2 af sobrecarga ferro n=8 af sobrecarga ferro n=4 avaliacao capacidade absorcao ferro realizada meio marcacao alimento padronizado 100 ml suco laranja isotopo estavel 57fe 5 mg amostras sangue obtidas tempo basal 14 dias apos ingestao isotopo sendo relacao isotopica 56fe 57fe determinada espectrometria massa plasma indutivamente acoplado icp ms percentual absorcao 57fe estatisticamente diferente tres grupos estudados 3 9 criancas af sobrecarga ferro 18 2 criancas af sobrecarga ferro 12 7 criancas respectiva doenca grupo criancas af sobrecarga ferro encontrada correlacao positiva grau moderado ferritina hepcidina r = 0 762 p < 0 05 correlacao negativa grau forte ferritina percentual absorcao 57fe r = 0 962 p < 0 05 grupo percentual hbs fortemente correlacionado percentual absorcao ferro r = 0 976 p < 0 05 percentual absorcao 57fe correlacionou hepcidina concentracao hepatica ferro nenhum grupos possivelmente devido pequeno numero amostral grupo sobrecarga encontrada correlacao absorcao ferro ferritina percentual absorcao ferro intestinal encontrado criancas af sobrecarga ferro sugere talvez necessarias recomendacoes restricao alimentos fontes ferro quais individuos frequentemente submetidos,3216
11,"ambiente_alimentar, entorno, estabelecimentos, desertos, cantinas",introducao termos desertos alimentares pantanos alimentares terminologias surgem classificar ambiente_alimentar considerando acesso fisico alimentos condicoes_socioeconomicas desertos alimentares caracterizados vizinhancas socialmente vulneraveis possuem acesso fisico limitado alimentos_saudaveis enquanto pantanos alimentares vizinhancas acesso fisico facilitado alimentos_saudaveis objetivo descrever ambiente_alimentar comunitario identificar vizinhancas desertos pantanos alimentares metropole brasileira metodos estudo ecologico realizado cidade belo_horizonte unidades analises utilizadas setores censitarios buffers circulares 400 800 4000 metros variaveis ambiente social adotadas renda numero domicilios populacao alfabetizacao raca disponibilidade servicos essenciais fornecimento agua energia eletrica coleta lixo indice vulnerabilidade saude ivs variaveis ambiente_alimentar comunitario provenientes duas fontes dados governamentais estabelecimentos comercializam alimentos classificados estabelecimentos comercializam predominantemente alimentos_in_natura estabelecimentos comercializam predominantemente alimentos_ultraprocessados estabelecimentos mistos selecionadas quatro metodologias avaliar desertos alimentares pantanos alimentares considerando frequencia apareciam literatura possibilidade reproduzilas analise dados realizada softwares qgis 2 14 9 spss 15 0 resultados estabelecimentos mistos ultraprocessados frequentes cidade belo_horizonte corresponderam 42 90 46 92 respectivamente lanchonetes 25 36 restaurantes 24 52 tipos frequentes aproximadamente 25 setores censitarios possuem estabelecimentos comercializam alimentos 77 52 possuem estabelecimentos comercializam predominantemente alimentos_in_natura avaliar disponibilidade_alimentos estratificada renda per capita setor censitario verificou setores menor renda possuem menor disponibilidade todos tipos estabelecimentos identificacao desertos alimentares metodologia proposta caisan 37 70 cdc 39 10 identificaram setores censitarios enquadravam nesta classificacao apenas metodologia proposta caisan identificou desertos alimentares frequentes setores menor renda relacao pantanos alimentares metodologia adaptada caisan 58 50 cdc 66 58 identificaram maior percentual setores recebiam classificacao estratificar renda metodologia proposta hager colaboradores identificou pantanos alimentares frequentes setores menor renda demais metodologias mostraram inverso setores classificados desertos alimentares apresentaram piores condicoes_socioeconomicas pior acesso servicos essencias conclusao acesso fisico estabelecimentos comercializam alimentos ocorre maneira homogenea cidade sendo regioes menores rendas apresentaram pior acesso fisico todos tipos estabelecimentos metodologia identificacao desertos pantanos alimentares proposta realidade brasileira apresentou resultados satisfatorios alem disso presente estudo verificou domicilios localizados vizinhancas desertos alimentares piores condicoes_socioeconomicas disponibilidade servicos essenciais,3357
11,"ambiente_alimentar, entorno, estabelecimentos, desertos, cantinas",introducao equipamentos publicos seguranca_alimentar_nutricional estruturas fisicas criadas promover acesso alimentos_saudaveis atraves fortalecimento circuitos locais producao abastecimento distribuicao comercio alimentos acesso alimentos_saudaveis mensurado investigacao cinco dimensoes disponibilidade acessibilidade fisica financeira aceitabilidade conveniencia disponibilidade_alimentos amplamente associada consumo acessibilidade financeira proeminencia contextos elevadas desigualdades sociais conveniencia pode evidenciar quais locais fato acessiveis individuos porem pouco explorada objetivo investigar disponibilidade acessibilidade financeira frutas_hortalicas conveniencia estabelecimentos comerciais alimentos entornos equipamentos publicos seguranca_alimentar_nutricional metodos estudo_transversal realizado belo_horizonte brasil conduzida auditoria estabelecimentos comerciais alimentos consumo domicilio localizados entornos amostra_representativa equipamentos publicos seguranca_alimentar_nutricional n=10 equipamentos selecionados bem setores censitarios correspondentes influencia equipamentos n=10 locais auditados agrupados estabelecimentos comerciais alimentos_in_natura alimentos mistos disponibilidades frutas_hortalicas comparadas areas equipamentos qui_quadrado exato fisher precos alimentos comparados areas utilizando diferencial preco estabelecimentos in_natura mistos teste mann_whitney medias horas funcionamento comparadas estabelecimentos in_natura mistos teste t student funcionamento estabelecimentos dividido status considerar funcionamento alem horarios comerciais usuais comparado tipos estabelecimentos qui_quadrado exato fisher fim comparadas medias horas funcionamento estabelecimentos segundo areas teste t student resultados auditados 148 estabelecimentos comerciais estabelecimentos in_natura disponibilidade hortalicas maior areas epsan p<0 05 estabelecimentos mistos disponibilidades frutas_hortalicas baixas ambas areas 34 0 vs 26 2 p>0 05 somente areas equipamentos estabelecimentos in_natura apresentaram precos inferiores observados estabelecimentos mistos p<0 001 estabelecimentos mistos ficavam abertos horas estabelecimentos in_natura p<0 001 quantidade estabelecimentos mistos abertos apos 18 horas superior quantidade estabelecimentos in_natura p<0 001 funcionamento semanal estabelecimentos in_natura menor areas equipamentos p<0 05 conclusao presenca epsan associada disponibilidade hortalicas fh comercializadas estabelecimentos in_natura precos inferiores praticados estabelecimentos mistos apenas areas epsan porem estabelecimentos mistos convenientes in_natura inclusao epsan reduziu media horas funcionamento estabelecimentos in_natura,4701
11,"ambiente_alimentar, entorno, estabelecimentos, desertos, cantinas",ambiente_alimentar escolar aae abrange espacos dentro escola venda compra consumo alimento considerando aspectos ambiente quanto acessibilidade disponibilidade_alimentos determinantes sobre alimentacao saude estudantes vizinhancas maior disponibilidade produtos ultraprocessados alimentos_in_natura classificadas pantanos alimentares pa assim investigacoes sobre ambiente_alimentar comunitario aac corresponde configuracao distribuicao comercio alimentos comunidade mostram relevantes comunidade escolar objetivou avaliar ambiente_alimentar comunitario escolas_publicas fortaleza ce trata estudo ecologico auditoria in loco avaliacao entorno escolas municipais ensino fundamental periodo regular integral partir buffers 250m delimitacao area analisada dados_secundarios fontes governamentais utilizados obtencao informacoes 300 escolas estabelecimentos registrados entorno dentre escolas periodo regular ensino fundamental ii sorteou escola distrito educacional unidade administrativa educacao municipal resultando 06 escolas realizacao auditoria in loco sobre mercado formal informal entorno escolar dados geocodificados verificou distribuicao estabelecimentos presenca pa vizinhancas escolares aac 300 escolas caracterizado escola investigou associacao distribuicao estabelecimentos pantanos variaveis periodo pedagogico renda per capita setor censitario testes_t student qui_quadrado pearson respectivamente resultados auditoria 06 escolas utilizados comparacao fontes dados teste wilcoxon observou maior frequencia categorias delivery restaurantes lanchonetes mercearias ambulantes entorno 300 escolas maior densidade estabelecimentos areas menos vulneraveis socioeconomicamente escolas periodo regular apresentaram maior frequencia delivery restaurantes bares periodo integral supermercados areas menor renda mercearias ambulantes presenca pa deu 17 7 escolas 66 destas areas menor renda comparacao fontes dados resultados auditoria apontaram maior numero estabelecimentos especialmente mercearias ambulantes alem maior frequencia pa 83 3 contra nenhuma dados_secundarios estabelecimentos auditados 96 5 previstos dados_secundarios apresentam perfis semelhantes quanto categorias predominantes porem diferencas densidade variedade estabelecimentos maior parte 20 7 pa entornos escolas municipais presentes regiao de5 evidenciou ambas fontes todos vizinhancas escolares maior presenca estabelecimentos consumo imediato alto acesso produtos ultraprocessados devendo direcionar atencao estudos intervencoes escolas localizadas vizinhancas piores indicadores socioeconomicos categorias estabelecimentos predominantes entorno escolar alem priorizar fontes primarias melhorias aae,5249
12,"padroes_alimentares, aup, ultraprocessados, padrao_alimentar, consumo_alimentos",ultimas decadas habitos_alimentares adolescentes sofreram modificacoes aumento consumo_alimentos industrializados reducao consumo_alimentos naturais tais mudancas refletem estado_nutricional nesta faixa etaria implicando aumento excesso_peso ultimos anos brasil ser pais grandes dimensoes diversidades culturais apresenta diferencas consumo_alimentar regioes objetivo deste estudo avaliar evolucao padroes_alimentares adolescentes residentes regiao nordeste brasil 2008 2018 utilizou bases dados inqueritos nacionais alimentacao ina realizados pesquisas orcamentos familiares 2008 2009 2017 2018 instituto brasileiro geografia estatistica ibge avaliados dados consumo_alimentar adolescentes residentes regiao nordeste brasil idade 10 19 anos sendo amostra final representada 2951 3015 adolescentes 2008 2009 2017 2018 respectivamente consumo_alimentar obtido registros alimentares dois dias consecutivos primeira edicao dois recordatorios_24_horas segunda edicao ina analises padroes_alimentares utilizados dados obtidos primeiro dia consumo analise_fatorial componentes principais acp seguido rotacao ortogonal tipo varimax 2008 2009 identificados meninos tres principais padroes_alimentares ocidental bolo salgadinhos leites doces lanches bebidas doces tradicional brasileiro arroz feijoes verduras carnes ovo cafe_manha paes oleos cafe bebidas doces meninas identificados quatro padroes ocidental tuberculos bolo salgadinhos doces lanches bebidas doces nordeste brasileiro tuberculos carnes processadas cafe alimentos_regionais tradicional brasileiro arroz feijoes verduras carnes ovo cafe_manha pao oleos cafe 2017 2018 identificados tres padroes_alimentares meninos nordeste brasileiro tuberculos alimentos_regionais tradicional brasileiro arroz feijoes cafe carnes ovo ocidental bolo salgadinhos lanches bebidas doces meninas principais padroes identificados nordeste brasileiro tuberculos alimentos_regionais tradicional brasileiro arroz feijoes verduras carnes ovo ocidental bolo salgadinhos doces lanches bebidas doces conclui padroes_alimentares adolescentes apresentaram mudancas 2008 2018 sendo consumo padrao ocidental reduziu padroes compostos alimentos tradicionais regionais aumentaram,3436
12,"padroes_alimentares, aup, ultraprocessados, padrao_alimentar, consumo_alimentos",introducao avaliacao qualidade_dieta possibilita estimar papel alimentacao saude objetivos 1 analisar variacoes qualidade_dieta brasileiros 2008 2018 utilizando indicador baseado teor gorduras solidas acucar adicao 2 estimar associacao padroes_alimentares consumo gorduras solidas acucar adicao sofas adolescentes brasileiros metodos analisados dados inqueritos nacionais alimentacao ina 2008 2009 2017 2018 consumo_alimentar avaliado registro_alimentar 2008 2009 recordatorio_24_horas 2017 2018 qualidade_dieta avaliada base contribuicao alimentos sofas forneciam >13 energia proveniente gordura_saturada acucar adicao >1 3 gordura_trans ingestao total energia dietas >45 energia fornecida alimentos sofas consideradas teor elevado desses alimentos estimou proporcao individuos dietas teores elevados alimentos sofas populacao total segundo grupo etario sexo situacao urbano rural renda sendo diferencas avaliadas base ausencia sobreposicao intervalos confianca 95 padroes_alimentares identificados meio analise_fatorial exploratoria extracao componentes principais modelos regressao_linear simples multipla desenvolvidos estimar associacao padroes_alimentares proporcao alimentos sofas dieta resultados 2008 2009 2017 2018 proporcao dietas elevado teor alimentos sofas aumentou 46 5 53 1 incrementos significativos observados area rural adultos grupo menor renda 2017 2018 consumo elevado alimentos sofas maior adolescentes 59 3 mulheres 54 8 maior renda 58 8 identificados padroes_alimentares adolescentes pao manteiga composto oleos gorduras pao queijos tipico brasileiro composto arroz feijao agua carnes hortalicas suco bebida cafeinada composto acucares adocantes cafe cha suco frutas biscoitos lanches incluindo bebidas adicao acucar molhos processados salgados fritos assados sanduiches bebidas lacteas base soja doces sobremesas guloseimas modelo regressao_linear ajustado padroes pao manteiga = 1 97 p<0 01 tipico brasileiro = 3 24 p<0 01 associaram reducao consumo sofas padrao lanches associou aumento consumo sofas =1 11 p<0 01 conclusao 2008 2009 2017 2018 qualidade_dieta brasileiros deteriorou adolescentes brasileiros padrao_alimentar baseado alimentos basicos tradicionais associado reducao consumo_alimentos sofas,5019
12,"padroes_alimentares, aup, ultraprocessados, padrao_alimentar, consumo_alimentos",introducao consumo elevado bebidas adicao acucar baa associado maior ingestao_energia pior qualidade_dieta objetivo analisar associacao consumo baa qualidade_dieta populacao brasileira metodos analisados todos individuos investigados primeiro inquerito nacional alimentacao 2008 2009 dez anos idade reportaram consumo_alimentar dois dias consecutivos registro_alimentar n=32 900 alimentos classificados baa sucos refrescos refrigerantes bebidas lacteas sabor marcadores alimentacao_saudavel leguminosas vegetais hortalicas frutas respectivas preparacoes ingestao fibra dietetica saudavel mans doces bolos biscoitos doces salgados petiscos guloseimas fast foods ingestao acucar adicao estimou percentual energia oriundo baa categorizado quatro grupos consumidores segundo tercis consumo modelos regressao_linear_multipla avaliar associacoes consumo baa marcadores_alimentacao adotados resultados baa contribuiram media 8 total energia ingerida sendo observada maior contribuicao percentual individuos moradores area urbana observou associacao direta consumo acucar adicao baa cada copo adicional baa estimou reducao consumo fibra dietetica incremento percentual energia proveniente acucar adicao 3 237 kcal dieta populacao brasileira conclusao consumo baa associado baixa qualidade_dieta populacao brasileira,2726
13,"hiperalgesia, parkin, dor, contracao, p2x3",exercicio_fisico estrategia estabelecida controlar inflamacao relacionado desenvolvimento doencas_cronicas dor cronica nesse trabalho atraves realizacao dois estudos hipotetizou 1 fenotipo macrofagos pro inflamatorios perifericos bem ativacao receptor p2x4 nessas celulas contribui aumento inflamacao predisposicao musculo_esqueletico dor cronica ativacao receptores pparg meio exercicio_fisico altera modulacao fenotipos macrofagos perfil citocinas tecido diminui ativacao receptores p2x4 prevenindo dor muscular persistente 2 sob exercicio_fisico musculo_esqueletico si possui papel antiinflamatorio atraves acao co ativador pgc 1 1 sobre via nf b testou hipoteses usando 1 exercicio_fisico tecnicas farmacologicas analise expressao proteinas imagens imunohistoquimicas modelo roedor inflamacao gera hiperalgesia muscular persistente 2 modelos transgenicos in vitro in vivo alta expressao pgc 1 musculo especifica estimulos inflamatorios analises expressao_genica proteicas modelo degeneracao muscular resultados estudo 1 demonstraram exercicio preveniu hiperalgesia muscular persistente meio ativacao receptores pparg ativacao receptores pparg 15d pgj2 deplecao macrofagos musculares animais sedentarios previne hiperalgesia persistente periodo agudo persistente hiperalgesia muscular caracterizados aumento macrofagos inflamatorios ativacao p2x4 onde exercicio exerceu papel preventivo bem aumentou fenotipo macrofagos anti_inflamatorios exercicio induz diminuicao via receptores p2x4 presentes macrofagos envolvidos processo_inflamatorio dor aguda atraves ativacao pparg fim concentracao il 1 musculo encontra elevada fase aguda prevenido exercicio atraves ativacao receptores pparg exercicio aumentou concentracao il_10 fases aguda persistente apenas fase persistente meio receptores pparg resultados estudo 2 demonstraram celula muscular alta expressao pgc 1 1 possui alta expressao i b sob inflamacao baixa expressao ikk p65 tanto modelo inflamatorio in vitro quanto in vivo aumento expressao_genes inflamatorios relacionados fator transcricao nf b prevenido pgc 1 1 super expressa achados sugerem exercicio_fisico ativa receptores pparg aumenta respostas anti_inflamatorias tecido muscular meio modulacao fenotipos macrofagos citocinas evitando assim estabelecimento dor muscular persistente demonstrando importancia modulacao celulas macrofagos alem disso sugere acao exercicio_fisico musculo envolve ativacao co ativador pgc 1 1 exercendo grande papel anti_inflamatorio local sistemico resultados destacam ainda potencial exercicio_fisico elucidam novos mecanismos moleculares capazes prevenir situacoes inflamatorias dor muscular persistente relacionada,3965
13,"hiperalgesia, parkin, dor, contracao, p2x3",contracao muscular estatica padrao contracao muscular associado atividades vida diaria laborais sustentacao postural longos periodos tempo capaz induzir dor inflamacao local dados obtidos recentemente grupo pesquisa demonstraram contracao estatica ratos capaz induzir hiperalgesia muscular mecanica modulada diferentes mediadores inflamatorios bradicinina aminas simpatomimeticas prostaglandinas neutrofilos demonstramos ativacao receptores p2x3 atp endogeno essencial desenvolvimento hiperalgesia muscular induzida contracao estatica entretanto mecanismos envolvidos nesse processo ainda desconhecidos assim sendo objetivo geral presente estudo avaliar envolvimento receptores p2x3 perifericos corno raiz dorsal medula espinhal desenvolvimento hiperalgesia muscular origem inflamatoria induzida carragenina contracao muscular estatica via farmacologia comportamental utilizando teste randall selitto ainda envolvimento receptores p2x3 hiperalgesia muscular modulado migracao neutrofilos via quantificacao enzima mieloperoxidase mpo resultados demonstraram pre tratamento antagonista seletivo receptores p2x3 317491 via intramuscular intratecal preveniu desenvolvimento hiperalgesia muscular induzida contracao estatica carragenina p<0 0001 anova one way teste_tukey migracao neutrofilos tecido muscular ambos modelos p<0 05 teste_tukey resultados demonstram hiperalgesia muscular induzida contracao estatica carragenina modulada receptores p2x3 perifericos centrais processo modulado menos parte migracao neutrofilos dados sugerem portanto receptores p2x3 importantes alvos farmacologicos controle dores musculares origem inflamatoria fim paralelamente estudo principal demonstramos contracao estatica induz aumento citocinas_inflamatorias tnf il 1 il_6 primeiras 24 horas apos contracao via ensaio imunoenzimatico elisa p>0 05 teste_tukey alem disso apresentamos informacoes sobre projeto desenvolvimento camundongos gcamp6 estudo mecanismos dor fadiga muscular relativo periodo doutorado sanduiche realizado universidade utah eua demonstramos processo desenvolvimento camundongos trpv1 cre gcamp6+ capazes expressar proteina fluorescente gfp apenas fibras trpv1+ alem disso demonstramos resultados analise via calcium imaging celulas ganglio raiz dorsal desses animais quanto caracterizacao resposta diferentes doses metabolitos verificamos 57 64 celulas cultura grd origem muscular destas 78 apresentam gfp sendo 1 3 respondem capsaicina demonstramos fim 85 6 100 celulas origem muscular respondem respectivamente ph 7 0 6 6 trpv1+ sugerindo portanto receptores neuronios trpv1+ possuem importante papel mediador resposta evocada metabolitos fadiga dor muscular,2177
13,"hiperalgesia, parkin, dor, contracao, p2x3",dores cronicas representam grande problema saude_publica sendo sexo_feminino afetado estrategia farmacologica controle dor ligantes receptores ativados peroxissoma gama pparg vem sendo estudados diversos modelos experimentais ligantes pparg prostaglandina 15d pgj2 pioglitazona ligantes diminuem hiperalgesia mecanica termica atraves diminuicao marcadores processo_inflamatorio atividade neuronal nociceptiva periferia sistema_nervoso_central entanto efeito desses ligantes diferentes modelos hiperalgesia hiperalgesia muscular acao forma sexo dependente hiperalgesia pos operatoria neuropatica induzida modelo lesao nervosa neuropatica associada diabetes tipo ii sido pouco explorada ainda desconhecida portanto objetivo geral presente estudo avaliar efeito analgesico agonistas pparg diferentes modelos hiperalgesia especificamente avaliado 1 administracao intramuscular 15d pgj2 reduziria hiperalgesia muscular mecanica induzida carragenina contracao estatica caso positivo processo modulado opioides 2 administracao sistemica intratecal pioglitazona diminuiria resposta nociceptiva mecanica induzida hiperalgesia pos operatoria administracao pioglitazona via sistemica diminuiria resposta nociceptiva mecanica termica hiperalgesia neuropatica induzida seccao nervosa maneira sexo dependente ambos modelos 3 pioglitazona administrada sistemicamente cronicamente via dieta reduziria hiperalgesia mecanica termica induzida neuropatia diabetica maneira sexo dependente teste randall selitto utilizado avaliar hiperalgesia mecanica muscular enquanto teste von frey filamentos utilizado avaliar hiperalgesia mecanica demais modelos experimentais hiperalgesia termica avaliada teste acetona modelo hiperalgesia neuropatica induzida seccao nervosa testes coldplate hotplate modelo hiperalgesia neuropatica diabetica resultados demonstram 1 15d pgj2 via receptores pparg bloqueou hiperalgesia muscular induzida carragenina contracao estatica especificamente hiperalgesia muscular induzida carragenina processo modulado receptores opioides 2 pioglitazona intratecal sistemica diminuiu resposta nociceptiva mecanica induzida hiperalgesia pos operatoria enquanto pioglitazona sistemica diminuiu resposta nociceptiva mecanica termica hiperalgesia neuropatica induzida seccao nervosa diferenca sexos ambos modelos hiperalgesia 3 pioglitazona diminuiu hiperalgesia termica induzida neuropatia diabetica diferenca sexos administrada cronicamente diminuiu hiperalgesia mecanica termica induzida neuropatia diabetica especificamente nesse caso efeito potencializado femeas juntos dados indicam 15d pgj2 possui efeito anti hiperalgesico modulado sistema opioide pioglitazona reduz hiperalgesia neuropatica induzida lesao nervosa pos operatoria apresentar diferenca sexos hiperalgesia neuropatica associada diabetes forma sexo dependente fim sugerimos receptores pparg importante alvo futuros estudos visando controle diferentes condicoes dolorosas,1812
14,"tomate, coco, bico, coccao, grao",introducao esteatito conhecido popularmente pedra sabao encontrado principalmente quadrilatero ferrifero atualmente uso ocorre principalmente artesanato producao revestimentos minas gerais producao cachaca intensa sendo produzidas inumeras marcas quadrilatero ferrifero possibilidade dessas cachacas serem armazenadas consumidas utensilios pedra sabao maior quadrilatero ferrifero objetivo determinar migracao cd cu ni pb cachacas comercializadas quadrilatero ferrifero mg armazenadas copos curados esteatito pedra sabao duas procedencias distintas cachoeira brumado mariana mg santa rita ouro preto ouro preto mg ciclos continuos 0h 24h 48h 72h 96h materiais metodos realizado ensaio migracao ciclo continuo tipo experimental fatorial tres fatores teor alcoolico cachaca procedencia esteatito tempo armazenamento cachaca copos pedra sabao curados todas cachacas analisadas produzidas comercializadas quadrilatero ferrifero minas gerais mg possuiam registro ministerio agricultura pecuaria abastecimento mapa cachacas selecionadas ensaio apresentaram maior menor teor alcoolico dentre disponiveis comercio determinados teores cd cu pb ni dezoitos marcas cachacas determinacao contaminantes inorganicos realizada espectrometria emissao fonte plasma acoplamento indutivo comparar teor contaminantes teor alcoolico tempo armazenamento local procedencia copos pedra sabao utilizada anova three way resultados teores cd cu ni apresentaram diferencas estatisticamente_significativas comparacao diferentes marcas cachaca porem teores pb estatisticamente semelhantes marcas cachacas avaliadas estudo apresentaram valores estatisticamente semelhantes relacao preconizado legislacao maioria amostras apenas amostra teor cu encontrado acima preconizado legislacao apos ajuste tempo armazenamento teor alcoolico observado cachacas armazenadas copos provenientes cachoeira brumado apresentaram media teor cd 0 001ppm maior cachacas armazenadas copos provenientes santa rita p<0 0005 apos 24 48 72 96h armazenamento cachaca menor teor alcoolico apresentou diferencas medias negativas teor cu 0 96 0 82 1 34 1 68mg l respectivamente relacao cachaca maior valor alcoolico apos 24 48 72 96h armazenamento cachaca menor teor alcoolico apresentou diferencas medias negativas teor cu 1 34 1 45 1 94 2 25mg l respectivamente relacao valor inicial encontradas diferencas estatisticamente_significativas teor ni cachacas acordo variaveis investigadas observado copos cachoeira brumado cachaca menor teor alcoolico apresentava teor medio chumbo 0 01mg l maior cachaca maior teor alcoolico observado amostras cachaca menor teor alcoolico armazenadas copos cachoeira brumado apresentavam teor medio pb 0 01mg l maior amostras teor alcoolico armazenada copos santa rita estudo mostrou cachacas armazenadas copos pedra sabao 96h apresentam reducao teor cu conclusao estudo indicouque teor alcoolico cachaca pode influenciar armazenamento cachacas copos esteatito perspectiva saude humana sugere cachacas preferencialmente consumidas copos santa rita ouro preto,790
14,"tomate, coco, bico, coccao, grao",cafe bebidas vendidas consumidas mundo estando brasil paises lideres producao exportacao consumo regiao cerrado brasileiro ganhado reconhecimento setor cafeeiro excelentes condicoes edafoclimaticas cultivo cafe colabora alta produtividade diante necessidade tecnicas agricolas aprimorar manejo plantacoes cafe cerrado objetivo desta pesquisa caracterizar graos cafe especie coffea arabica produzidos nessa regiao submetidos tres fontes adubacao potassica duas safras consecutivas analisados 15 tratamentos provenientes cinco cultivares aranas arara catigua ipr 103 topazio receberam tres fontes potassio sulfato potassio cloreto potassio nitrato potassio graos colhidos processados analisados aspecto fisico quimico sensorial analise_sensorial abrangeu tanto caracterizacao perfil descritivo graos cafe teste aceitacao realizado 116 consumidores regulares cafe analises estatisticas empregados testes anova teste_tukey p<0 05 correlacao_pearson analise_componentes_principais acp regressao pls observou aumento significativo maioria variaveis quimicas safras excecao cafeina sacarose solidos soluveis sulfato diferencas significativas tamanho graos crus teores acido citrico sacarose nitrato sulfato considerando tratamentos final duas safras constatadas diferencas significativas tamanho composicao_quimica composicao ionica sensorial graos crus compararam fontes potassio isoladamente duas safras relacao graos torrados bebida observouse diminuicao significativa todos compostos quimicos comparados graos crus exceto solidos soluveis quanto tratamentos encontradas diferencas significativas cor porem diferencas significativas todos compostos quimicos avaliados exceto cafeina sacarose tanto graos torrados quanto bebida safra 2022 quanto fontes potassio isoladamente novamente observadas diferencas significativas cor graos crus composicao_quimica graos torrados bebida aceitacao graos safra 2022 diferencas encontradas pareciam estar relacionadas variacoes safras cultivares apesar cloreto potassio kcl estar associado graos menor qualidade estudos anteriores neste trabalho encontrado nenhum efeito prejudicial graos crus associado fonte final duas safras graos torrados bebida safra 2022 primeiro estudo avaliar impacto diferentes fontes potassio graos cafe diretamente aceitacao consumidor encontrando diferencas significativas conclui fontes potassio forma isolada geraram diferencas si caracteristicas fisicas quimicas sensoriais graos cafe crus torrados bebida conta custo monetario fonte kcl parece ainda ser vantajosa porem estudos futuros necessarios avaliar efeitos dessas fontes longo prazo obter conclusoes precisas,4292
14,"tomate, coco, bico, coccao, grao",azeite_oliva virgem produto obtido azeitonas unicamente meios fisicos mecanicos qualidade azeite_oliva influenciada processos hidroliticos oxidativos ocorrem longo envelhecimento podendo ser avaliada meio parametros fisico quimicos sensoriais objetivo presente estudo avaliar principais parametros qualidade fisico quimica sensorial azeites oliva tipo extra virgem produzidos sul brasil durante seis meses armazenamento pos envase amostras constituidas tres tipos comerciais azeites oliva ko bl aa elaboradas diferentes variedades azeitonas produzidas safra 2019 estado rio grande sul acidez livre al indice peroxidos ip coeficientes extincao especifica k232 k270 k composicao acidos_graxos cag perfil sensorial analisados todas amostras azeite_oliva sexto mes armazenamento pos envase relacao al ip cag encontradas diferencas significativas ambos tipos azeite_oliva longo tempo contudo coeficientes extincao especifica apresentaram grande variabilidade nenhuma tendencia linear aumento reducao identificada sobre perfil sensorial observou amostra azeite bl maior amargor sexto mes pos envase comparado primeiro mes todas amostras estudadas apresentaram qualidade fisico quimica sensorial satisfatorias durante periodo armazenamento acordo legislacao vigente conclui azeites oliva avaliados podem permanecer classificados categoria extra virgem sexto mes armazenamento pos envase,3070
15,"rotulos, rotulagem, alimentos_industrializados, ingredientes, receitas",presente tese objetivou analisar presenca produtos subprodutos derivados organismos geneticamente modificados ogm alimentos comercializados brasil alimentos consumidos populacao conformidade rotulagem regulamentacoes brasileiras atender objetivos propostos conduzidas quatro etapas pesquisa inicialmente realizou estudo_transversal tipo censo descritivo analitico analisados todos alimentos embalados disponiveis venda supermercado pertencente dez maiores redes supermercados brasil coletadas informacoes sobre identificacao alimento bem registro fotografico posterior obtencao lista ingredientes todos alimentos alimentos categorizados grupos acordo divisao estabelecida legislacao brasileira rotulagem alimentos rdc nº 359 2003 sendo posteriormente divididos tres conjuntos alimentos declaravam presenca ogm b alimentos continham ingredientes identificados gm conjunto declaravam rotulo c alimentos continham nenhum ingrediente possivelmente gm identificado conjunto declaravam rotulo informacoes disponiveis rotulo alimentos conjunto analisadas segundo regulamentacoes brasileiras rotulagem ogm decreto 4 680 2003 portaria 2 658 2003 identificados ingredientes gm contidos nestes alimentos verificou presenca ingredientes passiveis serem gm alimentos similares declaravam presenca ogm etapa 2 analises frequencia ingredientes gm listas ingredientes alimentos conjuntos b utilizou tecnica mineracao texto software r terceira etapa estudo buscou identificar partir literatura_cientifica ingredientes provenientes produtos subprodutos derivados culturas gm aplicacao industria_alimentos nomenclaturas podem ser encontradas rotulos alimentos fim buscou analisar presenca ingredientes possivelmente gm alimentos consumidos populacao brasileira meio dados consumo pesquisa orcamentos familiares pof realizados brasil 2008 09 total alimentos embalados analisados n 5048 4 7 n 238 conjunto declaravam presenca ogm rotulo sendo 2 8 conformidade legislacao brasileira rotulagem identificados 20 ingredientes gm conjunto maioria derivados milho n 15 total alimentos analisados 52 5 continham ingredientes possivelmente gm alimentos declaravam presenca ogm conjuntos b c 50 1 n 2410 continham menos 20 ingredientes gm identificados anteriormente conjunto conjunto b todos grupos alimentos continham ingredientes gm maior frequencia grupo molhos temperos prontos caldos sopas pratos prontos consumo 77 3 produtos doces 69 6 panificacao 59 9 observou presenca maxima 13 ingredientes possivelmente gm alimento meio revisao_literatura busca sistematica identificados 28 produtos subprodutos culturas gm soja milho algodao levedura aplicacoes industria alimenticia partir listagem ingredientes 5048 alimentos analisados censo supermercado tais produtos subprodutos identificados 101 nomenclaturas distintas presenca menos ingrediente possivelmente gm observada metade variedade 63 8 quantidade 64 5 alimentos consumidos brasileiros estudo destaca necessidade acoes garantam direito consumidor informacao sobre consumo produtos subprodutos possivelmente gm presentes alimentos ressalta importancia acoes fiscalizacao cumprimento legislacao rotulagem ogm vigente industrias alimentos necessidade revisao legislacao rotulagem modo quaisquer percentuais presenca produtos subprodutos gm identificados rotulo necessidade padronizacao terminologias utilizadas indicando origem alimento exemplo gordura vegetal soja forma consumidor informado sobre composicao alimentos possa exercer direito fazer escolhas_alimentares informadas,2400
15,"rotulos, rotulagem, alimentos_industrializados, ingredientes, receitas",observado ultimas decadas reducao frequencia preparo refeicoes casa consumo crescente alimentos_industrializados paralelo consumidores demonstrado interesse alimentos menos processados aditivos industriais cientes disso fabricantes alimentos utilizado rotulos alimentos_industrializados termo caseiro expressoes analogas regulamentados legislacao brasileira rotulagem alimentos entanto estudos analisaram lista ingredientes desses alimentos observaram presenca aditivos_alimentares indo desacordo esperado consumidores diante disso presente dissertacao mestrado objetivou identificar comparar similaridades divergencias ingredientes listados rotulos alimentos_industrializados termo caseiro analogos receitas culinarias tradicionais trata estudo_observacional transversal descritivo analitico analisou presenca termo caseiro expressoes analogas rotulos 7 828 alimentos_industrializados compoem censo rotulos conduzido 2020 partir alimentos identificados termo selecionadas receitas culinarias tradicionais correspondentes alimentos disponiveis livros receitas <dona benta comer bem= identificar alimentos analisados apresentavam principais ingredientes aditivos_alimentares listados receitas culinarias empregadas analises estatisticas descritivas termo caseiro analogos presente rotulo 104 alimentos classificados maioria n=55 55 89 ultraprocessados desses alimentos 46 44 23 pertenciam grupo alimentos 1 3 produtos panificacao cereais leguminosas raizes tuberculos derivados estabelecido rdc nº 359 2003 analise comparativa media ingredientes alimentos_industrializados n=51 media ingredientes receitas culinarias equivalentes n=52 mostrou receitas culinarias 6 80 ingredientes dp 2 81 ingredientes apresentaram numero estatisticamente maior p=0 0247 ingredientes alimentos_industrializados 6 14 ingredientes dp 2 53 ingredientes observou maior frequencia ingredientes processados in_natura minimamente processados analisar extensao proposito processamento industrial ingredientes listados receitas culinarias analise comparativa aditivos_alimentares alimentos_industrializados listados receitas culinarias equivalentes mostrou existencia diferenca estatisticamente significante p<0 0001 sendo frequencia maior grupo alimentos_industrializados aditivos_alimentares evidencia declarados rotulos alimentos_industrializados pertenciam classes funcionais conservantes corante fermento quimico aromatizante achados deste estudo enfatizam necessidade criacao regulamento tecnico especifico voltado utilizacao termo caseiro analogos rotulos alimentos_industrializados visto presenca desses termos rotulos alimentos_industrializados podem induzir consumidores equivoco quanto caracteristicas desses alimentos vez comparar ingredientes desses alimentos ingredientes receitas culinarias tradicionais percebe receitas baseadas principalmente alimentos_in_natura poucos aditivos_alimentares diferente encontra alimentos_industrializados comercializados,5092
15,"rotulos, rotulagem, alimentos_industrializados, ingredientes, receitas",terminologias caseiro tradicional original aparecem rotulos alimentos comercializados brasil contudo segundo legislacao brasileira rotulagem rotulos alimentos devem conter termos denominacoes possam ser demonstradas pois podem induzir consumidor erro relacao natureza composicao procedencia qualidade produtos presente estudo objetivou investigar percepcao consumidores adultos grande florianopolis sc relacao alimentos_industrializados terminologias caseiro tradicional original realizados 9 grupos_focais outubro dezembro 2015 compostos 3 8 participantes cada conducao grupos guiada roteiro semiestruturado perguntas relacionadas terminologias comumente encontradas paineis frontais alimentos_industrializados identificadas estudo censitario realizado supermercado pertencente dez maiores redes supermercados brasil sede florianopolis caseiro tradicional original roteiro incluidas questoes sobre significado terminologias identificadas percepcao sobre caracteristicas produtos terminologias utilizadas embalagens reais alimentos fim instigar discussao sobre significados cada terminologia criterios inclusao grupos participantes deveriam ser adultos moradores grande florianopolis realizar compras alimentos ter formacao nutricao estudo aprovado comite etica pesquisa seres_humanos universidade federal santa catarina ufsc entrevistas gravadas transcritas verbatim submetida analise tematica quarenta quatro individuos 20 58 anos participaram grupos_focais 24 sexo_feminino segundo participantes alimentos terminologia caseiro rotulo geralmente referem alimentos naturais menos processamento aditivos_alimentares feitos casa forma artesanal ainda terminologia pode remeter alimento sabor lembra alimento caseiro embalagem aparencia artesanal normalmente considerado saudavel saboroso alimentos terminologia tradicional rotulos remetem modo producao tradicional menos processamentos aditivos_alimentares natural artesanal contudo pode referir alimentos possuem variacoes exemplos sabores diet light marcas tradicionais antigas alimentos cujos sabores ingredientes mantiveram inalterados desde primeira formulacao alimentos terminologia original remeteram modo producao tradicional menos processamentos aditivos_alimentares naturais provenientes fazendas produzidas regiao podem ainda representar alimentos marca primeira lancar alimento mercado relacionados principalmente marcas tradicionais antigas podem expressar alimentos padroes possuem outras variacoes assim terminologia tradicional tres terminologias avaliadas apresentaram diferentes conceitos significados quanto terminologia podendo confundir consumidores referiram sentirem confusos enganados uso padronizado terminologias assim reitera necessidade proibicao uso terminologias demonstra necessaria melhora fiscalizacao uso terminologias rotulos alimentos nesse aspecto reforca ainda assegurado direito consumidor informacao adequada clara concisa assim informacoes contidas rotulos consumidor possa fazer escolha alimentar forma consciente,1600
16,"tocoferol, agpi, caroteno, ags, folico",sorgo sorghum bicolor l cereal utilizado alimentacao humana paises africa asia america central ainda pouco consumido brasil outros paises ocidente cereal possui elevado valor_nutricional potencial funcional quais podem ser alterados durante processamento graos entanto ainda escassos literatura dados sobre efeitos principais tipos processamento concentracao vitaminas compostos_bioativos sorgo neste contexto presente pesquisa objetivo avaliar estabilidade vitaminas carotenoides flavonoides graos sorgo desenvolvidos alimentacao humana forma in_natura processada genotipo brs 330 avaliado efeito processamento diferentes condicoes extrusao industrial maceracao germinacao estalamento pipoqueira convencional estalamento micro ondas coccao agua concentracao vitaminas complexo b tiamina riboflavina piridoxina vitamina g tocoferois tocotrienois carotenoides luteina zeaxantina flavonoides 3 desoxiantocianidinas 3 dxas flavonas flavanonas compostos analisados cromatografia_liquida_alta_eficiencia clae sendo vitaminas complexo b vitamina detectadas fluorescencia carotenoides flavonoides utilizando deteccao arranjo diodos dad maceracao germinacao reduziram concentracoes tiamina piridoxina retencao 3 8 50 2 respectivamente concentracao riboflavina afetada maceracao aumentou germinacao p<0 05 concentracao vitamina total influenciada maceracao p>0 05 sendo germinacao reduziu concentracao total deste composto p<0 05 concentracao carotenoides afetada maceracao germinacao comparada controle p>0 05 3 dxas sensiveis maceracao germinacao retencao 69 7 70 0 respectivamente concentracao flavonas influenciada vmaceracao p>0 05 reduziu germinacao p<0 05 concentracao flavanonas aumentou graos macerados reduziu graos germinados p<0 05 ambos estalamentos coccao agua reduziram concentracoes tiamina comparados controle p<0 05 influenciaram riboflavina estalamento micro ondas afetou concentracao piridoxina p>0 05 sendo estalamento pipoqueira coccao agua reduziram concentracoes desta vitamina p<0 05 estalamento pipoqueira afetou concentracao total vitamina p>0 05 forma geral perfis vitamina apos estalamentos graos similares si excecao tocoferol g tocotrienol concentracoes influenciadas apos estalamento micro ondas reduziram apos estalamento pipoqueira coccao agua coccao graos agua afetou concentracao total vitamina perfil similar apresentado apos estalamento graos pipoqueira ambos estalamentos coccao apresentaram comportamento similar vez reduziram concentracoes somas carotenoides bem zeaxantina influenciaram luteina 3 dxas estalamentos coccao apresentaram efeitos similares retencoes variaram 0 04 22 4 relacao concentracoes iniciais estalamentos resultaram retencoes apenas 1 4 13 7 tempo reduziram concentracao flavanonas retencao 2 7 17 7 relacao extrusao graos sorgo pontos centrais temperatura rotacoes parafuso influenciaram concentracoes tiamina piridoxina diferentes temperaturas rotacoes parafuso influenciaram concentracoes luteina zeaxantina total carotenoides maiores temperaturas rotacoes 161 182 c 292 348 rpm aumentaram concentracao tocoferol menores temperaturas 98 119 c maiores rotacoes parafuso 292 348 rpm aumentaram concentracao tocotrienol valores medios rotacoes parafuso 178 292 rpm baixos valores temperatura 98 119 c aumentaram concentracao tocotrienol total 3 dxas influenciado temperaturas rotacoes utilizadas extrusao concentracoes apigeninidina 7 metoxi apigeninidina aumentaram condicoes alta temperatura baixa rotacao parafuso temperaturas rotacoes influenciaram concentracoes flavonas flavanonas totais eriodictiol aumentaram valores altos rotacoes parafuso resultados indicam temperaturas rotacoes parafuso apresentaram comportamentos diferentes frente cada classe compostos sendo maiores valores rotacoes menores valores temperatura ocasionaram menores perdas vitaminas carotenoides flavonoides conclusao recomenda ingestao sorgo especialmente formas macerada cozida agua bem condicoes extrusao incluam altos valores rotacao parafuso menores valores temperatura,1794
16,"tocoferol, agpi, caroteno, ags, folico",investigou ocorrencia concentracao nutrientes compostos_bioativos ervas alecrim salvia rosmarinus manjericao ocimum basilicum hortela mentha spicata frescas desidratadas infusoes quente gelada analise composicao centesimal fibras feita acordo aoac 2012 vitamina_c vitamina carotenoides flavonoides analisados cromatografia_liquida_alta_eficiencia minerais metais pesados determinados espectrofotometria absorcao atomica plasma indutivamente acoplado compostos_fenolicos totais capacidade_antioxidante analisados espectrofotometria analise estatistica utilizou software spss versao 23 0 adotando nivel significancia 5 alecrim fresco apresentou elevada umidade 63 18 baixa concentracao proteina 1 27 mg 100g 1 boa concentracao fibras totais 19 15 g 100g 1 sendo destaque insoluvel 15 86 g 100g 1 concentracoes carotenoides_totais vitamina_c vitamina total flavonoides totais alecrim fresco mg 100g 1 28 48 8 09 12 55 422 89 respectivamente observadas diferencas p>0 05 quanto concentracoes vitamina_c carotenoides vitamina flavonoides compostos_fenolicos capacidade_antioxidante erva fresca desidratada infusoes alecrim desidratado destacaram concentracoes cromo 430 00 g 100g 1 ferro 30 76 mg 100g 1 magnesio 270 00 mg 100g 1 potassio 2943 33 mg 100g 1 cobre 960 00 g 100g 1 observou reduzida concentracao chumbo alta concentracao aluminio sendo encontrados niquel cadmio alecrim desidratado mostrou fonte potassio cobre vitamina boa fonte ferro magnesio excelente fonte cromo alem boa capacidade_antioxidante 77 18 concentracoes vitamina_c infusoes reduzidas manjericao fresco apresentou elevada umidade 94 12 baixa concentracao lipidios 0 20 g 100 1 carboidratos 5 25 g 100g 1 fibras 2 33 g 100g 1 verificou excelente retencao caroteno erva desidratada 101 24 concentracoes carotenoides vitamina_c vitamina total flavonoides totais manjericao fresco mg 100g 1 77 13 4 01 16 45 211 5 respectivamente luteolina naringenina flavonoides encontrados maior concentracao manjericao fresco desidratado diferenca concentracoes vitamina_c fenolicos totais capacidade_antioxidante manjericao fresco desidratado infusoes p>0 05 potassio calcio minerais encontrados maior quantidade manjericao desidratado 4170 00 1786 67 mg 100g 1 respectivamente manjericao desidratado mostrou fonte cobre manganes calcio boa fonte ferro potassio cromo vitamina concentracoes vitaminas c infusoes reduzidas hortela fresca apresentou elevada concentracao umidade 90 17 baixa proteina 0 88 g 100g 1 lipidios 0 33 g 100g 1 fibras 4 59 g 100g 1 observadas diferencas p>0 05 quanto concentracoes vitamina_c flavonoides fenolicos totais capacidade_antioxidante erva fresca desidratada infusoes gelada quente concentracoes carotenoides_totais vitamina_c vitamina total flavonoides totais hortela fresca mg 100g 1 40 74 1 11 1 77 150 09 respectivamente hortela desidratada apresentou menor concentracao luteina p<0 05 baixo percentual retencao real 11 8 infusoes hortela apresentaram quantidades reduzidas vitaminas c erva desidratada destacou fonte magnesio boa fonte potassio vitamina excelente fonte ferro cromo manganes assim ervas aromaticas frescas desidratadas podem contribuir ingestao_nutrientes compostos_bioativos importantes saude humana sendo infusoes forma consumo relevante atingir recomendacoes vitaminas c,2161
16,"tocoferol, agpi, caroteno, ags, folico",silveira carlos mario martins msc universidade federal vicosa julho 2012 caracterizacao nutricional microbiologica arroz fortificado ultra rice R vitaminas minerais aceitacao sensorial estabilidade acido folico tiamina apos diferentes tecnicas coccao orientadora helena maria pinheiro santana coorientadoras hercia stampini duarte martino ana vladia bandeira moreira presente estudo objetivo realizar caracterizacao microbiologica nutricional graos crus ur R fortificados ferro zinco tiamina acido folico avaliar aceitacao sensorial estabilidade acido folico tiamina preparacoes arroz polido enriquecido ur R apos coccao realizadas analises microbiologicas graos ur R crus enumeracao coliformes 45ºc stafilococus aureus salmonella bacillus cereus fungos leveduras segundo metodologia preconizada apha 2001 analise composicao_nutricional graos ur R crus realizada meio tecnicas recomendadas aoac 2002 otimizados metodos analise conteudo acido folico tiamina cromatografia_liquida_alta_eficiencia acoplada detector arranjo diodos clae dad graos ur R crus arroz polido enriquecido ur R antes apos coccao conteudo ferro zinco determinado espectrofotometria absorcao atomica conteudo estabilidade tiamina acido folico avaliados apos tecnicas coccao nivel laboratorial dextrinizacao micro ondas larga escala dextrinizacao utilizando ur R misturado arroz polido proporcao 1 100 totalizando 4 tratamentos 5 repeticoes tratamento analise estatistica dados realizada tratamentos dispostos delineamento inteiramente casualizado utilizando teste duncan p = 5 comparacao medias tratamentos analise aceitabilidade sensorial preparacoes utilizada escala hedonica nove pontos sendo avaliados atributos odor sabor textura impressao global dados aceitacao avaliados meio analise variancia seguida teste_tukey p = 5 comparacao medias tecnica mapa preferencia interno baseado modelo analise_componentes_principais ur R cru apresentou contagem micro organismos ausente inferior permitido legislacao sanitaria relacao composicao_nutricional ur R cru encontrados 100g 0 12 g lipidios 7 98 g proteinas 0 89 g fibra_alimentar total 79 42 g carboidratos 758 17 mg ferro 131 24 mg zinco 149 30 mg tiamina 19 35 mg acido folico quanto metodos otimizados analise tiamina acido folico graos ur R crus arroz enriquecido ur R antes apos coccao obtidos cromatogramas boa resolucao vitaminas alem disso encontradas excelentes taxas recuperacao 82 104 tiamina 87 96 acido folico repetibilidade satisfatoria desvio padrao relativo areas picos tempos retencao tiamina acido folico menor 10 baixos limites deteccao quantificacao 0 00193 g 0 0193 g tiamina 0 000934 g 0 00934 g acido folico demonstrando alta sensibilidade metodos otimizados preparacao cozida micro ondas apresentou conteudo tiamina estatisticamente maior 0 3627 mg 100g demais preparacoes enquanto acido folico diferenca significativa tecnicas coccao conteudo medio 0 07592 mg 100g maiores retencoes tiamina acido folico encontradas preparacoes cozidas micro ondas 65 dextrinizacao 96 respectivamente considerando porcao 62 g criancas 125 g homens mulheres acima 9 anos diferentes grupos etarios preparacao cozida micro ondas pode contribuir 32 50 recomendacoes diarias tiamina enquanto preparacao cozida dextrinizacao pode contribuir 16 8 33 7 recomendacoes diarias acido folico preparacao cozida larga escala pode contribuir 27 6 43 recomendacoes diarias tiamina 15 4 30 9 acido folico aceitacao sensorial preparacoes satisfatoria sendo media 83 9 escores situaram 6 9 gostei ligeiramente gostei extremamente todos atributos avaliados conclusao graos ur R apresentaram adequado padrao microbiologico composicao_nutricional semelhante arroz polido alem elevado conteudo ferro zinco tiamina acido folico tecnicas coccao dextrinizacao utilizada rotineiramente nivel domestico micro ondas destacaram permitindo maior estabilidade vitaminas preparacoes entanto sugere aperfeicoamento tecnica coccao larga escala visando maior estabilidade vitaminas durante preparacao visto deve ser considerada avaliar aporte desses micronutrientes ser utilizada preparacao arroz coletividades,407
17,"inseguranca_alimentar, familias, pbf, domicilios, capita",presente estudo objetivo avaliar variacao situacao inseguranca_alimentar ia indicadores sociais familias beneficiadas beneficiadas pbf apos cinco anos implantacao realizados dois inqueritos populacionais 2005 2010 regiao metropolitana rio janeiro avaliando domicilios quanto participacao pbf ia meio escala_brasileira_inseguranca_alimentar ebia variaveis_socioeconomicas renda_familiar mensal per capita escolaridade chefe familia numero moradores domicilio acesso bens abastecimento presenca filtro agua utilizou teste_qui_quadrado teste t student respectivos intervalos confianca ic95 insercao familias beneficiadas pbf aumentou 8 1 ic95 6 0 10 8 2005 15 ic95 12 4 18 0 2010 proporcao ia reduziu 53 4 40 7 inquerito seguinte tendo queda significativa categoria grave ia 14 ic95 11 3 17 0 3 ic95 2 1 5 1 familias beneficiadas pbf anos 2005 2010 reducao significativa pobreza extrema p valor<0 01 aumento proporcao daquelas pobreza ano 2010 bem reducao proporcao ia grave p valor <0 001 aumento significativo familias renda mensal per capita salario_minimo p valor<0 05 reducao numero pessoas domicilio p valor<0 001 refletindo aumento renda media melhor classificacao socioeconomica nesse grupo melhoria abastecimento agua ambos grupos apenas domicilios pbf apresentaram aumento significativo presenca filtro agua progresso condicoes_socioeconomicas ia familias pbf sugerem programa contribuiu gerar melhores condicoes vida domicilios estudados entretanto falta investimentos locais reflete ausencia melhorias saneamento visto fatores representam contrapartidas governo municipal,757
17,"inseguranca_alimentar, familias, pbf, domicilios, capita",presente estudo propos identificar fatores contribuem situacao inseguranca_alimentar trata estudo_coorte prospectivo base_populacional entrevistadas familias residentes municipios jose ramos nova floresta paraiba participaram estudo 2005 questionario utilizado continha mesmos modulos pesquisa realizada anteriormente descricao caracteristicas socio demograficas familias ebia variaveis estudadas tipo moradia numero comodos domicilio numero comodos dormir tipo abastecimento agua esgotamento sanitario destino lixo total moradores quantidade criancas renda_familiar per capita participacao programa_bolsa_familia relacao dependencia caracteristicas chefe familia cor_pele escolaridade atividade ocupacao diagnostico seguranca_alimentar_nutricional realizou categorizacao destas variaveis analise comparativa dois momentos atraves teste_qui_quadrado mcnemar considerando nivel significancia 5 populacao geral cada grupo mudanca situacao san periodo manteve san manteve ia melhorou situacao piorou criadas variaveis mudanca criacao quatro situacoes cada variavel consolidando informacoes cada variavel dois periodos procedimento possibilitou analise retrospectiva variacoes sa ia necessario agrupar variavel dependente passou ter duas categorias saber manteve san dois periodos melhorou situacao san 2011 manteve ia dois periodos piorou situacao san 2011 realizada regressao_logistica binaria analise efeito variaveis sobre mudancas perfil sa familias cada municipio modelo final estima razoes chances nivel significancia 5 respectivos intervalos 95 confianca ic95 haver transcorrido longo periodo tempo duas visitas estudo apresentou perda seguimento 208 familias 33 8 prevalencia ia encontrada 62 2 observou 80 5 familias melhoraram situacao san periodo apresentou participacao pbf menos dois periodos analisados apenas variavel participacao pbf apresentou significancia atraves modelo regressao utilizado grupo piorou situacao san manteve ia grave quase duas vezes chances melhorar situacao san auxilio pbf or=1 98 entretanto incluido grupo ia moderada grupo ia grave observou renda principal variavel responsavel melhoria situacao san or=2 14 resultados deste estudo indicam participacao pbf apresentou efeito positivo levando melhora situacao san periodo estudado especialmente familias niveis graves inseguranca_alimentar incremento renda_familiar favorece consumo_alimentar adequado reduzindo chances familias apresentarem agravamento situacao san,684
17,"inseguranca_alimentar, familias, pbf, domicilios, capita",apesar esforcos longo anos combate inseguranca_alimentar ia ainda problema frequente especial trata populacoes vulneraveis caso indigenas brasil estudo objetivou conhecer prevalencia fatores_associados inseguranca_alimentar familias indigenas estado alagoas trata estudo_transversal base_populacional buscou avaliar 11 etnias indigenas estado planejamento amostral utilizou prevalencia 50 fim obter maior tamanho amostral possivel assim universo 8 575 familias nivel significancia 5 0 erro amostral 3 0 intervalo 95 confianca necessaria amostra 950 familias variavel dependente ia definida escala_brasileira_inseguranca_alimentar realizada analise bivariada seguida analise multivariada meio modelo hierarquizado variaveis independentes caracteristicas demograficas socioeconomicas ambientais atraves regressao_poisson ajuste robusto variancia resultados apontaram 1270 familias avaliadas prevalencia 69 06 ia algum grau classificacao sendo quase 30 formas moderada grave variaveis independentes associadas ia sexo rp=1 38 ic95 1 16 1 63 tipo casa rp=1 69 ic95 1 25 2 28 numero comodos rp=1 47 ic95 1 18 1 84 escolaridade chefe 5 8 anos rp=1 80 ic95 1 38 2 34 menos 4 anos estudo rp=2 02 ic95 1 61 2 53 quanto condicoes trabalho chefes domicilio aposentados pensionistas rp=1 73 ic95 1 10 2 73 desempregados rp=1 62 ic95 1 03 2 54 renda total menor salario dois salarios_minimos rp=1 69 ic95 1 22 2 33 zero salario_minimo rp=2 00 ic95 1 44 2 76 situacao ia indigenas alagoanos elevada mostrou associada fatores demograficos socioeconomicos ambientais evidenciam vulnerabilidade necessidade acoes politicas_publicas garantia direitos desses povos melhora qualidade_vida,4879
18,"leptina, adiponectina, obesidade, sobrepeso, adipocinas",objetivo avaliar relacao fase vida desenvolvimento obesidade perfil_inflamatorio mulheres obesidade severa metodos estudo_transversal analitico descritivo realizado goiania 48 mulheres obesidade severa imc > 40kg m 2 idade 20 59 anos recrutadas pacientes fila espera realizar cirurgia_bariatrica hospital estadual geral goiania dr alberto rassi apos assinatura termo consentimento livre esclarecido conforme resolucao 466 12 coletados dados antropometricos peso altura circunferencia pescoco cp cintura cc quadril cq amostras sangue analise perfil_metabolico glicose insulina homa_ir homa beta hemoglobina_glicada gme pcr inflamatorio leptina adiponectina utilizado metodo ensaios imunoenzimaticos elisa analise adipocinas razoes leptina adiponectina adiponectina leptina calculadas normalidade dados definida meio teste shapiro_wilk voluntarias agrupadas quanto fase vida desenvolveram obesidade precoce < 20 anos tardio = 20 anos correlacoes pearson amostra total spearman grupo realizadas verificar associacao leptina adiponectina razoes lep adipo adipo lep demais variaveis qui_quadrado feito estabelecer frequencias patologias grupos fim modelo linear generalizado glzm distribuicao gama realizado comparar medias grupos analise ajustada idade assumido nivel significancia p = 0 05 resultados todas voluntarias apresentavam medias exames_bioquimicos valores medios cp cc compativeis risco_cardiovascular inflamacao resistencia_insulina encontrada correlacao positiva leptina imc r= 0 311 p=0 036 correlacao positiva razao lep adipo homa_ir r=0 460 p=0 002 hemoglobina_glicada r=0 382 p=0 014 metade voluntarias 56 25 relatou ter desenvolvido obesidade fase adulta grupo apresentou correlacao positiva razao lep adipo imc r=0 460 p=0 021 cp r= 0 478 p=0 016 cc r= 0 535 p= 0 006 adiponectina apresentou correlacao negativa cp r= 0 418 p=0 038 cc r= 0 437 p=0 029 hemoglobina_glicada r= 0 485 p=0 019 grupo desenvolveu obesidade precoce apresentou correlacao positiva razao lep adipo marcadores glicidicos insulina r= 0 647 p=0 004 homa beta r=0 564 p=0 015 apresentou marcadores antropometricos conclusao fase vida desenvolvimento obesidade parece influenciar perfil_inflamatorio mulheres obesidade severa dados sugerem perfil_inflamatorio correlacionado marcadores antropometricos apenas mulheres desenvolveram obesidade fase adulta outro lado marcadores_inflamatorios correlacionados perfil glicemico apenas mulheres desenvolveram obesidade infancia adolescencia,3904
18,"leptina, adiponectina, obesidade, sobrepeso, adipocinas",introducao jejum sido usado pratica religiosa medica milhares anos atualmente perda_peso estando relacionado melhora perfil_metabolico inflamatorio individuos obesidade objetivo investigar efeito jejum realizado durante periodo ativo sobre respostas metabolicas inflamatorias mulheres adultas eutroficas obesidade metodos mulheres 18 59 anos divididas grupo eutrofia imc 18 5 24 9 kg m2 grupo obesidade imc = 35 0 kg m2 avaliadas apos jejum noturno 10 horas apos jejum periodo ativo 10 horas apos jejum noturno consumiram desjejum padronizado primeiro momento feita antropometria avaliacao composicao_corporal gasto_energetico repouso ger alem coleta sangue segundo momento nova coleta sangue realizada analise estatistica adotado nivel significancia 5 p < 0 05 resultados participaram estudo 54 mulheres sendo 29 grupo eutrofia 25 grupo obesidade apos jejum periodo ativo reducao concentracao insulina homa_ir aumento concentracao agl corpos cetonicos tanto grupo eutrofia quanto grupo obesidade quanto mediadores resposta_inflamatoria concentracao pcr apos jejum periodo ativo modificou dois grupos manteve elevada tempos 1 2 grupo obesidade relacao grupo eutrofia reducao significativa tnf somente grupo eutrofia apos jejum periodo ativo tempo 2 concentracao tnf mcp 1 maior significativamente grupo obesidade observadas alteracoes concentracoes il_6 il_10 il 18 apos jejum periodo ativo ambos grupos considerando tempo 2 correlacao positiva agl insulina corpos cetonicos homa_ir grupo eutrofia correlacao positiva agl glicose grupo obesidade grupo eutrofia observada correlacao positiva il_6 glicose tnf il 18 mcp 1 il_10 il 18 il 18 mcp 1 negativa mcp 1 agl grupo obesidade correlacao positiva concentracao il_6 glucagon il_10 glucagon il 18 homa_ir negativa mcp 1 glucagon conclusao resultados presente trabalho demonstraram jejum periodo ativo afetou metabolismo_glicose lipideos tanto mulheres eutroficas quanto mulheres obesidade reduziu concentracao sanguinea tnf grupo eutrofia concentracoes pcr tnf mcp 1 mantiveram elevadas grupo obesidade apos intervencao observa portanto jejum periodo ativo promoveu alteracoes perfil_metabolico inflamatorio mulheres obesidade maneira diferente mulheres eutroficas diferenca pode ter relacao parte presenca ri inflexibilidade metabolica mulheres obesidade,4054
18,"leptina, adiponectina, obesidade, sobrepeso, adipocinas",introducao inflamacao papel central varias doencas caracteristicas sociedade moderna razoes leptina adiponectina adiponectina leptina considerados marcadores notaveis disfuncao tecido_adiposo consequentemente estado_inflamatorio metodos coletada amostra sangue 41 voluntarias 40 2 + 8 3 anos diagnostico obesidade severa imc 46 99 42 9851 91 kg m2 adipocinas quantificadas utilizando ensaio imunoenzimatico enquanto analise acidos_graxos conduzida usando cromatografia resultados resultados revelaram correlacao positiva razao leptina adiponectina acido graxo c20 3n 6 r = 0 52 p = 0 001 bem correlacao positiva similar razao adiponectina leptina acido graxo c22 6n 3 r = 0 74 p = 0 001 analise regressao c22 6n3 preditor razao adiponectina leptina = 0 76 p < 0 001 enquanto c20 3 n 6 preditor marcadores_inflamatorios = 4 84 p < 0 001 conclusao conclui acido graxo c22 6n3 demonstrou ser fator preditivo razao adiponectina leptina c20 3n 6 preditor marcadores_inflamatorios descoberta inedita nessa populacao pode ajudar desenvolver novas estrategias intervencao visem controlar estado_inflamatorio individuos diagnosticados obesidade_grave,5122
19,"prandial, ccm, ages, wpc, voluntarias",inflamacao sido proposta elo obesidade diversas condicoes clinicas sindrome_metabolica diabetes aterosclerose vez dieta reconhecido fator modulador resposta_inflamatoria neste sentido acidos_graxos podem influenciar muitos eventos mecanismos celulares desempenhar importante papel regulacao respostas imunes inflamatorias consumo_frutas outro lado resultam importante reducao marcadores pro inflamatorios diante exposto presente estudo objetivo avaliar efeito consumo refeicoes alto conteudo acidos_graxos_saturados ags monoinsaturados agmi acompanhadas suco laranja resposta_inflamatoria pos prandial mulheres eutroficas excesso_peso tratou estudo pos prandial aleatorio cruzado controlado participaram estudo 55 mulheres adultas idade 20 40 anos pre menopausicas gestantes primeira etapa estudo grupo voluntarias n=33 27+ 01 anos recebeu refeicao 1 000 kcal alto conteudo ags 37 valor calorico total acompanhadas 500 ml suco laranja teste agua controle negativo segunda etapa outro grupo n=22 27+ 1 anos recebeu refeicao 1 000 kcal alto conteudo agmi 53 valor calorico total acompanhadas 500 ml suco laranja teste bebida base frutose controle agua controle negativo concentracoes plasmaticas marcadores_inflamatorios il 2 il 4 il_6 il_10 il 17a ifn tnf pcr determinadas antes jejum 2 3 5 horas ingestao refeicoes testes resultados consumo agudo refeicao alto conteudo ags comparacao refeicao alto conteudo agmi apresentou maiores valores auc ajustada citocinas tnf il_6 independente bebida acompanhou refeicoes ainda consumo ags acompanhado agua suco laranja apresentou maiores valores auc ajustada citocinas il 17a il 4 il 2 relacao refeicao alto conteudo agmi acompanhada ingestao suco laranja observado aumento auc ajustada il_10 apos viiio consumo ags relacao agmi possivelmente relacionado compensacao organismo visando limitar inflamacao subclinica induzida consumo desse acido graxo consumo suco laranja vez reduziu inflamacao pos prandial induzida consumo refeicao alto conteudo ags mediante reducao concentracoes il 17a ainda consumo refeicoes alto conteudo ags agmi aumentou concentracao pos prandial il_6 plasmatica independente refeicao ser acompanhada suco laranja identificamos diferencas resposta_inflamatoria pos prandial acordo estado_nutricional voluntarias eutrofia vs excesso_peso consumiram refeicao alto conteudo ags agmi acompanhadas ingestao suco laranja conclusao resultados presente estudo indicam efeito anti_inflamatorio agmi relacao ags consumo suco laranja vez mostrou capaz atenuar aumento subclinico inflamacao pos prandial induzida dieta alto conteudo ags marcador especifico il 17a estudos longo prazo necessarios avaliar beneficios consumo regular agmi suco laranja bem mecanismos envolvidos,1417
19,"prandial, ccm, ages, wpc, voluntarias",consumo amendoim sido relacionado inumeros beneficios saude frequencia_consumo amendoim associado inversamente indice_massa_corporal imc risco obesidade objetivo deste estudo avaliar efeitos consumo dieta hipocalorica contendo amendoim permeabilidade_intestinal concentracao lipopolissacarideo lps plasmatico homens excesso_peso imc 26 35 kg m2 idade 18 50 anos aleatoriamente alocados tres grupos experimentais amendoim convencional ac amendoim rico acido graxo oleico controle ct prescrita dieta hipocalorica 250 kcal dia incluia ac ct porcao diaria 56 g amendoim torrado pele intervencao dietetica duracao quatro semanas consecutivas primeiro ultimo dia intervencao oferecida tres refeicoes teste compostas shake sabor morango porcao 56 g amendoim convencional amendoim rico acido graxo oleico biscoito refeicoes teste forneciam 25 necessidade calorica cada voluntario avaliada meio calorimetria_indireta referidas refeicoes continham 35 carboidrato 16 proteina 49 lipidio primeiro ultimo dia intervencao avaliados seguintes paramentros concentracoes lps triacilglicerois insulina glicose jejum pos prandiais 1 2 3 h apos consumo refeicao teste adicionalmente jejum determinados seguintes parametros_bioquimicos proteina_c_reativa aspartato aminotransferase ast alanina aminotransferase alt gama glutamil transferase ggt fosfatase alcalina colesterol_total vldl ldl hdl urina coletada laboratorio durante periodo 6 h apos ingestao solucao contendo lactulose manitol verificar permeabilidade_intestinal medidas_antropometricas peso circunferencia_cintura diametro abdominal sagital composicao_corporal avaliadas antes apos intervencao resultados obtidos estudo apresentados tres artigos sendo dois primeiros dados transversais terceiro dados intervencao artigo 1 higher plasma lipopolysaccharide concentrations are associated with less favorable phenotype in men with similar bmi and total adiposity sessenta sete homens imc medio 29 7 + 0 3 kg m2 incluidos voluntarios valores lps plasmatico 8805 0 9 ml apresentaram maior percentual_gordura tronco percentual_gordura androide massa gordura androide maiores concentracoes insulina alt maiores indices homeostasis model assessment of insulin resistance homa_ir homa beta relacao homens menor concentracao lps lps correlacionou positivamente percentual_gordura tronco percentual_gordura androide massa gordura androide insulina ast fosfatase alcalina homa_ir homa b resultados sugerem maior concentracao lps associa fenotipo menos favoravel caracterizado maior adiposidade central menor sensibilidade_insulina comprometimento funcao celulas beta pancreaticas artigo 2 high fat meal containing conventional or high oleic peanuts is associated with delayed triglyceridemia and lower 3h postprandial lipopolysaccharide concentrations in overweight obese men sessenta cinco homens participantes alocados seguintes grupos ac n=21 n=23 ct n=21 apos ingestao aguda refeicoes teste verificou concentracoes lps menores grupos ac 0 7 + 0 5 ml 1 0 + 0 9 ml comparados grupo ct 1 6 + 1 2 ml 3 h pos prandiais niveis triacilglicerois insulina aumentaram todos grupos entretanto verificou grupos ac triacilglicerois elevaram partir 2 h pos prandiais enquanto grupo ct aumento ocorreu partir 1 h pos prandial correlacao positiva niveis lps triacilglicerois grupos ac niveis insulina avaliados 3 h pos prandiais semelhantes valores jejum assim consumo agudo amendoim atrasou aumento triacilglicerois favoreceu retorno rapido insulina concentracoes basais especialmente grupo ac resultados sugerem consumo amendoim convencional amendoim rico acido graxo oleico pode reduzir risco endotoxemia efeitos metabolicos artigo 3 effect of hypocaloric diet containing peanut cultivars differing in oleic acid content on intestinal permeability and endotoxemia cinquenta cinco homens incluidos estudo_intervencao sendo alocados seguintes grupos ac n=19 n=18 ct n=18 consumo dieta hipocalorica incluindo cultivares amendoim diferentes teores acido graxo oleico alterou permeabilidade_intestinal concentracoes plasmaticas lps jejum respostas pos prandiais lps apos ingestao refeicao hiperlipidica final intervencao verificou reducao medidas_antropometricas massa gordura_corporal_total todos grupos reducao massa livre gordura apenas grupo ct resultados sugerem consumo dietas hipocaloricas adicao amendoim contribui perda_peso melhora composicao_corporal efeitos associados alteracoes permeabilidade_intestinal concentracao lps plasmatico,632
19,"prandial, ccm, ages, wpc, voluntarias",prevalencia obesidade diabetes_mellitus_tipo_2 vem crescendo todo mundo sabe prevencao tratamento desses agravos dao adocao tratamento interdisciplinar incluindo acompanhamento dietetico resultados estudos clinicos epidemiologicos apontado possivel efeito benefico consumo amendoim controle glicemia apetite ingestao_alimentar presente estudo objetivo investigar efeito consumo amendoim grao cru pasta homeostase glicemica glicose insulina acidos_graxos livres glp 1 controle hormonal apetite cck pyy percepcao subjetiva apetite ingestao_alimentar mulheres obesas elevado risco desenvolvimento diabetes_mellitus_tipo_2 trata ensaio_clinico_randomizado cruzado 15 mulheres participaram 3 etapas experimentais ingestao desjejum controle dc desjejum adicao amendoim grao dag desjejum adicao amendoim pasta dap servido almoco padrao 240 minutos apos desjejum tempos  10 15 45 60 90 120 180 240 265 295 310 340 370 430 490 minutos apos desjejum realizadas coletas sangue avaliacao homeostase glicemica glicose insulina glp 1 agl percepcao subjetiva apetite tempos 10 240 feitas coletas adicionais determinacao niveis incretinas cck pyy escores palatabilidade avaliados imediatamente apos ingestao desjejum almoco utilizada analise variancia medidas repetidas teste post hoc tukey examinar efeito tratamentos sobre homeostase glicemica niveis incretinas apetite comparar escores palatabilidade areas abaixo aac acima aacc curva resultados avaliacoes bioquimicas apetite ingestao_alimentar aplicado teste analise variancia teste post hoc tukey analises realizadas utilizando programa sigmaplot versao 11 0 systat software inc eua R adotando criterio significancia estatistica p<0 05 participaram estudo 15 voluntarias idade media 35 33 + 8 61 anos indice_massa_corporal 32 36 + 1 25 kg m² porcentagem gordura_corporal 36 74 + 3 56 normopressoricas glicemia capilar jejum 89 93 + 8 85 mg dl homa_ir 2 79 + 1 43 observado aac resposta glicemica 4  8h apos ingestao desjejum dap menor p=0 038 dc constatados niveis insulinemicos maiores grupo dap relacao grupo dc tempos 180 p=0 022 240 p=0 024 370 minutos p=0 016 media aacc agl 0  4h grupo dap menor dc p=0 022 valores aac pyy grupos dag dap apresentaram superiores p=0 006 grupo dc niveis pyy grupo dap 180 minutos p=0 032 grupo dag 240 minutos p=0 039 superiores grupo dc valores aac glp 1 0  8h grupos dag dap 100 superiores grupo dc aac niveis cck 0  4h grupo dag cerca 300 superior grupo dap dc observou ingestao habitual lipidios grupo dag superiores grupo dc p=0 003 verificou grupo dc apresentou 610 minutos saciedade superior comparado grupos dag p=0 003 dap p=0 024 voluntarias deixaram laboratorio constatou grupo dap apresentou menor p=0 046 escore variavel desejo alimentar comparado grupo dc verificou dap avaliado saboroso dag p=0 03 dc p=0 045 grau_processamento grao afeta bioacessibilidade lipidios presentes amendoim vez exerce efeito regulatorio glicemia pos prandial secrecao incretinas escores apetite sendo possivel responsavel beneficios apresentados resultados demonstram importancia estudo clinicos prospectivos venham avaliar efeito consumo cronico amendoim grao cru pasta homeostase glicemica apetite ingestao_alimentar diversas populacoes avaliando impacto prevencao tratamento diabetes_mellitus_tipo_2 obesidade,130
20,"dialise, hemodialise, doenca_renal_cronica, transplante, drc",introducao estado_nutricional pacientes programa hemodialise motivo inquietacao desafio equipes multidisciplinares assistem desnutricao comum nestes pacientes associa pior prognostico clinico identificar faixa ganho_peso interdialitico gpid pacientes melhor condicao nutricional pode reduzir risco desnutricao promover estado_nutricional ideal objetivos avaliar associacao estado_nutricional ganho_peso interdialitico pacientes doenca_renal_cronica hemodialise metodos estudo_transversal realizado 322 pacientes clinicamente estaveis maiores 18 anos 10 centros clinicos hemodialise cidade goiania pacientes avaliados quanto estado_nutricional meio indice_massa_corporal imc percentual gordura_corporal massa_corporal magra mcm albumina creatinina serica equivalente proteico aparecimento nitrogenio pna gpid avaliado somatoria diferenca pesos 12 sessoes hemodialise resultados grupo media idade 49 1+ 13 5 anos composto maioria sexo_masculino 60 6 76 adultos 24 idosos gpid medio gpidm 2 7+ 0 9kg encontrou acima recomendado embora gpid relativo gpidr peso_corporal seco 4 3+ 1 4 dentro limite esperado 58 4 pacientes apresentando gpidr 4 5 populacao demonstrou media niveis adequados imc individuos programa hd 54 pacientes apresentando imc>23kg m² prevalencia baixo_peso 8 enquanto eutroficos excesso_peso totalizaram 60 32 respectivamente populacao estudada exibiu media niveis adequados albumina 64 pacientes apresentando valores acima 4 0g dl entretanto niveis creatinina serica media aquem esperado observando 56 pacientes valores inadequados <10mg dl niveis pna media conforme recomendado 1 0 kg embora percentual pacientes niveis abaixo sido 53 considerando amostra quartis gpid medio verificou numero idosos significativamente menor ultimo quartil gpid relacao demais p<0 001 sexo_feminino associado menor gpidm pacientes maior quartil gpid medio apresentaram maior peso_corporal imc mcm alem niveis creatinina serica p<0 001 pna p=0 011 altos relacao demais quartis meio analise multivariada observou prevalencia pacientes adequacao imc ultimo quartil gpid medio 79 maior rp=1 79 ic95 1 33 2 4 relacao primeiro quartil enquanto prevalencia adequacao creatinina serica 52 maior rp=1 52 ic95 1 01 2 3 conclusao estado_nutricional associou positivamente gpid populacao avaliada resultados apontam necessidade avaliacao individualizada cautelosa gpid fim generalizar recomendacao gpid satisfaca expectativa manutencao promocao estado_nutricional ideal pacientes,236
20,"dialise, hemodialise, doenca_renal_cronica, transplante, drc",fundamento marcadores laboratoriais sobrecarga ferrica inflamacao tais ferro ferritina transferrina acido_urico proteina_c_reativa essenciais completa avaliacao acompanhamento doencas hepaticas cronicas objetivo identificar diferencas variaveis_socioeconomicas marcadores_bioquimicos inflamacao sobrecarga ferrica pacientes diagnostico doenca alcoolica figado daf metodos estudo_transversal parte projeto intitulado associacao variaveis clinicas nutricionais maior risco evolucao doenca alcoolica figado individuos alcoolismo realizado centro atendimento tratamento alcoolistas cata amostra 38 pacientes avaliados questionario estruturado analise bioquimica marcadores sobrecarga ferrica infamacao acordo presenca ausencia daf resultados alcoolistas doenca hepatica apresentaram porcentagem maior p<0 05 dependencia alcoolica grave uso outras drogas niveis ferritina comparados alcoolistas presenca doenca hepatica conclusao evidencias apresentadas neste estudo demonstram alteracoes variaveis_socioeconomicas marcador inflamacao sobrecarga ferrica pacientes alcoolistas doenca hepatica entretanto fazem necessarios estudos corroborem achados,1232
20,"dialise, hemodialise, doenca_renal_cronica, transplante, drc",doenca_hepatica_gordurosa alcoolica dhgna caracterizada espectro doencas incluem infiltracao gordurosa hepatica esteatohepatite cirrose hepatica sido associada supercrescimento bacteriano intestino delgado scbid complicacoes cardiovasculares objetivo deste estudo avaliar parametros cardiometabolicos presenca supercrescimento bacteriano intestino delgado individuos portadores doenca_hepatica_gordurosa alcoolica diferentes graus fibrose hepatica estimados escore fibrose doenca hepatica nafld fibrosis score nfs realizado estudo_transversal analitico envolveu 78 participantes maiores 18 menores 75 anos ambos_sexos alocados tres grupos distintos grupo 1 controles saudaveis n = 30 individuos evidencia doenca hepatica cardiaca metabolica grupo 2 17 individuos dhgna baixo risco estimado fibrose avancada fa grupo 3 individuos dhgna risco moderado alto fibrose hepatica avancada n = 31 todos grupos avaliadas medidas_antropometricas peso_corporal estatura indice_massa_corporal pressao_arterial eletrocardiograma utilizado acessar medidas variabilidade frequencia_cardiaca vfc apenas individuos diagnostico dhgna grupos 2 3 submetidos analises_bioquimicas sanguineas teste respiratorio hidrogenio exalado glicose diagnostico supercrescimento bacteriano intestino delgado media idade participantes 41 03 + 14 72 anos dois grupos individuos dhgna apresentaram idade indice_massa_corporal significativamente maiores comparados grupo_controle p < 0 01 componente baixa frequencia lf relacao baixa frequencia alta frequencia lf hf ratio menores individuos dhgna associada alto risco estimado fibrose avancada individuos portadores dhgna baixo risco fibrose avancada p = 0 04 p = 0 02 respectivamente hipoalbuminemia trombocitopenia maiores individuos pior grau fibrose hepatica estimada p < 0 01 p = 0 02 prevalencia supercrescimento bacteriano intestino delgado similar grupos presente estudo evidenciou dhgna associada disfuncao autonomica cardiaca sendo notado maior comprometimento individuos pior grau fibrose hepatica,3006
21,"catd, sod, estresse_oxidativo, cat, gpx",ventilacao mecanica vm objetivo manter troca gasosa adequada tratamento paciente critico todavia vm pode induzir processos inflamatorios desequilibrio redox devido efeitos antifisiologicos sistema respiratorio bem outros orgaos sistemas corpo humano objetivos presente estudo analisou efeitos oxidantes vm modos ventilacao controlada volume vcv ventilacao controlada pressao vcp ratos_wistar assisto controlado volume acv assisto controlado pressao acp humanos adultos sobre resposta_inflamatoria pulmonar sistemica metodologia projeto composto dois estudos estudo 1 realizado animais femeas wistar adultas divididas tres grupos controle gc ventilacao controlada pressao gvcp ventilacao controlada volume gvcv apos realizacao protocolo experimental animais eutanasiados entao coletado lavado broncoalveolar lba sangue tecido pulmonar analises morfometricas bioquimicas realizacao estudo 2 realizado humanos utilizados pacientes ambos_sexos faixa etaria 18 90 anos sob ventilacao mecanica primeiras 24 h apos intubacao orotraqueal sendo divididos forma randomizada dois grupos experimentais modo assisto controlado volume acv modo assisto controlado pressao acp realizado protocolo experimental coletados aspirado traqueal soro parametros ventilatorios pacientes resultados estudo 1 diferenca numero leucocitos totais lba grupos experimentais entretanto subtipos celulares analisados observado maior influxo linfocitos neutrofilos gvcv gvcp relacao gc aumento atividades enzimas sod catalase mpo gvcp comparado gc parenquima pulmonar relacao dano tecidual observado maiores indices tanto peroxidacao lipidica avaliado tbars quanto oxidacao proteinas avaliado proteina carbonilada gvcp comparado gc quanto biomarcadores inflamatorios analisados quimiocinas ccl3 ccl5 aumentadas dois grupos sob vm comparados gc relacao analises estereologicas parenquima pulmonar observado reducao densidade volume espacos aereos alveolares aumento densidade volume septos alveolares gvcp comparado gc estudo 2 recrutados 15 pacientes sendo 9 pacientes sexo_masculino 6 feminino escore rass variou 4 5 modos ventilatorios escolhidos randomicamente forma ficaram 9 modo acp 6 acv peep 5 7 cm h2o fio2 28 40 fr 12 18 irpm avalicao influxo leucocitario aspirado traqueal observado maior numero neutrofilos acp comparado acv analises_bioquimicas revelaram maior atividade catalase grupo acp entanto maior peroxidacao lipidica oxidacao proteinas modo acv comparado acp relacao biomarcadores inflamatorios aspirado traqueal niveis il_6 il 8 il 33 tnf maiores modo acv comparado modo acp conclusao estudo 1 modo controlado pressao promoveu alteracoes estruturais parenquima pulmonar bem maior desquilibrio redox animais adultos saudaveis submetidos ventilacao mecanica estudo 2 resultados demonstraram modo acv levou influxo neutrofilos dano oxidativo pulmonar humanos submetidos ventilacao mecanica,2542
21,"catd, sod, estresse_oxidativo, cat, gpx",introducao ventilacao mecanica invasiva vmi ferramenta utilizada tratamento pacientes insuficiencia respiratoria aguda cronica sendo considerada recurso fisiologico vmi pode causar varios disturbios_metabolicos acidose alcalose respiratoria entretanto pratica clinica existem tecnicas suspiro insuflacao gradual visam recrutamento alveolar consequentemente promovem possiveis efeitos protetores pulmoes neste contexto estudo objetivo analisar efeitos suspiro sobre estresse_oxidativo resposta_inflamatoria pulmonar ratos adultos saudaveis wistar submetidos vmi metodos trinta ratos_wistar_machos divididos quatro grupos controle gc ventilacao mecanica gvm ventilacao mecanica 20 suspiros hora gvm20 ventilacao mecanica 40 suspiros hora gvm40 animais gc mantidos ventilacao espontanea 1h gvm gvm20 gvm40 sedados anestesiados curarizados ventilados mecanicamente 1h volume corrente 7 ml kg frequencia respiratoria 80 ciclos minuto pressao positiva expiratoria final peep 3 cmh2o apos termino protocolo experimental animais eutanasiados lavado broncoalveolar lba sangue arterial pulmoes coletados analises imunoenzimaticas histologicas bioquimicas analises estatisticas realizadas utilizando graphpadprism dados expressos media + epm mediana valor minimo maximo p <0 05 considerado estatisticamente significativo resultados alteracoes parametros hemodinamicos grupos analisados relacao gasometria arterial final ventilacao mecanica observadas alteracoes saturacao o2 ph sanguineo grupos experimentais animais gvm40 apresentaram maior pressao parcial oxigenio po2 menor pressao parcial dioxido carbono pco2 relacao gc niveis bicarbonato hco3 gvm20 menores comparacao gc relacao po2 fio2 maior gvm gvm40 relacao gc influxo celulas totais lba maior gvm relacao gc assim influxo neutrofilos todavia diminuicao neutrofilos gvm40 relacao gvm analise substancias reativas acido tiobarbiturico tbars mostrou maior oxidacao lipidios gvm relacao gc gvm20 gvm40 oxidacao proteinas maior gvm comparado gvm40 atividade enzima superoxido_dismutase sod maior gvm comparado gc gvm20 gvm40 atividade enzima catalase cat maior gvm relacao gc gvm20 gvm40 relacao marcadores_inflamatorios ccl2 ccl3 ccl5 diferenca grupos analisados entanto aumento niveis il 1 il_6 tnf gvm relacao gc diminuicao gvm20 gvm40 relacao gvm conclusao dados sugerem uso suspiro desempenha papel protetor vez reduziu desequilibrio redox inflamacao pulmonar causada vm,2536
21,"catd, sod, estresse_oxidativo, cat, gpx",introducao disfagia orofaringea pode ocorrer alteracao disfuncao degluticao relacao conducao alimentos cavidade oral estomago alteracoes decorrentes doencas base podem afetar consumo_alimentar estimular producao especies_reativas_oxigenio eros ocasionar estresse_oxidativo alem disso doencas base podem estimular resposta_inflamatoria contribui aumento producao eros estresse_oxidativo provoca oxidacao membrana lipidica vez atenuada caroteno diminui concentracoes sericas deste antioxidante devido aumento utilizacao desses antioxidantes objetivo relacionar estresse_oxidativo metabolitos oxido nitrico nox mieloperoxidase mpo resposta_inflamatoria proteina_c_reativa pcr interleucina il 8 il 1beta il 1 fator necrose_tumoral alfa tnf interferon gama ifn g valores sericos sscaroteno adultos_idosos sujeitos metodos estudo_transversal abril 2014 dezembro 2018 realizado hospital_universitario universidade federal santa catarina adultos_idosos submetidos exame videofluoroscopia degluticao participaram estudo 72 sujeitos distribuidos grupo gdo n = 51 grupo_controle gc n = 21 gdo distribuido conforme categorizacao valores sericos caroteno gruponormovitaminose gdo normo caroteno grupo hipovitaminose gdo hipo caroteno avaliou estado_nutricional indice_massa_corporal imc composicao_corporal dual energy x ray absorptiometry dxa medida independencia funcional mif degluticao clinica exame videofluoroscopia ingestao_alimentar questionario_frequencia_alimentar qfa alem variaveis clinicas nutricionais avaliados marcadores sericos nox mpo pcr il 8 il 1 tnf ifn g caroteno dados apresentados mediana intervalo interquartil iiq associacao valores sericos inflamatorios estresse_oxidativo hipovitaminose caroteno avaliada regressao_logistica bruta ajustada resultados testes estatisticos expressos odds ration or intervalo confianca ic 95 significancia estatistica resultados considerado valor p < 0 05 resultados grupo gdo 54 9 sexo_masculino mediana idade 62 anos iiq 19 86 maioria sujeitos apresentavam leve moderada 54 9 p < 0 001 maioria classificada independencia completa 56 8 p = 0 011 hipovitaminose caroteno prevalente sujeitos gdo comparacao gc 29 p = 0 005 sujeitos gdo hipo caroteno apresentaram nivel maior mediana marcador estresse_oxidativo nox comparacao gc 61 3 vs 28 1 mol l p = 0 004 respectivamente assim maior valor marcadores resposta_inflamatoria observado gdo hipo caroteno relacao gc pcr 3 0 vs 0 7 mg l p < 0 001 il 8 24 3 vs 11 4 pg ml p < 0 001 regressao_logistica bruta ajustada identificada associacao marcadores_estresse_oxidativo resposta_inflamatoria hipovitaminose caroteno grupos gdo contrapartida marcadores_estresse_oxidativo resposta_inflamatoria nox or 10 46 p = 0 036 pcr or 3 98 p = 0 014 il 8 or 3 00 p = 0 028 associados hipovitaminose caroteno comparados sujeitos regressao_logistica bruta ajustada conclusoes identificado menor nivel caroteno sujeitos alem maior nivel marcadores_estresse_oxidativo nox resposta_inflamatoria pcr il 8 maior concentracao marcadores nox pcr il 8 parecem aumentar chance hipovitaminose caroteno entretanto estudos longitudinais devem ser conduzidos maior tamanho amostral fim confirmar tal achado,4498
22,"comensalidade, sentidos, sisan, significados, saberes",tese debruca sobre tematica comida rua intuito compreender contexto acepcoes respeito praticas circundam formas fazer comida comercializa las vias publicas partir estudo etnografico trabalhadores deste comercio santo antonio jesus reconcavo bahia ainda comida rua represente relevante constructo socioeconomico internacional constitua objeto estudo transdisciplinar parte expressiva analises sobre tematica brasil america latina concentra campo biomedico muitas vezes desconsidera protagonismo trabalhadores pesquisas distintamente presente tese analisa microcosmo social comida rua insere agentes sociais implicados neste comercio tradutores desse fenomeno pesquisa lancando mao dialogo ciencias saude nutricao ciencias sociais humanas compreender objeto elementos resultados alcancados buscam contribuir oferecer outras perspectivas investigativas sobre comida rua brasil produtos tese contemplam assim capitulo livro ensaio remontam estado arte dois artigos cientificos originarios pesquisa empirica etnografica capitulo apresenta revisao_literatura objetivou analisar abordagens teoricas metodologicas fundamentam producao saberes campo comida rua brasil analisar distintas dimensoes evidenciou respeito implicacao replicante ciencias biomedicas perspectiva microscopica abordagens analitico compreensivas ambos podem atuar paralelos complementares pensar formacao campo saberes comida rua agrupe perspectiva multidisciplinar embebida saberes empiricos historicos primeiro artigo cunho ensaistico traz reflexao teorica acerca processo institucionalizacao comida rua tessituras modernidade ocidental nesta discussao problematizou comercio comida espaco urbano expresso descritor comida rua emergiu antiguidade adquirindo contornos institucionais estruturar social economica culturalmente advento sociedade moderna sob atua elemento ressignificador tempo remodela recorrentes transformacoes dessa modernidade dois artigos seguintes derivam incursao etnografica cidade santo antonio jesus reconcavo bahia territorio eleito conveniencia tempo importancia economica regiao fase campo durou sete meses 2018 2019 material empirico produzido uso tecnicas entrevistas estruturadas observacoes sistematicas participantes diario campo acolhido meio gravacoes audio fontes secundarias jornais livros sites tratado acordo procedimentos descritos poupart et al 2014 kaufman 2018 corpus empirico reunido propiciou descricoes etnograficas cuja analise interpretativa seguiu escritos clifford geertz 2008 2014 apreciacao desse material emergiram categorias analiticas reconfiguraram direcionamento tese saber microempreendedor comida rua interpretado transicao ambulante empreendedor comida rua saj discutida segundo artigo partir implementacao ressonancias torno estrategia intervencao programa saj legal reproduziu ideologia neoliberal multiplicacao mecanismos precarizacao trabalho formalizados regular comida rua terceiro artigo vislumbrou analogia ambulantes artifices sennett 2015 desvelada desenvoltura fazeres manuais complexos envolviam habilidades saberes herdados tecnicas apreendidas outrossim astucias estrategias engajamento social incutidos trabalho executado rede familiar nesta demarcou precarizacao trabalho ambulante incluindo familiares subempregados bem contradicao implicada responsabilidade produzir comida permeada san tempo encontrar lugar invisibilidade social perante outras politicas_publicas brasileiras desses percursos analiticos tese reuniu elementos desvelar processo trabalho invisibilizado torno comida rua cujas praticas transitavam espaco domestico urbe etapas aquisicao pre preparo coccao comida praticas agregadoras saberes fazeres multiplos articulavam mente corpo amoldando artifices ambulantes comercio comida rua saj permeado mecanismos ideologicos regulacao estatal reproduziu cenario precarizacao mundo trabalho descortinar contexto enredado fazer comer comida rua tese desvelou ainda embora colecione rede complexa fazeres trabalho ambulantes familias ressoam entes excluidos regime trabalhista legal desassistidos termos saude seguranca_alimentar_nutricional enquanto politicas_publicas voltadas segmento marcadamente priorizam suposta ordem inocuidade seguranca comida consumidor tais compreensoes conclui comida rua requer politicas estrategias inclusivas quais ambulantes possam atuar participes ativos processo,3774
22,"comensalidade, sentidos, sisan, significados, saberes",estudo analisa praticas saberes agroecologia soberania alimentar vivenciadas mulheres assentadas reforma agraria traz atuacao territorios destaque conhecimentos tradicionais empregados sistemas producao cultivam proposito quais praticas manejo usos destinos dados producao vislumbrando praticas agroecologicas promotoras soberania alimentar empoderamento abordagem pesquisa baseia metodologia qualitativa fundamenta triangulacao metodos associando observacao participante b entrevista semiestruturada c registros caderno campo audiovisuais relacao analise conteudo levantadas cinco categorias tematicas aprioristicas primeira apresenta quais motivacoes conduzem conduziram mulheres camponesas desenvolvimento praticas saberes agroecologicos segunda figura significados percepcoes mudancas incorporadas mulheres quanto agroecologia pontuam paradigma viavel alternativo producao consumo sustentavel assimilam promotora soberania alimentar saude quanto mudancas fazem referencia melhorias alimentacao saude qualidade_vida agroecossistema ganhos economicos transformacoes modos viver pensar ver mundo vida relacao natureza terceira categoria referenciam agroecologia enquanto criadora fortalecedora processos empoderamento construcao autonomias medida ocupam espacos sociais politicos educativos outros fomentados agroecologia passam redefinir posicao importancia sociedade limitando espaco domestico privado quarta categoria apresenta dinamica producao agroecologica destinos sendo primeira fundamentada policultivos sistemas agroflorestais equilibrio producao articulado preservacao meio_ambiente agrobiodiversidade respeito natureza segunda autoconsumo excedente destinado comercializacao trocas doacoes alimentacao animal compostagem destaca nesta categoria protagonismo posicao guardias participantes concernem sementes plantas medicinais ultima categoria revela realidades familiares partir agroecologia experimentam vivenciam principios equidade relacoes genero relacionados tomadas decisoes sobre producao processamento alimentacao comercializacao portanto evidencia mediante praticas construcao mudancas significativas transformadoras caminham convivencias igualitarias compartilhamento decisoes identifica conseguinte protagonismo mulheres camponesas agroecologia convoca profunda mudanca paradigmas direcao sustentabilidade vida bem viver reaprender enxergar abrir troca saberes descobrir nova forma olhar estar mundo denunciando ficou historia oficial reconhecendo emerge partir praticas falas olhares subjetividades racionalidades,2803
22,"comensalidade, sentidos, sisan, significados, saberes",dedicamo primeiro momento situar campo cientifico alimentacao foco investigacao comida entendemo la inserida mundo consumo sociedades modernas articulacao publicidade considerada forte participe processo construcao simbolos reproducao transformacoes modelo economico social cultural marcado acumulacao capital dias atuais publicidade praticas saberes sido estudados somente simples agentes vendas mecanismos capazes estabelecer influencias reconstrucao praticas consumo processo corpo funcao relevante construcao sentidos visto comida participa construcao corpo apenas materialidade aspectos culturais simbolicos analisamos capas revistas viva publicadas 2011 partir desses veiculos propomo refletir respeito discursos sobre comida relacoes processos medicalizacao transformacao pessoas mercadoria sociedade contemporanea discutimos primeiramente configuracao genero textual base analise discurso estudos semioticos recorremos autores foucault guimaraes farina simmel elias mergulho enunciados tela seguida base autores conrad foucault maingueneau apresentamos reflexoes sobre processo medicalizacao vemos presente nesses discursos fim argumentamos sociedade consumo requer vendaveis consideramos conforme hall bauman giddens marx lukacs arranjo reune capas revistas femininas comida medicalizacao marcado processo reificacao transforma pessoas mercadoria,390
23,"kefir, treinamento_fisico, resistido, treinado, msg",obesidade apresenta etiologia multifatorial caracterizada excesso adiposidade inflamacao_cronica baixo grau recentemente vem sendo relacionada alteracoes neurocomportamentais terapeutica obesidade envolve diversas intervencoes especialmente dietetica impulsiona estudo alimentos podem ser adjuvantes tratamento prevencao doenca mel abelha apresenta potencial funcional especificamente mel malicia mimosa quadrivalis l apresenta propriedades antioxidante hipolipemiante atua melhora saude_intestinal ratos dislipidemicos considerando aspectos supracitados execucao deste trabalho objetivo avaliar potenciais efeitos consumo mel malicia mimosa quadrivalis l produzido abelha jandaira melipona subnitida d sobre parametros somaticos neurocomportamentais inflamatorios ratos obesos mel adquirido diretamente meliponicultores abelha jandaira melipona subnitida d semiarido nordestino brasileiro utilizou quarenta ratos_wistar + 50 dias idade randomizados inicialmente dois grupos sadio cs n = 20 consumiram dieta controle obeso co n = 20 consumiram dieta cafeteria 8 semanas apos ratos randomizados quatro grupos sadio gs n = 10 obeso go n = 10 receberam gavagem 2 ml agua destilada grupos sadio gsm n = 10 obeso gom n = 10 tratados mel malicia 1000 mg kg peso_corporal permanecendo consumo respectivas dietas oito semanas monitorados parametros somaticos consumo preferencia alimentar ultima semana coletadas fezes ratos quantificacao acidos organicos consumo preferencia alimentar avaliados diariamente massa_corporal semanalmente testes comportamentais relativos ansiedade depressao realizados antes 8 semana apos periodo intervencao mel 16 semana realizadas analises_bioquimicas retirou tecido_adiposo cerebro analise histologica incluindo fator nuclear kappa b nf b mel malicia apresenta procianidina b1 19 24 mg 100g procianidina b2 15 90 mg 100g epicatequina 14 34 mg 100g naringenina 11 99 mg 100g outros fenolicos tratamento mel malicia gom ocasionou reducao peso 14 diminuicao imc 6 adiposidade 30 relacao grupo go consumo_alimentar ratos tratados mel gom menor ingestao_calorica 18 relacao og apresentaram preferencia alimentar carnes processadas hamburgueres salsichas presunto mortadela doces guloseimas alem disso melhorou tolerancia_glicose resistencia_insulina perfil_lipidico niveis hormonais tratamento mel melhorou comportamento ansioso depressivo apresentou diminuicao neuronios isquemicos alem reduzir area marcacao nf b 58 08 cerebro aumentar concentracao acidos organicos fecais intestinais cerebrais resultados mostram mel malicia melhorou parametros metabolicos comportamentais ratos obesos torna adjuvante natural tratamento_obesidade,4193
23,"kefir, treinamento_fisico, resistido, treinado, msg",estudo objetivo investigar efeitos treinamento natacao sobre adiposidade pressao_arterial tolerancia_glicose sensibilidade_insulina modelo animal sindrome_metabolica sm utilizados 46 ratos espontaneamente hipertensos shr 2 dias vida peso inicial 6 496 + 0 177 g media + dp segundo oitavo dia vida 23 ratos receberam injecoes subcutaneas solucao glutamato monossodico msg vez dia dose 4 mg g peso_corporal grupo msg animais restantes receberam injecoes subcutaneas mesma dosagem solucao salina grupo sal n=23 apos 20 semanas vida grupos redivididos msg b sal b grupos baseline msg c sal c grupos controle msg t sal t grupos treinados animais grupos treinados submetidos treinamento natacao 5x semana 1 hora dia 80 capacidade aerobica 8 semanas ganho peso_corporal consumo_alimentar pressao_arterial tolerancia_glicose sensibilidade_insulina insulinemia jejum adiposidade visceral area adipocitos viscerais composicao carcaca eviscerada avaliados antes apos treinamento tratamento msg aumentou p<0 05 adiposidade visceral area adipocitos viscerais percentual_gordura carcaca reduziu p<0 05 percentual proteina agua carcaca tolerancia_glicose treinamento natacao reduziu p<0 05 consumo_alimentar msg t sal t pressao_arterial msg t sal t adiposidade visceral msg t aumentou p<0 05 percentual agua carcaca sal t percentual proteina carcaca msg t tolerancia_glicose msg t sal t sensibilidade_insulina msg t concluiu treinamento natacao eficiente melhorar pressao_arterial adiposidade visceral metabolismo_glicose modelo experimental sm,143
23,"kefir, treinamento_fisico, resistido, treinado, msg",objetivo objetivo deste estudo verificar efeitos treinamento resistido tr suplementacao sal calcio hidroxi metilbutirato cahmb sobre forca_muscular composicao_corporal metabolismo_lipidico ratos_wistar metodos ratos_wistar adultos idade 3 meses aleatoriamente distribuidos 4 grupos 12 animais cada sedentario controle sc sedentario suplemento ss treinamento resistido controle rtc treinamento resistido suplemento rts animais grupos ss rts receberam gavagem 1 ml cahmb 320 mg kg peso_corporal animais grupos rtc rts realizaram programa tr 4 series 10 repeticoes intervalo 90 s series 1 vez dia 5 dias semana carga 80 1 repeticao maxima 1 rm 8 semanas todos animais pesados circunferencia_abdominal mensurada indice lee calculado semanalmente consumo_alimentar forca_muscular monitorados durante periodo experimental final intervencoes determinadas composicao_corporal perfil_lipidico expressao_genica interleucinas il_6 il_10 il 15 proteina contendo dominio 5 fibronectina tipo 3 fndc 5 musculo_esqueletico il_6 proteina desacopladora mitocondrial tipo 1 ucp 1 tecido_adiposo_branco tab concentracao irisina tab resultados tr isolado aumentou forca_muscular reduziu consumo_alimentar ganho_peso indice lee circunferencia_abdominal percentagens gordura agua concentracoes plasmaticas lipoproteinas baixa densidade vldl colesterol lipoproteinas alta densidade hdl triglicerideos colesterol_total aumentou expressao_genica fndc 5 musculo soleo concentracao irisina tab combinacao tr cahmb potencializou reducao circunferencia_abdominal 5 3 indice lee 2 4 porcentagem gordura 24 4 concentracoes plasmaticas vldl 16 8 triglicerideos 17 aumentou expressao_genica il_6 47 4 fndc 5 78 9 soleo concentracao irisina 26 9 tab isoladamente tanto tr quanto suplementacao cahmb afetaram percentual proteina expressao_genica il_6 ucp 1 tab il_10 il 15 gastrocnemio esteatose_hepatica diferentes tratamentos apos intervencao conclusoes suplementacao cahmb potencializou efeitos beneficos tr reducao gordura_corporal associacao aumento expressao_genica il_6 fndc 5 muscular concentracao irisina tab apesar ter afetado conteudo proteinas forca_muscular,2992
24,"idade_gestacional, gpg, trimestre, gestantes, pre_natal",objetivo avaliar associacao ganho_peso_gestacional gpg desfechos perinatais mulheres brasileiras adultas diagnostico diabete mellitus gestacional dmg metodos estudo analitico transversal realizado gestantes adultas diagnostico dmg recem_nascidos atendidos maternidade publica rio janeiro periodo 2011 2014 amostra estudo dividida tres grupos representavam gpg insuficiente adequado excessivo recomendacoes institute of medicine iom 2009 dados maternos recem_nascidos analisados alem riscos desfechos perinatais desfavoraveis relacionados inadequacao gpg parto cesareo shg prematuridade macrossomia recem_nascidos pequeno grande idade_gestacional pig gig associacao variaveis verificada testes x² pearson comparacao medias aplicou analise variancia teste t student anova pos hoc tukey alem estimativa modelos regressao_logistica simples multipla avaliar efeito adequacao gpg desfechos perinatais resultados amostra final representada 545 gestantes filhos gpg total adequado apenas 35 8 mulheres incluidas maior parte amostra ganho ponderal excessivo 37 inadequacao gpg associada resultados adversos ganho abaixo associado maior risco prematuridade or ajustada 2 57 ic95 1 06 6 19 enquanto ganho acima aumentou chance shg or ajustada 2 62 ic95 1 54 4 45 recem_nascidos gig or ajustada 1 88 ic95 1 08 3 29 ocorrencia macrossomia recem_nascido pig entretanto apresentaram resultados significativos associados ganho_peso inadequado or ajustada 1 79 ic95 0 66 4 86 or ajustada 1 96 ic95 0 78 4 97 respectivamente conclusao mulheres dmg gpg insuficiente associado maior chance prematuridade gpg excessivo associado maior chance shg recem_nascido gig palavras chave gestantes ganho_peso diabetes gestacional resultado gravidez cuidado pre_natal,2707
24,"idade_gestacional, gpg, trimestre, gestantes, pre_natal",introducao assistencia pre_natal objetivo assegurar desenvolvimento gestacao permitindo parto recem_nascido saudavel impacto saude materna ganho_peso_gestacional inadequado pode ocasionar desfechos gestacionais indesejaveis diabetes gestacional sindromes hipertensivas gestacao baixo_peso_nascer macrossomia neonatal controle ganho_peso_gestacional necessaria assistencia pre_natal eficaz captacao precoce gestantes numero adequado consultas objetivo avaliar efeito assistencia pre_natal sobre ganho_peso_gestacional gestantes adultas baixa_renda atendidas maternidade publica baixada fluminense rio janeiro metodologia estudo tipo transversal incluindo 281 mulheres adultas brasileiras baixa_renda ganho_peso_gestacional adequado insuficiente excessivo definidos ganho_peso dentro abaixo acima recomendacoes institute of medicine respectivamente numero consultas pre_natal categorizado 1 nenhuma consulta 2 tres consultas 3 quatro seis consultas 4 7 consultas inicio pre_natal avaliado forma continua indice assistencia pre_natal apcui desenvolvido combinando inicio pre_natal numero visitas acordo kotelchuck modelos regressao_logistica_multinomial ajustados fatores confusao realizados estimar associacoes assistencia pre_natal ganho_peso_gestacional resultados media assistencia pre_natal iniciou 12 6 + 6 9 semanas gestacao total 8 2 mulheres n = 23 < 4 visitas pre_natal 38 4 n =108 apresentaram inicio pre_natal inadequado 38 4 n = 108 apcui inadequado gpg medio 12 9 kg + 6 2 prevalencia gpg adequado insuficiente excessivo 36 5 31 0 32 5 respectivamente apos ajuste fatores confusao apcui inadequado or=2 01 p valor=0 041 ic 95 =1 03 3 90 apresentou associacao significativa gpg insuficiente inicio pre_natal or=1 05 p valor=0 056 ic 95 =1 00 1 10 numero consultas or=0 59 p valor=0 051 ic 95 =0 34 0 70 apresentaram associacao limitrofe gpg insuficiente conclusao estudo destaca importancia assistencia pre_natal adequada durante gestacao controle ganho_peso_gestacional,1648
24,"idade_gestacional, gpg, trimestre, gestantes, pre_natal",ganho_peso_gestacional gpg tanto insuficiente excessivo importantes preditores desfechos obstetricos adversos embora recomendacoes especificas gpg grupos maior risco mulheres diabetes mellitus gestacional dmg aplicacao classificacoes gpg grupo mostrado relacoes distintas desfechos materno infantis estudo avaliou relacao gpg desfechos materno_infantil mulheres dmg comparando classificacoes institute of medicine iom ministerio_saude brasil ms brasil metodos estudo_observacional dados retrospectivos prontuarios medicos servicos publicos especializados dados prospectivos mulheres dmg gpg avaliado classificacoes iom ms brasil relacoes gpg desfechos maternos pre eclampsia intercorrencias gestacao parto parto cesariana retencao peso pos_parto depressao pos_parto amamentacao infantis prematuridade hipoglicemia neonatal tocotraumatismo baixo_peso_nascer macrossomia pequeno idade_gestacional grande idade_gestacional indice apgar problemas neonatais admissao unidade intensiva neonatal avaliadas modelos regressao_logistica_multipla 27 resultados 147 mulheres dmg gpg iom 42 2 insuficiente 24 5 adequado 33 3 excessivo ms brasil 25 9 insuficiente 13 6 adequado 60 5 excessivo gpg excessivo aumentou risco retencao peso pos_parto or 3 96 ic95 1 22  12 86 hipoglicemia neonatal or 2 79 ic95 1 00 7 78 admissao utin or 4 08 ic95 1 04 15 90 classificacao gpg excessivo iom permitiu identificar riscos desfechos gestacionais negativos relacao classificacao ms brasil conclusao gpg excessivo dmg associado desfechos materno infantis desfavoraveis gpg insuficiente associou classificacao iom pode ser adequada avaliacao riscos gestacionais entanto faz necessario estabelecimento faixas gpg especificas mulheres dmg,4923
25,"shr, doses, emax, paracetamol, cmg",d glucanas levedura polissacaridivasoros constituidas esqueleto linear central unidades glicose ligadas posicao 1 3 cadeias laterais unidas ligacoes 1 6 polimeros importantes modificadores resposta biologica possuem diversos efeitos biologicos beneficos saude grande interesse derivados principalmente forma carboximetilada demonstra acao antioxidante imunoestimulante antiplaquetaria moduladora funcao vascular entretanto acao sobre funcao cardiovascular ainda pouco compreendida principalmente hipertensao diante disso estudo buscou investigar quais efeitos carboximetilglucana cmg saccharomyces cerevisiae sobre pressao_arterial funcao vascular modulacao autonomica atividade plaquetaria estresse_oxidativo animais espontaneamente hipertensos shr ratos machos shr controles normotensos wistar kyoto wky distribuidos grupos wky controle wky ct wky cmg 60 mg kg shr controle shr ct shr cmg 20 mg kg shr cmg 60 mg kg animais tratados durante quatro semanas doses 20 60 mg kg via_oral controles receberam solucao salina final tratamento avaliados ganho_peso parametros_bioquimicos niveis pressoricos sensibilidade barorreflexo participacao tonus simpatico seguida animais eutanasiados testes reatividade vascular avaliacao agregacao plaquetaria analises histologica morfometrica capacidade_antioxidante resultados mostraram tratamento cmg reduziu ganho_peso grupo shr cmg 60 mg kg alterou perfil_lipidico funcao_renal reducao ureia apenas grupo shr cmg 60 mg kg observado reducao significativa pressao_arterial media entanto duas doses testadas promoveram reducao pressao_arterial sistolica diastolica alterar frequencia_cardiaca grupos shr ainda diminuiu hipertrofia cardiaca animais wky cmg modificou parametros cardiovasculares observado modulacao ganho barorreflexo promovendo melhora resposta animais shr cmg 60 mg kg diminuicao participacao tonus simpatico nesse grupo quanto funcao vascular observadas diferencas significativas resposta contratil induzida fenilefrina fen entanto constatada melhora resposta vasorrelaxante dependente endotelio avaliada acetilcolina ach grupos shr cmg 20 mg kg shr cmg 60 mg kg vasorrelaxamento induzido nitroprussiato sodio nps observou melhora resposta grupo wky cmg 60 mg kg estudos agregacao plaquetaria demonstraram menor agregacao plaquetaria grupo shr cmg 60 mg kg relacao shr ct induzido difosfato adenosina adp analises estresse_oxidativo mostraram apesar animais shr ct apresentarem significativamente maiores niveis especies_reativas_oxigenio ros comparados wky ct cmg capaz promover reducao ros achados sugerem cmg melhora funcao vascular animais shr demonstrando acao antihipertensiva atraves barorreflexo via modulacao tonus impatico possui propriedade antiagregante plaquetaria assim apresenta potencial estrategia manejo hipertensao_arterial,3666
25,"shr, doses, emax, paracetamol, cmg",carboximetil glucana cm g derivado obtido 1 3 1 6 d glucana saccharomyces cerevisiae caracterizando ser modificador resposta biologica apresentando acao antioxidante antiagregante plaquetaria hipolipemiante propriedades apontam potencial desse derivado protetor sistema cardiovascular entretanto pesquisas nesse campo ainda escassas assim trabalho objetivou investigar atuacao cm g sobre reatividade vascular contratilidade atrial cardiomiocitos ventriculares bem prevencao dano cardiaco modelo animal infarto agudo miocardio iam todos protocolos desenvolvidos aprovados comissao etica uso animais ceua ufpb sob parecer nº 006 2016 inicialmente estudado efeito direto cm g sobre reatividade vascular contratilidade atrial transiente calcio cardiomiocitos ventriculares posteriormente delineados experimentos animais saudaveis quais tratados via_oral cm g dose 50 mg kg diariamente durante 21 dias comparados grupo_controle realizados experimentos utilizando modelo animal iam induzido isoproterenol 20º 21º dias experimento administrados 85 mg kg dia isoproterenol via subcutanea 22º dia 48 h apos administracao primeira dose isoproterenol feitos ensaios experimentais cm g provocou efeito relaxante forma dependente concentracao pronunciado vasos endotelio funcional emax = 69 13 + 8 18 comparacao endotelio emax = 35 26 + 5 86 p<0 05 eficacia relaxamento dependente endotelio induzido cm g significativamente reduzida aneis pre incubados l name emax = 30 91 + 3 66 odq emax = 19 57 + 4 08 carboxi ptio emax = 21 19 + 3 42 comparacao controle emax = 69 13 + 8 18 p<0 05 tratamento cm g promoveu reducao potencia contracao pd2 = 7 103 + 0 06 emax = 111 55 +1 99 resposta concentracoes crescentes phe comparados grupo_controle pd2 = 6 85 + 0 09 n=8 p<0 05 emax= 150 9 +3 67 relaxamento induzido ach eficacia aumentada aneis aorta grupo cm g pd2 = 5 56 + 0 14 emax = 90 10 + 3 71 n=11 comparacao grupo_controle pd2 = 4 18 + 0 35 n=9 emax = 69 87 + 4 27 p<0 05 constatado efeito inotropico negativo atrio esquerdo isolado ratos induzido cm g associado reducao significativa eficacia maxima cacl2 aumentar contratilidade atrial emax = 100 cm g vs 73 41 cacl2 p<0 05 n=5 efeito acompanhado reducao transiente intracelular ca2+ cardiomiocitos ventriculares ratos tanto maneira direta quanto apos suplementacao evidenciado prevencao dano cardiaco modelo animal iam causado isoproterenol avaliou altura segmento st indice massa coracao resultados desse estudo ineditos demonstrar cm g induz relaxamento aorta ratos participacao endotelio aumentando sintese biodisponibilidade via scg alem disso atua sobre miocardio induzindo efeito inotropico negativo meio modulacao homeostase ca2+ achados fornecem novas evidencias apontam efeitos beneficos cm g sobre sistema cardiovascular,1962
25,"shr, doses, emax, paracetamol, cmg",hipertensao_arterial caracterizada niveis pressoricos elevados sustentados associados alteracoes funcionais estruturais orgaos alvo bem estabelecido aumento estresse_oxidativo hiperatividade simpatica disfuncao endotelial contribuem manutencao pressao_arterial elevada estudos previos demonstrado extrato especies hymenaea apresenta atividade_antioxidante anti inflamatoria entanto ainda elucidado efeito hymenaea pressao_arterial possiveis fatores envolvidos nesse contexto objetivo presente estudo avaliar efeito extrato hidroalcoolico casca caule hymenaea rubriflora ducke hr hac pressao_arterial modulacao autonomica estresse_oxidativo reatividade vascular ratos espontaneamente hipertensos shr estudo desenvolvido administracao dose unica intravenosa protocolo agudo tratamento diario via_oral quatros semanas protocolo cronico previamente intervencoes hr hac caraterizado quanto fenolicos totais perfil fenolico capacidade_antioxidante protocolo agudo ratos machos shr normotensos wistar kyoto wky receberam doses unicas hr hac 2 5 5 15 30 60 mg kg i v presenca ausencia atropina propranolol mensuradas pressao_arterial media pam frequencia_cardiaca fc ensaios in vitro hr hac 0 1 729 g ml aplicado aneis aorta endotelio funcional pre incubados tea 4 ap glib protocolo cronico shr wky tratados hr hac 100 200 mg kg veiculo via_oral vez dia final tratamento mensurados pressao_arterial pa modulacao autonomica estresse_oxidativo reatividade vascular agentes relaxantes contrateis aorta trabalho aprovado comissao etica uso animais universidade federal paraiba n° 117 2016 hr hac apresentou alta concentracao fenolicos totais 14 compostos_fenolicos identificados capacidade_antioxidante resultado administracao aguda shr hr hac 2 5 5 15 30 60 mg kg induziu hipotensao 7 9+ 0 7 8 9+ 1 5 9 4+ 1 4 13 7+ 1 7 28 5+ 4 3 respectivamente bradicardia wky reducao pam similar shr modificacoes fc atropina atenuou significativamente reducao pam fc shr doses cumulativas hr hac induziram relaxamento endotelio independente aorta shr emax = 88 8 + 3 8 reduzido tea emax = 36 6 + 4 5 p < 0 001 4 ap emax = 53 6 + 8 9 p < 0 004 wky relaxamento emax = 64 8 + 3 5 dependente endotelio tratamento cronico dose 200 mg kg hr hac resultou menor pa media 163 9 + 2 4 mmhg vs 184 5 + 1 2 mmhg p < 0 0001 sistolica 190 7 + 4 3 mmhg vs 232 1+ 2 2 mmhg p < 0 0001 shr tratados comparacao shr controle dose ainda promoveu atenuacao resposta contratil fenilefrina melhoria potencia relaxante acetilcolina reducao peroxidacao lipidica aumento capacidade_antioxidante_total menor balanco autonomico shr tratados relacao shr controle dose 100 mg kg alterou pa nenhum grupos animais atenuou reposta contratil fenilefrina melhorou potencia relaxante acetilcolina estresse_oxidativo shr tratados conclusao estudo mostra hr hac promove reducao pa tanto maneira aguda cronicamente shr alem disso induz potente vasodilatacao melhorar disfuncao endotelial estresse_oxidativo desbalanco simpatovagal importantes mecanismos patologicos envolvidos hipertensao_arterial,2379
26,"sarcopenia, idosos, dinapenia, fpm, idosas",fragilidade condicao vem ganhando destaque literatura mundial sobre envelhecimento associada elevado risco desfechos adversos saude declinio capacidade_funcional cognitiva objetivo identificar prevalencia fragilidade associacao estado cognitivo capacidade_funcional idosos_institucionalizados metodo estudo_transversal realizado pessoas_idosas residentes instituicoes longa permanencia idosos ambos_sexos duas cidades brasileiras definicao fragilidade utilizado fenotipo fried et al 2001 avalia 5 criterios perda_peso intencional fadiga autorreferida diminuicao forca reducao velocidade marcha baixo nivel atividade_fisica estado cognitivo avaliado atraves mini exame estado mental meem capacidade_funcional meio indice katz coletados variaveis saude sociodemograficas antropometricas atividade_fisica caracterizacao amostra resultados participaram 73 idosos sendo maioria sexo_feminino 63 47 9 idosos longevos 32 1 apresentaram baixo_peso 68 3 dependentes funcionalmente 54 8 apresentaram declinio cognitivo prevalencia fragilidade 57 5 modelo regressao_poisson ajustado idade tempo institucionalizacao apresentou associacao positiva estado cognitivo rp=1 90 ic 1 17 3 06 capacidade_funcional rp=2 97 ic 1 18 3 11 conclusao resultados mostraram alta prevalencia fragilidade associacao incapacidade funcional declinio cognitivo idosos residentes instituicoes,3778
26,"sarcopenia, idosos, dinapenia, fpm, idosas",introducao sarcopenia doenca muscular caracterizada diminuicao forca_muscular massa_muscular potencia relacionada desfechos saude adversos curto longo prazo idosos_institucionalizados apresentam piores condicoes saude risco aumentado quedas desnutricao perda_peso hospitalizacoes recorrentes alem apresentar maior prevalencia sarcopenia comparacao idosos comunidade presente estudo objetivo identificar prevalencia sarcopenia fatores_associados idosos residentes instituicoes longa permanencia acordo ewgsop2 metodos trata estudo_transversal 58 idosos acima 60 anos residentes instituicoes longa permanencia idosos duas cidades brasileiras sarcopenia diagnosticada partir criterio ewgsop2 avaliacao forca meio teste preensao palmar massa_muscular circunferencia_panturrilha performance muscular velocidade marcha fatores avaliados relacao sarcopenia dados_sociodemograficos clinicos antropometricos resultados prevalencia sarcopenia 29 3 aumentando conforme aumento idade ambos_sexos forma acentuada sexo_masculino p=0 02 idosos dependentes possuiam 2 38 chances apresentar sarcopenia relacao idosos independentes ic95 =1 07  5 30 conclusao prevalencia sarcopenia elevada idosos_institucionalizados todas faixas idade sexo idosos dependencia segundo capacidade_funcional possuiam maior chance apresentar sarcopenia comparados idosos independentes sarcopenia pode ser diagnosticada tecnicas baixo custo facil reprodutibidade facilitando investigacao diagnostico sarcopenia instituicoes longa permanencia idosos,3784
26,"sarcopenia, idosos, dinapenia, fpm, idosas",introducao perda massa forca_muscular consequencias inevitaveis envelhecimento podendo evoluir sarcopenia vez pode comprometer aspectos funcionais desempenho_fisico entretanto consenso pesquisadores profissionais quanto criterios diagnosticar estimar prevalencia sarcopenia objetivo estimar prevalencia sarcopenia associacao capacidade fisica idosos cuiaba mt metodos estudo_transversal observacional base censitaria domiciliar envolvendo populacao urbana cuiaba mt ambos generos idade 65 anos aplicado questionario obtencao dados socio demografica condicao saude capacidade_funcional realizacao atividades instrumentais vida diaria aivd avaliada atraves escala lawton avaliacao fisica executada medidas peso_corporal altura obtencao imc mm identificada partir equacao preditiva sarcopenia definida associacao tres componentes imm identificado razao valores mm altura quadrado mmkg m2 teste timed up and go tug utilizado medida desempenho_fisico forca_muscular avaliada forca preensao mao fpm dinamometro palmar avaliada velocidade caminhada m s feita analise teste normalidade shapiro_wilk calculadas frequencias relativas absolutas teste mann_whitney dois grupos correlacao postos spearman adotando teste significancia p 0 05 resultados entrevistados 513 idosos 391 participantes concluiram todas etapas sendo 63 9 sexo_feminino maioria idade 70 79 anos 48 3 identificados sarcopenicos 35 6 total amostra 49 6 incapacidade aivd prevalencia sarcopenia aumentou significativamente idade ambos_sexos p 0 05 prevalencia incapacidade estimada aivd individuos sarcopenicos aumentou idade 65 69 anos = 7 4 80 anos = 31 5 imm correlacionou positivamente fpm r=0 492 p<0 001 velocidade caminhada r= 0 218 p<0 001 negativamente tug r = 0 116 p<0 005 observado ainda correlacao tug fpm r= 0 399 p<0 001 fpm velocidade caminhada r=0 474 p<0 001 sarcopenicos significativamente velhos sarcopenicos ambos_sexos idosos sarcopenicos apresentaram media fpm imm imc menor sarcopenicos p 0 001 conclusao prevalencia sarcopenia idosos comunidade municipio cuiaba alta taxa sarcopenia aumenta envelhecimento associada declinio desempenho_fisico principalmente mobilidade,486
27,"iid, angulo_fase, roc, tav, rce",existem diversos metodos estimativa composicao_corporal dentre tecnicas utilizadas destacam antropometria bioimpedancia_eletrica alcoolistas antropometria utilizados avaliar deficit nutricional objetivo comparar composicao_corporal estimada metodos antropometricos bioimpedancia_eletrica aplicados pacientes alcoolistas metodos trata estudo_transversal 109 individuos sexo_masculino idades 20 69 anos composicao indices corporais avaliados antropometria bioimpedancia indice_massa_corporal pregas cutaneas percentual_gordura indice musculo_esqueletico existencia correlacao metodos avaliada coeficiente correlacao_pearson nivel concordancia medido atraves coeficiente kappa resultados correlacoes metodos estatisticamente significantes correlacao positiva indice musculo_esqueletico indice_massa_corporal area muscular braco corrigida musculo adutor polegar sendo correlacao forte encontrada indice_massa_corporal relacao percentual_gordura correlacao forte encontrada prega cutanea bicipital conclusao correlacao positiva indicadores avaliacao composicao_corporal derivados bioimpedancia indicadores_antropometricos porem concordancia metodos considerada fraca,1423
27,"iid, angulo_fase, roc, tav, rce",estudo objetivou analisar diferentes sitios anatomicos regiao abdominal determinar parametro posicional identifica maior concentracao tecido_adiposo visceral tav confere maior risco_cardiometabolico trata estudo metodologico envolvendo profissionais adultos ambos_sexos hospital publico realizado 2020 tav avaliado ultrassonografia tres sitios anatomicos abdominais circunferencia_abdominal ca mensurada utilizando sete protocolos distintos incluidos 106 individuos mediana idade 42 36 8 46 2 anos avaliacao calibracao intra interavaliadores procedimento ultrassonografico analise tav evidenciou alta reprodutibilidade padrao distribuicao gordura_abdominal apresentou diferenca sexos maiores medias tav sexo_masculino p<0 05 maiores medias tas sexo_feminino p<0 005 observou varredura abdominal mulheres maior concentracao tav menor concentracao tas regiao estreita crista iliaca ultima costela p<0 001 sexo_masculino perfil disposicao adiposa longo abdomen mostrou uniforme p>0 05 correlacoes tav mensurado usg parametros cardiometabolicos relativamente fortes regioes superiores abdomen p<0 05 conclusao mulheres concentram tav regiao abdominal estreita homem concentracao tav manteve disposta uniformemente longo abdomen relativa superioridade predicao risco_cardiometabolico regiao superior abdomen ambos_sexos,3716
27,"iid, angulo_fase, roc, tav, rce",introducao tomografia emissao positrons combinacao tomografia computadorizada pet ct exame relevancia diagnostico estadiamento oncologia pode fornecer informacoes importantes sobre composicao_corporal estado_nutricional individuos cancer objetivos avaliar relacao valores captacao hepatica tumoral 18fdg obtidos partir pet ct composicao_corporal quantificada ct pacientes oncologicos metodos estudo_transversal valores captacao hepatica suv medio hepatico tumoral suv maximo tumoral 18fdg obtidos pet ct relacionados composicao_corporal partir analise imagens ct outros marcadores composicao_corporal estado_nutricional funcionalidade avaliados incluidos individuos idade superior 18 anos ambos_sexos suspeita diagnostico cancer realizaram pet ct pedido medico assistente resultados cento cinquenta quatro pacientes idade mediana 60 5 anos 84 idosos 70 adultos avaliados maioria 78 6 diagnostico neoplasia solida 34 doentes classificados importa iv mediana peso massa_muscular esqueletica tecido_adiposo intramuscular visceral subcutaneo radiodensidade musculo smd indice musculo_esqueletico smi respectivamente 70 8kg 61 1  80 0kg 121 1cm² 102 8  144 3cm² 6 3 cm² 3 7  8 9cm² 99 9 cm² 61 9  179 1cm² 165 8 cm² 106 1  228 9 cm² 36 6 hu 30 6  41 7 hu 44 1 cm² m² 39 1  51 2cm² m² mulheres apresentaram menores valores smi 40 8 cm m² 37 2 cm m²  46 2 cm m² suv medio hepatico mediana 2 3 2 1  2 6 suv maximo tumoral mediana 4 7 2 8  8 8 medidas_antropometricas angulo_fase padronizado dinamometria indice_massa_corporal imc relacionaram smi p< 0 05 apenas circunferencia_braco cb panturrilha associaram suv maximo tumoral p< 0 05 sendo relacao cb inversa individuos classificados baixo_peso imc apresentaram correlacao significativa suv maximo tumoral smi rho 0 624 smd rho 0 502 maiores valores smi smd indicativos menores valores suv maximo tumoral nesse grupo p=0 001 p=0 015 respectivamente grupo desnutrido grave apresentou menores valores suv medio hepatico 2 1 1 9  2 3 maiores valores suv maximo tumoral 7 7 5 7  11 8 correlacao smi smd suv medio hepatico p>0 05 suv maximo tumoral correlacao smi 0 163 p=0 043 quanto maior smi menor suv maximo tumoral observamos diferenca smi suv maximo tumoral segmentar sexo idade p>0 05 relacao importa correlacao smi suv maximo tumoral individuos importa iii iv 0 277 p<0 05 maior suv maximo tumoral menor smi conclusao captacao tumoral 18fdg pacientes oncologicos relacao smi obtido partir composicao_corporal analisada ct,4064
28,"simbiotico, microbiota_intestinal, intestinal, yacon, disbiose",milho preto zea mays l considerado tipo milho colorido possui distintas coloracoes dependendo composicao_quimica durante ultimos anos milhos coloridos sido alvo pesquisas cientificas devido presenca compostos_bioativos milho preto considerado fonte antocianinas quais pigmentos soluveis agua responsaveis coloracao preta roxa antocianinas consideradas subclasse grupo flavonoides consumo associado efeitos beneficos saude vez demonstram efeito antioxidante anti_inflamatorio alem modular funcao intestinal entanto antocianinas apresentam efeito distinto dependendo origem matriz alimentar isolada forma extrato milho preto to 002 pertence banco germoplasma ativo embrapa apresentou composicao promissora compostos_fenolicos antocianinas entanto efeitos biologicos deste genotipo in vivo ainda testados assim hipotese considera milho preto efeito promotor saude adipogenese inflamacao estresse_oxidativo funcao intestinal objetivos revisar maneira critica efeitos_suplementacao antocianinas parametros intestinais estudos animais artigo 1 avaliar efeitos farinha integral milho preto associada dieta_hiperlipidica adipogenese inflamacao estresse_oxidativo modulacao funcao intestinal artigos 2 3 investigar efeitos extrato soluvel milho preto funcionalidade intestinal morfologia microbiota in vivo artigo 4 analisar efeitos extrato rico antocianinas milho preto funcionalidade intestinal morfologia microbiota in vivo artigo 5 assim objetivo geral deste trabalho investigar efeito milho preto zea mays l adipogenese inflamacao estresse_oxidativo saude_intestinal modelo animal metodos artigo 1 revisao_sistematica artigos analisados seguindo protocolo prisma busca dados realizada pubmed cochrane scopus estudos experimentais avaliaram suplementacao antocianina parametros intestinais estudos originais artigos 2 3 trinta camundongos_c57bl 6 machos adultos divididos randomicamente 3 grupos n=10 grupo nc controle normal  dieta ain 93 m hf dieta_hiperlipidica hfc dieta_hiperlipidica + farinha integral milho preto 20 recebendo dietas 8 semanas funcao intestinal avaliada conteudo ceco final experimento composicao microbiota_intestinal avaliada sequenciamento gene ribossomico 16s artigo 4 experimento biologico conduzido tecnica metodologica intra amniotica gallus gallus ovos divididos 4 grupos n= 6 10 grupo administracao administracao 18 mo h2o 5 extrato soluvel milho preto bcse 15 bcse administracao intra amniotica realizada dia 17 incubacao embrionaria coleta amostras avaliacao funcionalidade intestinal morfologia microbiota_intestinal realizadas apos eclosao dia 21 artigo 5 experimento biologico conduzido tecnica metodologica intra amniotica gallus gallus ovos divididos 4 grupos n= 8 grupo administracao administracao 18 mo h2o 5 extrato rico antocianinas milho preto bce cianidina 3 glicosideo c3g administracao intra amniotica realizada dia 17 incubacao embrionaria coleta amostras avaliacao funcionalidade intestinal morfologia microbiota_intestinal realizadas apos eclosao dia 21 resultados artigo 1 27 estudos modelos animais incluidos revisao_sistematica suplementacao antocianinas promoveu enriquecimento abundancia bacteroidetes diminuicao firmicutes alem disso melhorou producao acidos_graxos_cadeia_curta agcc resultou menor ph permeabilidade_intestinal aumento celulas caliciformes cc expressao proteinas juncao melhorias morfologia vilosidades artigo 2 3 animais alimentados dieta hfc melhoraram capacidade_antioxidante_total demonstraram menor adipogenese mostrando diminuicao numero comprimento adipocitos menor expressao sterol regulatory element binding protein 1c srebp 1c receptor ativado proliferador peroxissoma g pparg consumo hfc demonstrou promover oxidacao hepatica meio reducao expressao_genica hepatica srebp 1c acetil coa carboxilase 1 alem disso ingestao hfc preveniu alteracoes funcao intestinal ocasionados dieta hiper lipidica animais alimentados dieta hfc apresentaram maior abundancia generos ruminococcus roseburia provotellacea ucg 001 menor abundancia generos bacteroides faecalibaculum modificacoes observadas alteracoes producao agcc aumento proliferacao celulas caliciformes artigo 4 administracao intra amniotica bcse 5 15 demonstrou efeito anti_inflamatorio menor expressao_genica biomarcador inflamatorio duodenal fator necrose_tumoral alfa tnf interleucina_6 il6 fator nuclear transcricional kappa beta nf b alem disso bcse aumentou abundancia relativa coli clostridium cecal melhorou morfologia duodenal aumentando numero tamanho gc numero celulas paneth ainda bcse demonstrou potencial melhorar integridade barreira fisica regulando positivamente expressao_genica proteina quinase ativada amp ampk fator transcricao caudal related homeobox 2 cdx2 artigo 5 administracao intra amniotica bce demonstrou aumentar abundancia relativa generos bifidobacterium clostridium diminuir abundancia coli bce manteve inalterado biomarcadores inflamacao intestinal funcionalidade alem disso morfologia duodenal mantida semelhante controle apos administracao intra amniotica bce conclusao milho preto demonstrou exercer efeito benefico in vivo atuando componente anti_inflamatorio antioxidante modulando funcao intestinal assim milho preto deve ser considerado fonte potencial antocianinas componentes fenolicos comprovado efeito benefico,4366
28,"simbiotico, microbiota_intestinal, intestinal, yacon, disbiose",cancer colorretal ccr terceiro tipo cancer diagnosticado mundo consumo prebioticos modula microbiota sistema imune intestinal promovendo melhora ccr yacon smallanthus sonchifolius fonte conhecida prebioticos frutooligossacarideos fos inulina compostos_fenolicos beneficos microbiota_intestinal modulacao resposta imune intestinal porem mecanismos regulatorios ainda permanecem pouco claros hipotese suplementacao dietetica produto base yacon pby poderia modular microbiota_intestinal aumentando concentracao acidos_graxos_cadeia_curta agcc fecal resposta imune intestinal modificando populacao linfocitos fatores transcricao resposta imune adaptativa colon camundongos portanto estudo objetivo investigar efeitos consumo pby sobre caracteristicas intestinais fecais sobre perfil resposta imune intestinal camundongos balb c sadios induzidos carcinogenese colorretal lesoes pre neoplasicas induzidas camundongos balb c machos meio injecao intraperitoneal 1 2 dimetil hidrazina 20mg kg peso_corporal semana 8 semanas apos inducao animais divididos dois grupos receberam dieta controle ain 93m grupo dc n = 19 dieta pby ain 93m suplementada pby 6 0 fos + inulina grupo dy n = 17 8 semanas paralelamente camundongos sadios induzidos lesoes pre neoplasicas divididos dois grupos receberam dieta pby grupo cc n = 16 dieta controle grupo cy n = 18 8 semanas camundongos sadios verificamos consumo pby reduziu ingestao_alimentar melhorou umidade viscosidade fecal intensificou concentracao fecal acidos_graxos acetico propionico butirico isovalerico valerico caproico aumentou numero celulas t reguladoras treg regulou negativamente expressao fator transcricao rorgt colon camundongos induzidos dieta pby eficaz reducao numero focos criptas aberrantes fca colon porem promoveu reducao ph fecal aumentou umidade viscosidade fezes aumentou concentracao acidos_graxos formico acetico propionico butirico valerico fezes modulou expressao fatores transcricao intestino reduzindo foxp3 aumentando rorgt t bet ultimo ligado controle melhor prognostico ccr sugere pby durante estagios iniciais carcinogenese colorretal possa contribuir integridade mucosa promovendo aumento agcc fecal modulacao resposta imune colon favorecendo reducao risco lesoes neoplasicas alem disso pode inferir consumo pby camundongos sadios possa auxiliar regulacao saciedade melhora transito intestinal manutencao integridade tecidos intestinais aumento diferenciacao celulas treg meio regulacao negativa expressao rorgt reduzindo consequentemente processos inflamatorios colon,2616
28,"simbiotico, microbiota_intestinal, intestinal, yacon, disbiose",introducao inumeros fatores contribuem aumento obesidade todo mundo recentemente microbiota_intestinal ganhou destaque devido poder predispor inibir ganho_peso alguns nutrientes capazes alterar composicao microbiota_intestinal pode trazer efeitos beneficos maleficos obesidade aminoacido l glutamina alem inumeras funcoes organicas imunologicas conhecido desempenhar importante papel trofismo intestinal objetivo presente estudo investigar alteracoes composicao microbiota_intestinal individuos sobrepeso obesidade apos suplementacao oral l glutamina metodos voluntarios sobrepeso obesidade selecionados ingerir 30g l glutamina gln via_oral dia periodo quatorze dias grupo_controle recebeu l alanina ala tempo proporcao amostras sangue fezes coletadas analises classificacao taxonomica bacterias intestinais realizado sequenciamento gene 16s rna ribossomal analises bioinformatica conduzidas base banco dados rdp ribosomal database project analise dados estrategias estatisticas variadas utilizadas resultados apos quatorze dias suplementacao participantes grupo gln exibiram diferencas significativas filos actinobacteria firmicutes generos dialister dorea pseudobutyrivibrio veillonella comparados grupo ala razao f b firmicutes bacteroidetes bom biomarcador obesidade reduziu 0 85 0 57 grupo gln contrario aumentou 0 91 1 12 grupo ala conclusao suplementacao oral aminoacido l glutamina humanos sobrepeso obesidade periodo quatorze dias promove alteracoes composicao microbiota_intestinal similares promovidas perda_peso,807
29,"linhaca, oleo_coco, virgem, oleo, ain",goma xantana agente espessante utilizado diaria continuamente pessoas disfagia ingrediente alimentar industria alimenticia geralmente goma xantana usada aditivo alimentar objetivo aprimorar textura palatabilidade produtos_alimenticios especial ultraprocessados preparacoes culinarias gluten embora goma xantana estudada desde decada 50 quanto propriedades qualidades uso aditivo alimentar ultimos anos uso dessa substancia aumentado consideravelmente ingrediente alimentar hipotese utilizacao continua goma xantana pode promover estado pro inflamatorio cronico tanto sistemico quanto intestinal facilitar desenvolvimento tumoral nesta tese dois modelos experimentais distintos utilizados 1 adicao goma xantana dieta ratos jovens inoculados tumor walker 256 objetivando avaliar efeito goma xantana processos inflamatorios crescimento tumoral 2 adicao doses crescentes goma xantana dieta ratos adultos objetivo avaliar processo_inflamatorio permeabilidade_intestinal especial colon distal trabalho 1 utilizamos 48 ratos_wistar_machos inicio tratamento 30 dias vida divididos 4 grupos dieta controle c dieta controle tumor ct dieta goma xantana gx dieta goma xantana tumor gxt ingestao goma xantana promoveu alteracoes conteudo citocinas aumentando il_6 tnf il_10 tecido_adiposo retroperitoneal comparado grupo_controle aumentando tnf tecido_adiposo mesenterico comparacao grupos c gxt uso continuo goma xantana desencadeou resposta pro inflamatoria elevando citocinas_pro_inflamatorias tecido_adiposo efeito sobre desenvolvimento tumor animais inoculados celulas tumorais walker 256 trabalho 2 utilizamos 32 ratos_wistar_machos inicio tratamento 90 dias vida divididos 4 grupos dieta controle co dieta 1 4 dose total gx 1 4 dieta 1 2 dose total gx 1 2 dieta total gx 1 1 2 dose efeito fisiologico aumentar conteudo il_6 tnf musculo gastrocnemio elevar il_6 tecidos_adiposos retroperitoneal epididimal colon distal aumento estatisticamente significante concentracao il 1 grupo gx 1 2 relacao co gx 1 evidencia analise histologica maior infiltracao linfocitos imuno histoquimica observa presenca aumentada tnf claudina 2 todos grupos ingeriram goma xantana comparacao controle adicao goma xantana dieta especial metade dose maxima possivel ser utilizada individuos disfagicos induziu processo_inflamatorio tecidos estudados acompanhado alteracao claudina 2 tnf infiltracao linfocitos colon distal modificacao homeostase colon pode ser parcialmente responsavel estado pro inflamatorio sistemico detectado animais,2670
29,"linhaca, oleo_coco, virgem, oleo, ain",goma xantana agente espessante utilizado diaria continuamente pessoas disfagia ingrediente alimentar industria alimenticia geralmente goma xantana usada aditivo alimentar objetivo aprimorar textura palatabilidade produtos_alimenticios especial ultraprocessados preparacoes culinarias gluten embora goma xantana estudada desde decada 50 quanto propriedades qualidades uso aditivo alimentar ultimos anos uso dessa substancia aumentado consideravelmente ingrediente alimentar hipotese utilizacao continua goma xantana pode promover estado pro inflamatorio cronico tanto sistemico quanto intestinal facilitar desenvolvimento tumoral nesta tese dois modelos experimentais distintos utilizados 1 adicao goma xantana dieta ratos jovens inoculados tumor walker 256 objetivando avaliar efeito goma xantana processos inflamatorios crescimento tumoral 2 adicao doses crescentes goma xantana dieta ratos adultos objetivo avaliar processo_inflamatorio permeabilidade_intestinal especial colon distal trabalho 1 utilizamos 48 ratos_wistar_machos inicio tratamento 30 dias vida divididos 4 grupos dieta controle c dieta controle tumor ct dieta goma xantana gx dieta goma xantana tumor gxt ingestao goma xantana promoveu alteracoes conteudo citocinas aumentando il_6 tnf il_10 tecido_adiposo retroperitoneal comparado grupo_controle aumentando tnf tecido_adiposo mesenterico comparacao grupos c gxt uso continuo goma xantana desencadeou resposta pro inflamatoria elevando citocinas_pro_inflamatorias tecido_adiposo efeito sobre desenvolvimento tumor animais inoculados celulas tumorais walker 256 trabalho 2 utilizamos 32 ratos_wistar_machos inicio tratamento 90 dias vida divididos 4 grupos dieta controle co dieta 1 4 dose total gx 1 4 dieta 1 2 dose total gx 1 2 dieta total gx 1 1 2 dose efeito fisiologico aumentar conteudo il_6 tnf musculo gastrocnemio elevar il_6 tecidos_adiposos retroperitoneal epididimal colon distal aumento estatisticamente significante concentracao il 1 grupo gx 1 2 relacao co gx 1 evidencia analise histologica maior infiltracao linfocitos imuno histoquimica observa presenca aumentada tnf claudina 2 todos grupos ingeriram goma xantana comparacao controle adicao goma xantana dieta especial metade dose maxima possivel ser utilizada individuos disfagicos induziu processo_inflamatorio tecidos estudados acompanhado alteracao claudina 2 tnf infiltracao linfocitos colon distal modificacao homeostase colon pode ser parcialmente responsavel estado pro inflamatorio sistemico detectado animais,2676
29,"linhaca, oleo_coco, virgem, oleo, ain",epilepsia disturbio neurologico cronico afeta pessoas todos paises mundo caracterizado crises epilepticas recorrentes reacoes fisicas aparecimento subito geralmente breve descargas eletricas excessivas grupos celulas situados diferentes regioes cerebro robustas evidencias associam quadro status epilepticus infancia desenvolvimento posterior epilepsia status epilepticus estado agudo caracterizado unica crise epileptica prolongada duracao maior igual 30 minutos repetitivas crises epilepticas menor duracao haver entanto recobramento consciencia intervalos maioria pessoas acometidas epilepsia tratada forma adequada alcanca controle satisfatorio crises convulsivas entretanto aproximadamente 30 individuos afetados respondem terapia medicamentosa chamadas drogas antiepilepticas necessidade imprescindivel afirmacao outras opcoes terapeuticas estimulacao nervo vago cirurgia dieta_cetogenica presente dissertacao destaca importancia dieta_cetogenica contexto epilepsia farmacorresistente revisao_literatura averigua efeito diferentes fontes lipidicas proporcoes cetogenicas sobre status epilepticus induzido pilocarpina ratos_wistar inicialmente apresentado capitulo revisao intitulado dieta_cetogenica controle prevencao crises epilepticas reune informacoes literatura_cientifica acerca utilizacao dieta_cetogenica rica triglicerideos cadeia media especialmente exemplo oleo_coco trienantina tratamento medicamentoso alternativo epilepsia dificil controle status epilepticus sequencia artigo original intitulado efeitos dieta_cetogenica base oleo_coco trienantina sobre status epilepticus induzido injecao intraperitoneal pilocarpina ratos trata estudo_experimental investigou repercussao consumo dieta_cetogenica rica oleo soja triglicerideos cadeia media base oleo_coco trienantina prevencao controle crises epilepticas embora pouco conclusivos resultados aqui alcancados permitem atribuir provavel efeito protetor dietas cetogenicas sobre quadro status epilepticus apresentado animais,318
30,"dcnt, paises, custos, temporal, doencas_cronicas_transmissiveis",resumo doencas_cronicas_transmissiveis dcnt principal causa morte global contribuindo mortalidade prematura perda qualidade_vida sobrecarga tanto sistemas saude quanto empresas individuos objetivo geral estimar carga doencas_cronicas_transmissiveis atribuiveis dieta rica carnes processadas populacao adulta brasileira custos financeiros diretos sistema_unico_saude brasil unidades federativas ano 2019 metodos estudo ecologico descritivo utilizados dados_secundarios estudo global burden of disease gbd 2019 brasil unidades federadas 1990 2019 taxas mortalidade dalys anos vidas perdidos ajustados incapacidade metricas utilizadas avaliar relacao espaco temporal dcnt atribuidas consumo carne processada apresentados valores absolutos taxas mortalidade dalys brutas padronizadas idade 100 000 habitantes ambos_sexos metodologia top down adotada realizou estimativa custos atribuiveis dcnt meio multiplicacao fracao atribuivel fap custos hospitalizacoes procedimentos ambulatoriais distribuidos sus tratamento dessas doencas populacao brasileira = 25 anos segundo sexo causa especifica unidades federativas tais informacoes obtidas sistemas informacao saude sus resultados dieta rica carne processada responsavel 2 54 obitos 88 74 dalys cada 100 000 habitantes brasil 2019 taxas mortalidade dalys padronizadas idade apresentaram tendencia queda anos 1990 2019 maiores taxas padronizadas mortalidade dalys estados sudeste sul 1990 estados nordeste 2019 2019 doencas contribuiram carga atribuivel dieta rica carne processada diabetes doenca isquemica coracao cancer colorretal custos hospitalizacoes procedimento ambulatoriais us$ 451 milhoes sendo gastos publico feminino masculino us$ 300 milhoes us$ 150 respectivamente cerca 67 7 us$ 305 milhoes gastos diabetes tipo ii dm2 21 7 us$ 97 milhoes doenca isquemica coracao dic 10 6 us$ 48 milhoes cancer colorretal cc estado santa catarina maior despesa pais us$ 35 977 033 79 conclusao carga dcnt atribuida dieta rica carne processada apresentou tendencia queda 1990 2019 mostrando importancia avancar enfrentamento dcnt relacionadas risco pais brasil gastou us$ 414 bilhoes hospitalizacoes dcnt atribuivel dieta rica carnes processadas 2019 sendo custos maiores mulheres tratamento dm2 populacao residente regioes sul sudeste resultados desse estudo podem nortear intervencoes direcionadas politicas economicas desincentivo consumo carnes processadas brasil,4176
30,"dcnt, paises, custos, temporal, doencas_cronicas_transmissiveis",introducao alimentacao inadequada principais determinantes carga doencas_cronicas_transmissiveis dcnt brasil conhecer carga custo dcnt atribuidas alimentacao inadequada importantes melhorar qualidade_vida populacao induzir politicas eficazes beneficiem populacao sistema_unico_saude sus objetivo analisar carga dcnt atribuivel consumo acidos_graxos trans agt baixo consumo frutas_hortalicas graos integrais populacao brasileira 1990 2019 custo financeiro consumo agt sus 2019 ainda investigadas iniquidades regionais distribuicao cargas custos atribuidos acordo desenvolvimento sociodemografico estados brasileiros metodos estudo ecologico dados_secundarios carga dcnt atribuida fatores_risco alimentares populacao adulta = 25 anos obtidos estudo global burden of disease 2019 dados custos diretos sistema informacoes ambulatoriais sia sus sistema informacoes hospitalares sih sus gbd usa fracao atribuivel populacao fap estimar carga sendo utilizadas neste estudo metricas mortalidade anos vida perdidos ajustados incapacidade dalys anos vida vividos incapacidade ylds sintese exposicao risco sev indice sociodemografico sdi investigados compreender distribuicao carga atribuida estados brasileiros custos diretos sus relacionados atendimento hospitalar ambulatorial obtidos multiplicacao fap ylds custo procedimento sus valores expressos dolares internacionais 1 int$ = r$ 2 280 resultados 1990 2019 taxas mortalidade bruta padronizada idade doenca isquemica coracao dic atribuivel agt diminuiram 15 9 58 0 respectivamente pais diminuicao taxas brutas 23 3 padronizadas 56 4 dalys observada estados sul sudeste distrito federal maiores declinios dic enquanto nordeste norte menores aumento menor sev sdi alto relacionaram menores cargas dic dic atribuivel consumo agt resultou 11 165 ylds total int$ 54 546 227 r$ 124 4 milhoes gasto sus 2019 devido dic atribuiveis agt maiores custos observados sergipe seguido dois estados sul geral medida sdi aumenta despesas aumentam relacao consumo frutas_hortalicas graos integrais populacao brasileira baixo consumo maiores taxas padronizadas idade dcnt atribuivel agt encontradas alimentacao insuficiente graos integrais 14 4 100 000 seguido alimentacao insuficiente hortalicas 7 6 100 000 frutas 5 0 100 000 respectivamente ranking semelhante observado todos estados brasileiros populacao estados nordeste norte apresentou menor sdi maiores taxas dcnt atribuiveis alimentacao insuficiente frutas_hortalicas graos integrais conclusao alimentacao elevada agt insuficientes frutas_hortalicas graos integrais contribuem substancialmente carga doenca custos sus brasil especialmente estados menor nivel socioeconomico alem disso achados reforcam importancia politicas alimentares reduzir carga doenca populacao brasileira,4746
30,"dcnt, paises, custos, temporal, doencas_cronicas_transmissiveis",introducao sistemas alimentares modernos caracterizam protagonismo empresas transnacionais alimentos bebidas tais big soda empresas investem globalmente marketing digital potencial influenciar escolhas_alimentares objetivo descrever marketing digital coca cola lider segmento big soda paginas facebook midia social usada diferentes paises acordo condicoes sociodemograficas participacao empresa mercado metodos amostra selecionada partir plataforma midia identifica paises presenca popularidade paginas comerciais facebook paises cadastrados n=149 identificou paginas coca cola considerados populares paises paginas empresa cinco maior numero seguidores segmento bebidas 57 0 paises considerados populares 22 8 insuficientemente populares 20 2 possuiam paginas marca indice sociodemografico socio demographic index sdi participacao coca cola mercado refrigerantes market share  ms usados caracterizar paises paginas coca cola paises populares registrados numero seguidores postagens interacoes curtidas comentarios compartilhamentos cada postagem recebeu 2018 alem disso descritas caracteristicas estrategias marketing presentes 10 postagens realizadas marca facebook desses paises resultados paises populares apresentaram maior sdi paises paginas coca cola insuficientemente populares paginas marca facebook paises populares obtiveram maior ms comparacao insuficientemente populares paises populares menor sdi apresentaram maior media postagens interacao paises maior sdi enquanto paises maior ms maior numero postagens seguidores interacoes paises menor ms paginas facebook coca cola paises populares uso logomarca 74 9 exibicao produtos marca 67 9 jovens 67 9 uso fotos 59 5 prevalentes assim apelos socializacao 38 5 atributos esportivos 21 0 eventos esportivos 16 6 paises menor sdi uso logomarca atributos esportivos eventos esportivos presentes colecionaveis apelo alimentacao_saudavel comuns postagens enquanto paises maior sdi coca cola publicou postagens mostrando jovens apelo socializacao paises maior ms exibicao produtos marca presenca individuos mencao datas comemorativas frequentes relacao menor ms conclusao coca cola utiliza globalmente facebook promover produtos sendo popularidade pagina conteudo marketing postagens distintos segundo caracteristicas paises,3650
31,"risco_cardiovascular, sindrome_metabolica, hdl_c, ldl_c, pressao_arterial",objetivo deste estudo investigar relacao acido_urico fatores_risco cardiovasculares final infancia 8 9 anos inicio adolescencia 10 14 anos escolares regiao maruipe municipio vitoria es trata estudo_transversal observacional conveniencia 296 criancas_adolescentes ambos_sexos 9 escolas_publicas municipio vitoria es realizadas avaliacoes antropometricas hemodinamicas bioquimicas jejum 12 h coleta sangue utilizada determinar glicemia_jejum insulina plasmatica colesterol_total fracoes hdl ldl triglicerideos plasmaticos tgc acido_urico au insulina plasmatica proteina_c_reativa leucocitos totais resistencia_insulina avaliada realizando calculo indice homa_ir obtidas medidas peso estatura perimetro_cintura pc perimetro quadril pq percentual gordura_corporal gc avaliacao acido_urico considerados elevados valores acima percentil 90 acordo cada fase sexo analises estatisticas realizadas teste kolmogorov smirnov teste_qui_quadrado teste exato fischer teste mann_whitney correlacao_pearson spearman modelos regressao_logistica simples multiplo nivel significancia adotado p<0 05 projeto aprovado comite etica pesquisas seres_humanos universidade federal espirito santo parecer n° 1 565 490 termo consentimento livre esclarecido assentimento assinado participantes responsaveis observou amostra composta 54 4 n=161 sexo_feminino tendo media idade 10 7 + 2 0 anos 54 0 n=159 adolescentes avaliado prevalencias inadequacoes antropometricas composicao_corporal acordo classificacao acido_urico segundo fases tanto infancia quanto adolescencia excesso_peso pc pq relacao cintura estatura rce excesso_gordura_corporal apresentaram maior prevalencia relacao acido_urico elevado alteracoes bioquimicas clinicas infancia significancia manifestou hdl insulina resistencia_insulina adolescencia pressao_arterial ldl insulina resistencia_insulina correlacao niveis acido_urico composicao_corporal bioquimica clinica moderadas infancia peso rce pq gc forma negativa hdl regressao simples infancia indicou imc pc pq rce gc indice homa_ir elevados hdl baixo adolescencia imc pq rce gc pa ldl indice homa_ir demonstraram maior chance apresentarem acido_urico elevado modelo regressao_logistica_multipla remocao efeito observou nenhuma variavel manteve associada conclui criancas_adolescentes acido_urico elevado apresentaram associacao fatores_risco_cardiovascular entanto nota valores elevados acido_urico individuos avaliados inadequacao parametros_antropometricos composicao_corporal,2301
31,"risco_cardiovascular, sindrome_metabolica, hdl_c, ldl_c, pressao_arterial",introducao exposicao perfil_lipidico aterogenico capaz induzir alteracoes arteria contribuir desenvolvimento aterosclerose podendo iniciar infancia diante disso faz importante mensurar lipidios sericos infancia prevencao doencas_cardiovasculares aterosclerose outro lado apesar progressos realizados compreensao causas mecanismos envolvidos doencas_cardiovasculares diabetes estrategias prevencao sido insuficientes avaliar resistencia_insulina ri questao cada vez importante identificacao precoce criancas risco alem esforcos devem ser concentrados reducao peso_corporal objetivos determinar marcadores tradicionais avaliar relacao outros fatores_risco_cardiometabolico criancas metodologia trata estudo_transversal realizado 258 criancas 8 9 anos todas escolas urbanas vicosa avaliacao_antropometrica composicao_corporal bioquimica realizada criancas visita agendada variaveis_socioeconomicas sedentarismo avaliados questionario_semiestruturado resultados criancas avaliadas 35 2 apresentaram excesso_peso 10 5 adiposidade_abdominal 15 6 gordura_corporal neste estudo 51 8 19 8 criancas apresentaram triglicerideos aumentados criancas excesso_peso gordura_total central apresentaram maiores prevalencias maior razao apob apoa1 bem perfil_lipidico aterogenico ldl_c triglicerideos aumentados baixo hdl_c encontrada associacao direta numero fatores_risco_cardiovascular razao apob apoa1 p=0 001 independentemente idade renda prevalencia tyg aumentado significativamente maior criancas perimetro pescoco pp colesterol_total ct acido_urico elevados baixo lipoproteina colesterol baixa densidade hdl_c outro lado prevalencia resistencia_insulina avaliada indice homeostase resistencia inuslina homa_ir maior pp leptina elevados observada associacao direta numero fatores_risco_cardiometabolico indice_tyg =0 16 ic 95 0 11 0 21 p<0 001 independente imc homa_ir associacao observada conclusao marcadores tradicionais razao apob apoa1 indice_tyg associados maior numero fatores_risco_cardiometabolico criancas ressalta importancia uso razao apob apoa1 indice_tyg pratica clinica serem importantes parametros complementares avaliacao risco_cardiometabolico infancia,2165
31,"risco_cardiovascular, sindrome_metabolica, hdl_c, ldl_c, pressao_arterial",doencas_cardiovasculares consideradas mundialmente problema saude_publica fatores_risco cardiovasculares podem originar infancia estendendo adolescencia idade adulta associam marcadores_inflamatorios dentre leucocitos objetivou avaliar condicoes nascimento relacao leucograma situacoes nutricionais composicao_corporal riscos cardiovasculares tres fases adolescencia trata estudo_transversal realizado 676 adolescentes subamostra 1 475 10 19 anos ambos_sexos selecionados escolas municipio vicosa minas gerais adolescentes divididos fases desenvolvimento inicial 10 13 anos intermediaria 14 16 anos final 17 19 anos classificados acordo estado_nutricional composicao_corporal eutroficos b excesso gordura c excesso_peso gordura_corporal estudo composto duas etapas primeira avaliou estado_nutricional composicao_corporal perfil_bioquimico adolescentes segunda buscou dados relacionados variaveis nascimento desses adolescentes prontuarios maternos hospitais municipio adolescencia avaliado peso estatura perimetro_cintura perimetro quadril calculou razoes indice_massa_corporal relacao cintura estatura indice adiposidade_corporal avaliacao composicao_corporal realizada bioimpedancia_eletrica vertical oito eletrodos tateis inbody 230 R avaliou hemograma completo perfil_lipidico acido_urico glicemia insulina modelo homeostatico avaliacao resistencia_insulina homa_ir contagem leucocitos pressao_arterial sistolica diastolica alem caracteristicas autorrelatadas estilo_vida historia familiar doencas_cardiovasculares estudo aprovado comite etica pesquisas seres_humanos universidade federal vicosa processo n°163 20129 resultados observou excesso_peso gordura_corporal perfil_lipidico comportamento_sedentario historia dcv familiares fatores_risco cardiovasculares prevalentes adolescentes adolescentes apresentaram maiores percentuais excesso_peso gordura_corporal numero leucocitos peso comprimento nascer perimetro cefalico toracico maiores meninos quanto fases inicial apresentou maior percentual comportamento_sedentario excesso_peso colesterol_total ldl relacao demais fase final apresentou maior numero leucocitos individuos excesso_peso gordura_corporal apresentaram maiores numeros leucocitos alteracoes colesterol_total ldl triglicerideos insulina_homa hdl baixo maior propensao desenvolver hipertensao relacao eutroficos quanto situacao nutricional individuos grupos b c apresentaram maiores numeros leucocitos leucocitos totais apresentaram correlacao positiva todas variaveis antropometricas triglicerideos plaquetas insulina homa_ir linfocitos correlacionaram positivamente colesterol_total eosinofilos glicose monocitos ldl basofilos apresentaram nenhuma correlacao fatores_risco cardiovasculares sexo fase adolescencia plaquetas preditoras independentes aumento numeros leucocitos adolescentes resultados demostram relacao alteracao valores leucocitos estado_nutricional adverso associacao alteracoes cardiovasculares elaboracao estrategias atendimento saude adolescente identificacao fatores riscos cardiovasculares acoes importantes identificacao precoce individuos risco,1230
32,"dac, cortical, memoria, labirinto, cruz",depressao alastrante cortical dac potenciacao longa duracao ltp fenomenos neurais relacionados excitabilidade cerebro recentemente descrevemos potenciacao atividade eletrica cortical espontanea eletrocorticograma  ecog in vivo ratos machos adultos sido submetidos dac souza et al 2011 exp brain res v 214 p 463469 entanto informacoes disponiveis sobre efeito cerebro feminino hormonios ovarianos papel importante excitabilidade cerebral provocando aumento significante inducao dac ltp condicoes favoraveis desfavoraveis lactacao podem influenciar desenvolvimento parametros eletrofisiologicos cerebrais neste trabalho investigou influencia genero machos versus femeas distintas condicoes lactacao grandes ninhadas versus pequenas sobre potenciacao atividade eletrica cortex cerebral dependente dac ratos_wistar adultos machos m femeas f amamentados ninhadas 6 12 filhotes grupos l6 l12 10m 13f cada condicao lactacao 90 120 dias idade registrado ecog duas regioes parietais anterior posterior p periodo continuo quatro horas duas primeiras horas registro transcorreram dac deflagrada periodo basal duas horas finais dac deflagrada cada 20 30min estimulacao kcl 2 periodo dac amostras registros papel digitalizadas cada hora analisadas meio algoritmo especifico amplitudes ecog convertidas unidades relativas comparadas animal antes apos presenca dac base analisar ocorrencia potenciacao atividade eletrica espontanea dois grupos controle animais l6 ambos_sexos denominados dac¯ dac+ acrescentados estudo 10 machos 7 femeas cada grupo grupos dac+ dac deflagrada 3 ultimas horas registro verificar maior periodo estimulacao modificou padrao amplitudes ecog grupos dac¯ 4 horas registro transcorreram deflagracao dac determinar tempo registro  dac  influenciou mudancas amplitudes ecog comparacao valores basais amplitudes periodo dac aumentaram significantemente p<0 05 teste_t_pareado ponto grupos l6m l6f l12m l12f aumentos 19 38 ponto p apenas grupos l12 aumentos 22 50 machos femeas respectivamente grupos dac+ apresentaram aumento significante amplitudes ecog ponto aumentos 27 34 machos femeas respectivamente grupos dac¯ quais provocou dac apresentaram amplitudes semelhantes durante 4 horas registro resultados 1 indicam rato dac potencia atividade eletrica cortical in vivo sugerindo efeito semelhante ltp 2 corroboram existencia diferencas regionais tecido cortical quanto potenciacao 3 sugerem potenciacao modulada interacao genero condicao lactacao palavras chave depressao alastrante atividade eletrica cortical genero condicoes lactacao potenciacao longa duracao,280
32,"dac, cortical, memoria, labirinto, cruz",cafeina 1 3 7 trimetilxantina psico estimulante parece agir atraves receptores adenosina a1 a2 receptores dopamina d2 supoe administracao possa influenciar excitabilidade cerebral neste estudo avaliou acao cafeina sobre comportamento semelhante ansiedade sobre depressao alastrante cortical dac tres grupos ratos receberam cafeina gavagem doses 15mg kg dia 30mg kg dia 45mg kg dia 7º 27º dia vida pos natal grupos caf15 caf30 caf45 dois grupos controle receberam gavagem veiculo v receberam qualquer tratamento ingenuo pesos corporais registrados dias 7 14 21 28 dia registro dac 28 dias vida animais submetidos teste comportamental labirinto cruz elevado 30 dias teste campo aberto 35 dias submetidos registro dac outro grupo animais jovens 31 40 dias vida submetido aplicacao topica cortical solucao cafeina 15mg ml durante sessao registro dac testes comportamentais sugeriram efeito ansiolitico cafeina tempo cada entrada aumentou forma dose dependente animais tratados cafeina labirinto cruz elevado campo aberto valores significativamente maiores grupo caf45 comparacao grupo ingenuo 28 dias vida grupos caf30 caf45 apresentaram pesos corporais menores respectivamente 64 6+ 4 0g 58 9+ 3 8g comparacao grupos ingenuo 73 6+ 5 5g veiculo 72+ 3 7g caf15 70 5+ 4 5g lce numero comportamento levantar significativamente menor grupo caf45 relacao grupos controles numero desse comportamento grupos ingenuo veiculo caf15 caf30 caf45 respectivamente 10 6+ 1 4 10 8+ 1 2 9 5+ 1 3 8 8+ 0 9 6 9+ 1 4 p<0 05 campo aberto numero comportamento levantar significativamente menor grupo caf45 relacao grupos controles caf15 numero comportamento levantar grupos ingenuo veiculo caf15 caf30 caf45 respectivamente 9 5+ 1 4 9 8+ 1 4 7 5+ 1 2 6 6+ 1 4 4 8+ 0 9 p<0 05 35 dias vida grupos caf30 caf45 apresentaram pesos corporais menores respectivamente 103 3 + 7 8 g 99 4 + 6 4 g comparados grupos v 124 2+ 7 1 g ingenuo 120 9+ 9 5 g caf15 122 4 + 12 9 g p < 0 05 dac grupos tratados cafeina velocidades mm min maiores caf15 = 4 06+ 0 10 caf30 = 4 18 + 0 18 caf45 = 4 74+ 0 18 controles ingenuo = 3 93+ 0 10 v = 3 92+ 0 16 p<0 05 aplicacao topica cafeina aumentou velocidade amplitude dac reduziu duracao resultados indicam administracao cafeina durante periodo critico desenvolvimento impacto sobre comportamento ansiedade reduzindo aumenta velocidade propagacao dac sugerindo portanto importante papel cafeina excitabilidade cerebral,2054
32,"dac, cortical, memoria, labirinto, cruz",resumo lectina concanavalina cona obtida sementes canavalia ensiformis proteina liga especificamente manose glicose estruturas complexas receptores celulares contenham residuos expostos desses carboidratos lectina possui varias atividades biologicas incluindo modulacao propriedades imunologicas electrofisiologicos cerebro presente estudo caracterizada acao cona sobre fenomeno dependente excitabilidade cerebral conhecido depressao alastrante cortical dac estudou imunomarcacao microglia anticorpo policlonal contra proteina iba1 ionized calcium binding adaptor molecule 1 ratos_wistar_machos n = 89 amamentados condicoes favoraveis desfavoraveis lactacao representadas respectivamente ninhadas 6 7 filhotes grupo n6 12 14 filhotes grupos n12 5º 24º dia pos natal tratados via intraperitoneal 1 mg kg 10 mg kg cona grupos l1 l10 respectivamente solucao salina nacl 0 9 grupo sal nenhum tratamento grupo ingenuo 90 120 dias idade dac quimicamente induzida cortex frontal registrada dois pontos regiao parietal durante 4 h parametros velocidade propagacao amplitude duracao ondas mensurados apos registro dac cerebros perfundidos fixados seguidos seccoes cerebrais reacao anticorpos anti iba1 quantificacao imunomarcacao microglia grupos n12 apresentaram maior velocidade propagacao dac grupos n6 ambas condicoes lactacao tratamento sistemico cona resultou diminuicao significativa dose dependente velocidade propagacao dac p < 0 05 comparacao grupos controle salina ingenuo amplitude duracao componente negativo variacao lenta voltagem dac permaneceram inalterados grupo adicional ratos adultos aplicacao topica cona superficie cortical reduziu reversivelmente velocidade propagacao dac imunorreatividade microglia avaliada cortex hipocampo menor grupos tratados cona comparacao respectivos controles hemisferio cerebral dac repetidamente induzida apresentou maior imunorreatividade comparacao hemisferio oposto principalmente cortex podemos concluir atenuacao propagacao dac diminuicao imunorreatividade microglia ratos adultos decorrencia aplicacao lectina cona 1 mg kg 10 mg kg durante periodo lactacao fase grande plasticidade neurogenese indicam lectina pode influenciar desenvolvimento cerebral acao protetora duradoura cerebro ratos acao dificultada condicao desfavoravel lactacao desse modo lectina cona apresentou proteina potencial acao protetora cerebro julgar efeitos sobre dac sobre reacao microglial palavras chave lectina cona eletrofisiologia cerebral estado_nutricional microglia depressao alastrante cortical imunomarcacao iba1,1117
33,"exaustao, cafeina, pla, atletas, corredores",introducao presente estudo investigou suplementacao cafeina 4 dias tolerancia efeitos ergogenicos promovidos ingestao aguda parametros fisiologicos metabolicos performance cafeina 1 3 7 trimetilxantina sido descrita recurso ergogenico licito capaz aumentar performance ciclistas entanto recomendacoes atuais abordam impacto consumo usual cafeina bem suplementacao durante dias consecutivos poderia gerar tolerancia efeitos ergogenicos promovidos ingestao aguda objetivo presente estudo investigou suplementacao cafeina 4 dias induziria tolerancia efeitos ergogenicos promovidos ingestao aguda parametros fisiologicos metabolicos desempenho ciclistas metodos selecionados 14 ciclistas sexo_masculino classificados atletas recreativos idade 34 1+ 4 3 anos massa_corporal 79 1+ 11 8 kg estatura 178+ 0 09 cm indice_massa_corporal 24 6+ 2 07 kg m2 consumo maximo o2 51 5+ 6 3 ml kg 1 min 1 volume treinamento 202+ 83 km semana consumo cafeina 285 31+ 130 34 mg dia completaram 4 sessoes experimentais ciclistas submetidos protocolo contrarrelogio 16 km utilizando carga 50 398 9+ 35 10 watts max potencia maxima saida alcancada avaliacao cardioventilatorio maxima realizado experimento randomizado_duplo_cego placebo controlado cruzado envolvendo quatro ensaios experimentais placebo 4 dias placebo agudo pp placebo 4 dias cafeina agudo pc cafeina 4 dias cafeina aguda cc cafeina 4 dias placebo agudo cp ciclistas ingeriram capsulas placebo cafeina 6 mg kg 1 4 dias dia 5 agudo capsulas placebo cafeina 6 mg kg 1 ingeridas 60 minutos antes completar contra relogio 16 km tt laboratorio resultados ensaios cc pc mostraram melhorias tempo 3 54 effect size = 0 72 2 53 effect size = 0 51 potencia saida 2 85 effect size = 0 25 2 53 effect size = 0 20 p lt 0 05 comparados condicoes cp pp respectivamente efeitos acompanhados aumento frequencia_cardiaca 2 63 effect size = 0 47 1 99 effect size = 0 34 volume minuto 13 11 effect size = 0 61 16 32 effect size = 0 75 fracao expirada o2 3 29 effect size = 0 34 = 0 96 2 87 effect size = 0 72 concentracao lactato sangue imediatamente apos 29 51 effect size = 0 78 28 21 effect size = 0 73 apos recuperacao 10 min 36 01 effect size = 0 84 31 22 effect size = 0 81 reducao fracao expirada co2 7 64 effect size = 0 64 7 75 effect size = 0 56 conclusao resultados indicam cafeina ingerida ciclistas dose 6 mg kg 1 4 dias induz tolerancia efeitos ergogenicos promovidos ingestao aguda parametros fisiologicos metabolicos performance,3698
33,"exaustao, cafeina, pla, atletas, corredores",nitrato no3 vem consolidando ergogenico capaz otimizar desempenho esportivo principalmente individuos treinados tal efeito contribui maior sustentacao exercicio objetivo avaliar efeito suplementacao no3 rendimento teste progressivo corredores fundo propomos ainda maneira original utilizacao frequencia_cardiaca fc conjuntamente subprodutos ponto inflexao frequencia_cardiaca pifc deflexao fc pdfc deteccao pontos transicao metabolica ptm trata pesquisa natureza experimental duplo cega crossover amostra 13 homens corredores fundo equipe corrida rua cidade varginha  minas gerais submetidos teste progressivo incremental tpi esteira ergometrica onde sujeitos executaram teste 2 momentos distintos momento nitrato mn momento placebo mp suplementacao no3 realizada 2 horas antes testes 70 ml suco beterraba concentrado rico no3 ~6 4mmol no3 400mg beet it james white drinks ltd ipswich uk placebo empobrecido no3 0 04 mmol no3 >0 8g l beet it james white drinks ltd ipswich uk realizadas afericao fc percepcao subjetiva esforco pse tempo velocidade final analise dados adotado teste shapiro_wilk verificar distribuicao amostra teste levene homogeneidade variancia analise variaveis utilizados teste_t_pareado alem comparacao medias determinados delta variacao resultados tamanho efeito amostra atraves teste cohen d nivel significancia adotado p < 0 05 resultados revelaram nitrato capaz aprimorar parametros estudados todavia observamos tendencia melhorias mn relacao mp variaveis tempo velocidade distancia respectivamente d=0 035 d=0 026 d=0 036 havendo diminuicao tempo cerca 2 3 21 04 + 4 17 x 19 54 + 3 96 minutos detectamos diferenca frequencia_cardiaca maxima fcmax pse volume maximo oxigenio vo2max mn relacao mp respectivamente p=0 573 p=1 108 p=0 102 ptm`s mostraram diferenca estatistica momentos mn mp pifc pdfc respectivamente p=0 216 p= 0 508 relacao consumo oxigenio pifc pdfc observamos mn mp ocorreram respectivamente 37 49 + 3 00ml kg min 1 vs 36 98 + 1 36ml kg min 1 p= 0 562 46 77 + 6 47ml kg min 1 vs 44 45 + 5 66ml kg min 1 p= 0 971 revelando diferenca 9 27 + 4 76ml kg min 1 vs 7 46 + 4 95ml kg min 1 p= 0 945 achados sobre pselimiar mostram diferenca estatistica parametros pselimiar p=0 678 fc pselimiar p=0 668 velocidade pselimiar p=0 222 vo2max pselimiar p=0 574 observamos diferencas estatisticas quanto velocidade imprimida corrida ptm`s mn mp respectivamente p= 0 562 p=0 971 todavia detectamos diferenca 2 76 + 1 42km h 1 vs 2 23 + 1 48km h 1 p= 0 820 pontos percentuais vmax vpico ptm`s demonstraram diferenca estatistica grupos mn mp pifc pdfc respectivamente vmax p= 0 524 p= 0 361 vpico p= 0 598 p=0 295 suma suplementacao nitrato interfere rendimento corredores amadores fundo durante tpi todavia obtivemos tendencia sutis melhorias mn todas variaveis estudadas termos praticos poderia colaborar aprimoramento rendimento destes atletas,3881
33,"exaustao, cafeina, pla, atletas, corredores",suplementacao suco beterraba rico nitrato ssbn vem tornando recurso ergogenico promissor modalidades cuja caracteristica aerobia assim corrida rua muitos buscam melhora desempenho neste sentido seguinte pesquisa objetivou analisar utilizacao suplementacao aguda suco beterraba rico nitrato melhora rendimento aerobio corredores rua teste pista estudo contou 13 homens idade 25+ 4 7 anos idade engajados corrida rua cidade lavras mg minimo 18 meses pratica participantes submetidos crossover randomizado controlado placebo estudo seguido 2 etapas primeira consistiu recrutamento assinatura termo consentimento livre esclarecido alem instrucoes preenchimento recordatorio_alimentar 24h enquanto segunda etapa subdividida 3 visitas laboratorio gepren ufla sendo primeiro momento destinado caracterizacao realizando antropometria composicao_corporal junto recolhimento recordatorio_alimentar 24h segunda terceira visita contou 7 dias washout onde 2h apos ingestao suplementacao suco beterraba rico nitrato placebo participantes submetidos contra relogio 3 200m pista atletismo anotando tempo percepcao subjetiva esforco frequencia_cardiaca variaveis velocidade vo2pico limiar velocidade comportamento estrategia duas configuracoes analises cada 25 inicio 400m meio 2400m final 400m consumo macronutrientes analisadas durante periodo espera aferiu pressao_arterial cada 30 min utilizou estatistica_descritiva testes kolmogorov smirnov shapiro_wilk relatar normalidade amostra teste levene igualdade variancias spss R 21 0 valores obtidos contra relogio 3 200m tempo resultaram conclusao rapida apos ingestao ssbn sup 720 0 + 83 7 vs pla 722 6 + 81 5s configuracoes ritmo empregado observou incremento 1º 0 98 correspondente primeiros 25 trajeto 0 59 metade 0 42 25 finais 2º configuracao nota incremento 1 47 inicio 1 05 final trajeto assim velocidade pico sup 16 20 km hr1 + 1 89 pla 16 13 km hr1 + 1 86 vo2pico sup 61 1 ml kg min ¹ + 6 6 pla 60 9 ml kg min ¹ + 6 4 2º limiar velocidade sup 15 95+ 1 74 pla 15 95+ 1 69 percepcao subjetiva esforco frequencia_cardiaca final pressao_arterial reducoes diferentes momentos 60min 1 45 90 min 4 48 diastole antes teste sistole apos teste 1 86 demonstraram respostas importantes porem valores demonstraram niveis significancia p<0 05 analises individuais tempo conclusao 10 5s incremento 1 54 velocidade 1 38 vo2pico 1 46 2º limiar velocidade macronutrientes apresentaram seguinte configuracao proteina 1 60g kg + 0 91 lipideos 0 70 g kg + 0 64 carboidrato 3 97 g kg + 2 75 pode concluir ingestao suplementacao aguda suco beterraba rica nitrato contribui ponto magnitude teste contra relogio 3 200m demonstra diferencas estatisticas rendimento aerobico variaveis,3886
34,"qualidade_dieta, pontuacao, iqd, pontuacoes, ias",consumo dieta balanceada fornece quantidades adequadas energia nutrientes favorece desempenho adaptacoes induzidas atividade_fisica conhecimento nutricional fatores podem influenciar adocao praticas_alimentares saudaveis consequentemente favorecer rendimento esportivo objetivo estudo avaliar conhecimento nutricional total praticantes atividade_fisica avaliar conhecimento sujeitos utilizado questionario validado traduzido adaptado contendo 35 questoes divididas duas secoes primeira composta 11 questoes sobre conhecimento nutricional geral cng segunda contem 24 questoes sobre conhecimento nutricional esportivo cne sujeitos recrutados meio cartazes informativos colocados academias divulgacoes redes sociais ainda convite direto pesquisadores questionario respondido on line plataforma google forms partir resultados determinados escores pontuacao percentual acertos realizadas comparacoes considerando caracteristicas sociodemograficas tempo pratica modalidade esportiva acompanhamento_nutricional conhecimento academico sobre nutricao dados tabulados banco dados excel R 2007 analisados software ibm spss windows versao 20 0 todas analises nivel significancia adotado p < 0 05 participaram estudo 409 sujeitos sendo 57 7 sexo_feminino 31 5 + 9 3 anos 42 3 masculino 33 7 + 9 8 anos estatura massa_corporal indice_massa_corporal imc maiores genero masculino comparacao feminino escore medio cnt participantes 50 7 + 16 2 cng 62 7 + 16 2 ambos classificados medio significativamente maiores cne 45 2 + 18 6 classificado pobre sexo nivel educacional influenciaram cng diferenca cng cne cnt sujeitos praticavam corrida ciclismo crossfit lutas esportes coletivos comparados praticantes contrario praticantes musculacao apresentaram cng cne cnt maiores praticantes p=0 0001 musculacao modalidade praticada havendo diferenca cng cne total conhecimento academico sobre nutricao impactou conhecimento nutricional cng observada maior proporcao sujeitos nivel conhecimento excelente 21 5 menor proporcao nivel pobre 23 5 maioria sujeitos 56 7 apresentou conhecimento pobre nutricao esportiva apenas 6 4 apresentaram conhecimento excelente cne desenvolvidos dois perfis cluster cluster 1 n = 178 sujeitos maior conhecimento nutricional total 34 4 = bom excelente maior proporcao homens 48 9 faixa etaria predominante 18  24 anos 36 maior proporcao superior incompleto 54 3 predominado pessoas fizeram fazem acompanhamento_nutricional 57 3 predominam pessoas maior conhecimento academico nutricao 52 8 cluster 2 n = menor conhecimento nutricional 81 4 = pobre maior proporcao mulheres 61 4 faixa etaria predominante 35 anos 42 9 maior proporcao superior completo 59 7 predomina pessoas fazem fizeram acompanhamento_nutricional 52 8 predominam sujeitos conhecimento academico nutricao 83 1 pode concluir praticantes atividade_fisica pesquisados possuem conhecimento pobre medio sobre nutricao excecao estudantes nutricao nutricionistas pos graduados nutricao ressalta necessidade maiores informacoes sobre nutricao bem educacao_alimentar_nutricional ministradas nutricionista,3415
34,"qualidade_dieta, pontuacao, iqd, pontuacoes, ias",gontijo cristiana araujo m sc universidade federal vicosa agosto 2012 influencia qualidade_dieta habitos vida adolescencia condicoes saude fase adulta orientadora silvia eloiza priore coorientadoras sylvia carmo castro franceschini juliana farias novaes barros sonia machado rocha ribeiro conhecimento modificacoes habitos_alimentares adolescencia fase adulta quais fatores adolescencia influenciam qualidade_dieta fase adulta poderao auxiliar direcionamento intervencoes necessarias promocao_saude prevencao doencas objetivo deste estudo avaliar influencia qualidade_dieta habitos vida adolescencia condicoes saude fase adulta trata estudo_coorte avaliou informacoes adolescencia fase adulta estudo final realizado individuos ambos_sexos atendidos programa atencao_saude adolescente proasa divisao saude dsa universidade federal vicosa ufv adolescencia encontrados fase adulta adolescencia coletou informacoes prontuarios referentes primeira consulta proasa idade peso estatura perimetro_cintura quadril relacao cintura estatura cintura quadril recordatorio_alimentar habitual questionario estilo_vida fase adulta aferiu medidas_antropometricas composicao_corporal pressao_arterial aplicados recordatorio_alimentar habitual questionario estilo_vida avaliar qualidade global dieta duas fases utilizou adaptacao healthy eating index 2005 iqd calculou delta iqd iqd = pontuacao total iqd fase adulta  pontuacao total iqd adolescencia relacao analises estatisticas realizou estatistica_descritiva media mediana teste normalidade kolmogorov smirnov testes_t pareado teste wilcoxon teste t student mann_whitney correlacao_pearson spearman regressao_linear_multipla adotou nivel significancia 5 amostra final composta 130 individuos sendo 70 8 sexo_feminino adolescencia media pontuacao total iqd 60 94+ 10 10 variando 37 80 85 60 fase adulta valor maior p<0 05 63 81+ 10 78 variando 38 04 92 57 componentes cereais integrais vegetais totais vegetais verdes escuro alaranjados leguminosas vegetais val apresentaram maiores pontuacoes fase adulta p<0 05 acordo delta iqd verificou 56 9 n=74 individuos melhoraram pontuacao adolescencia fase adulta individuos cujo iqd positivo apresentam modificacoes positivas componentes cereais integrais frutas totais frutas inteiras vegetais totais vegetais val carne ovos leguminosas gordura_saturada calorias provenientes gordura solida acucar adicao gord aa p<0 05 individuos iqd negativo apresentaram modificacoes negativas cereais totais frutas totais frutas inteiras vegetais val gordura_saturada gord aa p<0 05 modificacoes adolescencia fase adulta avaliadas sexos somente feminino permaneceu melhora iqd total p<0 001 individuos sexo_feminino apresentam fase adulta valores maiores componentes cereais integrais vegetais totais vegetais val gord aa p<0 05 masculino apresentaram fase adulta valores menores cereais totais gordura_saturada gord aa p<0 05 observou correlacao positiva pontuacao total iqd fase adulta pontuacao componentes frutas totais frutas inteiras adolescencia correlacao negativa relacao_cintura_quadril adolescencia distanciamento ultima consulta proasa reavaliacao fase adulta p<0 05 pontuacao total iqd fase adulta demonstrou associacao negativa sexo_masculino distanciamento ultima consulta proasa iniciativa propria consulta proasa consumo produtos diet adolescencia encontrou associacao negativa pontuacao componente vegetais totais adolescencia pressao_arterial sistolica fase adulta conhecimento modificacoes habitos_alimentares adolescencia fase adulta variaveis adolescencia interferem condicao nutricional fase adulta importantes realizacao medidas intervencao nutricionais direcionadas eficazes promovendo saude prevenindo doencas atuais futuras,406
34,"qualidade_dieta, pontuacao, iqd, pontuacoes, ias",introducao mudancas estilo_vida associadas aumento fatores_risco saude principalmente relacionados alimentacao indices dieteticos resumem caracteristicas alimentacao possibilitam avaliacao possiveis deficiencias excessos nutrientes grupos alimentos objetivo analisar qualidade_dieta identificar fatores_associados adultos residentes area urbana cuiaba mt metodo estudo_transversal amostra extraida estudo base_populacional 195 adultos 20 50 anos ambos_sexos dados dieteticos obtidos questionario frequencia consumo_alimentar coletados dados_sociodemograficos estilo_vida antropometricos composicao_corporal qualidade_dieta analisada meio indice_qualidade_dieta revisado iqd r adaptado populacao brasileira comparacao medias utilizou teste mann_whitney p<0 05 associacoes estimadas meio regressao_logistica resultados media iqd r 75 2 pontos ic 95 74 2 76 1 diferenca estatisticamente_significativa sexos p=0 03 pontuacao grupo alimentos mostrou homens obtiveram maiores escores oleos oleaginosas gordura peixe 9 4 vs 8 9 p=0 02 comparacao mulheres grupo frutas inteiras sodio pontuacao maior mulheres 4 7 vs 4 2 p<0 01 2 9 vs 1 9 p<0 01 respectivamente individuos idade 30 anos obtiveram maior pontuacao tanto iqd r total 76 4 vs 73 6 p<0 01 grupo frutas inteiras 4 7 vs 4 2 p<0 01 gordura_saturada 9 0 vs 8 5 p<0 01 calorias provenientes gordura solida alcool acucar adicao regressao_logistica iqd r adequado variaveis independentes mostrou associacao mulheres individuos 30 anos cujo chefe familia apresentava escolaridade maior conclusao mulheres obtiveram melhor pontuacao frutas inteiras sodio enquanto homens escores oleos oleaginosas gordura peixe maiores individuos velhos obtiveram maior pontuacao frutas inteiras gordura_saturada calorias provenientes gordura solida alcool acucar adicao homens consumiram vegetais totais vegetais verdes escuros alaranjados leguminosas carnes ovos leguminosas oleos oleaginosas oleo_peixe fatores mostraram associados iqd r adequado idade sexo escolaridade chefe familia,476
35,"7nachr, sinalizacao, gpr120, hipotalamo, lps",introducao sinalizacao colinergica mediada ativacao receptores muscarinicos nicotinicos sido descrita literatura sinalizacao classica importante regulacao resposta_inflamatoria pesquisas recentes investigado papel acetilcolina agonista fisiologico desses receptores controle homeostase energetica nivel central estudos demonstram camundongos expressam acetilcolina regioes cerebrais reguladoras homeostase energetica apresentam ganho_peso excessivo hiperfagia contudo ainda bem descrito literatura quais subunidades receptores colinergicos envolvidas mecanismo sinalizacao responsavel efeitos observados hipotalamo centro regulador homeostase energetica subunidade 7 receptor nicotinico acetilcolina 7nachr altamente expresso nesta regiao 7nachr ativo recruta proteinas jak2 stat3 sinalizacao mesmos componentes intracelulares requeridos leptina hormonio anorexigeno objetivo presente trabalho avaliar participacao receptor 7nachr hipotalamico controle homeostase energetica metodos trabalho desenvolvido camundongos_swiss sob autorizacao ceua unicamp registrado numero 4787 1 2018 cortes cerebrais utilizando tecnica imunofluorescencia avaliada presenca receptores 7nachr celulas hipotalamicas reguladoras homeostase energetica camundongos submetidos estereotaxia ventriculo lateral estimulo intracerebroventricular icv utilizado administracao agonista pnu antagonista bungarotoxina receptor 7nachr avaliados parametros metabolicos tecido hipotalamico avaliado expressao neuropeptideos real time pcr western blot camundongos tratados icv sirna inibidores proteinas jak2 stat3 ag490 stattic avaliado expressao neuropeptideos hipotalamicos camundongos knockout receptor 7nachr avaliada ingestao_alimentar adicionalmente cultura celular hipotalamica camundongos linhagem mypho pomc gfp verificou expressao neuropeptideos pstat3 apos estimulo pnu resultados resultados imunofluorescencia apontaram co localizacao 7nachr celulas hipotalamicas msh agrp npy ativacao farmacologica 7nachr reduziu ingestao_alimentar aumentou expressao_genica hipotalamica pomc diminuiu conteudo rnam npy agrp conteudo proteico pampk inibicao receptor 7nachr antagonista aumentou conteudo rnam npy agrp inibicao 7nachr sirna culminou supressao expressao pomc aumento niveis rnam agrp camundongos knockout 7nachr apresentaram alteracoes ingestao_alimentar inibicao proteinas via sinalizacao jak2 stat3 reverteu efeitos observados sob estimulo pnu celulas pomc gfp tratadas pnu apresentaram aumento expressao pomc translocacao nuclear pstat3 conclusao ativacao seletiva receptor 7nachr capaz modular marcadores importantes resposta ingestao_alimentar sugerindo ativacao 7nachr pode suprimir expressao marcadores orexigenos favorecer expressao anorexigenos mediados via sinalizacao jak2 stat3,2585
35,"7nachr, sinalizacao, gpr120, hipotalamo, lps",acao insulina hipotalamo crucial controle ingestao_alimentar estado alimentado insulina secretada atinge hipotalamo fosforilando extruindo nucleo proteina foxo1 fator transcricao familia forkhead box diminuindo transcricao neuropeptideos orexigenicos npy neuropeptideo y peptideo relacionado gene agouti agrp contrario prejuizos transducao sinal insulina foxo1 permanece nucleo celulas neuronais elevando sintese neuripeptideos orexigenicos aumento fome nesse contexto proteina mapk fosfatase 3 mkp 3 habilidade desfosforilar foxo1 permanecendo nucleo induzindo aumento npy agrp hipotalamo consequentemente causando hiperfagia aumento massa_corporal adiposa portanto acoes terapeuticas capazes ter efeito inibitorio sobre mkp 3 celulas neuronais hipotalamo podem revelar importantes agentes contra obesidade co morbidades objetivo presente estudo verificar efeitos exercicio_fisico sobre conteudo proteico mkp 3 sinalizacao insulina hipotalamo camundongos obesos induzidos dieta_rica_gordura saturada utilizados camundongos_swiss distribuidos grupos controle alimentados racao padrao roedores obesos ob alimentados dieta_rica_gordura saturada obesos exercitados agudamente obexe apos analises composicao corporea ingestao_alimentar identificadas proteinas interesse cascata sinalizacao insulina atraves tecnica western blot realizados ensaios celulas hek293 camundongos_swiss controle adminsitracao adenovirus superexpressar mkp 3 avaliar efeitos sobre ingestao_alimentar fosforilacao foxo1 identificar acao fosfatase mkp 3 desfosforilar foxo1 utilizado celulas hek293 tratadas insulina vetor adenoviral mkp 3 gfp controle injetado intracerebroventricular i c v camundongos apos tratamentos analises moleculares feita atraves tecnica westen blot verifica atraves resultados obesidade aumentou conteudo proteico mkp 3 hipotalamo acompanhado aumento ingestao_alimentar adiposidade_corporal camungondos experimentos adenoviruos mostraram super expressao mkp 3 causa desfoforilacao foxo1 prejuizo controle fome estimulado insulina entretanto observado aumento exercicio_fisico sobre proteina mkp 3 hipotalamica concluise condicao obesidade associada aumento niveis mkp 3 hipotalamo associado hiperfagia exercicio_fisico capaz inibir atividade desta proteina desfoforilar fator transcricional foxo1 hipotalamo intervencoes capazes inibir mkp 3 podem tornar estrategias relevantes tratamento_obesidade,1821
35,"7nachr, sinalizacao, gpr120, hipotalamo, lps",titulo efeito exercicio_fisico sobre transducao sinal adiponectina hipotalamo animais obesos effects of exercise on adiponectin transduction signal in hypothalamus of obese animals resumo abstract introducao adiponectina apresenta importante acao homeostase glicemica atuando captacao glicose sensibilidade_insulina nivel central recentemente demonstrado adiponectina capaz modular homeostase energetica nesse sentido principais intervencoes capazes modular vias sinalizacao celular exercicio_fisico hipotalamo beneficios exercicio_fisico resultam regulacao circuitos neuronais recebem estimulos periferia sinais hormonios leptina insulina entanto efeito exercicio sobre via transducao sinal adiponectina controle fome sido pouco explorado literatura desse modo presente estudo objetivo verificar efeito exercicio_fisico agudo modulacao via sinalizacao adiponectina hipotalamo camundongos obesos bem acao controle homeostase energetica materiais metodo camundongos_swiss seis semanas idade distribuidos tres grupos ctl expostos dieta comercial obs expostos dieta_hiperlipidica obex expostos dieta_hiperlipidica submetidos protocolo exercicio_fisico apos oito semanas exposicao dietas experimentais animais grupo obex submetidos protocolo exercicio_fisico agudo consistiu tres sessoes 45 minutos corrida intervalo 15 minutos cada sessao posteriormente realizadas analise adiponectina serica tolerancia_glicose ingestao_alimentar gasto_energetico analises moleculares animais receberam estimulo leptina intraperitoneal meio tecnica western blotting analisado proteinas chaves via sinalizacao leptina adiponectina pi3q  akt hipotalamo niveis proteicos ucp1 tecido_adiposo marrom diferentes grupos experimentais resultados resultados obtidos demonstram animais exercitados agudamente apresentaram aumento tolerancia_glicose adiponectina serica comparados animais obs alem disso observou reducao ingestao_alimentar animais obex comparados grupo obs conteudo rnam appl1 correlaciona negativamente ingestao_alimentar ademais animais exercitados apresentaram aumento consumo oxigenio producao calor comparados animais obs nivel molecular animais exercitados apresentaram aumento ucp1 comparados demais grupos experimentais ademais exercicio efeito positivo sobre appl1 proteina chave via transducao adiponectina observa grupo obs apresentou reducao appl1 hipotalamica relacao grupo ctl ainda animais obex apresentaram aumento appl1 comparacao obs adicao animais exercitados apresentaram aumento conteudo proteico via sinalizacao pi3q akt hipotalamo fim analises bioinformatica tanto animais humanos apresentaram forte correlacao niveis rnam appl1 pi3q hipotalamico conclusao sendo assim pode concluir exercicio_fisico capaz aumentar conteudo proteico appl1 hipotalamo camundongos obesos assim aumentar gasto_energetico reduzir ingestao_alimentar,3566
36,"pnae, alimentacao_escolar, programa_nacional_alimentacao_escolar, agricultura_familiar, cardapios",campos david ribeiro analise chamadas publicas compra_alimentos agricultura_familiar alimentacao_escolar estado rio janeiro 2023 dissertacao mestrado ciencias nutricao  faculdade nutricao emilia jesus ferreiro universidade federal fluminense niteroi 2023 programa_nacional_alimentacao_escolar pnae meio obrigatoriedade compra_alimentos agricultura_familiar af combina incentivo producao agricola local melhora qualidade alimentos oferecidos escolas compras podem ocorrer chamada publica cp substitutivo tradicional licitacao porem entidades executam pnae enfrentam desafios diferentes ordens centrado propria elaboracao instrumento cp assim estudo pretende analisar chamadas publicas entidades executoras eex pnae compra_alimentos af estudo abordagem quali quantitativa transversal baseado analise_documental 51 chamamentos publicos compra_alimentos af eex atuantes instituicoes ensino federais estaduais municipais estado rio janeiro eex categorizadas funcao percentual utilizado recurso repassado fundo nacional desenvolvimento educacao fnde compra_alimentos af analise editais vez considerados base legal utilizada pauta compra identificacao alimentos solicitados quanto grupo alimentar origem sociobiodiversidade regionalidade sendo entao classificadas relacao conformidade criterios atendidos segundo modelo cp fnde sob seguintes criterios adequada precisa melhorar inadequada realizados analise descritiva dados referentes identificacao alimentos segundo grupos alimentar origem teste_qui_quadrado considerando nivel significancia 5 aferir associacao conformidade chamadas publicas perfil compra af eex percentual compra af anos 2017 2019 aumentou 37 21 74 4 analise editais cp constatou maioria inadequados 74 6 especialmente criterios legislacao referenciada prioridade definicao precos constatou total 1 163 alimentos solicitados frequencia absoluta percentual majoritariamente hortalicas frutas tanto identificacao grupos alimentares quanto pauta alimentos sociobiodiversidade 39 2 alimentos_regionais 90 1 solicitado eex demonstrou assim maior parte chamadas publicas instruidas forma inadequada pode dificultar processo adesao agricultores mercado institucional pnae,4626
36,"pnae, alimentacao_escolar, programa_nacional_alimentacao_escolar, agricultura_familiar, cardapios",tese intuito analisar criterios sustentabilidade aquisicao consumo_alimentos bem dificuldades fatores promotores compras sustentaveis restaurantes atender objetivos propostos conduzidas etapas pesquisa delineamento quanti qualitativo inicialmente investigados desafios alimentacao_saudavel sustentavel meio revisao narrativa literatura desafios apresentados primeiro manuscrito divididos etapas sistema agroalimentar producao processamento distribuicao consumo culminando proposta guia forma representacao grafica operacionalizacao alimentacao_saudavel sustentavel diante disso objetivo identificar quais recomendacoes sustentabilidade incorporadas estrategias promocao alimentacao sustentavel populacao desenvolvido segundo manuscrito desta tese partir revisao escopo identificados analisados 12 documentos continham 21 recomendacoes agrupadas cinco categorias 1 forma producao_alimentos 2 origem alimentos 3 processamento alimentos 4 consumo_alimentos 5 conservacao recursos guias governamentais especificamente alimentares apresentaram menor variedade recomendacoes recomendacoes frequentes incentivo consumo_alimentos nutricionalmente adequados presente 11 documentos seguido incentivo reducao consumo_alimentos origem_animal reducao desperdicio alimentos consumo_alimentos sazonais presentes 10 documentos terceiro manuscrito tese visou identificar recomendacoes aquisicao sustentavel alimentos restaurantes realizou revisao narrativa literatura_cientifica cinzenta onde analisadas 13 publicacoes identificaram 28 recomendacoes divididas quatro categorias 1 forma producao_alimentos 2 criacao animal 3 fornecedores alimentos 4 producao refeicoes aquisicao alimentos_organicos unico criterio incentivado todas publicacoes seguido alimentos sazonais produtos aquicultura pesca produzidos capturados modo sustentavel sistemas diminuam impacto producao considerados 12 publicacoes quarto manuscrito tese visou identificar fatores interferem adocao medidas sustentabilidade aquisicao alimentos restaurantes realizada pesquisa on line encaminhada restaurantes institucionais nutricionista gestor estado santa catarina total 107 restaurantes investigados sendo maioria utilizava alimentos_regionais 97 2 sazonais 94 4 percentual menor comprava alimentos agricultura_familiar local 57 9 alimentos_organicos agroecologicos 36 4 sistema gerenciamento autogestao significativamente associado compra_alimentos organicos p = 0 000 agricultura local p = 0 000 variaveis associacao numero refeicoes servidas presenca certificacao ambiental treinamento funcionarios nutricionistas analise importancia atribuida criterios selecao fornecedores demonstrou predominio preocupacao sanitaria nutricionistas entrevistados detrimento criterios sustentabilidade visando identificar principais dificuldades fatores promotores aquisicao sustentavel alimentos realizada pesquisa qualitativa meio entrevista aberta uso roteiro semiestruturado 17 restaurantes publicos brasileiros 4 autogestao 13 terceirizados situados cinco regioes pais selecionados maneira intencional resultados referem quinto manuscrito tese onde entrevistados 33 informantes chaves realizada analise conteudo qualitativa auxilio software nvivo identificaram quatro categorias sobre dificuldades compra_alimentos sustentaveis 1 problemas producao 2 distribuicao alimentos fornecedores 3 questoes operacionais compra 4 modelos distintos gerenciamento servico autogestao terceirizado analise fatores promotores compras sustentaveis resultaram duas categorias 1 incentivo producao distribuicao alimentos 2 gestao abastecimento entrevistados relataram dificuldades relacionadas continuidade oferta alimentos quantidade variedade disponiveis compra burocracia processos publicos compra destacada dificuldade restaurantes autogestao contrapartida restaurantes terceirizados parecem enfrentar resistencia compra devido necessidade servico gerar lucro estudo demonstra oportunidade produtores comercializarem produtos restaurantes publicos reafirma necessidade maior organizacao compromisso produtores atender demanda alimentos garantia fornecimento sensibilizacao gestores estimular setor produtivo sustentavel meio aquisicao alimentos fim ultimo manuscrito tese visou definir criterios aquisicao sustentavel alimentos restaurantes utilizada metodologia delphi consenso especialistas instrumento disponibilizado via on line consistia avaliacao modelo inicial criterios construido partir literatura_cientifica 13 publicacoes analisadas respostas obtidas escala 1 5 considerando relevancia grau dificuldade implementacao criterio total 13 especialistas participou pesquisa maioria nutricionistas agronomos regiao sul brasil especialistas classificaram maior relevancia criterios aquisicao alimentos locais alimentos provenientes sistemas diminuam impacto ambiental producao_alimentos sazonais alem reduzir aquisicao alimentos_processados evitar alimentos geneticamente modificados relacao grau dificuldade criterio considerado facil execucao compra sazonal dificil execucao aquisicao carnes utilizacao antibiotico durante producao partir resultados obtidos neste trabalho destaca necessidade incorporacao aspectos sociais culturais recomendacoes alimentacao sustentavel recomendacoes aquisicao sustentavel alimentos bem sustentabilidade diretrizes alimentares aproximacao producao consumo parece ser importante superacao dificuldades compra sustentavel restaurantes definicao criterios bem ordenacao relevancia grau dificuldade podem auxiliar restaurantes definir acoes prioritarias aquisicao sustentavel alimentos bem servir base politicas_publicas compra,2406
36,"pnae, alimentacao_escolar, programa_nacional_alimentacao_escolar, agricultura_familiar, cardapios",programa_nacional_alimentacao_escolar pnae estabelece diretrizes desenvolvimento sustentavel planejamento cardapios sustentaveis tende gerar demanda sistema alimentar sustentavel ainda influenciar comportamento formacao habitos_alimentares_saudaveis sustentaveis populacao atendida objetivo estudo definir criterios planejamento cardapios sustentaveis ambito pnae realizado duas etapas estudo empirico sobre criterios planejamento cardapios escolares oficina consenso definicao criterios sustentabilidade primeira etapa objetivou identificar principais criterios considerados nutricionistas rede municipal planejamento cardapios escolares analisadas entrevistas realizadas nutricionistas alimentacao_escolar 21 municipios regiao sul brasil entrevistas gravadas transcritas aplicacao analise conteudo dessa analise emergiram 17 criterios adotados planejamento cardapios alocados quatro categorias habitos cultura alimentar aceitacao necessidades qualidade nutricional disponibilidade_alimentos gestao execucao legislacao programa surgiu todas categorias dessa forma aponta possibilidade legislacao ter influencia positiva sobre atuacao nutricionistas elaboracao cardapios escolares segunda etapa desse estudo oficina consenso envolveu discussao guiada grupo especialistas previamente munidos sintese literatura tema questao construcao desse material incluiu resultados encontrados primeira etapa estudo ainda resultados revisao_literatura sobre recomendacoes alimentacao sustentavel construcao material incluiu ainda instrumento avaliacao criterios definicao desses acoes operacionalizacao mensuracao impacto sustentabilidade viabilidade aplicacao oficina composta 7 profissionais academia atuam tematicas alimentacao_escolar planejamento cardapios sustentabilidade conduzida moderador durou aproximadamente 4 5 horas grupo especialistas definiu conjunto 11 criterios sustentabilidade planejamento cardapio valorizar habitos_alimentares culturais incluir variedade diversidade alimentos inserir alimentos sociobiodiversidade inserir plantas alimenticias convencionais aumentar oferta frutas vegetais preferencialmente organicos base agroecologica incluir carnes considerar modos producao sustentaveis incluir pescados considerar modos producao sustentavel pesca aquicultura evitar oferta alimentos altos niveis processamento principalmente provenientes industrias incluir alimentos_processados preferir provenientes agroindustria familiar local evitar alimentos ingredientes transgenicos reduzir desperdicio alimentos ainda cinco criterios considerados forma transversal uso alimentos_organicos agroecologicos producao sazonal cultivados hortas origem local agricultura_familiar parte desses criterios inseridos programa contudo devido dificuldades politicas sociais economicas medidas viabilizar aplicacao fazem necessarias criterios subsidiam estrategias atuacao nutricionistas alimentacao_escolar ainda demais profissionais envolvidos politicas_publicas alimentacao nutricao,2042
37,"cha_verde, diabeticos, stz, diabetico, dieta_hiperlipidica",uso plantas medicinais encontram expansao todo mundo funcao alto custo medicamentos industrializados efeitos beneficos creditados proprio modismo efeitos atraem portadores doencas degenerativas diabetes mellitus tipo ii sendo epidemia mundial inumeras plantas estudadas objetivo auxiliar tratamento diabetes mellitus brasil podemos destacar insulina vegetal cissus sicyoides l dissertacao objetivo avaliar infusos folhas insulina vegetal 5 ratos_wistar sadios diabetes mellitus induzida streptozotocina coletada planta municipio rio janeiro encaminhada injc ufrj ser higienizada desidratada moida armazenada sob refrigeracao parte experimental contou 20 ratos divididos dois grupos dm ndm onde induzida diabetes via intraperitoneal uso streptozotocina R outro agua destilada antes inducao mensurou glicemia animais apos tres dias repetiu mensuracao confirmar animais ficaram diabeticos formados quatro grupos dm dm5 ndm ndm5 apos iniciou tratamento infuso folhas insulina vegetal 5 administrada 28 dias neste periodo verificado massa_corporal animais ingestao racao glicemia quatro pontos sacrificio realizado super dosagem thiopental R posteriormente coletado sangue processamento analise catalase orgaos coracao rim figado retirados analise histologica resultados glicemia animais final experimento demonstrou claramente efeito hipoglicemiante significativo cha insulina vegetal 5 animais diabeticos dm 5 comparacao grupo_controle dm efeito hipoglicemiante ocorreu grupo diabetico porem tratado cha ndm5 comparacao diabetico tratado cha dm5 grupos diabeticos tratados ndm5 ndm exibiram glicemia menor grupo dm outro lado significancia grupos diabeticos avaliacao efeito antioxidante insulina vegetal atividade enzima catalase avaliada plasmas animais utilizou kit comercial caymans catalase assay kit valores medios densidade optica 2 59 + 0 30 2 84 + 0 60 1 82 + 0 46 3 20 + 0 35 grupos ndm dm ndm5 dm5 respectivamente animais diabeticos receberam cha apresentaram atividade catalase significativamente alta comparada grupos diabeticos tratados efeito insulina vegetal atividade serica catalase inedito pois presente momento encontrados artigos referenciam resultados avaliacao histologica influencia insulina vegetal padroes tecidos estudados coracao rim figado estudo avaliou infusao folhas insulina vegetal verificar efeito 5 folhas insulina vegetal verificou efeito hipoglicemico antioxidante animais diabeticos entanto causou lesoes tecidos cardiacos renais hepaticos animais diabeticos necessarios estudos pre clinicos clinicos uso correto seguro desta planta,746
37,"cha_verde, diabeticos, stz, diabetico, dieta_hiperlipidica",prevalencia diabetes_mellitus_tipo_2 dm2 aumenta cada ano todo mundo estando fortemente associada obesidade sedentarismo nesse contexto interesse terapias naturais doencas_cronicas_transmissiveis dm2 ganhado destaque paises industrializados ampliando utilizacao plantas medicinais medicamentos base ervas fins terapeuticos faveleira favela cnidoscolus quercifolius pohl mart pax et k hoffm planta tipicamente xerofita pertence familia euphorbiaceae empregada fins medicinais carater cicatrizante anti_inflamatorio dentre outros presente estudo objetivo avaliar potencial terapeutico extrato aquoso folha faveleira cnidoscolus quercifolius pohl tratamento camundongos_swiss modelo diabetes induzido estreptozotocina apos administracao unica estreptozotocina via intraperitoneal 140 mg kg camundongos diabeticos alocados aleatoriamente grupos submetidos diferentes tratamentos extrato aquoso faveleira doses 100 200 mg kg peso camundongo doentes tratados grupo saudaveis tratados metformina durante tratamento coletadas amostras sangue determinacao glicemia termino deste animais eutanasiados figados coletados analise histopatologica forma complementar resultados obtidos durante tratamento realizadas analise fitoquimica toxicidade aguda cha curva glicemica analise estatistica utilizado analise variancia two way anova seguido teste_tukey adotando criterio significancia p <0 05 tratamento extrato aquoso faveleira mostrou reducao glicemia longo analise dentro mesmos grupos eaf100 eaf200 contudo alterar peso corporeo animais entanto avaliado peso umido figado pode perceber menor peso destes comparados grupo tratado observados danos severos ensaio toxicidade alteracoes morfologicas aparentes efeito hipoglicemiante encontrado respaldado analise fitoquimica extrato revelou presenca catequinas flavonois triterpenoides pentaciclicos livres substancias acao hipoglicemiante relatada apesar presenca acao hipoglicemiante necessarios estudos fim encontrar concentracoes tornem efetivo emprego extrato aquoso faveleira terapeutica dm2 possibilitaria assim assegurar validar aplicabilidade finalidade gerar produto fitoterapico eficaz baixo custo populacao,1527
37,"cha_verde, diabeticos, stz, diabetico, dieta_hiperlipidica",doenca_hepatica_gordurosa alcoolica caracterizada acumulo trigliceridios podendo levar alteracoes morfologicas funcionais hepatocitos variando desde esteatose hepatocarcinoma patogenia doenca envolve desequilibrio producao degradacao exportacao trigliceridios diagnostico realizado atraves metodos imagem exames_bioquimicos biopsia hepatica considerada padrao ouro tratamento especifico ainda encontra mal definido promovendo geralmente terapeutica comorbidades atraves estrategias medicamentos perda_peso hipolipidemiantes sensibilizadores insulina alem terapias alternativas fitoterapia recurso facil acesso baixo custo caracterizado tratamento afeccoes atraves utilizacao substratos naturais origem botanica visando contribuir discussao problema dissertacao apresenta dois artigos revisao_literatura respeito uso fitoterapicos doenca_hepatica_gordurosa alcoolica segundo artigo objetivou analisar efeitos bioquimicos histologicos administracao extrato aquoso baccharis trimera carqueja ratos submetidos protocolo inducao dietetica esteatose_hepatica ultimo refere estudo_experimental duracao 30 dias 30 ratos_wistar divididos quatro grupos grupo lab recebeu dieta comercial administracao oral solucao salina grupo ain recebeu dieta indutora esteatose_hepatica administracao solucao salina grupo carqmin recebeu dieta indutora extrato baccharis trimera menor dose 3 mg dia grupo carqmax recebeu dieta indutora extrato aquoso baccharis trimera maior dose 6 mg dia ganho_peso consumo_alimentar registrados durante todo periodo experimental ganho_peso consumo_alimentar registrados durante todo periodo experimental calculo coeficiente eficiencia alimentar cea realizadas analises fitoquimicas qualitativas extrato aquoso baccharis trimera determinacoes bioquimicas sericas glicose lipidios provas funcao lesao hepatica analise histologica tecido_hepatico observacao presenca grau esteatose cea aumentou todos grupos receberam dieta ain provavelmente funcao composicao dieta indutora relacao analise fitoquimica qualitativa extrato aquoso baccharis trimera encontrados seguintes metabolitos secundarios taninos antocianidinas antocioaninas chalconas auronas flavononois flavononas leucoantocianidinas catequinas flavonois flavononois flavononas xantonas triterpenois saponinas observou aumento significativo valores trigliceridios fracao vldl animais grupos tratados carqueja comparados animais grupo lab colesterol_total hdl observou tendencia elevacao animais tratados carqueja especialmente maior dose relacao animais demais grupos curiosamente grupo ain apresentou valores ast inferiores demais grupos alt menores grupo lab embora havido diferenca grupos numero casos esteatose_hepatica p=0 06 estadiamento residuo ajustado frequencia ausencia esteatose grupo lab 2 8 indicando grupo apresentou frequencia ausencia esteatose maior esperado acaso uso extrato aquoso baccharis trimera presente estudo preveniu atenuou esteatose_hepatica induzida dieta alem disso tal uso promoveu alteracoes perfil_lipidico serico animais,1137
38,"oeov, cim, biofilme, oero, aureus",diversas desordens podem acometer frutos especialmente fase pos_colheita destacando antracnose causada fungos pertencentes genero colletotrichum controle antracnose sido feito basicamente meio uso fungicidas sinteticos quais acarretam impactos negativos meio_ambiente saude consumidores nesse sentido outros metodos sido estudados alternativas compostos incluindo oleos_essenciais oes exemplo oleo_essencial cymbopogon citratus d c stapf oecc polimeros capacidade formar revestimentos comestiveis quitosana qui quais possuem reconhecidas propriedades antifungicas objetivo desse estudo avaliar eficacia aplicacao revestimento base qui oecc controle antracnose goiaba cultivar cv paluma manga cv tommy atkins mamao cv papaya causada c asianum c fructicola c tropicale c siamense c karstii realizadas analises identificacao constituintes oecc avaliacao efeitos in vitro qui oecc isolados combinacao sobre crescimento micelial radial tipo interacao aditiva sinergica antagonica estabelecida substancias combinacao ensaios verificacao efeito revestimentos base qui oecc sobre desenvolvimento antracnose causadas diferentes especies colletotrichum testadas goiaba manga mamao armazenados 25 °c durante 12 dias total 32 constituintes =0 1 massa total identificados oecc geranial 51 39 neral 29 29 encontrados constituintes majoritarios oecc oecc 2 5 1 5 0 6 0 3 0 15 l ml inibiu crescimento micelial fungico 3 100 todas cepas colletotrichum testadas meio laboratorial agar batata dextrose diferentes combinacoes qui 7 5 5 2 5 mg ml oecc 1 25 0 6 0 3 0 15 l ml apresentaram efeito fungicida inibicao 100 frente cepas fungicas testadas diferentes combinacoes qui oecc exibiram interacoes efeito aditivo sinergico aplicacao revestimentos base qui 5 mg ml oecc 0 6 0 3 0 15 l ml causou reducao desenvolvimento lesoes tipicas antracnose goiaba 33 100 manga 63 100 mamao 28 100 artificialmente contaminados qualquer especies colletotrichum testadas durante todo periodo armazenamento sendo combinacao qui 5 mg ml + oecc 0 6 l ml apresentou efeitos expressivos percentual reducao diametro lesao antracnose prla frutos revestidos combinacoes qui oecc similar maior observado frutos tratados fungicidas sinteticos tiofanato metilico difenoconazol resultados indicam aplicacao revestimentos contendo combinacoes sinergicas qui oecc pode ser considerada tecnologia alternativa controle antracnose frutos especial goiaba cv paluma manga cv tommy atkins mamao cv papaya,1956
38,"oeov, cim, biofilme, oero, aureus",hortalicas minimamente processadas produtos prontos consumo submetidos processos modificacao fisica corte descascamento fatiamento preservam caracteristicas alimento fresco processados sob condicoes higienico_sanitarias insatisfatorias produtos podem representar risco microbiologico portanto sanitizacao etapa critica processamento presente estudo avaliado efeito aplicacao oleos_essenciais origanum vulgare l oregano oeov rosmarinus officinalis l alecrim oero isolados combinados concentracoes sub inibitorias contra bacterias patogenicas contaminantes hortalicas minimamente processadas listeria_monocytogenes escherichia_coli salmonella enteritidis identificacao constituintes oleos_essenciais oes realizada meio cromatografia gasosa acoplada espectrometria massas cg ms efeitos inibitorios avaliados determinacao concentracao inibitoria minima cim indice concentracao inibitoria fracional fici avaliacao contagens celulas viaveis caldo vegetal vegetais frescos artificialmente contaminados timol eucaliptol compostos majoritarios detectados oeov oero respectivamente valor cim oeov 0 6 l ml frente cepas teste inoculo simples misto enquanto valor cim oero 5 l ml frente l_monocytogenes coli 10 l ml frente s enteritidis inoculo simples 10 l ml contra inoculo misto icif oes combinados 0 5 frente inoculo bacteriano misto sugerindo interacao sinergica incorporacao oeov oero isolados cim diferentes concentracoes sub inibitorias caldo vegetal resultou diminuicao contagens celulas viaveis todas cepas teste longo 24 h reducao 3 ciclos log contagem celulas viaveis l_monocytogenes coli s enteritidis observada apos exposicao cim oeov expostas cim oero reducao observada celulas l_monocytogenes coli enquanto s enteritidis apresentou menor reducao 1 7 ciclos log contagem celulas viaveis incorporacao oeov oero combinados concentracoes sub inibitorias resultou reducao contagem inicial celulas viaveis todas cepas ensaiadas embora tempo necessario estabelecer diminuicao variou acordo cepa quantidade cada oe combinacao mesma forma oes aplicados isoladamente combinacao reduziram contagens celulas viaveis todas cepas teste ensaiadas vegetais frescos artificialmente infectados entanto exposicao vegetais oes isolados combinacao durante 10 minutos causou maior reducao contagens celulas viaveis comparado resultados obtidos apos 5 minutos exposicao ambos ensaios observou efeitos inibitorios oes ocorreram forma tempo dependente cepa dependente achados reforcam utilizacao racional oeov oero combinados concentracoes sub inibitorias garantir seguranca prolongar vida_prateleira vegetais frescos sugere ainda realizacao pesquisas cientificas voltadas estudo toxicidade animais celulas humanas modo assegurar inocuidade destes oes aplicados alimentos,1319
38,"oeov, cim, biofilme, oero, aureus",salmonella enterica subsp enterica sorovar enteritidis sorovares prevalentes surtos alimentares persistencia ambientes processamento alimentos deve parte capacidade formar biofilmes superficies uso oleos_essenciais oe origanum vulgare l oregano oeov rosmarinus officinalis l alecrim oero sido proposto sistemas conservacao alimentos bem desinfeccao superficies porem pouco sabido sobre efeitos destas substancias tolerancia s enteritidis estresses impostos durante processamento alimentos sobre mecanismo acao frente celulas biofilmes pre formados presente estudo conduzido duas etapas utilizando s enteritidis 86 se86 responsavel 95 surtos ocorridos regiao sul brasil ultima decada cepa teste inicialmente avaliada influencia genes rpos dps ompr tolerancia se86 estresses homologos heterologos apos exposicao oeov oero constituintes majoritarios carvacrol car 1 8 cineol cin respectivamente meio modelagem reducao celulas viaveis longo tempo nesta etapa observado valores concentracao inibitoria minima oeov 1 25 l ml car 0 62 l ml oero 20 l ml cin 10 l ml frente se86 dulpa diluicao maiores observados frente mutantes isogenicas dps rpos ompr exposicao mesma concentracao oeov car oero cin causou maiores reducoes 2 5 log ufc ml contagens celulas viaveis dasmutantes dps rpos ompr observada se86 caldo frango ensaios agentes estressantes homologos genes ompr dps rpos influenciaram tolerancia oes constituintes apos adaptacao oeov car oero cin osmo acido tolerancia se86 influenciada gene rpos enquanto termotolerancia influenciada gene ompr tolerancia se86 naclo aumentou apos adaptacao oes constituintes influenciada genes rpos dps sequencia capacidade se86 dps rpos ompr formar biofilme avaliada ensaios microplaca poliestireno observado enquanto se86 classificada forte formadora mutantes formaram biofilme eficacia oeov oero reducao celulas sesseis se86 variou tempo exposicao concentracao destas substancias utilizada ensaios diferenca biofilmes jovens maduros analises microscopia observado apos exposicao oeov oero celulas sesseis cultivaveis se86 apresentaram morfologia irregular bolhas furos superficie ambos oeov oero mostraram modo acao multi alvo comprometendo permeabilidade polarizacao membrana celular bem atividade efluxo celulas sesseis cultivaveis se86 resultados deste estudo mostraram influencia genes rpos dps ompr tolerancia capacidade formacao biofilme se86 acao antimicrobiana multi alvo oveo roeo frente bacteria,2744
39,"qualidade_vida, qvrs, disfagia, whoqol, sintomas",introducao crescente expectativa vida pessoas cancer aliada avancos medicina intensificado necessidade cuidados paliativos cp nutricao componente qualidade_vida qv desempenha importante papel nesse contexto entanto ainda lacunas entendimento relacao estado_nutricional qv diferentes fases cp objetivo correlacionar estado_nutricional qv pessoas tratamento oncologico diferentes fases cp metodos estudo_observacional transversal abordagem_quantitativa realizado pessoas doenca oncologica atendidos ambulatorialmente servico cp hospice curitiba dados coletados durante atendimento ambulatorial conjunto medico nutricionista coletados dados_demograficos clinicos antropometricos aplicado teste qualidade_vida qlq c15 pal avaliacao_subjetiva_global produzida proprio paciente asg ppp percentual perda_peso pp avaliacao estado_nutricional avaliacao funcionalidade eastern cooperative oncology group ecog questionario sintomas impacto nutricional pessoas classificadas 3 fases ambulatoriais definidas hospice fase 1 doenca avancada fase 2 terminalidade fase 3 final vida resultados estudo incluiu 98 pessoas diagnostico oncologico diferentes fases cp maioria participantes idosa 75 5 sexo_feminino 55 1 tumores gastrointestinais 31 6 fase terminalidade fase 2 prevalente 80 6 participantes declinio funcional observado conforme avanco fases 66 6 pessoas fase final vida fase 3 classificadas dificuldade realizar autocuidado principais sintomas encontrados dor 53 anorexia 48 9 nauseas 31 6 constipacao 29 5 sintomas dor constipacao sintomas pioraram longo fases estado_nutricional prejudicado 38 2 pessoas avaliadas asg ppp 35 2 avaliados pp maior 10 6 meses correlacao estado_nutricional fases cp significativa demonstrando ambas fases 1 2 3 individuos apresentavam estado_nutricional prejudicado relacao processo adoecimento correlacao qv fases cp apenas escala fisica sintomas fadiga dor correlacao significativa p<0 005 processo adoecimento achados evidenciam individuos apresentavam piora dor declinio funcional avanco fases cp associacao significativa p<0 005 estado_nutricional qualidade_vida conclusao qv relacionada en pessoas doenca oncologica cp en prejudicado todo processo adoecimento demostrando necessidade atendimento nutricional todas fases cp sintomas comuns dor anorexia nauseas constipacao podem ser manejados contribuir melhora en,4831
39,"qualidade_vida, qvrs, disfagia, whoqol, sintomas",introducao cancer cabeca pescoco ccp acomete regioes diretamente relacionadas trato digestivo ocasionando ingestao_alimentar inadequada consistentemente relacionado sintomas impacto nutricional sin sin intensificam reducao consumo_alimentar afeta estado_nutricional objetivo analisar severidade sin interferencia ingestao oral estado_nutricional individuos pre tratamento ccp centro referencia oncologia grande vitoria es brasil metodo trata estudo pacientes ccp hospital referencia oncologia regiao metropolitana vitoria aplicou questionario contendo variaveis sociodemograficas clinicas habitos vida alteracao alimentar realizou avaliacao_antropometrica triagem risco_nutricional meio nrs 2002 rastreio sin head and neck patient symptom checklist hnsc analise estatistica utilizou software r 4 3 1 windows nivel significancia 5 resultados participaram estudo 132 individuos regressao_linear_multipla observou cancer localizado laringe p=0 031 possui estimativa reducao 6 67 pontos escore sin comparados localizacao cavidade oral relacao tabagismo individuos ex fumantes p=0 019 possuem estimativa reducao 5 87 pontos escore sin comparados fumantes risco_nutricional p=0 009 possuem estimativa acrescimo 6 15 pontos escore total sin comparados apresentaram risco_nutricional estado_nutricional observou cada 1 ponto escore gravidade interferencia ingestao oral sin estimou reducao 3 3 kg m² imc 3 0 cm perimetro panturrilha pp conclusao localizacao tumor tabagismo presenca risco_nutricional influenciam quantidade severidade sin medida aumenta escore gravidade interferencia ingestao oral sin reducao tanto imc quanto pp inferindo deplecao estado_nutricional estrategias melhoria estado_nutricional controle tabagismo importantes reducao sintomas melhoria qualidade_vida desses pacientes,5069
39,"qualidade_vida, qvrs, disfagia, whoqol, sintomas",objetivo avaliar qualidade_vida sobrecarga cuidadores pacientes pediatricos diagnosticados encefalopatia cronica evolutiva ecne metodos estudo_observacional transversal conduzido ambulatorio referencia terapia nutricional amostra conveniencia cuidadores pacientes pediatricos ecne junho 2022 dezembro 2023 aprovado comite etica pesquisa universidade federal paulo coletados dados_demograficos comportamentais nutricionais pacientes alem caracteristicas sociodemograficas cuidadores classificacao motora realizada utilizando gmfcs qualidade_vida sobrecarga avaliadas meio instrumentos whoqol bref burden interview variancias medianas intervalos interquartis valores maximos minimos questionarios dominios fatores descritos coeficientes correlacao_spearman whoqol bref burden interview estimados expressos matriz correlacao resultados participaram 80 pares cuidadores pacientes pediatricos ecne cuidadores predominantemente maes 92 5 mediana idade 34 anos iqq 27 0 41 0 dedicando exclusivamente cuidado 77 5 pacientes 60 sexo_masculino mediana idade 7 anos 4 00 9 25 55 apresentavam desnutricao qualidade_vida whoqol bref media 46 75 + 15 4 enquanto sobrecarga burden interview registrou media 45 7 + 13 3 66 3 cuidadores classificados sobrecarga grave intensa correlacao negativa whoqol bref burden interview 0 514 p<0 001 estudo apresenta algumas limitacoes devido homogeneidade amostra composta cuidadores ambulatorio referencia pode limitar generalizacao resultados conclusao homogeneidade populacao estudada acarretou limitacao analises dados grave comprometimento qualidade_vida sobrecarga cuidadores evidenciados neste estudo deve promover maior empatia acessibilidade respeito direitos cuidadores ressaltando importancia suporte social desenvolvimento pacientes familias,5150
40,"chia, brs, sorgo, feijao, biodisponibilidade",deficiencia ferro fe deficiencia nutrientes prevalente afetando cerca 40 populacao mundial particularmente mulheres criancas paises desenvolvimento culturas alimentos basicos biofortificados tornado ferramenta eficaz reduzir deficiencia fe feijao comum phaseolus vulgaris l culturas alvo programa biofortificacao vez exibe variabilidade genetica suficiente concentracao ferro processo biofortificacao tese objetivo avaliar biodisponibilidade ferro in vitro in vivo feijoes biofortificados fe comparacao feijoes convencionais efeito sobre microbiota_intestinal funcao intestinal in vivo utilizados diferentes genotipos feijoes biofortificados fe feijoes convencionais feijoes cozidos panela pressao convencional 40 minutos utilizando agua deionizada secos estufa ar 17 horas 60oc moidos moinho inox 090 cft 3000 rpm armazenados 12 °c inicialmente avaliou efeito administracao intra amniotica prebioticos extraidos feijoes sobre expressao_genica proteinas relacionadas metabolismo ferro membrana borda escova bbm sobre populacao bacteriana intestinal modelo aves gallus gallus manuscrito 2 testados oito grupos experimentais controle negativo injetado 18mw h2o 40mg ml inulina 50 mg ml brs perola convencional carioca 50 mg ml brs cometa biofortificado carioca 50 mg ml brs esteio convencional preto 50 mg ml smn 39 biofortificado preto 50 mg ml brs artico convencional branco expressao_genica proteinas relacionadas ferro realizada rt qpcr abundancia bacterias avaliada pcr grupos feijao carioca apresentaram aumento p<0 05 abundancia relativa bifidobacterias lactobacilos relacao convencionais expressao_genica proteina transportadora zinco 1 znt1 ferroportina fnp amino peptidase ap apresentou aumentada p<0 05 grupo brs cometa biofortificado carioca segundo estudo manuscrito 3 objetivou avaliar biodisponibilidade fe in vitro diferentes genotipos feijao biofortificados fe feijoes convencionais sozinhos combinacao outras culturas alimentares basicas genotipos feijao utilizados neste estudo brs perola brs cometa brs esteio smn39 proporcoes alimentares utilizadas baseadas consumo_alimentar populacao brasileira analise polifenol realizada uplc ms concentracao ferro analisada icp aes concentracao fitato avaliada utilizando kit magazyme biodisponibilidade fe in vitro avaliada usando celulas caco 2 feijoes biofortificados brs cometa smn39 apresentaram maior p<0 05 concentracao ferro relacao convencionais brs perola brs esteio feijoes pretos brs esteio smn39 apresentaram maior p<0 05 concentracao miricetina 3 glicosideo quercetina 3 glicosideo relacao feijoes cariocas enquanto feijao carioca brs cometa brs perola apresentou maior p<0 05 concentracao 3 glucoside kaempferol epicatequina catequina comparacao feijoes pretos alem disso ambos feijoes cariocas apresentaram maior biodisponibilidade ferro p <0 05 relacao feijoes pretos combinacao feijao outros alimentos basicos aumentou p<0 05 biodisponibilidade ferro feijoes carioca preto excecao feijao preto convencional brs esteio terceiro estudo manuscrito 4 realizado experimento 6 semanas modelo aves gallus gallus n = 15 objetivo investigar estado_nutricional fe alteracoes microbioma intestinal apos ingestao feijao carioca biofortificado fe bc comparacao feijao carioca convencional sc dietas testadas elaboradas base consumo_alimentar populacao brasileira dois resultados primarios observados 1 aumento significativo valores hb fe total organismo grupo recebeu dieta base feijao carioca biofortificado 2 alteracoes composicao funcao microbioma intestinal especificamente mudancas significativas diversidade filogenetica grupos tratamento pois aumento abundancia bacterias relacionadas catabolismo compostos_fenolicos aumento abundancia bacterias beneficas produtoras acidos_graxos_cadeia_curta grupo bc apresentou maior altura vilosidades intestinais relacao grupo sc maneira geral resultados demonstram feijoes biofortificados preto carioca apresentaram maior concentracao ferro relacao feijao convencional feijao preto apresentou maior teor polifenois inibidores absorcao ferro assim feijao carioca apresentou maior biodisponibilidade ferro relacao feijao preto in vitro combinacao feijao outros alimentos basicos aumentou biodisponibilidade ferro in vitro resultados in vivo gallus gallus demonstraram variedade feijao carioca biofortificado capaz melhorar moderadamente fe afetar positivamente funcao intestinal composicao microbiota_intestinal modo geral feijao brs cometa carioca apresentou melhores resultados in vitro in vivo sendo capaz melhorar estado_nutricional ferro afetando positivamente funcionalidade intestinal populacao bacteriana assim feijao carioca biofortificado pode ser considerado veiculo promissor biofortificacao ferro,2610
40,"chia, brs, sorgo, feijao, biodisponibilidade",aumento doencas_cronicas_transmissiveis relacionadas ma nutricao demanda exploracao fontes alternativas aquisicao habitos_alimentares_saudaveis neste contexto sorgo apresenta possibilidade consumo cereais convencionais funcao elevada concentracao compostos_fenolicos exemplo acidos fenolicos antocianinas taninos alem conteudo fibra_alimentar entanto viabilizacao consumo cereais humanos exige materia prima passe exposicao algum tipo processamento termico pode resultar alteracoes biodisponibilidade nutrientes compostos_bioativos presente trabalho objetivo avaliar atividade_antioxidante qualidade proteica potencial funcional genotipos sorgo submetidos processamentos termicos realizados tres experimentos primeiro avaliou atividade_antioxidante concentracao fenolicos totais taninos fitato farinhas cruas fsc farinhas graos submetidos tratamento termico estufa 150oc 15 min fstt produto extrusado oito genotipos sorgo tratamento termico estufa aumentou concentracao fenolicos totais manteve atividade_antioxidante concentracoes tanino fitato enquanto extrusao favoreceu reducao atividade_antioxidante taninos relacao farinha sorgo crua segundo experimento avaliou qualidade proteica in vivo fsc fstt genotipos sorgo brs 305 brs 309 brs 310 selecionados partir primeiro experimento funcao elevada atividade_antioxidante diferenca pigmentacao pericarpo diferenca cea grupos experimentais p>0 05 fstt genotipo brs 309 apresentou valores per npr superiores fsc desse genotipo fsc fstt brs 305 p 0 05 diferiu fsc fstt genotipo brs 310 p>0 05 observado efeito tratamento termico sobre digestibilidade verdadeira fsc fstt tres genotipos p>0 05 lisina primeiro aminoacido limitante tres fstt brs 305 fstt apresentou menor valor pdcaas protein digestibilty corrected amino acid score p 0 05 sendo semelhante brs 309 fstt brs 310 fstt p>0 05 tratamento termico melhorou qualidade proteica genotipo brs 309 entanto demais genotipos diferenca terceiro experimento avaliada resposta inflamacao estresse_oxidativo morfologia intestinal parametros_bioquimicos dietas hiperlipidicas adicionados genotipos sorgo ratos_wistar adultos animais alimentados durante 4 semanas dieta ain 93m hiperlipidica controle adicionadas sorgo brs 305 dhs 305 brs 309 dhs 309 brs 310 dhs 310 atividade_antioxidante antocianinas totais diferiram genotipos sorgo p 0 05 entretanto fenolicos totais taninos condensados luteolinidina apigeninidina maiores genotipo brs 305 p<0 05 consumo grupo ain 93m maior grupos dhc dhs 305 dhs 310 p<0 05 consumo_calorico peso final ganho_peso corporeo gordura epididimal coeficiente eficiencia alimentar diferiram grupos experimentais p 0 05 concentracoes bioquimicas superoxido_dismutase semelhantes p 0 05 grupo dhs 310 apresentou menores concentracoes malondialdeido tnf p<0 05 altura vilosidades dhc dhs 305 dhs 309 dhs 310 diferiram p 0 05 tendo vista manutencao elevada atividade_antioxidante frente exposicao tratamento termico estufa melhores indicadores indices biologicos qualidade proteica manutencao morfologia intestinal alem reducao inflamacao subclinica estresse_oxidativo pode inferir genotipo brs 310 possui composicao_quimica nutricional favoravel consumo humano,140
40,"chia, brs, sorgo, feijao, biodisponibilidade",objetivo analisar composicao_quimica centesimal aspectos nutricionais potencial_antioxidante feijoes phaseolus vulgaris l brasileiros in_natura impacto esterilizacao alta pressao autoclave nestes feijoes material metodos estudadas sete cultivares feijoes brasileiros incluindo tres cultivares carioca brs ametista brs notavel perola preto brs esplendor tres especiais brs pitanga brs executivo jalo precoce graos in_natura caracterizados quanto composicao_quimica parcial aspectos nutricionais feijoes previamente macerados esterilizados alta pressao hidrostatica eap autoclave estudados compostos_fenolicos totais atividade_antioxidante atividade inibidor tripsina digestibilidade proteica in vitro conteudos rafinose estaquiose medias analisadas teste anova one way two way comparadas teste_tukey p<0 05 realizado teste correlacao_pearson teor_compostos_fenolicos atividade_antioxidante resultados todas cultivares mostraram aminoacidos limitantes sulfurados metionina cistina cultivar perola apresentou maior quantidade inibidor tripsina feijao in_natura 9 22 uit mg amostra valores minimos maximos oligossacarideos totais feijoes in_natura 3 30 g 100 1 perola 4 54 g 100 1 jalo precoce ambos tratamentos ocasionaram desnaturacao inibidor tripsina aumento digestibilidade proteica p<0 05 brs esplendor autoclavada apresentou reducao 44 oligossacarideos sendo eap maiores perdas cultivar perola 31 dois tratamentos ocorreu reducao p<0 05 compostos_fenolicos totais consequentemente atividade_antioxidante relacao feijoes in_natura cultivar executivo apresentou menores perdas compostos_fenolicos totais 15 38 dois tipos processamentos atividade_antioxidante apresentou maior preservacao brs esplendor autoclavada 29 57 mol trolox g brs ametista eap 26 20 mol trolox g conclusao cultivares estudadas similares relacao valor nutritivo considerando escore quimico apresentado sendo jalo precoce destacou relacao digestibilidade proteica cultivares ametista notavel jalo precoce mostraram teores elevados fibra_alimentar ambos processamentos ocorreu reducao compostos_fenolicos atividade_antioxidante bem aumento digestibilidade proteina in vitro dois tratamentos eficientes inativar inibidores tripsina autoclave efetiva conservacao compostos_fenolicos atividade_antioxidante condicoes estudo,1330
41,"encapsulacao, nanoparticulas, microparticulas, particulas, ftir",camarao cinza litopenaeus vannamei especies marinhas grande importancia economica beneficiamento produz residuos descartados meio_ambiente nesses residuos presenca compostos_bioativos astaxantina principal carotenoide encontrado camarao apresenta elevado potencial_antioxidante entretanto estabilidade funcionalidade carotenoide perdida durante etapas processamento armazenamento alimentos encapsulacao tecnica efetiva promover protecao compostos_bioativos astaxantina trabalho objetivo encapsular oleo pigmentado astaxantina obtida partir farinha residuo camarao visando melhorar solubilidade potencial_antioxidante tecnica encapsulacao utilizada emulsificacao oleo agua empregando gelatina suina proteina soja agentes encapsulantes tween 20 tensoativo formulacoes desenvolvidas oleo pigmentado astaxantina encapsulado gelatina suina eag oleo pigmentado astaxantina encapsulado proteina soja eas oleo pigmentado astaxantina encapsulado gelatina suina proteina soja proporcao 2 2 p p eags 2 2 proporcao 3 1 p p eags 3 1 caracterizacao particulas realizada microscopia eletronica varredura mev espalhamento dinamico luz dinamico dls difracao raio x drx espectroscopia infravermelho transformada fourier ftir potencial zeta pz dispersao agua eficiencia incorporacao ei oleo astaxantina encapsulados determinacao atividade_antioxidante realizados testes capacidade_antioxidante_total cat quelacao ions ferro formulacao eas apresentou extravasamento oleo seguiu etapas caracterizacao demais formulacoes apresentaram formato esferico superficie lisa base micrografias medias tamanho particula dls iguais 159 68 14 42 nm eag 192 72 10 44 nm eags 2 2 95 41 17 83 nm eags 3 1 encapsulados apresentaram estrutura amorfa base drx ftir observou acentuacao bandas estiramento h c h 3314 cm 1 3291cm 1 3318cm 1 eag eags 2 2 eags 3 1 respectivamente revelando interacoes quimicas oleo pigmentado astaxantina materiais utilizados ei oleo 89 20 0 31 eag 87 60 0 13 eags 2 2 89 10 0 30 eags 3 1 onde amostras eag eags 3 1 apresentaram diferenca significativa p > 0 05 percentual astaxantina incorporado encapsulados aproximadamente 68 dispersibilidade agua apresentou valores torno 50 determinacao potencial_antioxidante indicou todas formulacoes apresentaram efeito preservar potencializar atividade_antioxidante oleo destaque eags3 1 aumentou quase tres vezes potencial_antioxidante ensaios realizados portanto materiais parede gelatina suina combinacao proteina soja eficazes encapsulacao oleo pigmentado astaxantina visto aprisionaram oleo aumentaram solubilidade potencial_antioxidante caracteristicas viabilizam incorporacao matriz alimentar,4934
41,"encapsulacao, nanoparticulas, microparticulas, particulas, ftir",objetivou produzir caracterizar extrato rico carotenoides polpa melao cantaloupe encapsulado gelatina suina egs proteinas concentrada epc isolada epi soro_leite avaliar solubilidade agua estabilidade cor iogurte realizada determinacao carotenoides_totais espectrofotometria uv visivel caroteno cromatografia_liquida ultra eficiencia encapsulacao ocorreu dupla emulsao particulas caracterizadas difracao laser potencial zeta pz microscopia eletronica varredura mev difracao raio x drx espectrofotometria infravermelho transformada fourier ftir avaliadas quanto eficiencia incorporacao ei solubilidade agua estabilidade cor iogurte cielab cromatografia indicou 40 g 0 02 caroteno g polpa melao tamanho medio particula indice polidispersao obtidos egs indicaram presenca material homogeneo escala nanometrica 59 3 2 60 nm 0 3 0 04 resultados obtidos pz 21 2 0 10 mv 10 8 0 55 mv 14 2 0 25 mv respectivamente egs epi epc mev mostrou particulas superficie lisa todos grupos avaliados porem somente egs apresentou tamanhos homogeneos todos difratogramas obtidos revelaram estruturas amorfas ftir mostrou principalmente egs epc novas bandas observadas materiais isolados indicando novas interacoes quimicas eficiencias incorporacao obtidas egs epc epi respectivamente 90 7 39 77 8 65 58 5 0 71 egs apresentou solubilidade tres vezes maior 0 073mg ml 0 007 comparada extrato bruto 0 0263mg ml 0 003 sendo portanto utilizado estudo estabilidade iogurte adicionado egs apresentou diferenca significativa p>0 05 nenhum indices cor avaliados longo 60 dias armazenamento contrario adicionado extrato bruto p<0 05 encapsulacao gelatina suina estrategia promissora encapsulamento carotenoides visando ampliar potencial aplicacao alimentos,2328
41,"encapsulacao, nanoparticulas, microparticulas, particulas, ftir",estudos comprovam inibidor tripsina isolado sementes tamarindo tamarindus indica l itt apresenta acao sacietogenica anti inflamatoria modelo experimental base nisso visando aumentar eficiencia estabilidade atividade antitriptica presente estudo investigou efeito quitosana purificada conjugacao desta proteina soro_leite isolada incorporacao itt inibidor extraido sementes tamarindo isolado meio cromatografia afinidade tripsina sepharose encapsulamento utilizada tecnica nanoprecipitacao solvente organico agentes encapsulantes avaliados quitosana proteina leite isolada combinacao ambos respectivamente proporcoes itt agente encapsulante 1 4 1 4 1 2 2 p p particulas obtidas avaliadas quanto eficiencia incorporacao caracterizadas diferentes metodos fisico quimicos determinacao quantidade mg inibidor reduz atividade tripsina 50 ic50 estabilidade diferentes temperaturas 40 60 80 100°c ph 2 3 6 8 relacao eficiencia incorporacao diferenca estatistica formulacoes avaliadas p>0 05 micrografias encapsulados mostrou formacao particulas esfericas superficie lisa excecao daquele base quitosana observadas particulas formato esferico superficies repletas depressoes espectroscopias forneceram indicativo encapsulamento itt tres materiais parede estudados difratogramas apontaram todos encapsulados apresentaram estrutura amorfa encapsulacao proteina leite isolada quitosana combinacao materiais parede promoveram reducao ic50 respectivamente sendo iguais 0 18 mg 0 04 mg 0 05 mg comparacao 0 21 mg itt comprovado ser acao inibidor considerando materiais parede apresentaram atividade antitriptica relacao estabilidade apenas particulas base combinacao quitosana proteina leite isolada preservaram atividade antitriptica inibidor 80°c todos phs avaliados assim eq assim pode concluir combinacao agentes encapsulantes estrategia extrema importancia aprimorar funcao estabilidade inibidor tripsina tamarindo,2330
42,"oleo_peixe, capsulas, suplementacao, efeitos_suplementacao, placebo",neoplasias hematologicas grupo heterogeneo doencas malignas incluem leucemias linfomas tratamento inclui ciclos quimioterapia outras abordagens assim pacientes comumente acometidos efeitos colaterais farmacos utilizados dentre aspectos clinicos podem ser negativamente alterados nestes pacientes estado_nutricional pode ser prejudicado forma significativa razoes ligadas diminuicao ingestao_alimentar efeitos mediadores inflamatorios diretos farmacos sobre comportamento fisiologia individuo estudos sugerem lipidios contendo acidos_graxos docosaexaenoico dha eicosapentaenoico epa podem potencialmente modular efeitos deleterios quimioterapia atuando positivamente estado_inflamatorio nutricional pacientes diferentes neoplasias neste contexto objetivo deste estudo avaliar efeito suplementacao oleo_peixe durante nove semanas sobre parametros estado_nutricional inflamatorio pacientes neoplasias hematologicas malignas vinte dois pacientes diagnostico recente leucemias linfomas atendidos hospital_universitario professor polydoro ernani thiago hu orientados quimioterapia randomizados grupo suplementado gns n=13 grupo suplementado gs 2g dia oleo_peixe n=9 durante nove semanas avaliados estado_nutricional marcadores_inflamatorios proteinas fase aguda citocinas proporcao acidos_graxos plasmaticos dois momentos antes t0 termino nove semanas t1 dentre parametros_antropometricos peso_corporal pacientes gns diminuiu aproximadamente 2 5 kg vs 0 1 kg gs proteina_c_reativa pcr mostrou reducao maior gs p<0 05 neste grupo risco inflamatorio nutricional refletido relacao pcr albumina reduziu maior amplitude observadas diferencas significativas grupos sobre citocinas plasmaticas estado_nutricional p>0 05 entretanto resultados oferecem informacoes clinicas importantes sobre caracteristicas prognosticas estado_nutricional proporcao plasmatica epa aumentou significativamente gs p<0 01 tendencia incremento dha p=0 07 utilizando 2g dia oleo_peixe pacientes neoplasias hematologicas apresentaram leve atenuacao reducao peso_corporal diminuicao pronunciada concentracoes sericas pcr reducao pronunciada risco inflamatorio nutricional refletido relacao pcr albumina parametros apontam melhora estado_inflamatorio nutricional individuos neoplasias hematologicas suplementados oleo_peixe,1051
42,"oleo_peixe, capsulas, suplementacao, efeitos_suplementacao, placebo",celulas mediadores inflamatorios componentes essenciais microambiente tumoral inflamacao cancer sustentada producao citocinas quimiocinas celulas imunes tumorais estroma partir ativacao fatores transcricao nestas mesmas celulas resposta estimulos iniciacao promocao tumoral ainda controle progressao doenca quimio radioterapia citocinas il 1 il_6 il 8 il_10 tnf apresentam papel bem definido inflamacao valores elevados cancer colorretal ccr comparados individuos saudaveis entretanto possui clareza quanto provavel papel il 17a possa exercer inflamacao relacionada cancer valores pcr encontram elevados ccr associam positivamente malignidade doenca pior prognostico clinico acidos_graxos poli_insaturados n 3 agpi n 3 especial acidos_graxos eicosapentaenoico epa docosahexaenoico dha encontrados oleo_peixe podem modular inflamacao relacionada cancer atraves producao metabolitos lipidicos derivados destes apresentam atividade pro resolucao inflamacao sendo assim ensaio_clinico prospectivo controlado randomizado conduzido objetivo verificar existem alteracoes sobre producao mediadores inflamatorios perfil acidos_graxos plasmaticos indicadores estado_nutricional suplementacao 2 g dia oleo_peixe durante nove semanas cancer colorretal pretendeu avaliar efeitos_suplementacao sobre toxicidade quimioterapia onze pacientes_adultos diagnostico histopatologico cancer colorretal atendidos centro pesquisas oncologicas florianopolis cepon sc indicacao tratamento quimioterapico randomizados dois grupos gs suplementado diariamentecom 2 g dia oleo_peixe encapsulado durante nove semanas n=6 b gc controle placebo n=5 citocinas tnf il 1 il_10 il 17a avaliadas elisa pcr metodo turbidimetrico albumina metodo colorimetrico verde bromocresol acidos_graxos plasmaticos cromatografia_liquida alta performance hplc indicadores estado_nutricional antropometria toxicidade quimioterapia relatada entrevista todos desfechos avaliados dia anterior primeira quimioterapia nove semanas tnf il 1 il_10 il 17a assim balanco pro anti_inflamatorio albumina serica alteracoes significativa entres momentos grupos estudo p>0 05 pcr apresentou comportamento inverso grupos reduzindo significativamente valores gs passo elevaram gc gs vs gc 9 semanas p=0 045 relacao pcr albumina indicou aumento risco complicacoes inflamatorias nutricionais gc baixo medio alto risco enquanto permaneceu baixo gs proporcao plasmatica epa dha aumentaram 1 8 1 4 vezes respectivamente enquanto aa reduziu aproximadamente 0 6 vezes suplementacao basal vs 9 semana p<0 05 individuos gstenderam ganhar preservar peso durante quimioterapia suplementacao pareceu exercer influencia sobre relatos clinicos toxicidade quimioterapia resultados evidenciam 2 g dia oleo_peixe durante nove semanas exercem efeitos positivos sobre resposta_inflamatoria sistemica estado_nutricional durante quimioterapia,451
42,"oleo_peixe, capsulas, suplementacao, efeitos_suplementacao, placebo",neoplasias hematologicas grupo doencas malignas representadas principalmente leucemias linfomas tratamento destas neoplasias inclui outras abordagens quimioterapia individuos acometidos poderao sofrer efeitos colaterais decorrencia tratamento assim progressao doenca possivel modulacao acidos_graxos poli_insaturados n 3 agpi n 3 eicosapentaenoico epa docosahexaenoico dha presentes oleo_peixe sobre melhora manutencao estado_nutricional sobre maior eficacia quimioterapia nestes individuos sugere suplementacao deste oleo adjuvante tratamento cancer neste contexto ensaio_clinico controlado randomizado objetivou avaliar impacto suplementacao oleo_peixe sobre estado_nutricional parametros estresse_oxidativo individuos neoplasia hematologica durante tratamento quimioterapico quatorze individuos diagnostico recente leucemias linfomas atendidos hospital_universitario professor polydoro ernani thiago hu orientados quimioterapia randomizados grupo suplementado gns n=9 grupo suplementado gs 2g dia oleo_peixe n=5 durante nove semanas comparar efeitos intervencao momento inicial t0 final t1 utilizados testes mann_whitney analise intergrupos wilcoxon analise intragrupos teste qui2 exato fisher utilizado testar diferencas variaveis dicotomicas caracterizacao todas variaveis continuas testadas simetria teste shapiro_wilk assumindo p<0 05 avaliados carbonilacao proteica plasma atividade enzimatica marcadores lesao celular plasmaticos creatina cinase ck lactato desidrogenase ldh parametros hematologicos dados antropometricos concentracoes sericas proteina_c_reativa albumina dados cromatografia_liquida mostraram 367 mg epa 243 mg dha aumento 2 5 vezes epa 1 9 vezes dha gs 100 individuos apresentaram proporcoes aumentadas destes agpi embora significancia estatistica possivel observar 80 individuos gs apresentaram proporcoes aumentadas proteinas carboniladas apos 9 semanas enquanto gns 55 5 apresentaram aumento gs t0 4 3 0 9 6 3 gs t1 6 6 2 2 7 3 vs gns t0 6 4 1 0 8 3 gns t1 3 7 1 4 10 6 segundo adequacao cmb individuos gs mantiveram eutroficos pode ser observada tendencia p=0 06 incremento sugerindo melhora manutencao estado_nutricional gs t0 90 1 80 0 104 4 gs t1 93 0 86 5 107 6 vs gns t0 89 6 76 4 96 9 gns t1 84 0 78 2 98 7 base relacao pcr albumina gns classificado alto risco complicacoes passou ser classificado medio risco momento final enquanto gs passou alto risco baixo risco apos suplementacao gns t0 3 9 1 2 27 8 gns t1 1 3 0 9 18 5 vs gs t0 12 6 2 2 24 0 gs t1 0 9 0 8 12 3 conclui suplementacao oleo_peixe binomio dose tempo utilizado apresentou efeitos significativos sobre parametros estresse_oxidativo estado_nutricional individuos porem puderam ser observadas pequenas alteracoes contribuem conhecimento existente futuros estudos,1355
43,"polpa, cerrado, tucum, extratos, xique",presente estudo avaliou teor compostos_bioativos capacidade_antioxidante 12 frutos cerrado relacao maca red delicious identificou quantificou alguns compostos_fenolicos presentes fruto apresentou maior teor bioativos capacidade_antioxidante materiais metodos atividade_antioxidante aa extratos aquoso eaq acetato etila eae frutos cerrado araticum annona crassiflora mart baru dipteryx alata cagaita eugenia dysenterica dc cajuzinho anacardium humile st hil guariroba syagrus oleracea inga inga laurina willd jatoba hymenaea stigonocarpa mart jenipapo genipa americana l jurubeba solanum paniculatum l lobeira solanum grandiflorum ruiz pav mangaba hancornia speciosa tucum cerrado bactris setosa mart determinada ensaios capacidade redutora ferro frap sistema 946 caroteno acido linoleico teor antocianinas totais at flavonoides amarelos fa flavanois carotenoides_totais acido_ascorbico aasc determinados ensaios espectrofotometricos partes fruto selecionado casca polpa utilizadas metodologias ainda teor fenolicos totais ft identificacao quantificacao compostos_fenolicos realizadas sistema hplc dad extrato aquoso eaq fracoes acetato etila metanol agua extratos etanolico ee metanolico acidificados resultados araticum tucum apresentaram teor flavanois totais 15 19 vezes superior maca relacao conteudo at tucum apresentou concentracao 35 vezes maior valor obtido maca alto teor at encontrado cajuzinho jurubeba jatoba relacao aa eae tucum apresentou maior valor frap 6 vezes maior valor obtido eae maca enquanto valores frap eae araticum cagaita cajuzinho lobeira 2 vezes superiores eae maca eaq tucum araticum obtiveram maiores valores frap seguidos cagaita cajuzinho jurubeba mangaba ensaio oxidacao 946 caroteno eaq tucum apresentou segunda maior aa 6 vezes maior maca seguido eaq araticum cagaita amendoa baru mangaba jurubeba apenas tucum mangaba valores superiores maca sistema 946 caroteno eae relacao estudo envolvendo casca polpa tucum obtido alto teor ft flavonois at fa casca fruto 112 14 264 64 vezes maior casca comparados polpa respectivamente eaq ee casca tucum apresentaram maior aa comparados polpa flavonoides identificados extratos casca tucum flavanol catequina flavonois quercetina rutina acidos fenolicos galico ferulico cafeico antocianinas cianidina conclusao resultados sugerem fenolicos representam principais compostos_bioativos frutos cerrado particularmente frutos araticum cagaita lobeira tucum cajuzinho jurubeba mangaba possuem alto teor bioativos alta capacidade_antioxidante capacidade_antioxidante conteudo compostos_bioativos tucum cerrado associados principalmente casca sendo catequina antocianinas acido galico rutina principais compostos_fenolicos identificados,554
43,"polpa, cerrado, tucum, extratos, xique",grumixama eugenia brasiliensis lam fruta pertencente familia myrtaceae fonte fitoquimicos importantes compostos_fenolicos flavonoides antocianinas apresentam quantidades variaveis conforme estadio maturacao compostos apresentam atividades biologicas importantes desde bioacessiveis apos processo fisiologico digestao objetivos deste estudo caracterizar propriedades fisico quimicas fracoes fruto grumixama semente polpa casca avaliar conteudo compostos_fenolicos tpc flavonoides tfc antocianinas tac atividade_antioxidante dpph abts frap antes apos digestibilidade in vitro frutos colhidos municipio jose pinhais parana separados maduro m semimaduro s fracionados semente s polpa casca p macronutrientes proteina lipideo carboidrato fibras acucares redutores minerais cor toxicidade frente artemia salina avaliados fracoes liofilizadas quantificacao compostos_fenolicos flavonoides realizada hplc bioacessibilidade bioativos tpc tfc tac atividade_antioxidante dpph abts frap aferida apos digestibilidade in vitro maiores conteudos acucares redutores fibras insoluveis l tfc miricetina quercetina acido cinamico atividade_antioxidante verificados fracao s destaque fibras soluveis carboidratos cinzas fracao s madura sm lipideos tfc s semimadura ss fracao p madura pm superior acucares redutores fibras soluveis carboidratos tac enquanto semimadura ps fibras insoluveis tpc conteudo minerais ca k mn ba s maior ps ambas fontes fracoes apresentaram toxicidade compostos_bioativos atividade_antioxidante grumixama diminuiram apos digestao in vitro bioacessibilidade tpc fracao p superior 50 fase gastrica 20 fase intestinal resultados sugerem grumixama pode contribuir soberania seguranca_alimentar_nutricional populacoes regionais fracoes liofilizadas fruto perfazer subproduto promissor uso industria alimenticia farmaceutica,4043
43,"polpa, cerrado, tucum, extratos, xique",jacaratia spinosa aubl dc conhecido jaracatia planta nativa mata atlantica reconhecida importancia equilibrio ecossistema biodiversidade aproveitamento jaracatia derivados introduz possibilidade retorno economico social ambiental desta forma presente estudo objetivo estudo caracteristicas fisicas fisicoquimicas fitoquimicas biologicas possivelmente toxicologicas fruto tanto coletados frutos fazenda bimini km7 pr170 cidade rolandia  pr transportados laboratorio tecnologia alimentos departamento nutricao ufpr frutos classificados conforme estadio maturacao estadio verde completamente verde estadio pintado apresentando menos 30 coloracao amarela maduro menos 75 casca apresentando coloracao laranja cem frutos 5 kg maduros selecionados aleatoriamente analise fisica quintuplicata frutos descascados partes separadas casca sementes polpa conforme estadio maturacao encaminhadas realizacao analises fisico quimicas in_natura posteriormente polpa madura congelada liofilizada encaminhada extracao etanol absoluto cetona solucao hidroalcoolica 70 sendo todos extratos fracionados solventes polaridade crescente hexano cloroformio acetato etila extratos fracoes submetidos analises avaliacao atividade biologica dpph fosfomolibdenio doseamento polifenois toxicidade frente artemia salina hemolise analises umidade cinzas ph acidez acucares totais lipideos fibras proteinas solidos_soluveis_totais resultados tratados estatisticamente anova teste duncan nivel 5 programa spss R versao 20 0 jaracatia possui media 45g 5 8 cm comprimento 3 7 cm diametro sendo peso polpa proporcional 38 6 casca 25 14 sementes 19 14 peso total fruta polpa jaracatia estadio maduro possui 80 umidade 1 21 cinzas ph 4 46 teor acucares 9 3 conteudo proteico alto 3 1 teor fibras_alimentares 4 11 bem quantidade consideravel carotenoides valor energetico fruto calculado obtendo 51 5 kcal g polpa madura resultados indicam fruto fonte fibras estadio maturacao influencia significativamente composicao centesimal polpa casca jaracatia inclusive teor carotenoides dessa forma separacao frutos segundo grau amadurecimento torna fator importante diante definicao uso processamento fruto estudo fitoquimico revela presenca esteroides glicosados fruto possui atividade_antioxidante classificado fruto medio conteudo fenolicos totais teste toxicidade apresenta capacidade hemolitica eritrocitos confirmando toxicidade preliminar fruto,1180
44,"mcf, ecv, propolis, cancer_mama, ccr",atualmente cancer_mama representa neoplasia maligna comum mulheres produtos finais glicacao avancada ages ingles advanced glycation end products precursores formacao substancias glioxal metilglioxal 3 deoxiglicosona obtidas exogenamente meio alimentos ricos aminoacidos acucares submetidos elevadas temperaturas podem ser gerados endogenamente meio hiperglicemia persistente vias alta utilizacao glicose metabolismo celulas cancerosas precursores ages deleterios celulas saudaveis celulas cancerigenas razao celulas otimizam sistema enzimatico detoxificacao destes compostos conhecido sistema glioxalase requer glutationa reduzida gsh cofator acao primeira enzima sistema glioxalase 1 glo1 compostos_bioativos alimentos cbas resveratrol curcumina piperina sido associados efeitos quimioterapicos quimiopreventivos poderao influenciar via formacao detoxificacao ages celulas cancer objetivo deste trabalho estudar efeitos resveratrol curcumina piperina sobre sistema glioxalase acao destes compostos precursores ages celulas adenocarcinoma mamario humano mcf 7 tanto resveratrol quanto curcumina piperina reduziram viabilidade celulas mcf 7 meio ensaio mtt gerando valores ic50 respectivamente iguais 131 m 24 5 m 94 5 m 24 horas tratamento 83 9 m 11 4 m 38 3 m 48 horas tratamento dados confirmados ensaio azul tripan metilglioxal glioxal geraram ic50 24 horas tratamento igual 2 8 mm valor aumentado pode associar melhora capacidade detoxificacao destes compostos sistema glioxalase linhagem mcf 7 3 deoxiglicosona demonstrou citotoxica mcf 7 neste trabalho tratar mcf 7 valores ic50 cada cba observamos geraram prejuizo sobre potencial membrana mitocondrial alteracao pode indicar dano mitocondrial formacao especies reaitivas oxigenio eros pre incubar celulas antioxidantes gsh n acetilcisteina nac observamos ambos geram efeitos protecao mcf 7 efeito citotoxico cbas ainda observado tratamento cbas isolados diminui atividade glo1 queda dose dependente celulas pre tratadas gsh queda enzima protegida grupos tratados resveratrol curcumina piperina curcumina diminuiu expressao glo1 avaliacao liberacao lactato produto final via glioxalase observamos liberacao prejudicada grupos tratados cbas podemos associar dado efeito deleterio cbas mitocondria mcf 7 avaliacao citotoxicidade combinacao cbas mcf 7 observado tratamento curcumina resveratrol curcumina piperina resveratrol piperina gerou efeito sinergico citotoxicidade utilizacao meio concentrado glicose alterou efeito isolado cbas mcf 7 resultados obtidos cultura celulas indicam potencial pesquisa clinica subsidiar uso agentes adjuvantes durante terapia cancer_mama cbas,1385
44,"mcf, ecv, propolis, cancer_mama, ccr",segunda principal causa morte todo mundo cancer representa importante problema saude_publica cancer primario figado frequentemente carcinoma hepatocelular chc costuma ter diagnostico tardio resultando opcoes terapeuticas limitadas doxorrubicina dox cisplatina cis agentes quimioterapicos empregados varios tipos tumores incluindo chc porem mecanismos acao associados desenvolvimento diversos efeitos colaterais danos cardiacos renais hepaticos ultimos anos avancos estrategias tratamento cancer abrangem utilizacao agentes quimiopreventivos alimentares extrato cha_verde ecv derivado bebidas consumidas mundo associado menor risco desenvolvimento cancer efeito benefico ampliado combinacao componentes bioativos matriz alimentar estudos anteriores descreveram propriedades antitumorais ecv capacidade protecao contra efeitos adversos quimioterapicos estudo objetivo contribuir compreensao papel ecv associacao agentes quimioterapicos dox cis tratamento chc utilizando linhagens celulares hep3b hepg2 celulas chc celulas tumorais hek293 tratadas ecv diferentes concentracoes 31 2 g ml 4000 g ml 24 48 dox 3 7 g ml 240 g ml cis 0 9 g ml 60 g ml 24 horas partir dessas analises calculamos indice seletividade 3 tratamentos seguida avaliamos co tratamento ecv associada dox cis 24 horas analisamos incubacao previa ecv 24 horas seguida tratamento dox resultados indicam ecv exerce efeito citotoxico dependente dose tempo celulas chc entanto ecv exibe acao citotoxica comparavel celulas tumorais hek293 evidenciando baixa seletividade celulas tumorais associacao ecv cis promoveu efeito aparentemente antagonico combinacao dox ecv potencializou citotoxicidade outro lado pre tratamento ecv seguido dox demonstrou resultados positivos relacao ecv sozinho sugerindo potencial pre incubacao quimioterapico entretanto necessarias investigacoes adicionais compreender forma abrangente efeitos observados incluindo outras linhagens celulares tumorais,4429
44,"mcf, ecv, propolis, cancer_mama, ccr",pesquisa novas substancias antineoplasicas partir produtos naturais mostra cada vez importantes combate cancer cancer_mama substancias bioativas sido testadas agentes anticancerigenos apresentando diversos alvos moleculares baixa toxicidade alem exibir efeitos sinergicos combinacao quimioterapicos oxiresveratrol orv curcumina cur fitoquimicos encontratos amora acafrao respectivamente apresentam diversos efeitos biologicos acao antiinflamatoria anticancer entanto possiveis mecanismos acao bem efeitos combinados quimioterapicos cancer_mama ainda completamente elucidados objetivo deste estudo investigar efeitos desses fitoquimicos isolados combinados quimioterapicos doxorrubicina dox melfalano mel modelos cancer_mama humano murino resultados demonstraram orv apresentou efeitos citotoxicos linhagens celulas cancer_mama murino 67nr 4t1 tanto orv cur apresentaram citotoxicidade celulas cancer_mama humano mcf 7 mda mb 231 exibindo seletividade celulas tumorais orv apresentou sinergismo quimioterapicos dox mel cur aumentou citotoxicidade mel apos combinacao duas substancias fitoquimicos isolados combinados apresentaram alteracoes unidades colonicas producao especies_reativas_oxigenio modificaram ciclo celular principalmente fases sub g0 g1 g0 g1 aumentaram numero celulas apoptose necrose apoptose tardia analises imunocitoquimica demonstraram orv cur combinadas quimioterapicos aumentaram niveis caspases 3 7 8 9 celulas tumorais mama humano alem disso utilizando modelo in vivo camundongos femeas balb c inoculadas celulas 67nr tratamento orv reduziu tamanho peso tumores mama alterou niveis proteinas relacionadas migracao celular mmp 1 caveolina 1 diminuiu niveis proteinas relacionadas proliferacao celular angiogenese imunidade antitumoral ki 67 brac 1 nf kb egfr vegf tgf 1 pd l1 resumo resultados demosntraram efeitos anticancer mama in vitro orv cur associacoes agentes quimioterapicos alem efeitos orv cancer_mama in vivo sugere fitoquimicos podem ser considerados promissores candidatos futuros ensaios pre clinicos clinicos,5009
45,"seguranca_alimentos, manipuladores, manipuladores_alimentos, boas, contaminacao",alimento seguro causara dano consumidor consumido desta forma monitoramento boas praticas higiene fundamental garantir qualidade sanitaria seguranca_alimentos servidos populacao evitar doencas causadas micro organismos patogenicos origem alimentar objetivo desse estudo avaliar qualidade praticas higiene tres restaurantes universidade publica atraves monitoramento microbiologico metodo contato swab conforme recomendado american public health association apha superficies previamente higienizadas n =24 area processamento frutas vegetais contagem total bacterias coliformes_totais escherichia_coli staphylococcus sp enterococcus sp pseudomonas aeruginosa maos manipuladores_alimentos apos lavagem desinfeccao n = 81 metodo decalque laminocultivos contagem total bacterias coliformes_totais coli staphylococcus sp agua filtrada n = 3 agua torneira n=3 metodos presenca ausencia substrato cromogenico coliformes_totais escherichia_coli semeadura superficie adaptado laminocultivo plate cout agar pca contagem bacterias heterotroficas 37°c conforme recomendado standard methos the examination of water and wastewater  apha 2012 superficies contato alimentos apresentaram resultados insatisfatorios 12 5 n=3 coliformes_totais 8 3 n=2 staphylococcus sp 54 2 n=13 contagem total bacterias todos resultados satisfatorios enterococcus pseudomonas aeruginosa nenhum manipulador apresentou resultados insatisfatorios contagem total bacterias coliformes_totais apenas 5 manipuladores n=4 apresentaram resultados insatisfatorios staphylococcus sp destes manipulador confirmada presenca staphylococcus coagulase positivo analises agua indicaram resultados satisfatorios todas amostras conclusao resultados indicam procedimento limpeza desinfeccao padronizados superficies contato alimentos restaurantes universitarios procedimento lavagem antissepsia maos manipuladores eficiente tratamento adequado agua sistema distribuicao falhas limpeza desinfeccao eficaz reservatorios agua,862
45,"seguranca_alimentos, manipuladores, manipuladores_alimentos, boas, contaminacao",unidades hospitalares varios criterios estabelecidos finalidade recuperar saude paciente consumo alimentacao hospitalar deve estar adequada ponto vista higienico sanitario legislacao sanitaria brasileira exige estabelecimentos produtores manipuladores_alimentos implantacao boas praticas procedimentos padronizados visam prevenir surgimento toxinfeccoes alimentares objetivo deste estudo realizar avaliacao diagnostica condicoes aplicacao boas praticas cozinhas hospitalares cidade pelotas rs estudados quatro hospitais dentre cinco atendem populacao cidade regiao primeiro artigo avaliadas condicoes boas praticas cozinhas hospitalares meio aplicacao check list interpretacao dados comparando normas resolucao diretoria colegiada nº 216 agencia nacional vigilancia_sanitaria associacao brasileira empresas refeicoes coletivas resultados obtidos indicaram maioria itens avaliados ambas classificacoes apresentou percentuais adequacao satisfatorios todos hospitais exceto itens armazenamento transporte hospitais b manejo residuos hospital segundo artigo realizadas analises microbiologicas fim avaliar condicoes higienicas sanitarias comparar resultados dados obtidos check list resultados analises microbiologicas mostraram riscos relacao qualidade agua ar maos manipuladores_alimentos outro lado dados colhidos aplicacao check list apontaram mesmos riscos encontrados analises microbiologicas,469
45,"seguranca_alimentos, manipuladores, manipuladores_alimentos, boas, contaminacao",ingestao_alimentos contaminados bacterias genero campylobacter resultam campilobacteriose humanos causas comuns diarreia estados unidos uniao europeia maiores reservatorios deste micro organismo produtos avicolas sendo carne crua mal cozida principal fonte contaminacao homem especies prevalentes envolvidas infeccoes campylobacter jejuni campylobacter coli campylobacter lari podem contaminar carcacas durante abate manipulacao frangos objetivo desse estudo determinar prevalencia campylobacter termotolerantes carcacas frango refrigeradas posteriormente congeladas comercializadas municipio goiania goias apoio departamento vigilancia_sanitaria municipal agencia goiana defesa agropecuaria coletadas meses maio setembro 2015 40 amostras carcacas refrigeradas congeladas abatedouros goias pontos venda goiania metodologia isolamento identificacao obedeceu normas international organization standardization 10272 1 2006 identificacao molecular realizada tecnica reacao cadeia polimerase deteccao genes hipo campylobacter jejuni glya campylobacter coli campylobacter lari encontrada prevalencia 17 5 n=7 contaminacao carcacas campylobacter spp dentre 24 amostras coletadas abatedouros 12 5 n=3 contaminadas 16 coletadas pontos venda 25 0 n=4 apresentaram positividade bacteria detectado campylobacter lari amostras avaliadas resultados evidenciam bacteria permanece viavel todas etapas cadeia produtiva frangos representando risco ocorrencia surtos gastroenterites presenca bacteria frangos aponta necessidade educacao criadores aves comerciantes quanto risco saude_publica produtos representam necessaria sensibilizacao melhorar gestao alem realizacao medidas preventivas corretivas sistema producao comercializacao destes produtos alem disso prevalencia encontrada presente estudo reforca necessidade estabelecimento padroes legais determinem pesquisa micro organismo neste tipo alimento,1921
46,"caprino, vaca, leite, leite_humano, lactentes",resumo acido sialico presente leites forma acido n acetilneuraminico neu5ac acido n glicolilneuraminico neu5gc desempenhando serie beneficios saude humana soro queijo caprino bioproduto fracao soluvel leite obtido atraves coagulacao caseina considerado importante industria_alimentos ingrediente sendo responsavel 55 todos nutrientes leite neste estudo objetivouse quantificar primeira vez literatura acido sialico presente naturalmente soro queijo caprino diferentes processos coagulacao lactea leite utilizado obtido cabras raca saanen submetidos processamento coagulacao enzimatico misto enzima + cultura starter obtencao soro acondicionado congelado sendo parte liofilizado identificacao quantificacao acido sialico realizada cromatografia_liquida_alta_eficiencia detector fluorescencia modelo rf 20a concentracao desse nutriente variou 23 5 292 1 mg l verificado coagulacao enzimatica preserva acido sialico neu5gc neu5ac eficientemente coagulacao mista pois bacterias cultura starter possibilitaram reducao nutrientes presentes soro desempenharem metabolismo assim acido sialico presente glicoconjugado reduzido acordo resultados obtidos pode concluir soro queijo caprino apresenta potencial funcional visto contem quantidade relevante nutriente estudado palavras chaves acido sialico alimento funcional coagulacao lactea compostos_bioativos,1708
46,"caprino, vaca, leite, leite_humano, lactentes",leite caprino alem fornecer nutrientes indispensaveis funcionamento adequado organismo humano ganhado espaco mercado consumidor necessidade premente estudos disponibilizem ferramentas deteccao adulteracao leite caprino adicao leite bovino pratica tornado reincidente presente trabalho objetivo disponibilizar ferramenta validacao especies caprinas bovinas brasileiras tecnica reacao cadeia polimerase obteve limiar deteccao 0 5 utilizou metodo base fenol cloroformio kit comercial realizacao extracao dna melhor qualidade grau pureza tecnica utilizada amostras leite conjunto coletadas usinas beneficiamento leite caprino regiao ocidental cariri paraibano encontrou presenca leite bovino 37 5 amostras,13
46,"caprino, vaca, leite, leite_humano, lactentes",leite cabra sido recentemente indicado fonte acido sialico monossacarideo importante composicao estrutural glicoproteinas glicolipidios oligossacarideos livres estando relacionados elementos principais funcoes biologicas destes acidos frequentemente encontrados acido n glicolilneuraminico neugc acido n acetilneuraminico neuac apresentam concentracao influenciada varios fatores dentre especie animal periodo lactacao presente estudo executado objetivo caracterizar acido sialico naturalmente presente leite caprino produzido regiao nordeste brasil avaliar variacoes desses acidos longo fase lactacao amostras leite submetidas analises fisico quimicas determinacao teor lactose proteina lipidio realizada identificacao quantificacao acidos sialicos cromatografia_liquida_alta_eficiencia hplc variacao dentre macronutrientes observada quanto teor lactose p<0 05 declinio durante periodos avaliados analises revelaram ainda leite caprino apresenta concentracao expressiva acido sialico neugc neuac quais decrescem final fase lactacao comportamento verificado concentracao lactose fato pode indicar provavel relacao teor lactose acido sialico devido participacao composicao estrutural compostos relacionados lactose precisamente cadeia oligossacarideos concentracao media acidos sialicos encontrados neste estudo apresentaram valores maximos 40 10 mg 100g 23 00 mg 100g neugc neuac respectivamente valores elevados citados outros estudos podem ter relacao direta enzimas responsaveis sintese acido sialico glandula mamaria alem fatores externos condicoes edafoclimaticas quais submetidos animais considerando tais aspectos presenca desses elementos leite caprino representa potencial fonte compostos_bioativos serem utilizados ingrediente funcional alimentos,949
47,"especialistas, instrumento, ivc, confiabilidade, validacao_conteudo",introducao versao 2022 processo cuidado nutricao pcn terminologia tpcn estruturas padronizadas facilitam pensamento critico tomada decisao comunicacao nutricionistas concebidos serem utilizados globalmente objetivam melhorar qualidade atendimento seguranca cliente traduzidos 11 idiomas inis international ncp ncpt implementation survey pesquisa avalia grau implantacao pcn tpcn diferentes paises questionario alta confiabilidade validade conteudo sete idiomas objetivo validar versao 2023 questionario inis portugues brasileiro material metodos estudo metodologico avaliou validade conteudo confiabilidade temporal instrumento etapa 1 traducao portugues brasileiro validacao_conteudo teste piloto avaliacao confiabilidade temporal questionario inis versao 2019 etapa 2 traducao questoes extras desenvolvidas 2022 portugues brasileiro validacao_conteudo etapa 3 montagem modelo final questionario inis versao 2023 traduzido portugues brasileiro validade conteudo analisada meio indice validade conteudo ivc ivc i ivc s ivc s media ivc s concordancia universal valores aceitaveis ivc i ivc s concordancia universal =0 80 valor aceitavel ivc s media =0 90 confiabilidade analisada meio coeficiente krippendorff valor aceitavel coeficiente krippendorff =0 67 resultados discussao ivc s media questionario inis versao 2019 0 98 0 99 0 99 relevancia clareza qualidade traducao respectivamente ivc s concordancia universal 0 86 0 93 0 98 relevancia clareza qualidade traducao respectivamente resultados apresentaram valores acima aceitaveis portanto instrumento validado portugues brasileiro valor medio coeficiente krippendorff 0 85 instrumento quanto questoes extras ivc s modulo prontuario eletronico paciente pep 1 00 1 00 1 00 relevancia clareza qualidade traducao respectivamente somente modulo pep apresentou valores ivc s acima aceitavel tendo sido validado portugues brasileiro incluido versao 2023 questionario brasileiro pesquisa inis conclusao estudo obteve questionario pesquisa inis traduzido portugues brasileiro versao 2023 alta validade conteudo confiabilidade temporal partir deste instrumento possivel avaliar nivel implementacao pcn tpcn nutricionistas brasileiros 2023 integrar dados brasileiros pesquisa internacional identificar barreiras facilitadores utilizacao permitira pesquisas futuras comparacao dados implementacao deste modelo brasil longo tempo,4339
47,"especialistas, instrumento, ivc, confiabilidade, validacao_conteudo",pandemia_covid_19 aumento consultas on line brasil profissionais_saude beneficios esperados possibilidade realizar atendimentos remotos porem alguns desafios enfrentados durante pratica alternativa consultas presenciais sendo assim necessario conhecer percepcao profissionais_saude quanto teleconsultas qualidades desafios visto atendimento on line servico regulamentado brasil atualmente questionario portugues brasil avalie satisfacao profissionais_saude sobre teleconsulta objetivo deste estudo traduzir adaptar transculturalmente validar instrumento health optimum telemedicine acceptance questionnaire lingua portuguesa brasil avaliar percepcao fatores_associados dificuldades tecnicas nutricionistas durante teleconsulta metodos tratase estudo metodologico observacional transversal realizado profissionais_saude realizaram teleconsulta brasil traduzir adaptar transculturalmente instrumento seguida etapas metodologicas 1 traducao 2 sintese traducoes 3 avaliacao comite experts 4 avaliacao instrumento publico alvo 5 traducao reversa back translation 6 estudo piloto apos etapas questionario validado analisando confiabilidade alfa cronbach coeficiente validade conteudo cvc analise_fatorial exploratoria item 6 instrumento relacionado dificuldades tecnicas utilizado variavel dependente analise regressao_linear_multipla resultados instrumento traduzido adaptado seguindo seis etapas metodologicas traducao adaptacao transcultural obteve niveis satisfatorios cvc avaliacao geral comite experts criterios clareza 0 94 pertinencia 0 95 relevancia 0 95 itens alem disso etapa populacao alvo bem estudo piloto observou cvc geral adequado superando ponto corte aceitavel 0 80 relacao populacao alvo criterios avaliados clareza 0 95 adequacao categoria profissional 0 95 compreensao itens 0 95 estudo piloto indices correspondentes 0 96 0 96 0 97 respectivamente analise_fatorial exploratoria demostrou instrumento possui 2 fatores qualidades dificuldades relacionados teleconsulta niveis satisfatorios confiabilidade meio alfa cronbach instrumento geral 0 792 avaliacao percepcoes nutricionistas utilizacao instrumento validado maioria profissionais 63 3 enfrentaram dificuldades tecnicas qualidade geral teleconsulta avaliada alta 89 7 96 6 intencao usar teleconsulta futuro conclusao versao traduzida adaptada health optimum telemedicine acceptance questionnaire portugues brasil instrumento valido confiavel analisar satisfacao profissionais_saude quanto uso teleconsulta alem disso nutricionistas brasileiros satisfeitos teleconsulta apesar experenciarem dificuldades tecnicas,4930
47,"especialistas, instrumento, ivc, confiabilidade, validacao_conteudo",relacao habilidades_culinarias praticas_alimentares saudaveis investigada cientificamente mundo estudantes_universitarios baixo consumo frutas_legumes_verduras sido associado carencia habilidades_culinarias entres estudantes destacando momento ingressam universidade paralelamente politicas_publicas promocao alimentacao_saudavel incentivam pratica culinaria entretanto consenso estudos sobre avaliar habilidades_culinarias relacao alimentacao_saudavel questionario estadunidense avaliacao programa intervencao culinaria cooking with chef desenvolvido universidade clemson identificado apos revisao_literatura busca sistematica apropriado avaliar habilidades_culinarias alimentacao_saudavel composto 8 medidas 64 itens tais availability and accessibility of fruits and vegetables index aafv 8 itens sim cooking attitude ca 7 itens graus concordancia likert 5 pontos cooking behavior cb 11 itens frequencia self efficacy in produce consumption sepc 3 itens self efficacy in cooking sec 6 itens self efficacy in using basic cooking techniques sect 12 itens self efficacy in using fruits vegetables and seazonings sefvs 9 itens todas medindo graus confianca likert 5 pontos knowledge of cooking terms and techniques ctt 8 itens multipla escolha brasil encontrou instrumento avaliacao habilidades_culinarias alimentacao_saudavel presente tese propos submeter questionario adaptacao transcultural avaliacao propriedades psicometricas estudantes ingressantes universidade brasileira etapa 1 adaptacao transcultural questionario avaliacao habilidades_culinarias alimentacao_saudavel realizaram 6 estagios i traducao duas traducoes portugues feitas dois tradutores bilingues independentes ii sintese traducao discussao producao versao traduzida feita dois tradutores estagio i pesquisadora iii retrotraducao traducao duas traducoes portugues ingles comparacao cada traducao versao original questionario feita dois tradutores bilingues independentes iv comite juizes oficina consenso especialistas representante publico alvo v sintese versao final traduzida versao final alguns membros estagio iv vi pre teste aplicacao online versao final 48 estudantes_universitarios estudantes responderam duas vezes questionario periodo 2 4 semanas avaliaram confiabilidade teste reteste adequacao questionario quanto compreensao forma apresentacao tempo preenchimento consistencia interna coeficiente alfa cronbach correlacao teste reteste coeficiente correlacao intraclasse icc medidas continuas concordancia kappa cohen indice aafv teste reteste apresentou excelente correlacao todas escalas indice aafv apresentou concordancia moderada quase perfeita consistencia interna adequada exceto escalas ca =0 29 cb =0 68 pequenas adaptacoes feitas enunciados questoes pareciam semelhantes apesar avaliacao estudantes ter atingido 90 adequacao etapa 2 avaliacao propriedades psicometricas selecionados estudantes matriculados primeiro ano cursos graduacao presenciais ufsc ano 2015 campus florianopolis sc baseado 10 1 estudantes item questionario estudo divulgado aula magna calouros 2015 fila restaurantes universitarios campi florianopolis salas aula midias sociais bem meio mensagens eletronicas encaminhadas coordenadores cursos graduacao presenciais ufsc acesso link questionario acesso preenchimento questionario feitos partir aceite estudantes clicarem termo concordancia disponivel primeira pagina questionario analise realizou consistencia interna coeficiente alfa cronbach validade construto grupos conhecidos teste t student diferencas sexos nivel conhecimento culinario cada escala questionario participaram 767 estudantes distribuidos 59 6 mulheres media 20 7 dp+ 5 59 anos idade 96 filhos menores 16 anos idade 44 6 moravam pais 51 0 mencionaram almocar jantar casa 72 achavam sabiam cozinhar mulheres demonstraram medias significativamente maiores homens todas escalas exceto escala sect diferencas estudantes classificados alto nivel conhecimento culinario apresentaram maiores medias todas escalas comparados niveis baixos conhecimento culinario consistencia interna adequada todas escalas exceto escalas ca =0 33 cb =0 59 tudo indica primeiro estudo disponibiliza questionario traduzido validado brasil avaliar habilidades_culinarias alimentacao_saudavel estudantes_universitarios brasil questionario faz parte programa nutricao culinaria cozinha visa avaliar desenvolver habilidades_culinarias resultados demonstram metodologia empregada efetiva possibilitando recomendacoes adaptacao transcultural combinacao abordagens avaliacao estagios equivalencias questionario original traduzido recomendacao sugere aprimoramento questionario brasileiro validado analise_fatorial bem aprimorar estudos avaliacao propriedades psicometricas instrumentos area nutricao producao refeicoes adicionalmente processo adaptacao transcultural validacao presente questionario trouxe tona discussao conceito habilidades_culinarias reforca necessidade investigacoes sobre influencia conhecimento confianca culinaria comportamentos culinarios alimentares_saudaveis recomendam estudos utilizando questionario brasileiro avaliacao habilidades_culinarias permitindo estrategias adequadas tracadas publico estudantes_universitarios refere habilidades_culinarias promocao alimentacao_saudavel,2037
48,"dm1, silico, s6ks, s6k2, ittp",introducao via sinalizacao mtor vem sendo relacionada varias doencas desordens metabolicas humanos incluindo obesidade diabetes varios tipos cancer neurodegeneracao proteinas s6ks mostrado importante papel sinalizacao mtor funcionando efetoras dessa via familia s6ks composta dois genes rps6kb1 rps6kb2 sendo primeiro codifica isoformas p85 p70 s6k1 enquanto segundo codifica isoformas denominadas p56 p54 s6k2 estudo investigou parceiras interacao isoformas p70 s6k1 p54 s6k2 celulas hek293 objetivo diferenciar proteinas acordo envolvimentos processos biologicos alem disso investigada detalhadamente interacao isoformas p70 s6k1 p54 s6k2 proteinas eif2 parp1 justificativa acreditava isoformas p70 s6k1 p54 s6k2 apresentavam funcoes biologicas redundantes vez possuem elevado grau similaridade si dessa forma poucos estudos objetivo identificar diferentes funcoes envolvimentos dessas isoformas processos biologicos entretanto descobrir diferentes funcoes dessas proteinas pode ter grande importancia estudos investigam novas estrategias desenvolver terapias certos tipos doencas cancer forma geral trabalho contribui melhor entendimento via mtor s6ks resultados primeiros dados obtidos desse estudo geraram artigo cientifico publicado revista proteomics 2016 anexo i observado espectrometria massas isoformas p70 s6k1 p54 s6k2 possuem diferentes proteinas interacao atuam diferentes processos biologicos indicando tais isoformas possuem funcoes biologicas distintas algumas parceiras interacao eif2 parp1 ppm1b fxr1 fmrp prmt5 wdr77 escolhidas relacoes isoformas p70 s6k1 p54 s6k2 estudadas forma detalhada alguns experimentos imunoprecipitacao realizados mostrando evidencias interacao p70 s6k1 p54 s6k2 proteina eif2 somente p54 s6k2 proteina parp1 situacao estresse celular eif2 fosforilada residuo serina 52 s52 acarretando inibicao sintese proteica global estimulo autofagia apoptose identificamos eif2 apresenta sitio fosforilacao predito s6ks rxrxxt s serina 58 s58 sendo 9 conservado variedade especies ensaios imunoprecipitacao revelaram eif2 fosforilada sitio rxxt s presenca insulina alem disso visto ativacao s6k1 s6k2 atraves insulina somente s6k2 atraves fgf2 diretamente relacionada reducao fosforilacao eif2 serina 52 outro lado inibidores farmacologicos mtor s6ks rapamicina pf4708671 respectivamente associados aumento niveis fosforilacao eif2 s52 realizada superexpressao p70 s6k1 p54 s6k2 constitutivamente ativas visto reducao fosforilacao eif2 s52 fim realizado ensaio mutacao sitio dirigida eif2 mimetizando fosforilacao residuo 58 eif2 resultado observamos fosforilacao constante residuo 58 acompanhado reducao fosforilacao residuo s52 conclusoes estudo mostrou diferentes isoformas s6ks possuem distintas proteinas interacao indicando tais isoformas possuem funcoes biologicas distintas celula resultados ainda sugerem s6ks podem fosforilar eif2 serina 58 devido proximidade sitios possa haver inibicao fosforilacao serina 52 regulando assim atividade eif2,1809
48,"dm1, silico, s6ks, s6k2, ittp",introducao fator inicio traducao eucariotos 5a eif5a envolvido iniciacao elongacao traducao apresenta relacao processos transcricao transito macromoleculas complexo poro nuclear decaimento mrnas proliferacao diferenciacao celular alem estar relacionado processos inflamatorios diabetes cancer malaria infeccoes virais tais hiv 1 ebov eif5a produzido celulas precursor inativo hipusinacao deste fator modificacao pos traducional essencial atividade viabilidade celular ensaios espectrometria massas revelaram proteina sh2d4a possivel parceiro interacao eif5a flag purificada partir extratos celulas adenocarcinoma colo utero humano hela nestes ensaios constatou peptideo derivado proteina sh2d4a poderia estar hipusinado fato intrigante pois desde descoberta hipusinacao eif5a decada 70 evidencias existencia qualquer outra proteina hipusinada proteina sh2d4a gene localizado cromossomo 8p proximo alguns genes associados supressao tumoral regiao encontra deletada pacientes hepatocarcinoma celular hcc apresentam boas respostas tratamentos sugerindo deplecao sh2d4a pode estar envolvida progressao tumor recentemente demonstrado sh2d4a interage inibe atividade fator transcricao stat3 controlado via sinalizacao interleucina_6 il_6 inibindo transcricao genes envolvidos proliferacao celular sobrevivencia desenvolvimento tumores entretanto apesar fortes evidencias relacionando sh2d4a desenvolvimeno tumores existem menos 15 estudos publicados envolvendo proteina justificativa atualmente conhecidas vias biossintese hipusina associadas processo modificacao pos traducional eif5a existencia outras proteinas hipusinadas deste modo indicios proteina sh2d4a pudesse apresentar residuo aminoacido hipusina visto envolvimento supressor tumoral fez proteina tornasse alvo principal deste estudo utilizando modelo celulas adenocarcinoma colo utero humano hela resultados analises in silico indicam regiao supostamente hipusinada conservada isoformas x1 predita isoforma b 10 alem ser conservada varias especies entretanto analises espectrometria massas imunoprecipitados proteina sh2d4a endogena capazes validar hipusinacao dessa proteina requerendo estudos futuros caracterizacao relacao validacao interacao fisica proteinas eif5a flag sh2d4a observado immunoblotting proteina sh2d4a endogena co imunoprecipitava controle gfp flag dar inicio estudo caracterizacao proteina iniciamos amplificacao posterior clonagem gene vetor plasmidial possivel identificar transcritos variantes 1 2 x1 x2 sh2d4a celulas hela seguido validacao sequenciamento amostras partir sequenciamento possivel observar cdna sh2d4a clonado apresentava algumas mutacoes dentre significativa observada codon iniciador proteina resultando utilizacao codon iniciacao alternativo producao proteina nessas celulas alem disso presenca uorf upstream open reading frame variante 1 sh2d4a fez celulas hela transfectadas expressassem conteudos proteicos distintos partir variantes transcricionais 1 2 mutacao sitio dirigida uorf variante 1 resultou aumento producao proteina relacao variante 1 selvagem conclusao resultados obtidos presente estudo contribuem caracterizacao gene proteina sh2d4a sugerem proteina possui caracteristicas importantes dentre quais mutacoes gene podem contribuir juntamente outros fatores desenvolvimento progressao tumores,1817
48,"dm1, silico, s6ks, s6k2, ittp",cancer considerado principal causa morte mundo maiores desafios saude_publica global cancer pulmao segunda principal causa morte cancer todo mundo fortemente relacionado diagnostico tardio baixa eficacia terapeutica cirurgia tratamento base pacientes estagio i ii cancer pulmao classificados nsclc impossibilidade resseccao cirurgica estrategias terapeuticas incluem quimioterapia base cisplatina imunoterapias pembrolizumabe avelumabe cisplatina farmacos antineoplasicos eficazes porem extremamente associado resistencia inata adquirida tratamento sabe algumas caracteristicas moleculares expressao aumentada diminuida proteinas associadas melhora piora progressao sensibilidade tratamento desfecho doenca neste trabalho usando primariamente analise proteomica identificamos alvos importantes vias sinalizacao alteradas celulas adenocarcinoma pulmao a549 resistentes cisplatina dentre alvos apresentaram expressao aumentada condicao resistente optamos caracterizar stat3 pcna apesar stat3 ser descrita fator correlacionado resistencia cisplatina pouco descreve respeito pcna relacao ambas proteinas via mtor importante resposta terapeutica cancer sabe via mtor constantemente aumentada diferentes tipos cancer fator impacta desfecho terapeutico doenca aqui mostramos atraves combinacao diferentes tecnicas knockout mediado crispr superexpressao ensaios funcionais perda funcao parcial pcna ablacao stat3 diminuiu sobrevivencia clonogenica sensibilizou celulas a549 cisplatina especificamente stat3 ablacao resultou diminuicao fenotipo mesenquimal observada potencial clonogenico analise expressao marcadores transicao epitelial mesenquimal ainda celulas knockout stat3 adquiriram superativacao via mtor induzida resistencia cisplatina responsivas inibicao mtor rapamicina demonstra combinacao rapamicina cisplatina ainda potente ausencia stat3 especificamente pcna perda funcional parcial sensibiliza cisplatina enquanto aumenta expressao yh2ax importante marcador reconhecimento danos dna alem disso superexpressao pcna aumenta fosforilacao stat3 aqui sugerimos pcna participa resistencia cisplatina tanto suscetibilidade dano dna via yh2ax relacao stat3 fim demonstramos capacidade resposta cisplatina pode ser dependente crosstalk stat3 pcna mtor alem inibicao sinergica stat3 mtor ser possivelmente abordagem potencial contra cancer pulmao,3973
49,"imagem_corporal, transtornos_alimentares, insatisfacao_corporal, comportamentos_alimentares, comer",genero importante marcador social ato cozinhar estudos diferentes paises demonstram mulheres continuam sendo principais responsaveis planejar preparar refeicoes ambiente domestico diante disso presente estudo objetiva conhecer experiencias sentimentos mulheres tres geracoes sobre ato cozinhar referencial metodologico optou analise tematica at avaliar entrevistas realizadas vinte duas mulheres tres geracoes diferentes pesquisa aprovada comite etica pesquisa seres_humanos universidade federal santa catarina cep ufsc 1 723 746 aproximadamente 40 n=9 participantes possuem ensino superior cerca 63 n=14 casadas enquanto 54 n=12 vivem apenas marido filhos maior parte mulheres 59 n=13 reside estado santa catarina regiao sul brasil partir at entrevistas identificou tres grandes temas referencias papeis sociais cozinho falas participantes demonstraram referencias sobre ato cozinhar construidas desde infancia efetivando partir relacoes constituidas relacoes ofertaram elementos percepcao interna ato cozinhar conduzindo referencias positivas neutras negativas percepcao sobre ser mulher cozinhar presente tres geracoes sendo expressiva terceira geracao jovem possivel observar geracao traz falas relacionadas sentimento inferioridade perceberem sociedade ainda possa considerar ato cozinhar papel social feminino inclusive relatos participantes alem conceitos pre julgamentos visao social aparentemente daquilo consideravam si referencias pudessem permitir experienciar ato cozinhar propria perspectiva constituidas referencias observados papeis sociais verifica maior menor abertura individual vivenciar ato cozinhar buscando desenvolver habilidades  tanto necessidade alimentar prazer realizar ato cozinhar comer quer si outros forma pessoa compreende propria vivencia interacao sociedade unicas assim algo possa parecer imposicao uns possa ser motivacao desejo genuino outro observou falas participantes refletem avaliacao pessoal sobre experiencias vida propria individualidade contribuiram ato cozinhar perpassando prazer percepcoes negativas neutras sobre cozinhar dimensoes deste cozinhar reconhecimento identidade cozinheira,3801
49,"imagem_corporal, transtornos_alimentares, insatisfacao_corporal, comportamentos_alimentares, comer",comportamento_alimentar definido todas formas convivio alimento varios motivos definem escolha alimentar individuos motivos podem explicar porque escolhas_alimentares variam longo tempo pessoas objetivo pesquisa compreender comportamentos_alimentares re construidos durante gravidez metodologia utilizada abordagem qualitativa atraves entrevistas profundidade mulheres gravidas escolha entrevistadas acessibilidade fechamento amostra saturacao entrevista elaborado roteiro semi estruturado entrevistas gravadas registradas integra analise dados utilizada analise conteudo bardin 2016 idade_gestacional entrevistadas variou 17 semanas 36 semanas analisadas duas categorias definidas priori atitudes alimentares condicionantes sociais posteriori surgiu categoria analise outros primeira categoria analise atitudes alimentares dividida tres temas principais sentimentos crencas praticas lado sentem bem buscar alimentacao_saudavel sentem culpadas fogem alimentacao idealizada relacao crencas racionalidade torno fez buscassem alimentar forma controlada pudessem prever ganho_peso categoria condicionantes sociais percepcao imagem_corporal orientacoes saude apareceram fatores sociais fortes mudanca comportamento_alimentar onde padroes esteticos atuais sobressairam alem preco cultura procedencia aspectos sensoriais alimento tomada decisao relacao gestacao colocada debate gestante alegou nunca ter pensando questoes entrevista conclui gestacao pode ser fonte motivadora alteracoes comportamento_alimentar fins esteticos,3419
49,"imagem_corporal, transtornos_alimentares, insatisfacao_corporal, comportamentos_alimentares, comer",experiencias corporais durante amamentacao associadas representacoes sobre corpo mae mulher mulher mae centradas re construcao identidade desempenho papeis sociais assumidos tensoes sentimentos conflitos quais permeiam vida privada intima social mulher neste sentido amamentacao fenomeno plural compreendida apenas processo biologico funcional relacao sexo_feminino experiencias tendem ser percebidas cumprimento dever materno associacoes corpo identidade fundam genero papeis mulher mae podem interferir amamentacao estudo objetiva descrever conteudo experiencias corporais durante aleitamento_materno representacoes sobre corpo mae mulher mulher mae bem compreender partir vies genero ocorre re construcao identidade trata pesquisa qualitativa realizada unidade saude_familia municipio regiao metropolitana curitiba pr mulheres amamentando realizados dois tipos entrevistas individuais n=09 mulheres grupo focal n=04 mulheres utilizando roteiro entrevistas denominadas narrativas entrevistas ocorreram meses julho agosto 2016 sistematizacao falas mulheres utilizada analise conteudo analise tematica verificou sucesso amamentacao fortalece papel social ser mae amamentar percebido ato amor doacao abdicacao responsabilidade comprometimento zelo amamentar assegura status supermae cumprimento dever sagrado tal subjetividade construida desejo social corpo mulher amamenta marcado dilema papeis influenciado normas sociais objetificacao maternidade cumprimento dever sagrado interligam sagrado permanece isolado contato pois corpo materno passa ser interditado protegido profano neste contexto facil compreender razao dramatizacao social mulheres amamentam publico vez corpo materno pode ser identificado corpo sexualizado tampouco misturado integrado espacos sociais considerados profanos conclui amamentar fenomeno social multifacetado complexo envolve tensoes conflitos emocoes destacaram alguns pontos primeiro tornar mae mulher experimenta ruptura relacao sexualidade perda autonomia corporal finalmente escolha pessoal forma desempenhado papel mae amamentar pode coincidir expectativas sociais,1927
50,"uva, vinhos, polifenois, gergelim, climaticas",producao vinhos vem expandido regiao serrana espirito santo passou 2014 ser classificada zona producao uva destinada industrializacao regiao explorada agroturismo caracteristica producao artesanal vinhos cujo perfil atende preferencia consumidor brasileiro busca produtos valor acessivel paladar suave doce neste sentido presente dissertacao impulsionada atual panorama emergente espirito santo cenario nacional enquanto produtor uva alem precariedade dados informacoes sobre producao capixaba vinhos mesa sendo assim objetivos deste trabalho identificar condicoes vinhos mesa elaborados quanto adequacoes padrao identidade qualidade piq preconizado ministerio agricultura pecuaria abastecimento mapa levantar condicoes higienicossanitarias fabricacao bem analisar perfil sensorial vinhos mesa produzidos escala artesanal industrial avaliadas quanto parametros fisico quimicos sensoriais 48 amostras vinhos mesa elaborados variedades uvas americanas hibridas safras compreendidas 2010 2016 19 cantinas localizadas 05 municipios regiao serrana espirito santo submetidas avaliacao boas praticas fabricacao elaboracao bpf bpe amostras compostas vinho tinto branco classes suave demi sec seco elaboradas 10 variedades distintas uvas forma varietal assemblagem resultados obtidos analises mostram 60 amostras estudadas apresentam menos item reprovado analise fisico quimica considerando piq estabelecido legislacao vigente mapa perfil sensorial amostras mostrou bastante distinto si tal variacao pode estar relacionada grande diversidade produtos fornecidos espontaneamente viticultores conforme linha producao impossibilitou aplicacao analises comparativas produtos classes diferentes safras distintas produzidas variadas assemblagens uvas sendo possivel tracar perfil sensorial vinhos desta regiao avaliacao cumprimento bpe mediante calculo pontuacao ponderada identificou 22 cantinas encontraram excelente bom estado higienicossanitarios 22 condicoes boas 33 condicoes regulares 22 condicoes higienicossanitarias ruins vale ressaltar desvios encontrados podem ser tratados atraves aplicacao tecnicas enologicas adequadas tratamento vinhedos uso tecnologias disponiveis adequacao bpe presente pesquisa constatou vitivinicultura regiao serrana espirito santo ainda desenvolver caminho longo percorrer busca padrao qualidade atenda exigencias legislacao vigente garantia seguranca consumidor faz necessario apoio tecnico especializado setor incentivo governamental capacitacao conscientizacao viticultor sucesso expansao cadeia produtiva vinho estado,1882
50,"uva, vinhos, polifenois, gergelim, climaticas",kfouri tanes sistematizacao experiencia gerenciamento sustentavel residuos solidos restaurantes 2020 215 f dissertacao mestrado nutricao programa pos graduacao nutricao universidade federal santa catarina florianopolis 2020 2010 sancionada brasil politica nacional residuos solidos pnrs define objetivos diretrizes metas voltadas gerenciamento ambientalmente adequado residuos solidos pnrs preconiza atividades produzam residuos solidos priorizem acoes gerenciamento foco gerar residuos frente reducao reutilizacao reciclagem desse tipo residuo processo produtivo refeicoes restaurantes abrange desde planejamento cardapio disposicao residuos gerados atividade encontrados estudos cientificos apresentem ferramentas gerenciamento residuos solidos produzidos durante etapas processo produtivo refeicoes restaurantes contudo encontrou proposta gerenciamento sustentavel residuos solidos aplicavel etapas processo produtivo refeicoes desenvolvida instituto ecozinha brasilia df consonancia pnrs nesse sentido estudo objetivou sistematizar experiencia gerenciamento sustentavel residuos solidos restaurantes realizada pesquisa qualitativa descritiva delineada estudo_caso restaurante brasileiro filiado instituto ecozinha instrumento coleta dados utilizada observacao direta apoio protocolos analise_documental observacao processo produtivo refeicoes possibilitou determinar pontos criticos geracao residuos solidos acompanhar acoes corretivas implantadas restaurante bem sugerir novas acoes sistema gerenciamento residuos solidos restaurantes sgrs composto sete etapas compreendem cinco blocos avaliacao controle gravimetrico residuos solidos reconhecimento estrutura fisica equipamentos gerenciamento residuos solidos estudo empresas coleta reciclagem destinacao final residuos observacao fluxo residuos solidos acompanhamento etapas processo produtivo refeicoes sistema estruturado forma protocolos contem instrucoes coleta analise dados aplicacao sgrs restaurantes possibilita reestruturar gerenciamento residuos solidos durante processo produtivo refeicoes reduzindo assim impactos ambientais decorrentes dessa atividade cabe salientar sgrs pode ser aplicado qualquer tipo restaurante vez criterios gerenciamento residuos solidos desse sistema fixados etapas processo produtivo refeicoes comuns todos restaurantes,3192
50,"uva, vinhos, polifenois, gergelim, climaticas",introducao mundialmente brasil destaca principal pais produtor exportador coffea arabica especie lider mercado atraente aroma sabor c canephora cafe conilon 2ª especie explorada comercialmente elevados teores compostos_bioativos alem sementes subprodutos beneficiamento folhas cascas frutos sido utilizados infusoes diferentes paises brasil estudos avaliem potencial utilizacao novos genotipos subprodutos cafe importantes diversificacao aproveitamento maximo cafeicultura promovendo sustentabilidade retorno financeiro pais tese dividida 4 estudos interligados independentes si estudo 1 objetivo determinar correlacionar composicao bioativa folhas cascas frutos sementes 2 safras consecutivas novos genotipos cafe conilon n=42 selecionar promissores relacao potencial bioativo resultados sementes apresentaram 0 8 1 1 trigonelina tg 1 3 2 6 cafeina cf 5 0 9 7 acidos clorogenicos cga variacoes 3 tg cf safras 10 cga correlacao teores compostos_bioativos folhas cascas sementes genotipos apresentaram potencial bioativo promissor indicativos registro cultivares estudo 2 objetivo investigar efeito oxidacao sobre teores compostos_bioativos folhas cultivares n=6 c arabica amostras comerciais similares n=4 bem condicoes higienico_sanitarias resultados oxidacao ocasionou perdas 25 teores compostos_fenolicos alterar tg cf identificados coliformes termotolerantes escherichia_coli amostra comercial reforcando necessidade processamento adequado ponto vista microbiologico estudo 3 objetivo avaliar metodo mapeamento projetivo aceitacao infusoes folhas c arabica resultados consumidores n=100 perceberam similaridades infusoes folhas c arabica mate tostado blend 50 cada indicando infusoes folhas c arabica podem apresentar boa aceitacao forma blends mate tostado cha preto estudo 4 objetivo avaliar teores compostos_bioativos condicoes higienico_sanitarias amostras comerciais cascas frutos fermentados fermentados c arabica n=10 alem aceitacao caracterizacao metodo check all that apply resultados cascas frutos cafe apresentaram 0 08 0 2 tg 0 3 0 9 cf 0 2 0 6 cga identificados coliformes termotolerantes coli salmonella amostra comercial infusoes cascas frutos cafe fermentados caracteristicas neutras apresentaram maior aceitacao consumidores n=100 comparado amostras fermentadas aroma frutado bem aceitas apenas nicho limitado pessoas,3155
51,"micronutrientes, macronutrientes, energia, nutrientes, carboidratos",minerais nutrientes essenciais atuam diversas funcoes organismo literatura existe lacuna relativa estudo sobre teor destes nutrientes dietas hospitalares orais trabalho objetivou avaliar adequacao teores macrominerais ca k mg p microminerais cu fe mn zn presentes dietas hospitalares geral branda pastosa complementos alimentares s orais cao destinados pacientes hospitalizados relacao recomendacoes dieteticas referencias dris ainda contribuicao percentual cada refeicao oferta desses minerais relacao total diario ofertado dris teor minerais determinado duplicata amostras utilizando espectrometro emissao optico plasma acoplamento indutivo icpoes coletadas amostras desjejum colacao almoco lanches jantar ceia cao dois dias consecutivos terca quinta feira tres meses ano janeiro maio setembro procedimentos estatisticos executados atraves stata 11 0 incluiram testes shapiro_wilk tese bartlett anova seguido bonferroni kruskal wllis kwillis2 teste t stunt u mann_whitney significancia estatistica estabelecida p<0 05 resultados revelaram dentre dietas pastosa apresentou maiores teores elementos pesquisados notado variacao oferta minerais dietas relacao meses coleta sendo janeiro mes cardapios continham maiores teores minerais consequentemente apresentou cardapio teor nutrientes menor inadequacao 60 adequacao contra 40 inadequacao mes maio 50 setembro relacao recomendacoes nutricionais outro lado todas dietas apresentaram teor sodio superior ul todos meses estudo 200 acima ul dietas gerais branda todos meses coleta dieta pastosa variando 120 maio aproximadamente 300 acima ul janeiro almoco ofertou media 46 total ofertado jantar37 sendo refeicoes contribuiram teores excessivos detectados oferta cao essencial adequacao teores ca k mg cu mn zn alguns momentos estudo contribuicao percentual cada refeicao oferta macro micronutrientes teores adequados rda ai revelou almoco principal refeicao ofertando media 47 recomendacao seguido jantar contribuiu media 36 colacao ceia refeicao menos representativas veiculando media 2 6 conclui dietas orais ofertadas pacientes hospitalizados inadequadas relacao recomendacoes nutricionais todos minerais ofertados excecao p almoco jantar refeicoes chave oferta minerais conterem maior variedade grupos alimentares colacao ceia poderiam ser modificadas contendo alimentos ricos minerais assim contribuir adequacao dietas dris uso cao boa estrategica oferta minerais sendo inclusao permanente cardapios poderia ser medida relevante adequacao dietas recomendacoes nutricionais,410
51,"micronutrientes, macronutrientes, energia, nutrientes, carboidratos",cancer definido enfermidade multicausal cronica caracterizada crescimento descontrolado celulas sendo desnutricao fatores corroboram maior causa morbidade mortalidade pacientes oncologicos objetivo estudo determinar teor minerais ca fe p k mg mn zn cu consumidos pacientes oncologicos hospitalizados receberam dietas hospitalares geral branda pastosa indicacao complemento alimentar oral cao comparando recomendacao nutricional coletadas amostras desjejum colacao almoco lanche jantar ceia cao 2 dias consecutivos outono inverno verao proposito estudar minerais presentes nestas dietas consumo_alimentar pacientes caracterizado quantidade ingerida relacao total ofertado calculado respectiva sobra caso adequacao consumo relacao recomendacoes nutricionais ear ai ul determinada participaram deste estudo 163 pacientes sendo 60 sexo_masculino idade 57+ 15 anos maioria pacientes 77 recebeu dieta geral cao 75 consumo minerais percentual influenciado tipo dieta recebida baixa aceitacao alimentar notada todas dietas contribui inadequacao maioria nutrientes ca cu mg zn k refeicoes menos aceitas almoco jantar apesar terem sido refeicoes maior consumo cu mg mn zn pacientes receberam dieta pastosa maior consumo fe zn comparados receberam dieta geral branda inadequacao k notada todos pacientes estudo pacientes consumiram dieta geral apresentam maior tendencia adequacao consumo mg mn relacao demais dietas uso cao favoreceu adequacao ingestao_dietetica ca pode ser concluido baixa ingestao_alimentar pacientes cancer principal motivo inadequacao nutrientes analisados conhecimento deste perfil paciente primordial elaboracao metodos favorecam consumo adequado minerais,412
51,"micronutrientes, macronutrientes, energia, nutrientes, carboidratos",contribuicao dieta pacientes insuficiencia renal cronica irc importante impacto quadro clinico contribuindo tanto minimizar acelerar progressao doenca objetivo trabalho avaliar adequacao teores minerais ca cu fe mg mn k p zn dietas renais orais hospitalares complemento alimentar oral cao ofertadas pacientes isoladamente associadas cao bem teores energia macronutrientes carboidratos proteinas lipideos relacao recomendacoes nutricionais amostras refeicoes desjejum colacao almoco lanche jantar ceia coletadas dois dias consecutivos semanas diferentes meses maio setembro 2010 janeiro 2011 conteudo minerais determinado duplicata icp oes enquanto lipideos hidrolise acida metodo kjeldahl utilizado determinacao proteinas carboidratos quantificados diferenca utilizou anova teste t student dados parametricos kruskal_wallis u mann_whitney dados parametricos valor p<0 05 fixado sendo significativo dietas renais apresentaram deficiencia minerais ca cu fe individuos ambos_sexos homens predominio deficit mg zn teores acima recomendacao mn p k encontrados ultimo extrapolando ul 2 3 g combinacao cao dieta insuficiente adequacao oferta ca zn entanto adequou teores mg cu fe tornando excessivo niveis mn p k densidade energetica media dietas baixa 0 7 kcal g teor medio lipidios totais 15 acido graxo linolenico 0 4 energia 23 4 kcal kg dia inferiores recomendacao entretanto niveis gorduras trans saturadas dietas adequados outro lado teor medio carboidratos 63 5 proteinas 1 0 g kg dia extrapolaram recomendacoes nutricionais dieta hospitalar oral elaborada pacientes irc considerada desbalanceada desfavoravel tratamento clinico destes pacientes apresentarem insuficiencia diversos minerais excecao k p mn alem apresentou teor considerado toxico combinacao cao dieta adequou teores mg cu fe sendo ineficiente adequacao ca zn tornando excessivo niveis p k mn quanto perfil macronutrientes energia dietas renais favoraveis instalacao desnutricao apresentarem baixa densidade energetica 0 7 kcal g deficit lipidios acido graxo linolenico alem disso podem dificultar retardo controle irc excesso proteinas dieta alem terem exibido alto conteudo carboidratos,1084
52,"ean, profissionais, gestores, educacao_alimentar_nutricional, aprendizagem",omarco referencia educacao_alimentar_nutricional ean politicas_publicas propoe ruptura praticas ean realizadas meio metodologias tradicionais oposicaoa defende acoes ean assumam perspectiva problematizadora mediadas metodologias ativas portanto necessidade refletir sendo ensinado capacita futuros profissionais realizarem ean capaz gerar autonomia participacao ativa sujeitos objetivo analisar experiencia aprendizagem mediada metodologias ativas disciplina educacao nutricional realizou pesquisa qualitativa tipo pesquisa acao outubro 2018 emarco 2019 sujeitos 31 discentes matriculados disciplina educacao nutricional proporcionar aprendizado mediado metodologiasativas conteudo ministrado meio conjugacao aula expositiva dialogada dramatizacao video debate jogo interativo arvore problemas dinamica bichos estudo_caso resenha cientifica aula pratica destacou desenvolvimento projeto ean cenario real pratica aplicado questionario aberto discentes realizacao deum diagnostico situacional decorrer disciplina sete questionarios abertos sobre conteudos aprendizagem final questionario competencias habilidades decurso disciplina adotado diario campo realizados doisgrupos focais discentes tendo conteudo sido analisado meio analise tematica proposta bardin presente pesquisa resultou elaboracao dois artigos primeiro buscou compreender percepcao experiencia aprendizado mediado metodologias ativas disciplina educacao nutricional dentre expectativas discentes quanto conteudo ministrado aprofundar conteudos interliga los outras disciplinas interligar conteudos temas acoes conhecer procedimentos ensino interativos aprender ser educadore fazer acoes educativas outros publicosforam expectativas quanto habilidades seremaprendidas citadas fragilidades relacionadasaos procedimentos ensino organizacao curricular aplicacao conteudo acoes ean transicao ensino tradicional ativo natureza transdisciplinar textos leitura sala tempo dedicar disciplina quanto potencialidades relacionadasaos procedimentos ensino destacaram proporcionam assimilacao conteudoe formacao atuacao multiprofissional estimulam participacao desenvolvimento cognitivo autonomia busca aprendizadoe uso reflexao favorecem aprendizado colaborativo segundo artigo descrevea experiencia aplicacao arvore problemas estrategia problematizadora disciplina educacao nutricional mediante analise coletiva oproblema predominio aprendizagem mecanica identificado educandos discutiram comoeventuais causas raizes aspectos macrossociais aspectos relativos ainstituicao ensino aspectosindividuais relacionados discentes docentese solucoes frutos aspectos caracteristicos comprovam necessidade uso metodologiasativas necessidade inclusao metodologias ativas forma inovacao ensino superiorna area saudee cada vez gradativa entanto ainsercao disciplina forma isolada suficiente capacitar alunos adequadamente,2870
52,"ean, profissionais, gestores, educacao_alimentar_nutricional, aprendizagem",formacao docente profissionais atuacao ensino superior vem sendo amplamente discutida diante demandas impostas atual realidade educacional brasileira discussao formacao docente universitaria programas pos graduacao stricto sensu possiveis consequencias falta iniciativas insuficiente valorizacao institucional orgaos fomento avaliacao faz necessaria centralidade formacao pesquisador constitui logica nacional estabelecida muitos cursos pos graduacao stricto sensu fato leva descuido formacao pedagogica didatica novas geracoes mestres doutores avaliacao reflexiva sistematica formacao docente pos graduacao stricto sensu pos graduandos professores exercicio oportunizara discussoes sobre formacao futuro professor revelara sob diferentes perspectivas dimensoes papel academico formador compromisso educacional programas pos graduacao stricto sensu universidades brasileiras neste sentido objetivo principal deste estudo tracar painel formacao docente pos graduacao stricto sensu area biologicas saude enfase investigacao principais contribuicoes motivacoes expectativas professores discentes unicamp reconhecem ambito construcao docencia ensino pos graduacao dados coletados duas fases fase 1 aplicacao questionario anonimo semiestruturado questoes abertas fechadas dicotomicas multipla escolha escala likert direcionado 46 estudantes pertencentes programas pos graduacao ciencias farmaceuticas faculdade ciencias farmaceuticas biologia funcional molecular instituto biologia enfermagem faculdade enfermagem ciencias nutricao esporte metabolismo faculdade ciencias aplicadas unicamp fase 2  realizacao entrevista individual semiestruturada remota questoes abertas direcionadas quatro pos graduandos quatro docentes pertencentes programa pos graduacao ciencias nutricao esporte metabolismo fca resultados tanto fase 1 baseada percepcao discente quanto fase 2 apresentados diferentes perspectivas dimensoes formativa didatico pedagogica reflexiva discentes docentes apontam priorizacao formacao pesquisadores detrimento formacao professores revelam informacoes reforcam falta interesse reflexao parte programas pos graduacao stricto sensu sobre formacao docente atuacao ensino superior percepcao pos graduacao comete erros tentar buscar aprimoramento constante formacao academica pos graduandos diante disso entendemos instituicoes ies capes ministerio educacao papel importantissimo acompanhar respaldar programas pos graduacao stricto sensu somente atraves resultados avaliacoes internas externas sistematizadas principalmente elaboracao planejamento pedagogico va encontro planejamento institucional fim verdadeiramente qualificar recursos humanos atuarem docencia,3563
52,"ean, profissionais, gestores, educacao_alimentar_nutricional, aprendizagem",estudo aqui apresentado refere desenvolvimento processo ensino aprendizagem avaliacao inovador privilegiou utilizacao educacao distancia aliada metodologias ativas tecnologias informacao comunicacao visando interacao integracao estudantes graduacao diferentes areas conhecimento distintos campi universidade publica tendo eixo central formacao desenvolvimento competencias relacionadas profissionalismo discussao temas transversais formacao universitaria politicas saude cidadania objetivo geral desenvolver aplicar avaliar tecnologias educacionais emancipatorias interface tecnologias informacao comunicacao facilitem processos ensinagem formacao profissionais sobre politicas saude brasileiras destaque sistema_unico_saude cidadania metodos estudo natureza qualitativa caracteristicas producao tecnologica viabilizado partir criacao disciplina topicos especiais politicas saude cidadania desenho metodologico utilizado ancorou pressupostos pesquisa acao participaram estudo 29 estudantes matriculados referida disciplina alem 11 docentes estudantes pos graduacao atuaram tutores disciplina empregou analise dados tecnica analise conteudo avaliacao escalas likert metodos estatisticos resultados dados apresentados forma tres artigos originais resultados gerais revelaram integracao estudantes diferentes areas conhecimento campi rio paranaiba vicosa capacitacao docentes estudantes pos graduacao exercicio tutoria aplicacao metodologias ativas ensino aprendizagem avaliacao ambientes virtuais aprendizagem momentos presenciais desenvolvimento competencias docentes estudantes pos graduacao estudantes graduacao habilidades analise critica reflexao textos cientificos interface acontecimentos sociedade contemporanea trabalho equipe manejo ferramentas virtuais solidariedade alteridade etica comunicacao dentre outras conclusoes elementos sucesso implementacao capacitacoes tutores sensibilizacao quanto necessidade re configuracao mudanca processos ensino aprendizagem atualidade exercicio metodologias ativas ensino aprendizagem avaliacao desenvolvimento competencias importantes trabalho docente aperfeicoamento comunicacao conscientizacao sobre pratica docente fragilidades capacitacao empoderamento utilizacao novos metodos ensino aprendizagem alem motivacao trabalho desenho ensino implementado eficaz aliar tecnologias informacao comunicacao educacao distancia ambiente virtual aprendizagem videoconferencias dentre outros metodologias ativas ensino aprendizagem avaliacao competencias ligadas profissionalismo desenvolvidas estudantes evidenciaram experiencia oferecimento disciplinas semipresenciais intercampi transdisciplinares estimulou desenvolvimento competencias relativas aprender ser centrando processo aprendizagem ensino valores principios humanisticos indispensaveis trabalho equipe relacionamento interpessoal autoconhecimento contemplando assim diretrizes universitarias nacionais internacionais desenho ensino apresentado mostrou ser efetivo aplicavel nova configuracao educacao universitaria brasileira expansao interiorizacao unidades ensino,916
53,"dmo, tmb, equacoes, dxa, ger",estimar massa livre gordura mlg jovens equacoes previas impedancia_bioeletrica bia elaboradas considerando individuos sedentarios ampla faixa etaria considerar maturacao biologica pode levar erros interpretacao objetivos presente estudo avaliar concordancia quantidade mlg proveniente diferentes protocolos bia obtidos absorciometria dupla emissao raios_x dxa jovens atletas ambos_sexos propor equacoes_preditivas considerando sexo maturacao biologica participaram estudo 318 jovens 48 sexo_feminino idade menarca obtida meio questionario aferidas massa_corporal total estatura obtencao dados bioeletricos utilizado bioimpedometro tetrapolar frequencia unica biodynamics mlg maturacao ossea determinadas jovens atletas ambos_sexos utilizando dxa partir levantamento bibliografico identificadas 19 equacoes preditoras mlg bia quais incluiam faixa etaria jovens presente estudo 11 14 anos destas destacamos deuremberget al 1991 pietrobelli et al 2003 horlick et al 2002 serem testadas quanto confiabilidade pois validadas dxa incluem sexo variavel teste bland altman avaliou concordancia equacoes bia dxa teste lin verificou concordancia acuracia metodos seguido classificacao mcbridge equacoes_preditivas mlg desenvolvidas utilizando analise regressao_linear meio teste stepwise variaveis ajuste maturidade ossea idade cronologica ambos_sexos maturacao_sexual somente sexo_feminino empregadas esperado jovens maturos ambos_sexos apresentaram maiores valores idade estatura massa_corporal massa_gorda mlg p<0 05 tres equacoes bia utilizadas estimar mlg apresentaram resultados diferentes comparadas obtidos dxa p= 0 001 analise bland altman apontou equacoes pietrobelli et al 2003 deuremberg et al 1991 concordantes sexo_masculino feminino respectivamente porem teste lin apontou equacao horlick 2002 concordante ambos_sexos possivelmente resultado obtido devido presenca variavel idade equacoes propostas presente estudo equacoes acordo sexo consideraram variaveis estatura2 resistencia idade maturacao ossea sexo_masculino maturacao_sexual sexo_feminino apresentaram menores valores erro padrao estimado sexo_masculino=2 7 sexo_feminino=2 3 coeficiente variacao sexo_masculino=7 sexo_feminino=6 alem maiores valores r2 sexo_masculino=0 93 sexo_feminino=0 84 resultados apontam real necessidade inclusao variaveis idade maturacao equacoes_preditivas mlg oriundas bia jovens ambos_sexos,2294
53,"dmo, tmb, equacoes, dxa, ger",principais componentes gasto_energetico total gasto_energetico repouso ger mensuracao apropriada fundamental prescricao nutricional adequada atletas adolescentes principal metodo mensuracao ger calorimetria_indireta ci entretanto acesso complexo devido alto custo protocolos avaliacao extensos desconfortaveis acesso equipamento recomendado avaliacao equacoes predicao entretanto equacoes_preditivas comumente usadas muitas vezes adequadas populacoes especificas tornando valor final inapropriado sabendo estimativa energetica precisa crucial desempenho_fisico ideal atletas desenvolvimento fase puberal objetivo principal propor equacoes predicao ger atletas adolescentes brasileiros avaliando possibilidade criacao novo metodo mensuracao ci curto desenvolvimento equacoes 98 atletas 42 mulheres diversas modalidades realizaram mensuracao ger ci estimativa equacoes predicao destacam literatura publico alvo harris benedict hb cunningham cun henry rees hr kim kim reale rae fao who unu fao avaliacao concordancia equacoes ci conduzida meio graficos bland altman coeficiente correlacao lin ccc equacoes desenvolvidas metodo regressao_linear forward stepwise comparacao ger obtida ci diferiu estatisticamente todas equacoes avaliadas exceto cun considerando toda amostra p<0 05 avaliacao concordancia equacoes identificou nenhuma mostrou eficaz concordancia moderada populacao tres modelos equacao desenvolvidos sendo especifica sexo_masculino sexo_feminino estratificacao sendo variaveis massa_gorda mg massa livre gordura mlg unicas incluidas tres modelos observado equacao estratificada sexo_masculino possuiu melhores resultados correlacao r=0 719 explicativo medio r2=0 517 frente ci objetivo proposta desenvolvimento protocolos curtos mensuracao ci reduzir tempo exame trazer conforto avaliado exame 30 minutos comparando influencia tres diferentes metodos avaliacao filtros time intervals ti steady state sst sessenta seis individuos 30 mulheres avaliados metodo 5 min sst apresentou menor valor estimado ger 1454 kcal dia tendo diferenca significativa metodos f=2 607 p=0 04 diferenca absoluta ~36kcal dia doze minutos avaliacao suficientes obter valor ger dentro padroes necessarios sendo assim protocolo aproximadamente 10 min apos periodo descanso 30 min antes exame suficiente obter valor ger confiavel independentemente metodo avaliacao,4107
53,"dmo, tmb, equacoes, dxa, ger",mensuracao massa livre gordura mlg importante calculo disponibilidade energia metodos imagem absorciometria dupla emissao raios_x dxa citados referencia calculo porem alto custo dificil manejo pratica impedancia_bioeletrica bia metodo validado simples baixo custo contudo necessidade uso equacoes_preditivas mlg populacao especifica pode dificultar interpretacao equacoes abrangentes reduzida <30 45 kcal kgmlg dia pode causar prejuizos saude performance atleta presente estudo objetivou testar concordancia quatro bia equacoes_preditivas mlg calculo utilizando valores mlg obtidos dxa adolescentes atletas sexo_feminino participaram estudo 94 adolescentes composicao_corporal mensurada dxa analise impedancia_bioeletrica tetrapolar frequencia unica 50 khz grafico concordancia bland altman 1986 coeficiente correlacao concordancia ccc lin 1989 raiz quadratica media erros rsme utilizados determinar concordancia valores mlg obtidas bia dxa mlg obtida deurenberg et al 1991 morison et al 2001 sun et al 2003 apresentaram maiores diferencas medias 1 6 kg 2 0 kg 4 6 kg respectivamente rmse 2 6 kg 2 8 kg 4 8 kg respectivamente menores valores ccc 0 88 0 87 0 61 respectivamente equacao koury et al 2019 apresentou menor diferenca medias 0 7 kg ccc 0 92 moderado menor valor rmse 1 9 predicao todas equacoes testadas apresentou elevado valor ccc >0 95 sendo classificadas substanciais porem valores rmse apontaram equacao sun et al 2003 maior erro 5 6 kcal kgmlg dia resultados sugerem equacoes_preditivas obtidas bia devem considerar maturacao_sexual variavel podem ser utilizadas calculo adolescentes atletas sexo_feminino porem escolha equacao deve ser feita considerando sexo faixa etaria maturacao biologica,3483
54,"prole, filhotes, perinatal, lactacao, desmame",exposicao materna dieta_hiperlipidica hipercalorica dhh durante gestacao lactacao associada reducao conteudo serotonina prejuizo circuitos neuronais hipotalamicos prole adulta ratos outro lado aumento disponibilidade sinaptica serotonina inibicao farmacologica neonatal atraves fluoxetina parece gerar efeitos sobre expressao fenotipica ingestao_alimentar componentes centrais controle balanco_energetico prole ratos objetivo desse estudo investigar efeitos inibicao neonatal recaptacao serotonina inrs sobre comportamento_alimentar imunorreatividade neuronal expressao_proteica hipotalamicas prole ratos adultos provindos nutrizes alimentadas dhh durante gestacao lactacao ratas wistar divididas aleatoriamente dois grupos experimentais segundo tipo dieta recebida durante gestacao lactacao grupo dieta controle c 3 11kcal g 4 5 kcal lipideos grupo dhh 4 62kcal g 51 0 kcal lipideos 1° 21o dia pos natal dpn cada ninhada ajustada 8 neonatos onde metade filhotes tratada salina esteril 10 l g outra metade fluoxetina 10mg kg 10 l g s c constituindo seguintes subgrupos dieta controle + salina c s n=13 dieta controle + fluoxetina c f n=12 dhh + salina dhh s n=14 dhh + fluoxetina dhh f n=14 n corresponde numero ninhadas 55º dpn consumo_alimentar diario cad avaliado 3 dias consecutivos 60º dpn conjunto animais realizou sequencia comportamental saciedade scs seguida realizada eutanasia seguida retirada encefalos imunohistoquimica mesma idade outro conjunto animais eutanasiado decapitacao hipotalamos armazenados posterior analise molecular 10° dpn grupo c f apresentou menor peso_corporal grupo c s grupo dhh f apresentou menor peso_corporal grupo dhh s 19° 21° dpn grupo c s apresentou menor peso_corporal grupo dhh s grupo c f apresentou menor peso_corporal relacao grupo dhh f 30 60 dias grupo c f apresentou menor peso_corporal grupo c s grupo dhh f apresentou menor peso_corporal grupo dhhs curiosamente peso encefalos grupo c f maior grupo c s termos cad grupo c f apresentou maior consumo_calorico relativo relacao grupo c s grupo dhh f apresentou menor consumo_calorico relativo grupo c f scs demonstrou grupo c f apresentou atraso ponto saciedade relacao grupo c s grupo dhh f apresentou atraso ponto saciedade relacao grupo dhh s grupo dhh f apresentou maior taxa alimentacao grupo c f uso perinatal dhh atrasou ponto saciedade scs inrs reverteu alteracao entanto intervencao farmacologica neonatal capaz promover menor peso_corporal desde lactacao vida adulta diante dieta alto teor energetico adicionalmente resultados preliminares demonstram interacao dieta sobre expressao proteina erk1 2 tendencia efeitos intervencao farmacologica sobre expressao irs 1 hipotalamica resultados ampliam conhecimento manipulacao farmacologica nutricional durante inicio vida sobre comportamento_alimentar expressao_proteica hipotalamica prole adulta jovem,3592
54,"prole, filhotes, perinatal, lactacao, desmame",presente estudo objetivo avaliar influencia niveis atividade_fisica voluntaria maes sobre glicemia ingestao_alimentar plasticidade fenotipica filhotes durante periodo crescimento desenvolvimento utilizadas 30 ratas wistar realizaram atividade_fisica voluntaria afv antes durante apos gestacao avaliar atividade_fisica voluntaria utilizadas grandezas fisicas distancia percorrida km tempo percorrido min velocidade media km h estimativa gasto calorico diario km s 1 dia 1 periodo 30 dias adaptacao apos periodo formados grupos experimentais acordo nivel atividade_fisica controle c inativo i ativo ativo ma ratas acasaladas permaneceram gaiolas atividade_fisica voluntaria gestacao lactacao durante todo experimento ratas receberam dietas ain 93 m g acordo clico vida ratas determinados consumo_alimentar peso_corporal glicemia indicadores murinometricos maturacao caracteristicas fisicas reflexa realizados filhotes durante lactacao analises durante adaptacao ma mostrou aumento progressivo execucao parametros afv durante gestacao ratas ma reduziram distancia adaptacao grupo ativo mostrou reducao peso_corporal aumento ingestao_alimentar gestacao grupo ativo aumentou peso ingestao glicemia ma reduziu desde 7º dia gestacao filhotes grupo ativo apresentaram maior eixo latero lateral cranio comprimento cauda antecipacao abertura pavilhao conduto auditivo erupcao incisivos i ma apresentaram retardo endireitamento queda livre aversao precipicio colocacao vibrissas contudo maior nivel afv maes capaz promover maior crescimento antecipacao maturacao fisica reflexa filhotes afv nesta fase pode ter papel fundamental plasticidade fenotipica,774
54,"prole, filhotes, perinatal, lactacao, desmame",desnutricao proteica perinatal capaz promover alteracoes respiratorias prole modelos experimentais atividade_fisica voluntaria materna afv cicloergometro antes durante gestacao parecem atenuar efeitos desnutricao objetivo trabalho avaliar modificacoes respiratorias bioquimicas prole ratos n=48 provenientes maes submetidas desnutricao proteica perinatal utilizados ratos_wistar n=48 provenientes maes antes gestacao colocadas individualmente gaiolas afv periodo adaptacao 30 dias apos periodo ratas classificadas acordo nivel atividade_fisica diaria inativo ativo partir desse momento ratas colocadas acasalar partir primeiro dia prenhez receberam dieta normoproteica np 17 proteina hipoproteica hp 8 proteina obtendo grupos np np ativo np inativo hp hp ativo hp inativo 1º 5º 7º 14º 21º 30º dia vida pletismografia corpo inteiro avaliado prole frequencia respiratoria fr volume corrente vt ventilacao pulmonar ve 21º 30º dia animais passaram jejum 12 horas posterior realizacao coleta sangue realizacao analises_bioquimicas niveis albumina proteinas totais triglicerideo colesterol_total glicose 30º dia realizado procedimento implante cateteres arteria femoral posterior registro pressao_arterial resultados expressos media + epm apos analises ventilatorias observado animais hp inativo apresentaram diminuicao fr 1º 7º 14º dia vida alem apresentarem aumento dessa fr 30º dia vida observado grupo np prole proveniente maes hp ativas possivel observar 22 dias grupo hp inativo mostraram reducao niveis proteinas albumina triglicerideos colesterol aumento niveis glicose comparados grupo np 30 dias vida animais hp permaneceram diminuicao niveis sericos proteinas albumina comecaram apresentar aumento triglicerideos comparados grupo np relacao parametros cardiovasculares observou nesta idade desnutricao atividade_fisica capazes influenciar pressao_arterial animais neste sentido atividade_fisica voluntaria materna parece atenuar efeitos causados desnutricao sobre parametros respiratorios bioquimicos,2882
55,"piperina, mdr, h2o2, endoteliais, linhagens",resistencia multiplas drogas mdr principal obstaculo tratamento leucemia mieloide cronica lmc crise blastica estrategia promissora identificacao compostos cuja acao seletiva sobre celulas mdr fenomeno conhecido sensibilidade colateral cs piperina fitoquimico presente pimenta reino apresenta efeito anticancer anti mdr entanto ainda explorada acao promocao cs objetivo desse estudo investigar efeitos piperina sobre diferentes mecanismos resistencia quimioterapicos celulas lmc crise blastica piperina promoveu maior efeito citotoxico sobre linhagens leucemia fenotipo mdr lucena 1 feps sobre linhagem sensivel drogas k562 caracterizando ocorrencia cs contrapartida efeito citotoxico piperina sobre macrofagos peritoneais camundongos menor celulas mdr piperina provocou importantes alteracoes morfologicas linhagens leucemia inducao formacao vacuolos citoplasma aumento granulosidade celular maior grau feps embora piperina alterado distribuicao ciclo celular induziu apenas celulas mdr processo apoptose ativacao caspase 3 sendo efeito pronunciado sobre linhagem feps apesar celulas mdr superexpressarem enzima glicolitica gliceraldeido 3 fosfato desidrogenase gapdh indicando maior resistencia morte celular independente caspases mcic piperina capaz induzir mcic via inibicao gapdh nessas linhagens enzima poli adp ribose polimerase 1 parp 1 possui diversas funcoes celulares relacionadas tanto sobrevivencia inducao morte celular analises indicaram linhagem feps apresentou menores niveis dessa proteina bem menor atividade alem disso unica apresentou niveis detectaveis fragmento 24 kda sugerindo desenvolvimento mecanismo capaz impedir superativacao parp 1 poderia proteger celulas contra morte celular piperina capaz reduzir niveis parp 1 fragmento 24 kda indicando possivel relacao inducao cs apesar piperina ter aumentado expressao p gp ambas linhagens mdr somente feps haveria possivel correlacao diminuicao expressao parp 1 aumento expressao p gp apos incubacao piperina investigamos possibilidade piperina estar sofrendo metabolizacao celulas mdr gerando metabolitos potencial ainda citotoxico primeiramente analisamos nivel genes relacionados metabolismo fase i xenobioticos linhagem feps apresentou maior expressao cyp3a5 seguida lucena 1 sendo piperina capaz induzir ainda expressao desse gene nessas celulas mdr ainda demonstrou interagir proteina cyp3a5 docking molecular seguida avaliamos metabolizacao piperina entanto observadas diferencas linhagens leucemia sugerindo provavelmente cyp3a5 estaria metabolizando fitoquimico sendo assim piperina parece promover cs diferentes vias sinalizacao modulando parp 1 feps p gp cyp3a5 identificacao mecanismos relacionados inducao cs pode auxiliar delineamento estrategias contra celulas fenotipo mdr,2712
55,"piperina, mdr, h2o2, endoteliais, linhagens",resistencia multiplas drogas mdr principal obstaculo tratamento leucemia mieloide cronica lmc crise blastica principais causas mdr superexpressao celulas tumorais bombas efluxo drogas glicoproteina p p gp capazes expulsar celulas agentes quimioterapicos exemplo vincristina vcr estrategia superar mdr identificacao compostos cuja acao seletiva sobre celulas mdr fenomeno conhecido sensibilidade colateral cs alem disso estudos recentes sido realizados intuito reverter mdr meio combinacao compostos_bioativos alimentos quimioterapicos compostos capazes sensibilizar celulas cancer quimioterapia piperina fitoquimico presente pimenta reino objetivo desse estudo investigar efeitos piperina inducao cs reversao resistencia vcr celulas mdr lmc crise blastica experimentos viabilidade celular ensaio reducao mtt brometo 3 4 5 dimetiltiazol 2 il 2 5 difenil tetrazolio demonstraram piperina promoveu reducao viabilidade linhagem leucemia sensivel drogas k562 linhagens mdr lucena 1 feps apresentando apos 72 horas incubacao ic50 99 0 + 2 3 m 87 9 + 3 9 m 41 5 + 1 6 m respectivamente resultados evidenciam celulas mdr lucena 1 feps apresentam maior sensibilidade piperina celulas k562 caracterizando fenomeno cs contrapartida efeito citotoxico piperina sobre celulas normais mononucleadas sangue periferico pbmc menor celulas mdr feps baseado analise citometria fluxo tratamento piperina 72 horas alterou distribuicao ciclo celular linhagens estudadas entanto apos periodo incubacao 100 m piperina induziu celulas mdr lucena1 feps processo apoptose sendo efeito pronunciado linhagem feps relatado linhagem feps resistente vez apresenta expressao p gp duas vezes maior celulas lucena 1 fim testar cs poderia estar relacionada presenca p gp realizados experimentos celulas lucena 1 feps silenciadas gene mdr 1 codifica p gp piperina menos toxica nessas celulas silenciadas alem disso analisado efeito piperina sobre expressao atividade p gp linhagens lucena 1 feps meio incubacao anticorpo contra p gp ensaio substrato fluorescente p gp rhodamina 123 respectivamente nesses experimentos visto 50 m 100 m piperina promoveram reducao tanto expressao quanto atividade p gp linhagem feps entanto inibiram apenas atividade p gp linhagem lucena 1 associacao piperina quimioterapico vcr mostrou resistencia celulas lucena 1 vcr revertida piperina dessa forma estudo sugere piperina capaz induzir cs reverter resistencia vcr celulas lmc mdr sendo mecanismo piperina induzir cs parece estar relacionado expressao p gp membrana dessas celulas tumorais investigacoes podem auxiliar delineamento estrategias terapeuticas possam atuar prevenindo revertendo mdr neste tipo cancer,1370
55,"piperina, mdr, h2o2, endoteliais, linhagens",ions trivalente 3+ hexavalente 6+ estados oxidacao estaveis metal transicao cromo enquanto forma cr3+ micronutriente essencial adequada regulacao homeostase glicemica cr6+ reconhecidamente toxico carcinogenico estudos previos indicado entretanto ambas especies cromo podem ter comum expressiva capacidade gerar especies_reativas_oxigenio eros assim procurou aprofundar estudo formacao eros partir interacao ions cromo h2o2 in vitro caracteristicas dessa producao fim contribuir discussao mecanismos quimicos desse processo alem disso efeito oxidativo proteinas isoladas albumina serica bovina 946 lactoglobulina estudado presenca radical hidroxil 61599 oh apos incubacao cr3+ h2o2 identificada forma direta epr formacao caracteristica aduto dmpo 61599 oh reiterada resultados degradacao oxidativa 2 desoxirribose 2 dr hidroxilacao acido tereftalico tpa oxidacao dimetilsulfoxido dmso formacao 61599 oh cr3+ mostrou dependente tempo incubacao producao continua 10 dias experimento oxidacao 2 dr temperatura ambiente cr3+ 0 1 mm h2o2 1 mm 2 dr 5 mm tampao fosfato 5 mm ph 7 2 descartada experimentalmente influencia significativa propria 2 dr metais contaminantes durante producao continua concentracao cr3+ h2o2 manteve relacao direta formacao 61599 oh sugerido producao concomitante h2o2 durante formacao 61599 oh processo reciclagem h2o2 ocorre porem decomposicao espontanea niveis h2o2 longo tempo observada producao significativa proteinas carboniladas partir oxidacao albumina 946 lactoglobulina induzida cr3+ 0 1 mm presenca h2o2 cromo hexavalente mostrou capaz gerar 61599 oh sendo neste caso processo extremamente rapido inferior 10 min possivelmente segundos concentracao cr6+ h2o2 influencia diretamente producao 61599 oh interferencia significativa metais contaminantes mesma forma sugere mecanismo reciclagem h2o2 oxidacao proteinas cr6+ significativa mostrou independente adicao h2o2 resultados sugerem ainda mecanismos geracao 61599 oh mediados cr3+ cr6+ independentes oxidacao reducao outra forma estavel metal mecanismos sugeridos compreendem formacao 61599 oh partir reacao similar fenton classico envolvendo formas cr3+ cr6+ compostos intermediarios possivelmente radical superoxido o2 interacao h2o2 dessa forma atribui peso evidencia capacidade toxica cr6+ alerta quanto utilizacao terapeutica cr3+ especialmente forma cronica,570
56,"sintomas_depressivos, has, depressao, alcool, sintomas_ansiedade",introducao depressao representa problema saude_publica devido alta prevalencia incidencia ultimos anos populacao geral especialmente populacao rural deficiencia micronutriente selenio acarreta impacto saude_mental contribuindo desenvolvimento grave comum transtorno depressivo transtorno depressivo maior objetivo estudo visa avaliar consumo selenio associacao sintomas_depressivos agricultores sudeste brasil metodologia estudo epidemiologico transversal_analitico realizado 736 agricultores municipio santa maria jetiba es coleta dados ocorreu dezembro 2016 abril 2017 utilizado questionario_semiestruturado coleta dados_sociodemograficos estilo_vida condicao clinica dados referentes consumo_alimentar coletados meio aplicacao tres recordatorios_24 h episodios depressivos identificados instrumento mini international neuropsychiatric interview resultados 16 1 n=119 agricultores apresentaram sintomas episodio depressivo maior sendo 5 8 n=43 episodio depressivo atual 10 3 n=76 episodio depressivo maior recorrente fatores_sociodemograficos associados depressao sexo p <0 001 estado_civil p = 0 004 classe socioeconomica p = 0 015 relacao fatores estilo_vida condicao clinica associacao significativa depressao consumo alcool p = 0 002 intoxicacao agrotoxico p = 0 001 consumo selenio p = 0 032 associacao significativa variavel tabagismo menor consumo selenio associado ocorrencia depressao apos ajustes variaveis sociodemograficas estilo_vida intoxicacao agrotoxico or = 2 17 ic95 = 1 11 1 4 24 conclusao consumo inadequado selenio fator risco depressao achados deste estudo irao contribuir limitada literatura sobre saude_mental trabalhadores rurais fortalecendo evidencias influencia nutrientes selenio desenvolvimento depressao,3617
56,"sintomas_depressivos, has, depressao, alcool, sintomas_ansiedade",objetivo avaliar associacao transtornos_mentais comuns tmc episodios depressivos transtornos ansiedade obesidade adultos estudo_longitudinal saude adulto elsa brasil quanto consumo_alimentar contribui associacao metodos trata analise transversal realizada dados linha base elsa brasil 13 985 participantes 35 74 anos ambos_sexos alimentos bebidas ultraprocessados oriundos questionario_frequencia_alimentar validado determinados partir classificacao_nova obesidade geral definida imc = 30kg m² obesidade_central circunferencia_cintura > 102cm homens > 88cm mulheres analisar presenca transtornos_mentais comuns tmc utilizou clinical interview schedule revised version cis r pontuacao total = 12 presenca sintomas_ansiedade depressivos ultimos 7 dias modelos paralelos analise regressao_poisson ajustada progressivamente possiveis fatores confusao mediadores considerando fatores_socioeconomicos tabagismo consumo alcool atividade_fisica presenca doencas_cronicas uso benzodiazepinicos antidepressivos ingestao_energetica total consumo_alimentos ultraprocessados compulsao_alimentar obesidade resultados modelo amplamente ajustado prevalencia obesidade_central significativamente maior individuos tmc rp 1 18 ic95 1 13  1 24 sintomas_ansiedade rp 1 14 ic95 1 08  1 20 episodios depressivos rp 1 15 ic95 1 06  1 25 obesidade geral significativamente frequente naqueles tmc rp 1 08 ic95 1 01  1 16 homens tmc apresentaram frequentemente obesidade_central rp 1 12 ic95 1 01  1 24 mulheres maior prevalencia obesidade_central encontrada naquelas tmc rp 1 09 ic95 1 04  1 15 ansiedade rp 1 09 ic95 1 03  1 15 consumo compulsao_alimentar explicaram 24 magnitude associacao tmc obesidade_central 44 associacao tmc obesidade geral consumo ultraprocessados relacao valor energetico total diario alimentacao vet superior mulheres tmc 26 4 ic95 26 1  26 8 comparadas tmc 25 2 ic95 25 0  25 5 homens tmc 23 4 ic95 22 8  24 0 homens tmc 22 8 ic95 22 6  23 1 conclusoes presenca transtornos_mentais comuns associada obesidade_central ambos_sexos independentemente fatores considerados especialmente mulheres ansiedade destaca associada maior frequencia obesidade_central consumo_alimentar parece explicar parte dessa associacao,3608
56,"sintomas_depressivos, has, depressao, alcool, sintomas_ansiedade",depressao sindrome_metabolica sido transtornos comuns atualidade depressao sido associada sindrome_metabolica sm entanto poucos estudos verificado consumo alimentos_in_natura minimamente processados aimp media relacao considerando aspectos estudo objetivo avaliar associacao depressao incidencia sm participantes coorte universidades mineiras cume brasil verificar consumo energia aimp media associacao trata estudo prospectivo participantes cume livres sm linha base sendo acompanhados cume verificar depressao baseline fator risco incidencia sm longo seguimento coorte realizada analise longitudinal estimacao equacao generalizada analise ajustada variaveis sociodemograficas estilo_vida consumo_alimentar analise verificar consumo aimp media relacao depressao sm realizada analise mediacao metodo contrafactual participaram estudo total 3 538 pessoas prevalencia depressao baseline 12 7 incidencia sm longo seguimento 5 2 analise longitudinal efeito depressao incidencia sm indicou modelo 1 ajustado idade sexo participantes depressao apresentaram risco 59 maior adquirirem sm longo seguimento or=1 59 p valor=0 011 modelo 2 ajustado variaveis relacionadas estilo_vida apresentou tendencia associacao or=1 43 pvalor=0 054 modelo 3 ajustado todas variaveis estudadas iniciaram estudo depressao apresentaram risco 47 maior adquirirem sm longo seguimento or=1 47 p valor=0 039 analise mediacao mostrou apenas 3 2 efeito total associacao depressao sm explicados consumo energia aimp assim significacao estatistica indicando consumo energia aimp mediando relacao resultados deste estudo indicam ter depressao baseline favoreceu maior incidencia sm participantes cume longo seis anos acompanhamento resultados reforcam importancia identificar tratar depressao prevenir sm demais doencas_cronicas_transmissiveis comuns nesta coorte,5196
57,"pandemia, sars, pandemia_covid_19, cov, covid_19",coronavirus disease 19 covid_19 doenca causada virus rna denominado sars cov 19 ingles severe acute respiratory syndrome coronavirus sabe administracao vacinas principais funcoes inducao anticorpos neutralizantes tratando especificamente covid_19 principais imunoglobulinas destacam frente resposta imune sars cov 2 igm igg iga atualmente imunizacao populacao profissionais_saude considerada ferramenta eficaz controle pandemia sendo assim objetivo deste estudo quantificar avaliar associacoes sociodemograficas titulos igg contra sars cov 2 antes apos vacinacao profissionais_saude municipio interior pernambuco presente estudo deu municipio vitoria santo antao pe contou participacao profissionais vinculados diretamente secretaria saude municipio exercicio profissional realizadas coletas sorologicas periodo 16 03 2021 04 05 2021 primeira deu antes recebimento vacina segunda apos recebimento imunizante coleta pos vacina ocorreu 19 79 dias apos administracao imunizante posterior analise sorologica valores referencias classificados negativos proporcoes anticorpos <0 8 inconclusivos = 0 8 <1 1 positivos razao =1 1 participaram pesquisa 20 vinte individuos idade 22 54 anos media 33 2+ 8 5 anos apos 2a dose vacina coronavac sinovac life sciences 95 n=19 participantes produzindo imunoglobulinas especificas contra sars cov 2 apenas 1 individuo apresentou resultado inconclusivo apos receber duas doses imunizante encontrado aumento titulos anticorpos vacina comparados titulos antes vacina todas ocupacoes encontrou diferenca estatistica niveis igg profissionais disseram ter tido sintomas covid_19 n=8 apresentaram media valor igg 2 164 + 1 625 antes vacina 4 708 + 2 420 apos administracao imunizante versus relataram apresentar 0 3825 + 1 015 antes vacina 3 827 + 1 763 apos vacina encontrada diferenca estatistica faixa etaria observada correlacao titulos igg intervalo dias segunda dose imunizante coleta pos vacina observou significancia estatistica niveis igg ps antes apos vacina informaram apresentar comorbidades versus relataram pode concluir frequencia alta profissionais_saude 95 produziu imunoglobulinas especificas contra sars cov 2 apos duas doses vacina achados corroboram estudos publicados respeito inducao resposta imune humoral induzida coronavac infere eficacia vacinas contra covid_19 todos tipos populacoes continua ser avaliada certas duvidas sobre influencia fatores derivados hospedeiro idade comorbidades tempo producao anticorpos neutralizantes pos vacina sendo estudados,4590
57,"pandemia, sars, pandemia_covid_19, cov, covid_19",desde inicio pandemia profissionais_saude tornaram principais grupos risco infeccao sars cov 2 comunidade cientifica busca entender cinetica imunologica resposta exposicao virus intuito saber quanto tempo respostas anticorpos mantidas fornecerao protecao contra reinfeccao objetivo deste estudo analisar cinetica anticorpos iga igg anti sars cov 2 profissionais_saude sintomaticos covid_19 municipio vitoria santo antao pernambuco trata estudo descritivo analitico delineamento longitudinal realizado profissionais_saude atuantes linha frente combate covid_19 apresentavam qualquer sintoma associado sindrome gripal coleta dados atraves ficha registro individual casos sindrome respiratoria aguda grave hospitalizado disponibilizada secretaria saude municipio amostras sorologicas coletadas meses junho julho outubro 2020 resultados niveis sericos iga igg anti sars cov 2 obtidos teste imunoenzimatico elisa organizados ordem crescente partir intervalo dias semanas data inicio sintomas data coleta sorologica analise laboratorial intervalo minimo maximo inicio sintomas coleta 10 212 dias amostra caracterizada 21 profissionais_saude idade 26 50 anos + 38 1 anos 12 57 1 pertenciam categoria profissional enfermagem obesidade condicao prevalente seguido hipertensao diabetes asma sintomas dor cabeca anosmia astenia ageusia febre mialgia comumente relatadas inicio doenca caracterizam manifestacoes forma leve covid_19 anticorpos iga positivos detectados intervalo minimo 10 dias posterior declinio longo segunda terceira coletas semelhante dinamica resposta imune humoral infeccoes virais sars cov alguns participantes apresentaram aumento niveis sericos iga poderia ser atribuido casos reinfeccao resposta anticorpo iga outros generos coronavirus alem disso niveis anticorpos iga positivos detectaveis aproximadamente 07 meses provavelmente correspondendo nova caracteristica manifestacao imunidade humoral resposta infeccao sars cov 2 anticorpos igg detectados inicio doenca posterior aumento longo segunda terceira coletas semelhante resposta imune humoral virus sars cov titulos igg anti sars cov 2 positivos mantiveram detectaveis aproximadamente 07 meses contribuindo memoria imunologica estudo possibilitou identificar heterogeneidade magnitude respostas ainda claro quanto tempo anticorpos promoverao imunidade protetora contra infeccao secundaria sars cov 2 sugerindo continuidade analises diferentes alvos imunologicos incorporando respostas frente inducoes artificiais imunidade vacinas,4597
57,"pandemia, sars, pandemia_covid_19, cov, covid_19",sintomas mencionados primeiros pacientes infectados sarscov 2 febre tosse mialgia dispineia contudo virus adentra outros continentes outros sinais sintomas passam pertencer quadro manisfestacoes clinicas covid_19 sintomas incomuns sendo cada vez relatado sendo alteracoes olfativas gustativas muitos pacientes covid_19 desenvolveram sintomas persistentes chamados long covid sintomas duradouros perda olfato paladar ter alteracoes forma persistente pode acarretar riscos qualidade_vida habitos_alimentares estudo objetiva avaliar prevalencia impacto disfuncoes olfativas gustativas qualidade_vida habitos_alimentares profissionais_saude zona mata pernambuco infectados sars cov 2 trata pesquisa caso_controle realizada 53 profissionais_saude linha frente combate covid_19 profissionais passaram previamente teste elisa distribuidos 3 grupos acordo resultado teste listagem sintomatologica 1 iga igg negativo sars cov 2 n=9 2 iga igg positivo sarscov 2 perda olfato paladar n=37 3 iga igg positivo sars cov 2 perda olfato paladar n=7 coleta informacoes feitas atraves entrevista ligacao telefonica auxilio questionarios validados acordo teste fisher associacao fatores_risco comorbidade diagnostico covid_19 quanto sinais sintomas apenas mal estar perda olfato paladar revelaram associacao variavel resultado teste covid_19 total 53 participantes desse estudo 39 individuos relataram comprometimento olfato paladar sendo 37 diagnostico positivo sars cov 2 2 individuos diagnostico negativo sars cov 2 apenas 1 pessoa relatou comprometimento isolado paladar todos demais participantes mencionaram comprometimento integrado tanto olfato quanto paladar 53 profissionais 31 relataram ter sintomas duracao superior 4 semanas classificando long covid sintomas duradouros citados perda olfato perda paladar fraqueza cansaco referente analise impacto dessas disfuncoes sobre qualidade_vida escores totais sqod ns diferiram pacientes perda olfato paladar disfuncoes relacao impacto disfuncoes sobre habitos_alimentares associacao grupos apenas quanto fato gostar comida onde grande porcentagem individuos resultado positivo perda olfato paladar relataram disfuncoes fizeram gostar menos comida diante disso estudo revelou existe alta prevalencia disfuncoes olfato paladar curto longo prazo sujeitos diagnostico positivo covid_19 sintomas podem interferir habitos_alimentares reduzindo prazer comida bem fazer individuos compensar perda desses sentidos optem alimentos temperados palataveis,4592
58,"ultrassom, secagem, extracao, termossonicacao, temperatura",casca limao residuo largamente produzido industrias processamento frutas muitas vezes descartada forma incorreta trazendo inumeros prejuizos economicos socioambientais alem disso desperdicio representa oportunidade perdida pois materia prima rica compostos_bioativos polifenois apresentam propriedades biologicas industriais interessantes aproveitamento desses compostos necessario separa los demais componentes materia prima obter extratos alta concentracao processo pode ser realizado diversos metodos extracao constante desenvolvimento sendo assim estudo propoe desenvolvimento metodos extracao separacao concentracao flavonoides especificos partir casca limao meio tecnicas emergentes extracao usando solventes alternativos escolha deste tema fundamenta dois principais pilares extracao flavonoides especificos casca limao utilizando tecnicas solventes extracao considerados verdes b reaproveitamento agregacao valor residuos industrializacao casca limao primeira parte estudo_experimental objetivou desenvolver metodo integrado extracao separacao concentracao compostos_fenolicos casca limao meio acoplamento tecnicas extracao liquidos pressurizados ple extracao fase solida spe usando solventes verdes estudo mostrou diferentes condicoes extracao permitiram obter fracoes extratos composicoes quimicas distintas atraves processos verdes extracao condicoes extracao eluicao sepra c18 extracao agua ph 6 eluicao etanol 80 ºc resultaram maiores rendimentos hesperidina 12 8120 + 0 0006 mg g compostos menos polares totais 20 210 + 0 005 mg g alem obter elevado grau separacao fracoes distintas compostos polares menos polares alem disso ple spe obteve rendimentos elevados comparacao outras tecnicas extracao segunda parte estudo_experimental visou desenvolver metodo extracao otimizado recuperar flavonoides especificos casca limao utilizando extracao assistida ultrassom uae misturas euteticas solventes mistura eutetica cloreto colina acido acetico chcl aa 1 2 alcancou melhor desempenho extracao compostos alvo potencia sonda ultrassonica 320 w atingiu rendimento maximo hesperidina narirutina dccr r s f 30 teor agua 40 tempo estatico 40 min condicoes ideais recuperacao compostos interesse tempo extracao dinamico 6 min adequado solvente etanol agua 50 v v obteve maior pureza compostos relacao chcl aa porem chcl aa eficiente protecao compostos sob efeito alta temperatura extracoes uae superiores desempenho extracao comparacao tecnicas convencionais avaliadas assim possivel demonstrar potencial casca limao fonte compostos_bioativos assim potencial tecnologias extracao emergentes solventes verdes obtencao flavonoides interesse partir dessa matriz vegetal,3985
58,"ultrassom, secagem, extracao, termossonicacao, temperatura",objetivo deste trabalho avaliar influencia extracao assistida ultrassom eau impregnacao fenolicos residuo uva manga desidratada primeira etapa processo extracao polifenois realizado atraves delineamento experimental uso ultrassom diferentes intensidades potencia 75 373 w cm² tempos aplicacao 2 10 min processo avaliado termos fenolicos totais antocianinas taninos capacidade_antioxidante cor consumo energia segunda etapa polifenois extraidos incorporados manga diferentes metodologias impregnacao ultrassom tratamento osmotico vacuo avaliados perda agua ganho solidos compostos fitoquimicos carotenoides fenolicos acido_ascorbico firmeza cor consumo_energetico apos impregnacao amostras submetidas secagem convectiva 60 ºc terceira etapa avaliadas termos taxa secagem ts compostos fitoquimicos firmeza teste sensorial ultima etapa trabalho amostras manga ainda submetidas outros metodos alternativos secagem ultrassom vacuo forma continua intermitente seguintes parametros avaliados ts compostos fitoquimicos firmeza consumo_energetico etapa eau polifenois residuo uva maior extracao fenolicos 51 73 mg eag g antocianinas 2 05 mg g taninos 62 65 mg ec g obtida aumento nivel amplitude tempo aplicacao ultrassom resultados capacidade_antioxidante proporcionais concentracoes polifenois 401 62 mol trolox g etapa impregnacao polifenois uva manga ensaios impregnacao vacuo impregnacao vacuo assistida ultrassom apresentaram melhor desempenho relacao retencao carotenoides 33 07  34 53 g g acido_ascorbico 25 57  40 97 mg 100g maior incorporacao polifenois residuo uva manga 6 29  7 74 mg eag g maior mudanca cor textura macia etapa secagem convectiva manga impregnada amostras tratadas vacuo ultrassom desidratacao osmotica apresentaram taxas secagem rapidas alem maior retencao carotenoides 6 77 g g fenolicos 1 84 mg eag g acido_ascorbico 7 05 mg 100g avaliacao sensorial mostrou amostras impregnadas apresentaram boa aceitacao relacao diferentes metodos secagem empregados secagem vacuo ultrassom resultou menor tempo 6 secagem menor degradacao termica carotenoides 38 18 g g fenolicos 1 88 mg eag g enquanto secagem vacuo resultou maior retencao acido_ascorbico 59 36 mg 100g outro lado tratamentos ultrassom perdas fenolicos 0 64  0 73 mg eag g acido_ascorbico 16 63  21 30 mg 100g utilizacao pulsos ultrassom vacuo resultou secagens rapidas secagens continuas consequente reducao consumo_energetico presente trabalho mostrou eau impregnacao fenolicos residuo uva manga seca viavel utilizacao combinacoes vacuo ultrassom continuo intermitente capazes otimizar processo secagem manga preservar valor_nutricional,3731
58,"ultrassom, secagem, extracao, termossonicacao, temperatura",secagem etapas processamento produtos agricolas finalidade retirar parte agua neles contida uso pre tratamentos pode minimizar alteracoes sensoriais nutritivas ainda reduzir custos processo secagem objetivo presente trabalho avaliar eficacia uso etanol ultrassom pulso vacuo combinados pre tratamento secagem melao cantaloupe cucumis melo var cantalupensis naud realizados oito tipos pre tratamentos onde amostras imersas solucao etanol diferentes concentracoes 100 50 proporcao etanol agua sendo utilizadas quatro condicoes tratamento controle empregando apenas ultrassom us frequencia 25 khz apenas vacuo vc pressao 650 700 mmhg outra utilizando associacao ultrassom vacuo usvc todas condicoes aplicado tempo processamento 10 minutos temperatura 30º c secagem realizada secador leito fixo velocidade ar 2 m s 60 ºc avaliados seguintes parametros qualidade atividade agua teor acido_ascorbico teor_compostos_fenolicos totais teor carotenoides_totais cor atividade_antioxidante dpph condicao obteve menor tempo secagem utilizou pre tratamento us 10 minutos solucao etanol 100 todas amostras processadas submetidas juntamente amostras secas pre tratamento analise qualidade realizada apos pre tratamentos apos secagem processo secagem provocou reducao consideravel compostos_bioativos melao reducao atividade_antioxidante condicoes pre tratamento utilizaram imersao meio etanolico 50 maneira geral obtiveram menores perdas compostos_fenolicos totais carotenoides_totais acido_ascorbico relacao atividade agua todas amostras secas apresentaram valores inferiores 0 62 configurando alimento seguro armazenamento parametros cor apos processo secagem diminuicao luminosidade l todas amostras cor amarela b parametro cor vermelha intensificado,2892
59,"snp, snps, alelos, alelo, dm2",doenca celiaca dc doenca cronica inflamatoria acomete intestino delgado ocasionada associacao tres elementos suscetibilidade genetica resposta autoimune exposicao gluten calcula apenas 10 15 celiacos devidamente diagnosticados diagnostico feito base manifestacoes clinicas realizacao testes sorologicos testes geneticos biopsia intestinal considerada padrao ouro fechamento diagnostico principais determinantes suscetibilidade genetica dc localizados regiao codifica antigeno leucocitario humano hla classe ii especificamente alelos constituem complexos hla dq2 hla dq8 partir identificacao desses alelos possivel conhecer risco determinadas populacoes virem desenvolver doenca ausentes pode favorecer diagnostico reducao risco parentes primeiro grau celiacos considerados grupo alto risco desenvolvimento doenca devido grande probabilidade herdabilidade desses fatores geneticos diante disso objetivo presente estudo verificar frequencia alelos risco complexos hla dq2 dqa1 0501 dqb1 0201 hla dq8 drb1 04 associar presenca sintomas doencas relacionadas dc parentes primeiro grau celiacos sul brasil aplicado questionario solicitando dados caracterizacao amostra incidencia outras doencas sintomas associados dc dna genomico extraido celulas mucosa bucal alelos identificados reacao cadeia polimerase 224 individuos participantes 14 excluidos analise sintomas realizarem restricao total gluten sendo assim 67 6 individuos relataram algum tipo sintoma associado dc doencas associadas dc referidas 40 6 intolerancia lactose frequente 18 3 observado 87 parentes celiacos possuiam menos alelos risco estudados sendo 79 9 apresentaram alelos risco relacionados complexo hla dq2 29 9 hla dq8 individuos positivos ambos alelos dqa1 0501 dqb1 0201 complexo hla dq2 78 4 relataram sintomas associados dc p=0 003 sendo distensao abdominal sintoma frequente p=0 006 individuos portadores alelo drb1 04 marcador haplotipo dr4 dq8 referiram maior incidencia osteoporose p= 0 02 hipotireoidismo p= 0 04 comparar portadores deste alelo resultados ressaltam importancia genotipagem alelos risco relacionados sistema hla diagnostico dc estarem associados maior frequencia outras doencas sintomas relacionados dc,2130
59,"snp, snps, alelos, alelo, dm2",doenca celiaca dc caracterizada ser desordem autoimune desencadeada ingestao gluten tendo principal manifestacao desordens nivel intestinal desordem estaria ligada fatores geneticos principalmente encontrados sistema leucocitario humano hla classe ii hladq sendo alelos hla dq2 dqa1 0501 dqb1 0201 hla dq8 drb1 04 responsaveis codificar proteinas dq2 dq8 sabe alelos presentes 25 30 populacao chega 95 outros 5 celiacos desencadeado doenca devido outros fatores geneticos sendo assim incluido rastreamento hla dq dentre etapas diagnostico dc utilizando principalmente pacientes assintomaticos rastreio grupos risco dc portanto objetivo desse estudo analisar frequencia prevalencia alelos dq2 dq8 celiacos parentes primeiro grau pessoas investigacao total amostras coletadas n = 78 obteve n=67 analises questionarios analisados conferindo total 85 9 total sendo deste total 37 amostras 55 2 diagnostico dc 13 amostras parentes celiacos 19 4 17 amostras investigacao dc 25 4 9 amostras perdidas conseguimos retorno participantes 14 1 quanto genotipos dq2 dq2 b dq a+b dq8 dq2 + b + dq8 celiacos avaliados n=37 23 62 menos 1 alelo sendo dq2 n=3 13 1 dq2 b n=8 34 8 dq2 ab n=12 52 1 alelo dq8 n=7 30 4 apresentavam positivos n=11 37 8 apresentaram alelo nenhum relacao teste genetico maioria pessoas todos tres grupos menos alelos entretanto grupo pessoas investigacao apresentaram maior porcentagem alelos menor porcentagem ter alelos estudados grupos genotipo dq2 ab encontrado todos grupos celiacos apresentaram maior numero sintomas patologias realizacao biopsia testes sorologicos busca diagnostico correto grupos entretanto dc deve ser investigada grupos parentes celiacos pessoas investigacao doenca visto maioria parentes celiacos relataram sintomas doencas relacionadas dc sendo classificados grupo risco individuos sintomas classicos dc realizacao biopsia necessaria pois pode tratar individuos assintomaticos evitando assim futur maiores complicacao relacionados patologia,3860
59,"snp, snps, alelos, alelo, dm2",doenca celiaca dc enteropatia imunologica caracterizada histopatologia intestinal tipica atrofia vilosidades hiperplasia cripta mucosa intestino delgado ocasionada ingestao gliadinas trigo individuos geneticamente predispostos etiologia dc composta fatores_ambientais geneticos relacao fatores geneticos human leukocyte antigen hla confere 40 variancia genetica susceptibilidade associada sistema hla principalmente alelos dqa1 05 dqb1 02 codificam molecula dq2 alelos dqb1 0302 drb1 04 codificam cadeia beta molecula dq8 teste hla dq relevancia diagnostica causa alto valor preditivo negativo grupos risco dc incluindo parentes primeiro grau individuos diabetes mellitus tipo 1 doencas autoimunes tireoide sindrome down sindrome turner sindrome williams dermatite herpetiforme european society of paediatric gastroenterology hepatology and nutrition espghan propos recentemente novos criterios diagnostico dc rastreio presenca hla dq2 5 hla dq8 pacientes risco dc sendo metodo simples menos invasivo confiavel dessa forma presente estudo objetivo avaliar prevalencia alelos hla portadores doencas autoimunes tireoide frequentam ambulatorios nutricao endocrinologia universidade federal pelotas realizado esclarecimentos assinatura termo consentimento livre esclarecido individuos responderam questionario sociodemografico questoes sobre saude posteriormente dna genomico extraido celulas mucosa bucal genotipagem alelos dqa1 0501 dqb1 0201 drb1 04 utilizadas reacoes cadeia polimerase pcr iniciadores nucleotidicos especificos participaram deste estudo 110 portadores dat observou 66 4 individuos carregavam menos alelos estudados 58 2 individuos positivos menos alelos hla dq2 dqa1 0501 dqb1 0201 relacao hla dq8 drb1 04 21 82 populacao estudada positivos alelo 3 6 positivos tanto hla dq2 dqa1 0501 dqb1 0201 quanto hla dq8 drb1 04 rastreamento genetico nessa populacao risco importante pois diagnostico precoce evita morbidades melhora qualidade_vida,2554
60,"placenta, mir, placentario, femeas, let",desmame_precoce tipo estresse precoce associado alteracoes comportamento_alimentar apesar disso pouco sabe respeito mecanismos moleculares epigeneticos dentro desse contexto adicionalmente comunidade cientifica lancado esforcos encontrar estrategias prevencao problemas desenvolvimento associados estresse precoce neste contexto utilizacao terapeutica micrornas destacado desta forma estudo buscou avaliar efeitos desmame_precoce sobre parametros comportamentais moleculares epigeneticos controle comportamento_alimentar alem possivel efeito preventivo suplementacao pos natal aguda mir 320 3p mir 375 3p dois desenhos experimentais elaborados primeiro utilizados ratos_wistar_machos femeas submetidos desmame regular d30 precoce d15 250 300 dias vida animais avaliados massa_corporal ingestao_alimentar 24h fases ciclo circadiano resposta privacao alimentar alimento palatavel alem disso avaliados peso figado gordura_abdominal niveis sericos triglicerideos colesterol_total glicose expressao_genica sert 5ht1b 5ht2c drd1 drd2 npy pomc hipotalamo tronco encefalico atraves pcr tempo real segundo experimento ratos sprague dawley knock in gfp regiao promotora cck submetidos desmame regular d30 precoce d15 alem terem recebido suplementacao oral mir 320 3p d30 d15 mir 375 3p d30 embebidos dosp dia pos natal 12 45 dias vida animais ambos_sexos eutanasiados coletados hipotalamo hipocampo tronco encefalico onde avaliada atraves pcr tempo real expressao_genes sert 5ht1b 5ht2c drd1 drd2 clock bmal1 per1 per2 gfp cck micrornas mir 375 3p mir 320 3p mir 132 3p mir 504 mir 16 5p desmame_precoce promoveu hiperfagia aumento ingestao alimento palatavel machos porem hipofagia femeas expressao 5ht1b 5ht2c sert drd1 drd2 aumentada tronco encefalico machos alem hipotalamo serem observados elevada expressao sert drd1 expressao diminuida 5ht1b pomc apesar maioria casos efeitos_suplementacao mir 320 3p exercer efeitos semelhantes desmame_precoce preveniu efeitos desmame_precoce sobre aumento mir 16 5p hipotalamo femeas aumento drd1 tronco encefalico machos aumento clock hipocampo femeas suplementacao mir 375 3p aumentou expressao mir 320 3p hipotalamo reduziu expressao todos mrnas avaliados hipotalamo exceto drd1 cck reduziu expressao 5ht1b 5ht2c drd1 clock bmal1 per1 per2 cck hipocampo femeas cck hipocampo machos assim concluimos desmame_precoce altera comportamento_alimentar expressao componentes sistemas serotonergico dopaminergico longo prazo adicionalmente suplementacao mir 320 3p mir 375 3 apresentou resultados promissores estrategia prevencao modificacoes promovidas desmame_precoce apesar apresentar resultados semelhantes desmame_precoce,3718
60,"placenta, mir, placentario, femeas, let",carboidratos constituem 3 4 mundo biologico glicose carboidrato importante sob forma maior parte carboidratos dieta absorvida absorcao intestinal glicose atraves membrana luminal ocorre transporte ativo secundario acoplado influxo na+ especificamente intestino glicose compete galactose sitio ligacao proteina carreadora conhecida transportador sodio glicose tipo 1 sglt1 portanto ligar transportador junto sodio monossacarideos ativamente transportados meio intracelular testar influencia sglt1 sido utilizada preferencialmente florizina membro classe chalcona compostos organicos inibe forma especifica competitiva tanto sglt1 quanto sglt2 outro subtipo transportador encontrado rins outro lado afeta transporte realizado gluts membrana basolateral transportados sangue difusao facilitada proteina carreadora pertencente familia transportadores glicose glut caso glut tipo 2 sobre carreador sglt1 estudos mostrado expressao estreitamente associada composicao dieta exposicao monossacarideos pode modular acao expressao tendo vista inumeros problemas saude acometidos alimentacao inadequada estudos substancias bioativas potencial contribuir positivamente saude populacao reduzir risco doencas_cronicas alem conter substancias auxiliam promocao_saude trazendo melhora estado_nutricional neste contexto podemos destacar cogumelos dentre varios cogumelos genero pleurotus sido bastante utilizados pesquisas dentro deste genero destacamos especie pleurotus ostreatus p ostreatus especie popular cultivada comercialmente todo mundo mostrado potencial anti_inflamatorio anti hipertensivo antinociceptivo hipocolesterolemiante antioxidante antitumoral etc objetivo determinar influencia extrato pleurotus ostreatus absorcao intestinal glicose sglt1 materiais metodos pesquisa desenvolvida dependencias laboratorio fisiologia cardiovascular departamento fisiologia farmacologia ufpel bioterio central universidade federal pelotas projeto dividido 3 experimentos sendo subdivididos testes experimento 1 avaliar efeitos p ostreatus sobre absorcao intestinal sacarideos glicemia experimento 2 analisar influencia p ostreatus sobre glicemia possivel relacao presenca sacarideos extrato experimento 3 analisar influencia exposicao repetida extrato p ostreatus 21 dias sobre absorcao glicose intestinal transportador sglt1 niveis glicose mensurados atraves teste oral tolerancia_glicose totg atraves teste tolerancia_glicose ttg ambos testes administrada solucao d glicose 2g kg peso_corporal camundongos termino experimento 3 animais devidamente eutanasiados aprofundamento anestesico exsanguinacao coleta tecidos alvo resultados conclusao conclusao camundongos_c57bl 6 submetidos tratamento 21 dias extrato p ostreatus dose 2000 mg kg apresentaram aumento transporte glicose sglt1 analises adicionais importantes enriquecer entendimento mecanismos envolvidos resultados obtidos presente trabalho,4315
60,"placenta, mir, placentario, femeas, let",melanopsina opn4 fotorreceptor termo sensor cuja expressao observada varios orgaos tecidos sendo coracao altamente expresso alem disso expressao canais potencial receptor transitorio trp parece estar associada expressao opn4 retina supostamente coracao partimos hipotese opn4 juntamente canais trp coracao atuam monitorando variacoes temperatura interna atraves sangue proveniente pulmoes possivelmente promovendo liberacao expressao principais hormonios peptideos natriureticos nps fatores temperatura ambiente alimentacao desiquilibrada prejudicam homeostase cardiaca causando efeitos prejudiciais estrutura funcao potencialmente desencadeando doencas_cardiovasculares portanto objetivo estudo avaliar efeitos exposicao frio ausencia canal trpa1 sobre expressao_genica opn4 trpv1 trpa1 trpm8 nppa nppb atrios ventriculos coracao camundongos alimentados high fat diet utilizados 24 camundongos machos c57bl 6j trpa1 ko divididos 4 grupos experimentais expostos temperaturas 30°c 22°c resultados pcr quantitativo indicaram expressao opn4 atrios 30°c reduzida grupo trpa1 ko 22°c aumento expressao gene grupo ventriculos apresenta diferencas significativas quanto canais trp gene trpv1 encontramos diferencas significativas trpa1 atrios diferencas significativas ventriculos 22°c indicaram reducao expressao trpm8 atrios 30°c reducao expressao gene grupo trpa1 ko 22°c resultou reducao expressao camundongos_c57bl 6j enquanto grupo trpa1 ko aumento expressao ventriculos 30°c resultou aumento expressao trpm8 grupo trpa1 ko c57bl 6j aumento expressao 22°c nps expressao nppa apresentou diferencas significativas nppb atrios indicou reducao expressao 22°c tanto c57bl 6j trpa1 ko ventriculos nppb apresentou diferencas significativas podemos concluir opn4 canais trp possivelmente possam estar atuando termo sensores coracao flutuacoes temperatura afetam expressao nps camaras cardiacas,4760
61,"cirurgia_bariatrica, intervencao, cirurgia, operatorio, grupo_intervencao",tratamento dieta_cetogenica considerado eficaz aproximadamente 50 pacientes epilepsia farmacorresiste porem apesar potencial terapeutico dieta controle crises podem existir efeitos adversos exigindo monitoramento constante paciente tratamento realizado estudo quasi experimental analisar efeito dieta_cetogenica atkins modificada frequencia crises epilepticas densidade_mineral_ossea pacientes_adultos epilepsia farmacorresiste quais monitorados 4 12 24 48 semanas tratamento relacao frequencia crises epilepticas reducao significativa crises focais semanas 24 48 p=0 003 p=0 005 crises tonico clonico bilaterais tonico clonico generalizadas reducao significativa observada semanas 12 24 p=0 006 p=0 024 encontradas reducoes densidade_mineral_ossea longo semanas estudadas todos participantes mantiveram z score coluna lombar dentro faixa considerada adequada idade dieta demonstrou eficacia reducao frequencia crises epilepticas pacientes_adultos epilepsia farmacorresistente causar alteracoes clinicamente significativas densidade_mineral_ossea durante periodo avaliado,5096
61,"cirurgia_bariatrica, intervencao, cirurgia, operatorio, grupo_intervencao",dieta atkins modificada dam mostrado resultados promissores controle crises epilepticas individuos epilepsia farmacorresistente embora perda_peso efeito colateral reconhecido escassez dados sobre mudancas composicao_corporal massa_gorda massa_magra tanto curto quanto longo prazo estudo objetivo avaliar efeitos dam composicao_corporal adultos epilepsia farmacorresistente alem examinar variacoes consumo_alimentar cetose serica numero tipo crises epilepticas longo protocolo metodos recrutamento realizado dois centros referencia tratamento epilepsia santa catarina marco 2022 abril 2024 participantes avaliados quatro momentos fase pre dieta pd semana 4 s4 semana 12 s12 semana 24 s24 totalizando 6 meses acompanhamento consumo_alimentar analisado meio registro_alimentar 3 dias orientacao limitar ingestao carboidratos 20g dia fase pd composicao_corporal avaliada atraves medidas peso altura indice_massa_corporal imc circunferencias braco cb cintura cc alem densitometria absormetria radiologica dupla energia dxa registrados numero tipos crises epilepticas farmacos utilizados niveis cetose serica resultados estudo acompanhou 8 participantes longo 24 semanas igualmente distribuidos homens mulheres idades 23 46 anos media 38 25 + 8 27 observou reducao significativa crises focais pd s24 p = 0 018 enquanto crises bilaterais diminuiram significativamente pd s12 pd s24 p < 0 001 reducoes significativas peso circunferencia_cintura cc pd s4 p = 0 036 p < 0 001 respectivamente enquanto circunferencia_braco cb apresentou reducao significativa pd s12 p = 0 042 imc apresentou reducoes estatisticamente_significativas longo estudo apesar alteracoes medias durante visitas observadas mudancas estatisticamente_significativas composicao massa_gorda massa_magra consumo carboidratos apresentou reducao estatisticamente_significativa todos tempos relacao pd p < 0 001 enquanto ingestao lipideos mostrou alteracao significativa pd s12 s24 p < 0 001 ingestao_calorica proteica apesar oscilacoes medias apresentou alteracoes estatisticamente_significativas entanto observado aumento consumo proteico alguns participantes pd refletiu media geral 92 29 + 9 83 conclusao estudo corrobora resultados preliminares intervencoes dieta_cetogenica dc dieta atkins modificada dam controle crises epilepticas pacientes epilepsia farmacorresistente observadas mudancas significativas parametros_antropometricos peso imc cb cc embora sido identificadas alteracoes significativas composicao_corporal preservacao massa_magra considerada resultado positivo primeira conversa fornecida participantes s 4 parece ter influenciado reducao carboidratos antes previsto alem aumentar consumo proteinas embora orientacao sobre dieta enfatizado reducao 7 carboidratos manutencao niveis normais proteinas aumento ingestao lipidios participantes tenderam aumentar ingestao proteinas vez lipidios estudos futuros devem focar somente controle crises efeitos longo prazo dam composicao_corporal desses individuos alem avaliar protocolo dietetico sendo efetivamente seguido apos prescricao,5094
61,"cirurgia_bariatrica, intervencao, cirurgia, operatorio, grupo_intervencao",introducao obesidade doenca cronica multifatorial dificil controle reconhecida mundialmente problema saude_publica fator risco outras morbidades hipertensao_arterial_sistemica has dislipidemia diabetes mellitus dm doencas hepaticas outras cirurgia_bariatrica metabolica cbm constitui tratamento eficaz obesidade_grave comorbidades sendo destacadas tecnicas bypass gastrico y roux bgyr sleeve entanto totalmente elucidado quais efeitos dessas tecnicas anatomicamente distintas indicadores_antropometricos bioquimicos pacientes objetivo avaliar indicadores bioquimicos antropometricos clinicos individuos obesidade submetidos cbm tecnicas bgyr sleeve metodos estudo_transversal retrospectivo dados coletados partir prontuarios medicos registros equipe nutricao programa obesidade cirurgia_bariatrica prociba hospital_universitario clementino fraga filho hucff incluidos individuos ambos_sexos adultos_idosos diagnosticados obesidade_grave distribuidos dois grupos conforme tecnica cirurgica submetidos analisados dados antropometricos peso_corporal estatura perimetros cintura pc abdomen pa quadril pq calculados indice_massa_corporal imc percentual perda excesso_peso pep dados laboratoriais lipidograma hemograma eletrolitos marcadores funcao_renal hepatica avaliados todas variaveis analisadas periodos pre_operatorio 6 meses 12 meses pos operatorios po analise estatistica utilizado statistical package the social sciences spss versao 22 0 considerando p<0 05 resultados incluidos 91 individuos bgyr = 45 sleeve = 46 po 6 meses grupo sleeve apresentou obesidade grau i grupo bgyr grau ii apos 12 meses grupos apresentaram obesidade grau i ambas tecnicas reducao significativa todos indicadores_antropometricos periodo basal 12 meses 6º 12º mes po entretanto observada maior reducao peso_corporal pc 6 12 meses po bgyr imc apresentou maior reducao neste grupo tanto comparacao periodo basal 12 meses quanto 6 12 meses po porem pep diferente tecnicas considerando perfil glicidico ambas tecnicas promoveram reducao glicemia comparando periodo basal 6 12 meses po porem grupo bgyr reduziu glicemia sleeve 12 meses alem disso somente bgyr promoveu reducao hemoglobina_glicada comparando basal 6 12 meses perfil_lipidico tecnicas obtiveram resultados semelhantes aumento hdl_c todo periodo avaliado aumento colesterol_total ct particularmente primeiros 6 meses po reducao ldl_c 6 meses 12 meses po reducao vldl c triglicerideos lipidios totais lt basal 6 12 meses po porem lt aumentaram 6 12 meses sleeve considerando hemograma ambas tecnicas promoveram reducao hemacias comparacao basal 12 meses po analisando variacao hematocrito reducao basal 12 meses ambas tecnicas relacao indicadores hepaticos sleeve promoveu reducao transaminase oxalacetica tgo basal 12 6 12 meses po transaminase glutamico piruvica tgp reduziu ambas tecnicas basal 6 12 meses po avaliando demais marcadores hepaticos observa valores gama glutamil transferase reduziram basal 6 12 meses ambos grupos bgyr bilirrubina total aumentou basal 6 reduziu 6 12 meses po sleeve aumentou basal 6 12 meses po bilirrubina direta reduziu somente bgyr basal 12 meses po quanto marcadores renais observou variacao valores ureia reducao basal 12 meses bgyr observando indicador aumentou 6 12 meses po creatinina reduziu sleeve quanto proteinas plasmaticas bgyr promoveu reducao proteina total pt basal 12 6 12 meses po enquanto sleeve pt aumentou periodo albumina aumentou basal 12 meses po somente sleeve eletrolito sodio aumentou sleeve bgyr basal 6 12 meses po somente sleeve aumento variacao potassio basal 12 meses comparacao grupos cirurgia bgyr manteve efetivo melhora perfil glicidico sleeve mostrou maior reducao tgp 6 12 meses po conclusao tecnicas cirurgicas mostraram efetivas perda_peso diferencas grupos porem bgyr resultou maior variacao destes indicadores_antropometricos bgyr mostrou efetivo melhora perfil glicidico ambas tecnicas semelhantes melhora perfil_lipidico reducao marcadores hemograma quanto marcadores hepaticos bgyr promoveu alteracoes positivas conjunto indicadores apesar sleeve ter destacado reducao tgp marcadores renais sleeve destaca reducao creatinina apesar aumento eletrolitos avaliados forma geral considera duas tecnicas analisadas resultaram melhora metabolica geral,4108
62,"sono, trabalhadores, turno, estudantes_universitarios, omissao",arruda j p curta duracao sono habitos consumo refeicoes estudantes_universitarios 2019 dissertacao mestrado nutricao alimentos metabolismo faculdade nutricao universidade federal mato grosso cuiaba 2019 introducao ingresso universidade exerce forte influencia comportamentos estilo_vida marcado rotina diaria acumulo atividades especialmente estudantes optaram curso turno integral outros fatores falta tempo realizar refeicoes completas alteracoes habitos sono influenciam escolha alimentos interferindo habitos consumo refeicoes longo dia objetivo analisar associacao curta duracao sono habitos consumo refeicoes estudantes_universitarios metodos estudo_transversal 1608 estudantes_universitarios ambos_sexos idade 16 25 anos ingressantes cursos periodo integral universidade publica regiao centro oeste brasil dados_sociodemograficos economicos sobre estilo_vida obtidos questionario autoaplicado incluindo duracao sono informacoes sobre omissao refeicoes substituicao almoco jantar lanches classificou omissao refeicoes desjejum almoco jantar qualquer frequencia correspondesse consumo diario refeicao substituicao almoco jantar lanche realizada menos vez semana curta duracao sono identificada conforme tempo sono durante noite =6 horas idade =18 anos =7 horas menores 18 anos associacoes estimadas modelos ajustados regressao_poisson resultados prevalencias omissao desjejum almoco jantar respectivamente 51 0 13 9 35 6 frequencia substituicao almoco jantar lanche 74 1 81 5 respectivamente estudantes relataram dormir media 6 51 h noite curta duracao sono identificada 27 2 populacao estudada apos ajustes fatores confusao curta duracao sono manteve associada omissao desjejum rpaj= 1 18 ic95 = 1 06 1 30 almoco rpaj= 1 51 ic95 = 1 15 1 98 modelos ajustados omissao jantar substituicao almoco jantar lanches perderam associacao curta duracao sono conclusoes observou elevada prevalencia omissao refeicoes substituicao almoco jantar lanche estudantes_universitarios curta duracao sono apresentou associacao direta omissao desjejum almoco,2652
62,"sono, trabalhadores, turno, estudantes_universitarios, omissao",embora conhecimento sobre relacao vida universitaria saude estudantes fundamental formulacao intervencoes politicas trabalhos sobre tema ainda limitados especialmente contexto brasileiro sendo assim objetivo desta pesquisa analisar perfil saude fatores_associados estudantes graduacao instituicoes federais brasileiras trata estudo_observacional transversal amostragem conveniencia realizado 2014 2015 envolvendo dados institucionais questionario on line autopreenchido analisados meio medidas frequencia tendencia central dispersao regressao_logistica 130 947 estudantes avaliados 79 6 relataram dificuldade emocional interferencia ano academico anterior 4 pensamento suicida 75 4 realizavam baixo numero refeicoes < 5 dia 70 2 baixa pratica_atividade_fisica < 3 vezes semana 62 9 relataram uso bebidas_alcoolicas 11 1 tabaco 7 4 drogas ilicitas comparando regioes pais observou cenario saude_mental positivo regiao norte assim uso menos frequente alcool tabaco drogas ilicitas regiao sul apresentou relatos frequentes uso bebidas_alcoolicas medicacoes psiquiatricas menos frequentes baixa pratica_atividade_fisica regiao nordeste observou baixa pratica_atividade_fisica prevalente regiao sudeste ansiedade fatores_associados saude universitarios identificou maior chance baixa pratica_atividade_fisica estudantes cursos noturnos area saude cotistas residiam familia moradia universitaria realizavam principais refeicoes casa assistencia estudantil alimentacao movimentos religiosos maior tempo deslocamento universidade relatos dificuldades financeiras adaptacao disciplina habito estudo carga excessiva estudantil ainda associados maior chance baixo numero refeicoes cursos turno integral area saude campus avancado residir familia realizar principais refeicoes casa atuar movimento estudantil maior tempo deslocamento universidade relatos dificuldades financeiras adaptacao maiores chances relato pensamento suicida observadas universitarios areas linguistica letras artes ciencias humanas biologicas exatas terra dedicavam 25 horas semana estudos extraclasse possuiam intencao mudar curso duvidas residiam sozinhos participaram acompanhamento psicologico apresentaram baixa pratica_atividade_fisica numero refeicoes relataram uso vida medicacao psiquiatrica uso tabaco drogas ilicitas identificadas maiores chances uso alcool tabaco drogas ilicitas universitarios residiam familia atuaram movimentos artistico cultural ecologico estudantil politico participaram atividades assistencia estudantil cultura possuiam duvidas sobre trocar curso relataram dificuldades relacao professor estudante financeiras falta disciplina habito estudo concluiu diversos fatores relacionados vida academica universidades associados saude estudantes achados podem ajudar elaborar politicas_publicas direcionadas instituicoes ensino,3547
62,"sono, trabalhadores, turno, estudantes_universitarios, omissao",sindrome burnout sb decorrente estresse laboral cronico sido observada professores universitarios embora relacao estilo_vida sb ainda pouco explorada nesse segmento estudo objetivo avaliar associacao caracteristicas estilo_vida sb docentes universitarios trata estudo_transversal 113 docentes universidade publica rio janeiro sb avaliada meio cuestionario la evaluacion del sindrome quemarse el trabajo cesqt composto 20 questoes abrangendo dimensoes ilusao trabalho entusiasmo trabalho desgaste psiquico indolencia culpa percentis sqt soma escores ilusao trabalho desgaste psiquico indolencia classificados cinco niveis baixo sqt<p10 baixo p10<sqt<p33 medio p33<sqt<p66 alto p66<sqt<p90 critico sqt>p90 perfil 1 atribuido sqt alto perfil 2 sqt culpa altos escores medios cada dimensao categorizados considerando limite critico <2 0 ilusao trabalho =2 0 desgaste psiquico indolencia caracterizar perfil 1 sb alem desses escore culpa =2 0 individuo incluido perfil 2 estilo_vida caracterizado avaliacao habitos sono atividade_fisica frequencia_consumo bebida alcoolica consumo_excessivo ultimos 30 dias condicao peso autopercepcao saude morbidade referida consumo_alimentar avaliadas diferencas escores cesqt variacoes proporcoes docentes pontuacao acima limites criticos perfis 1 2 segundo categorias variaveis explicativas testes qui_quadrado wilcoxon mann_whitney kruskal_wallis p <0 05 apenas docente pontuou <2 0 ilusao trabalho entretanto 85 individuos apresentaram escore =2 0 desgaste psiquico mulheres apresentaram media elevada desgaste psiquico homens 2 89 vs 2 51 p= 0 01 enquanto media culpa maior docentes idades <45 anos =45 anos 1 95 vs 1 69 p =0 01 escore medio indolencia maior consumiam alcool =3 vezes semana comparados relataram bebidas =2 vezes semana habito 1 73 vs 1 60 vs 1 33 p =0 01 observado relataram consumo abusivo alcool comparacao relataram comportamento 1 68 vs 1 48 p =0 03 comparados consideraram saude regular 20 consideraram saude ruim ruim 80 apresentaram medias elevadas p =0 01 desgaste psiquico 2 87 vs 2 42 indolencia 1 62 vs 1 39 culpa 1 87 vs 1 62 considerando percentis sqt 19 docentes classificados perfil 1 15 perfil 2 sb observadas associacoes significativas consumo_alimentar condicao peso sb entretanto 59 docentes apresentaram alimentacao risco 43 excesso_peso resultados indicaram docentes analisados intensamente submetidos estresse especialmente mulheres jovens trabalhavam menos 10 anos instituicao destaca associacao consumo_bebidas_alcoolicas dimensao indolencia,2352
63,"criancas, crianca, alimentacao_complementar, aleitamento_materno, infantil",introducao formacao comportamento_alimentar processo complexo inicia infancia determinada inumeros fatores dentre interacao crianca cuidador momento refeicoes objetivo analisar associacao estilo parental alimentacao comportamento_alimentar lactentes 12 meses vida metodologia estudo_transversal aninhado ensaio_clinico_randomizado lactentes nascidos termo peso nascimento =2500g porto alegre  rs regiao metropolitana cujas maes participaram intervencao 5 5 meses vida crianca comportamento_alimentar crianca avaliado questionario comportamento_alimentar crianca cebq estilo parental alimentacao questionario estilos parentais alimentacao qepa ambos 12 meses questionario on line variaveis sociodemograficas familia coletadas inicio pesquisa questionario on line variaveis quantitativas descritas media desvio padrao dp mediana intervalo interquartilico p25  p75 variaveis categoricas utilizando frequencias absolutas n relativas modelo regressao_linear_multipla construido avaliar associacao dominios interesse comida desinteresse comida cebq variavel dependente qepa variavel independente ajustado variaveis demonstraram associacao p<0 10 regressao_linear univariada considerados fatores exposicao dimensoes estilo parental exigencia responsividade idade materna amamentacao 12 meses renda_familiar total escolaridade_materna desfecho analisado escore infantil dominios comportamento_alimentar interesse comida desinteresse comida analises estatisticas considerado nivel significancia 5 p<0 05 resultados avaliados 118 pares mae lactentes 12 meses mediana idade materna 33 anos 28  36 anos renda_familiar total r$ 6 000 r$ 3 850  10 000 escolaridade_materna 18 anos 15  20 anos aleitamento_materno 12 meses reduziu 0 388 unidades interesse comida modelo ajustado p=0 003 aumento escore exigencia parental aumentou 0 364 unidades desinteresse comida p=0 002 estar aleitamento_materno 12 meses aumentou 0 262 unidades desinteresse comida p=0 024 modelo ajustado conclusao exigencia parental aleitamento_materno 12 meses associados comportamento controle ingestao_alimentar lactentes,3611
63,"criancas, crianca, alimentacao_complementar, aleitamento_materno, infantil",dissertacao objetivo central investigar associacao violencia contra crianca vcc praticas_alimentares decimo terceiro mes vida dados analisados originarios coorte prospectiva acompanhou crescimento durante primeiro ano vida recem_nascidos acolhidos quatro unidades saude rio janeiro 2005 2009 presente estudo faz analise seccional 348 criancas participaram entrevista decimo terceiro mes vida media idade = 13 01 + 1 30 meses praticas_alimentares criancas investigadas partir recordatorio_24_horas desfecho principal oferta diversidade dietetica minima leite_materno definido base indicador proposto organizacao_mundial_saude 2008 vcc investigada meio versao portugues instrumento parent child conflict tactics scales outras variaveis indicadas literatura relacionadas mae crianca ambiente vivem incluidas analises variaveis ajuste meio regressoes logisticas binaria multinomial associacoes vcc praticas_alimentares criancas estimadas base razoes chances rc brutas ajustadas respectivos intervalos 95 confianca ic95 utilizou ponto corte p valor =0 05 indicativo significancia estatistica resultados deste estudo mostram vcc punicao corporal maus tratos fisicos globais simultaneamente aumentou aproximadamente 2 5 vezes chances ofertar leite_materno rc=2 47 ic95 =1 31 4 65 p=0 005 aproximadamente quatro vezes chances ofertar diversidade dietetica minima leite_materno rc=3 90 ic95 =1 04 14 61 p=0 043 decimo terceiro mes vida resultados indicam vcc relaciona praticas_alimentares primeiros anos vida ressaltam importancia acompanhamento praticas_alimentares infantis necessidade investimentos praticas identificacao acolhimento aconselhamento diversos aspectos saude familias violencia,3232
63,"criancas, crianca, alimentacao_complementar, aleitamento_materno, infantil",provavel associacao existente desnutricao cronica infantil transtorno mental comum tmc materno relacao causal estabelecida existem diversas possibilidades quais casos tmc associada reducao capacidade materna realizacao atividades repercussoes estado_nutricional filhos dessa forma objetivo estudo investigar associacao desnutricao infantil incapacidade decorrente tmc materno levando conta possivel interacao algumas variaveis selecionadas incluindo suporte social trata estudo_caso controle realizado centro recuperacao educacao nutricional cren maceio maes criancas desnutridas casos grupo_controle maes criancas eutroficas matriculadas creche proxima cren aplicado self report questionnaire srq20 rastreamento tmc dessas maes alem sheehan disability scale sds avaliar incapacidade decorrente tmc medical outcomes study questions  social support survey mos sss avaliar suporte social aplicado questionario verificar variaveis socio demograficas coleta dados realizada apos assinatura termo consentimento livre esclarecido participantes estudo analise estatistica univariada utilizado teste ² comparacao variaveis categoricas p<0 05 or intervalo confianca 95 verificacao associacao desnutricao crianca incapacidade materna interacao variaveis selecionadas finalmente utilizou regressao_logistica variavel dependente desnutricao infantil variaveis independentes incapacidade materna decorrente tmc suporte social fatores socio demograficos aplicado teste likelihood ratio comparar teste inicial final amostra final composta 125 duplas mae crianca sendo 55 casos 70 controles media idade maes 31 7 anos + 10 05 dp criancas 4 2 anos + 12 9 dp 54 4 criancas sexo_feminino apresentaram tmc incapacidade associada 20 maes 58 8 desnutridos 14 maes 41 2 eutroficos verificou existencia provavel associacao desnutricao infantil incapacidade associada tmc materno or = 2 28 ic 95 1 0  5 1 alem disso observou analise bivariada diferenca estatisticamente significante casos controles variaveis 1 ausencia marido companheiro mae mercado trabalho or = 3 18 ic 95 1 14  9 04 2 numero residentes casa or = 2 67 ic 95 1 17  6 11 3 presenca pai biologico casa or = 3 14 ic 95 1 01  9 95 escore suporte social global apresentou diferenca significativa grupos p= 0 53 regressao_logistica variaveis independentes permanecem modelo final relacao variavel dependente desnutricao infantil incapacidade associada tmc numero pessoas casa presenca pai biologico casa encontrou associacao desnutricao infantil incapacidade materna associada tmc populacao investigada variaveis numero residentes lar presenca pai biologico representaram indicativos maior risco desnutricao infantil enquanto suporte social segue tendencia similaridade casos controles ambos pertencem mesma comunidade baixa_renda estudos prospectivos necessarios reforcar resultados encontrados,69
64,"paes, textura, aceitabilidade, tecnologicas, aceitacao",consumo_alimentos gluten crescido industria buscado ampliar producao finalidade contemplar nova necessidade mercado produzir paes gluten mesma qualidade similares gluten sido desafio pesquisadores pois ausencia gluten afeta elasticidade massa impactando caracteristicas_sensoriais produto farinha tuberculo amorphophalus konjac rico fibra soluvel chamada glucomannan sido utilizada literatura aditivo melhorar estrutura produtos gluten encontra descrito literatura fibra compoe 70 90 desta farinha trabalho objetivos produzir paes gluten farinha amorphophallus konjac ingrediente caracterizar quimicamente paes produzidos avaliar textura cor volume especifico avaliar aceitabilidade produtos preparados trata estudo_experimental dividido quatro etapas elaboracao formulacoes fichas tecnicas preparacao analise fisico quimica paes analise_sensorial analise estatistica elaboracao formulacoes testada adicao farinha konjac formulacao pao gluten proporcao 12 5 25 37 5 50 teor farinhas formulacao determinados teores proteinas lipidios umidade fibra_alimentar residuos minerais posteriormente carboidratos determinados diferenca conduzida analise amido_resistente todas formulacoes paes avaliacao aceitabilidade metodo check all that apply cata realizados 110 provadores 43 consumidores 67 consumidores paes gluten analise_sensorial aceitabilidade realizada meio escala hedonica 9 pontos atributos cor aroma textura sabor aparencia aceitacao global analise estatistica dados composicao textura cor volume especifico realizada meio software spss analise_sensorial utilizado programa xlstat farinha konjac influenciou composicao caracteristicas_sensoriais paes deste estudo quantidade fibras umidade amido_resistente volume especifico aumentados medida aumentou farinha formulacoes teor fibra dietetica encontrado paes variou 1 07 36 93 amido_resistente variacao 0 84 1 45 paes 0 50 konjac observada relacao inversa calorias adicao farinha konjac paes obtida diferenca estatistica volume especifico pao controle volume especifico encontrado todos paes konjac volume positivamente influenciado adicao farinha konjac formulacoes pao konjac 12 5 apresentou maior media firmeza pao caracteristicas proximas encontradas pao gluten 12 5 farinha konjac tanto analise aceitabilidade quanto atributos levantados meio mapa descritivo cata check all that apply possivel observar pao controle localizado proximo caracteristicas aparencia ressecada textura seca granulosa casca cor escura salgado demais paes 25 37 5 50 encontram localizados proximos caracteristicas aroma peixe aroma fermento miolo escuro borrachudo sabor fermento sabor desagradavel portanto pao 12 5 encontra proximo caracteristicas desejaveis paes cor casca clara cor miolo claro textura macia umida coesa agradavel brilhante pao maior percentagem aceitacao global consumidores consumidores paes gluten 12 5 farinha konjac 93 96 aceitacao respectivamente,2960
64,"paes, textura, aceitabilidade, tecnologicas, aceitacao",trabalho visa melhorar simultaneamente qualidade tecnologica sensorial nutricional paes gluten psg meio utilizacao psyllium planejamento fatorial 22 utilizado investigar efeitos psyllium p 2 86 17 14 base farinha bf agua 82 14 117 86 bf interacoes propriedades fisicas aceitabilidade psg sete formulacoes elaboradas quatro correspondentes pontos fatoriais tres repeticoes ponto central modelos obtidos r2= 95 8 99 8 p 0 02 mostraram interacao p aumentou volume especifico maciez aceitabilidade aparencia cor aroma textura sabor global psg definidas quatro formulacoes promissoras otimizacao simultanea todos atributos aceitabilidade meio funcao desejabilidade global d=0 99 denominada formulacao composta 2 86 p 82 14 bf escores aceitabilidade 8 escala hedonica hibrida 10 cm outras tres selecionadas grafico sobreposicao curvas contorno aceitabilidade objetivo encontrar formulacoes aceitas escores 7 apresentassem maiores teores p formulacoes b 7 14 p 91 10 c 15 35 p 117 86 d 17 14 p 117 86 bf formulacoes c d apresentaram 7 8 9 2 fibra_alimentar respectivamente representa aumento tres quatro vezes teor fibra relacao formulacao controle formulacoes apresentaram 3 9 4 6 g p porcao 50g quantidades fisiologicamente relevantes desta fibra_alimentar propriedades funcionais realizado ensaio vida_prateleira formulacoes  d meio monitoramento propriedades fisicas seguranca microbiologica aceitabilidade durante 96h armazenamento comparacao formulacao controle psg duas formulacoes paes elaborados farinha trigo ft1 ft2 resultados mostraram dentre psg formulacao d apresentou menor taxa envelhecimento unica manteve aceitabilidade durante 72h armazenamento mesmos escores aceitabilidade aroma textura sabor ft1 ft2 avaliacao resposta glicemica mostrou psg controle 0 p apresentou elevado indice_glicemico ig = 67 carga glicemica cg = 14 utilizacao 17 14 p bf elaboracao psg formulacao d ocasionou reducao significativa resposta glicemica resultou produto baixo ig 50 baixa cg 9 psyllium pode ser considerado melhorador tecnologico nutricional psg tornar possivel sovar moldar massa gluten melhoria estrutura textura aparencia aceitabilidade vida_prateleira paes tempo possibilitou incremento teor fibra_alimentar reducao resposta glicemica deste produto pode oferecer beneficios nutricionais funcionais pessoas necessitam dieta isenta gluten,1728
64,"paes, textura, aceitabilidade, tecnologicas, aceitacao",objetivo deste trabalho definir niveis adequados inulina agua agregar qualidade tecnologica nutricional funcional paes gluten psg delineamento composto central rotacional utilizado variacoes niveis inulina i 0 30 agua 80 140 base farinha  bf resultados mostram adicao 30 i afeta propriedades fisicas aceitabilidade psg desde realizado ajuste apropriado teor formulacoes selecionadas duas formulacoes otimizacao simultanea aceitabilidade meio funcao desejabilidade global d=0 96 composta 10 65 i 108 5 bf outra sobreposicao graficos contorno aceitabilidade composta 30 i 131 6 bf formulacoes assim controle adicao i apresentaram escores aceitabilidade aparencia cor aroma textura sabor global 8 escala hedonica hibrida 10 cm utilizacao 30 i bf elaboracao psg resultou produto bem aceito 7 7 frutanos formulacao 10 2 fibra_alimentar total corresponde aumento 3 6 vezes teor fibra relacao formulacao controle resultados ensaio in vivo determinacao resposta glicemica mostraram nivel adicao ocasionou reducao significativa indice_glicemico 67 49 carga glicemica 14 8 psg resultados ensaio vida_prateleira mostraram adicao 30 i bf alterou propriedades fisicas psg apresentaram maior firmeza miolo comparacao duas formulacoes paes elaborados farinha trigo ft1 ft2 menores escores aceitacao textura sabor caracteristicas diferenciaram psg paes ft1 ft2 durante 72h armazenamento observou apos 24h producao psg controle aceito quanto textura escores variando 4 5 adicao i possibilitou manter aceitacao moderada deste atributo escores ~6 durante 72h armazenamento utilizacao 30 i 131 6 bf formulacao psg possibilita obter produto nutricionalmente melhorado pode oferecer beneficios nutricionais funcionais pessoas necessitam dieta isenta gluten controle_glicemico considerando elevado potencial nutricional funcional deste produto sugere conducao novos estudos prolongar vida_prateleira,1738
65,"gostos, gustativa, amargo, basicos, acerto",deficiencia zinco frequentemente observada pacientes doenca_renal_cronica drc pode comprometer percepcao gustativa consequentemente manejo nutricional objetivo desse estudo avaliar estado_nutricional zinco influencia percepcao sensorial gustativa pacientes drc tratamento conservador conduzido estudo_transversal onde avaliados 21 pacientes drc tratamento conservador ambulatorio nutricao renal universidade federal fluminense uff 11 homens 51 1 + 7 1 anos imc 27 9 + 7 1 kg m2 taxa filtracao glomerular 32 7 + 19 9 ml min 22 individuos drc 10 homens 49 8 + 8 3 anos imc 28 5 + 5 4 kg m2 amostras sangue coletadas obtencao plasma analise zinco espectrofotometria absorcao atomica avaliados parametros_antropometricos bioquimicos ingestao_alimentar fluxo salivar percepcao sensorial paladar sabores doce azedo amargo salgado determinada metodo tres gotas 4 concentracoes 4 sabores basicos niveis_plasmaticos zinco grupo_controle maiores 123 2 + 24 6 g dl comparados pacientes drc 70 1 + 19 2 g dl p= 0 0001 onde 62 apresentaram deficiencia zinco 70 g dl analise_sensorial percepcao sabor amargo menor grupo drc p= 0 0001 dois grupos avaliados forma conjunta valores zinco plasmatico significativamente maiores pessoas acertaram comparadas erraram gosto azedo concentracao 0 0125 g ml acerto 130 88 g dl acerto 106 91 g dl p valor=0 047 salgado concentracao 0 03 g ml acerto 127 93 g dl acerto 93 4 g dl p valor=0 03 amargo concentracao 0 0001 g ml acerto 125 5 g dl acerto 92 75 g dl p valor=0 025 amargo concentracao 0 0006 g ml acerto 116 2 g dl acerto 86 1 g dl p valor=0 007 relacao zinco dietetico verificado diferenca significativa medias ingestao pessoas acertaram erraram respectivamente gosto amargo concentracao 0 0001 g ml acerto 11 2 mg dia acerto 8 2 mg dia p valor=0 038 unir dois grupos estudos observadas correlacoes significativas zinco plasmatico numero acertos gosto amargo r= 0 49 p valor=0 001 numero acertos gosto salgado r=0 30 p valor=0 048 pontuacao total acertos r=0 30 p valor=0 044 observadas correlacoes adicionais zinco plasmatico dietetico tfg niveis baixos zinco plasmatico dietetico observados pacientes drc podem estar associados menor percepcao gostos amargo dois grupos unidos observou medias zinco plasmatico dietetico maiores participantes acertaram determinadas concentracoes sabores amargo azedo salgado estudos essenciais verificar associacao estado_nutricional zinco variaveis individuais percepcao gostos amargo doce azedo salgado podem influenciar habitos_alimentares afetando estado_nutricional tratamento comorbidades drc,3307
65,"gostos, gustativa, amargo, basicos, acerto",olfato sentido importante interacao mundo pouco compreendido envolvido percepcao sabores gostos alimentos alguns fatores interferem capacidade olfatoria tais idade doencas nasais doencas neurodegenerativas poluicao covid_19 outros avaliar desordens olfato atraves anamnese direcionada partir teste olfatorio confiavel facilita compreensao sobre existencia severidade desordens olfatorias populacao entretanto conhecimento teste olfatorio reuna qualidades ser simples facil aplicacao rapido barato acessivel assim teste olfatorio oleos_essenciais finalidade determinar indice percepcao aromas trabalho estudo_observacional transversal abordagem_quantitativa corresponde teste piloto teste principal teste piloto composto dez oleos_essenciais odores alecrim canela cassia laranja doce limao siciliano eucalipto globulus menta piperita oregano palma rosa funcho cafe verde cada oleo_essencial identificado codigo tres digitos garantir ocultamento nomes fragrancias utilizadas fitas olfatorias aplicacao oleos_essenciais sala ventilada ambiente silencioso realizado teste sendo recrutados 31 sujeitos queixas olfatorias previas ambos_sexos saudaveis voluntarios inalaram aromas oleos_essenciais responderam questionario teste principal feito dois grupos estudos primeiro grupo estudo consiste pacientes hospital irmandade santa casa misericordia muzambinho  mg recrutados 50 sujeitos total responderam questionario inalaram aromas oleos_essenciais identificacao fragrancias teste limiar olfativo segundo grupo consiste 50 sujeitos universidade federal alfenas  mg responderam questionario inalaram aromas oleos_essenciais identificacao fragrancias teste limiar olfativo teste limiar olfativo feito cinco diluicoes unica fragrancia todas analises graficos feitas meio software estatistico r resultados parciais teste piloto revelaram aspectos positivos percepcao olfatoria sujeitos estudados indicaram cinco fragrancias oleos_essenciais usadas teste principal teste principal destacou decrescimo desempenho olfativo decorrencia avancar idade exposicao poluentes sujeitos hospitalizados desempenho,4087
65,"gostos, gustativa, amargo, basicos, acerto",olfato paladar frequentemente prejudicados doencas neurodegenerativas contudo nunca estudados conjuntamente individuos doencas neurodegenerativas corticais subcorticais brasil estudo objetivo avaliar capacidade olfatoria gustativa individuos doenca parkinson dp comparando grupo individuos doencas neurodegenerativas corticais dnc grupo_controle desenho estudo_transversal amostragem conveniencia individuos dp recrutados centro referencia transtornos movimento hospital clinicas universidade federal goias n=80 pacientes dnc encaminhados clinica particular goiania n=20 controles mesma faixa etaria grupo dp doencas neurodegenerativas oriundos diversas areas hospital clinicas n=40 dados_sociodemograficos clinicos coletados meio entrevista direta uso questionario estruturado abordando variaveis genero idade cor_pele escolaridade duracao estagio doenca habitos vida avaliou capacidade olfatoria meio teste sniffin sticks limiar discriminacao identificacao odores capacidade gustativa meio teste limiar reconhecimento cincos gostos basicos doce salgado amargo acido umami testar associacao capacidade olfatoria gustativa grupos utilizou teste_exato_fisher comparacao medias limites deteccao reconhecimento gostos basicos utilizou anova kruskal_wallis individuos dp dnc apresentaram respectivamente 93 8 100 comprometimento sentido olfato apenas 15 individuos controles apresentaram reducao sentido olfato diferencas significativas p<0 001 diferencas tanto limites deteccao limites reconhecimento gostos basicos grupos p<0 001 exceto limite reconhecimento gosto acido p= 0 088 gosto umami p=0 153 relacao capacidade gustativa 53 8 pacientes dp 50 individuos grupo dnc 35 individuos grupo_controle apresentaram alteracoes identificacao gostos basicos porem diferencas significativas grupos p=0 150 conclui capacidade olfatoria gustativa individuos doencas neurodegenerativas tanto corticais quanto subcorticais comprometidas consequentemente apresentam marcador importante dessas doencas,1075
