topic,FREX,DS_RESUMO,document,gamma
1,"sarcopenia, massa_muscular, sarc, fpm, dinapenia, obesidade_sarcopenica, forca_muscular, qualidade_muscular, esqueletica, imm",introducao devido avancos tratamento expectativa vida pacientes fibrocisticos aumentado algumas complicacoes diabetes melittus doenca hepatica osteoporose recentemente dislipidemia sendo observados objetivo descrever perfil_lipidico glicidico pacientes pediatricos fibrose cistica metodo criancas_adolescentes atendidos centro referencia realizou avaliacao dados_demograficos sexo idade idade diagnostico clinicos escore shwachman presenca colonizacao pulmonar consumo suplementares alimentares estado_nutricional dosagem bioquimica glicose insulina hemoglobina_glicada ct fracoes tgo tgp pcr resultados pacientes mediana intervalos interquartis idade 11 anos 5 15 47 sexo_masculino 51 6 pre puberes estado_nutricional estatura adequados 85 5 87 7 respectivamente apesar escore shwachman apresentar excelente bom 66 2 pacientes colonizacao bacteriana 88 7 casos insuficiencia pancreatica 71 quanto uso suplementos alimentares 61 3 utilizaram dieta enteral apenas tres destes gastrostomia detectou dislipidemia 32 20 62 sendo maioria pacientes apresentava alteracao hdlc hipertrigliceridemia valores inadequados componentes perfil_lipidico identificados 64 5 40 62 quanto perfil glicidico observaram apenas tres pacientes alteracao homa_ir hemoglobina_glicada acima 7 5 obteve diferenca significante segundo estadiamento puberal fracao hdlc glicemia_jejum insulina basal valores homa_ir conclusao conclui necessidade avaliar precocemente perfil_lipidico glicidico dessa populacao fim realizar tratamento precoce favorecendo futura qualidade_vida palavras chave fibrose cistica dislipidemias crianca adolescente 34,990,0.9827567421424434
1,"sarcopenia, massa_muscular, sarc, fpm, dinapenia, obesidade_sarcopenica, forca_muscular, qualidade_muscular, esqueletica, imm",indicador instrumento capaz monitorar producao forma uso possivel acompanhar processo identificar falhas partir aplicacao possibilidade elaboracao pontos melhorias etapas producao objetivou analisar implementacao indice seguranca_alimentos isa unidade producao_alimentos hotelaria atraves mensuracao fatores relacionados garantia fornecimento alimentos seguros projeto desenvolvido instalacoes complexo turistico cidade aquiraz ce dentre fatores mensurados analises microbiologicas alimentos swab equipamentos utensilios maos registros procedimentos realizados recebimento armazenamento producao distribuicao reclamacoes clientes suspeitas confirmacao doencas transmitidas alimentos dta´s auditorias validades rastreabilidade processos populacao estudada composta duas uans 4 hoteis complexo turistico dados coletados ano 2022 analise utilizados excel R spss R apos avaliacao criticidade cada requisito processos mensurados assim definido indicador seguranca_alimentos unidades producao avaliacao categoria demonstra desvios apontados falhas passiveis melhorias todavia comprometem seguranca alimentacao ofertada isa implementado abrangente possibilidades adaptacao depender tipo uan possibilita mensuracao fatores relacionados garantia fornecimento alimentos seguros colaborando melhoria trabalho profissionais gestores sistema gestao seguranca_alimentos,5253,0.9263932866168735
1,"sarcopenia, massa_muscular, sarc, fpm, dinapenia, obesidade_sarcopenica, forca_muscular, qualidade_muscular, esqueletica, imm",introducao adolescencia periodo crucial formacao habitos_alimentares_saudaveis entanto adolescentes apresentam baixa_ingestao alimentos_in_natura minimamente processados aimp elevado consumo_alimentos ultraprocessados aup alem comportamentos_alimentares caracteristicos dessa fase vida ambiente_alimentar escolar caracteriza importante espaco promocao escolhas alimentares_saudaveis disponibilidade venda_alimentos tanto interior entorno escolar influenciam consumo_alimentar dessa populacao ainda escassez estudos adolescentes brasil mostram influencia comportamentos_alimentares individuais fatores ambiente_alimentar escolar consumo aimp objetivo analisar consumo alimentos_in_natura minimamente processados aimp adolescentes escolares distrito federal associacao comportamentos_alimentares habitos compra consumo ambiente_alimentar escolar metodologia estudo_transversal realizado 499 adolescentes nono ano ensino fundamental sendo nove escolas_publicas nove privadas utilizado questionario autoaplicavel perguntas sobre aspectos demograficos socioeconomicos consumo aimp dia anterior consumo alimentacao_escolar alunos escola publica compra aimp cantina alunos escola privada compra aimp entorno escolar ambos tipos escola comportamentos_alimentares individuais numero refeicoes comer presenca telas alimentacao companhia realizada analise_componentes_principais identificar padroes comportamento_alimentar analise_fatorial apropriada cargas fatoriais todas variaveis satisfatorias carga fatorial >|0 4| modelos regressao_poisson variancia_robusta realizados avaliar associacao padrao comportamento_alimentar compra_alimentos ambiente_escolar consumo 5 grupos aimp resultados cerca terco adolescentes consumiram 5 grupos aimp dia anterior 35 6 identificou padrao denominado padrao comportamento_alimentar saudavel quanto maior escore nesta variavel saudavel comportamento_alimentar prevalencia consumo aimp maior adolescentes escola publica padrao comportamento saudavel rp 1 48 ic 95 1 01 2 21 assim consumo alimentacao_escolar 3 vezes semana rp 3 42 ic 95 1 41 8 28 compram aimp entorno tanto publicas rp 1 39 ic 95 1 03 1 86 privadas rp 1 77 ic 95 1 17 2 67 achados mostram associacao fatores ambiente_alimentar escolar comportamentos_alimentares consumo aimp adolescentes reforca importancia politicas_publicas promovam alimentacao_saudavel adolescencia regulamentacao venda_alimentos ambiente_escolar inclusive entorno,4816,0.9240485668825631
1,"sarcopenia, massa_muscular, sarc, fpm, dinapenia, obesidade_sarcopenica, forca_muscular, qualidade_muscular, esqueletica, imm",objetivo deste estudo analisar falas profissionais_saude indigena polo base dourados mato grosso sul referentes violacao direito agua alimentos trata pesquisa qualitativa realizada 117 profissionais polo base dourados atendem etnias kaiowa guarani terena meio questionario_semiestruturado analisadas duas questoes desse questionario presente estudo qual situacao sofrimento tristeza marcou trabalho  qual situacao satisfacao felicidade marcou trabalho  avaliacao respostas utilizado metodo analise conteudo apos atenta leitura falas definidas categorias partir aproximacao respostas final escolhidas tres categorias 1 violencias saude indigena 2 saude violacao direitos humanos 3 relacao equipe trabalho optamos analisar respostas categoria 2 referente escassez agua alimentos mostrou grande preocupacao profissionais_saude principalmente prestam assistencia aldeia bororo localizada dentro reserva indigena dourados rid resultados mostraram questoes relacionadas agua tanto tristeza quanto felicidade relatadas maioria profissionais responsaveis saneamento dificuldade acesso_alimentos qualidade ocorre apenas usuarios sistema saude alguns profissionais entrevistados enfase agentes indigenas saude apenas profissional indigena relatou falta alimentos agua tristeza partir relatos pudemos perceber direito humano agua alimentos previsto constituicao federal 1988 sido assegurado percepcao profissionais populacao indigena apresenta indicadores saude inseguranca_alimentar piores populacao indigena sendo assim cabe cobrar estado brasileiro exerca papel agente responsavel garantia direitos populacoes indigenas aumentar visibilidade debate direito terra consequentemente saude,3927,0.9129965851322719
1,"sarcopenia, massa_muscular, sarc, fpm, dinapenia, obesidade_sarcopenica, forca_muscular, qualidade_muscular, esqueletica, imm",pacientes_idosos hemodialise hd altamente suscetiveis desenvolvimento sarcopenia devido processo natural envelhecimento catabolismo induzido procedimento hd objetivo deste estudo primeiro avaliar prevalencia sarcopenia dinapenia atrofia muscular grupo pacientes_idosos hd segundo avaliar criterios aplicados diagnostico sarcopenia propostos sociedades internacionais capazes distinguir pacientes pior condicao clinica estado_nutricional qualidade_vida estudo multicentrico transversal incluiu 94 pacientes_idosos hd > 60 anos cinco centros dialise todos participantes submetidos avaliacao_antropometrica composicao_corporal forca_preensao_manual fpm laboratorial avaliacao condicao nutricional atraves avaliacao_subjetiva_global 7 pontos ags 7p adicionalmente participantes responderam questionario qualidade_vida diagnostico sarcopenia adotados criterios propostos sociedades internacionais englobam parametros indicativos baixa massa_muscular baixa funcao muscular massa_muscular adotouse indice massa_magra imm < percentil 20 genero faixa etaria populacao referencia avaliado partir massa_magra obtida somatorio dobras_cutaneas criterio baixa funcao muscular adotou fpm < percentil 10 genero faixa etaria braco utilizado populacao referencia pacientes classificados sarcopenicos baixo imm associado baixa fpm dinapenicos baixa fpm atrofia muscular baixo imm sarcopenia presente 13 8 pacientes enquanto dinapenia observada 37 2 atrofia muscular 35 1 sarcopenia capaz distinguir pacientes possuiam maior comprometimento estado_nutricional composicao_corporal criterio funcao muscular isoladamente combinacao massa_muscular identificou pacientes pior qualidade_vida conclusao prevalencia sarcopenia observada 13 8 grupo entretanto usar apenas criterios indicam reducao forca massa_muscular prevalencia aumentou 30 condicao sarcopenia distinguiu pacientes pior estado_nutricional qualidade_vida,389,0.9098146981006754
2,"mthfr, metilacao, hipertensas, c677t, citrulina, vegf, metabolitos, dna, adrb3, folato",busca tratamento alternativos controle prevencao pressao_arterial crescente exemplo consumo suco beterraba potente vasodilatador promovendo reducao pressao_arterial horas apos consumo alem exercicio_fisico apenas sessao exercicio promove reducoes pressao arteria fenomeno conhecido hipotensao pos exercicio hpe apesar tratamento maioria casos ser eficaz pequena parcela dessa populacao apresenta resposta tratamentos apresentando quadro conhecido hipertensao resistente fatores geneticos podem estar ligados determinantes nesse sentido objetivo desse estudo avaliar polimorfismos geneticos explicam responsividade hpe verificar beterraba melhora responsividade estudo randomizado controlado delineamento cross over contou 21 hipertensos voluntarios participaram tres sessoes duas sessoes experimentais ingestao 140 ml suco beterraba rica 800 mg nitrato 140ml bebida controle pobre nitrato alem realizacao sessao exercicio_fisico aerobico meio teste esteira sessao controle realizacao exercicio_fisico aerobico ingesta bebida pressao_arterial aferida antes imediatamente apos exercicio cada 10 minutos durante periodo recuperacao pos exercicio pressao_arterial ambulatorial aferida meio monitorizacao ambulatorial pressao_arterial realizada analise nitrito plasmatico malondiadeido capacidade_antioxidante_total analise bioquimica coletado mucosa bucal analise polimorfismos genes eca enos analise estatistica dados feita teste anova two way medidas repetidas jamovi versao 1 6 1 observado aumento significativo nitrito plasmatico 21 duas horas apos ingestao suco beterraba p<0 021 novo aumento 24 16 apos realizacao exercicio aerobio relacao valor basal p<0 014 novo aumento apos exercicio 16 3 p=0 048 observado sessao bebida controle observado hpe sistolico interacao tempo 20 50 minutos diastolica 10 30 50 minutos pos exercicio protocolo suco beterraba modo observado reducao significativa pas 20 50 minutos sessao suco beterraba relacao sessao bebida controle portanto suco beterraba demonstrou possui possivel efeito potencializador hpe primeira hora apos exercicio,4967,0.9908284604149873
2,"mthfr, metilacao, hipertensas, c677t, citrulina, vegf, metabolitos, dna, adrb3, folato",diabetes mellitus doenca causada deficiencia liberacao uso hormonio insulina levando estado hiperglicemia retinopatia diabetica complicacao microvascular diabetes mellitus causa comum cegueira pacientes diabeticos pacientes diabeticos apresentam maiores riscos eventos cardiovasculares estrategias utilizadas reducao sintomas envolvendo retinopatia uteis diminuicao eventos cardiovasculares pacientes diabeticos doencas_cardiovasculares ainda maiores responsaveis obitos mundo inteiro enzima metilotetrahidrofolato redutase mthfr responsavel liberacao forma ativa folato organismo pode ter eficiencia afetada fatores dieteticos geneticos polimorfismo rs1801133 1801131 deficiencia vitamina_b12 cofator metabolismo dessa enzima reducao atividade mthfr pode levar elevacao homocisteina plasmatica vez relacionada resistencia_insulina algumas complicacoes cronicas diabetes retinopatia estudos vem demonstrando hiperhomocisteinemia capaz aumentar risco doencas_cardiovasculares causar aumento diametro atrio esquerdo objetivo desse estudo verificar relacao polimorfismos rs1801133 1801131 parametros estruturais funcionais coracao pacientes retinopatia diabetica objetivo analisar rs1801131 rs1801133 pacientes portadores retinopatia diabetica verificar parametros_bioquimicos nutricionais antropometricos estilo_vida participantes envolvidos trata estudo_transversal base epidemiologica envolvendo 65 pacientes diagnosticados retinopatia diabetica idade media 62 46 + 1 044 sendo 42 participantes retinopatia diabetica proliferativa 23 retinopatia diabetica proliferativa participantes categorizados acordo variaveis bioquimicas cardiologicas antropometricas geneticas estilo_vida consumo vitamina b9 b12 realizado teste exato fischer regressao_poisson avaliar relacao variaveis observou aplicar teste fischer associacao significativa aumento diametro atrio esquerdo polimorfismo rs1801133 nenhuma associacao significativa dilatacao atrio esquerdo variaveis bioquimicas antropometricas consumo vitamina_b12 folato pratica_atividade_fisica todos participantes estudo consumo insuficiente menos micronutrientes analisados nesse estudo modelo regressao evidenciou aumento atrio esquerdo associado alelo t rs1801133 razao prevalencia 0 912 modelo regressao ainda evidenciou associacao aumento diametro atrio esquerdo fracao ejecao volume sistolico final frequencia_cardiaca principal resultado desse estudo sugere associacao alelo t rs1801133 dilatacao atrio esquerdo alem associacao polimorfismo modelo regressao observou associacao diametro atrio esquerdo fracao ejecao volume sistolico final frequencia_cardiaca,3690,0.9897096094559976
2,"mthfr, metilacao, hipertensas, c677t, citrulina, vegf, metabolitos, dna, adrb3, folato",hipertensao_arterial caracterizada niveis pressoricos elevados sustentados associados alteracoes funcionais estruturais orgaos alvo bem estabelecido aumento estresse_oxidativo hiperatividade simpatica disfuncao endotelial contribuem manutencao pressao_arterial elevada estudos previos demonstrado extrato especies hymenaea apresenta atividade_antioxidante anti inflamatoria entanto ainda elucidado efeito hymenaea pressao_arterial possiveis fatores envolvidos nesse contexto objetivo presente estudo avaliar efeito extrato hidroalcoolico casca caule hymenaea rubriflora ducke hr hac pressao_arterial modulacao autonomica estresse_oxidativo reatividade vascular ratos espontaneamente hipertensos shr estudo desenvolvido administracao dose unica intravenosa protocolo agudo tratamento diario via_oral quatros semanas protocolo cronico previamente intervencoes hr hac caraterizado quanto fenolicos totais perfil fenolico capacidade_antioxidante protocolo agudo ratos machos shr normotensos wistar kyoto wky receberam doses unicas hr hac 2 5 5 15 30 60 mg kg i v presenca ausencia atropina propranolol mensuradas pressao_arterial media pam frequencia_cardiaca fc ensaios in vitro hr hac 0 1 729 g ml aplicado aneis aorta endotelio funcional pre incubados tea 4 ap glib protocolo cronico shr wky tratados hr hac 100 200 mg kg veiculo via_oral vez dia final tratamento mensurados pressao_arterial pa modulacao autonomica estresse_oxidativo reatividade vascular agentes relaxantes contrateis aorta trabalho aprovado comissao etica uso animais universidade federal paraiba n° 117 2016 hr hac apresentou alta concentracao fenolicos totais 14 compostos_fenolicos identificados capacidade_antioxidante resultado administracao aguda shr hr hac 2 5 5 15 30 60 mg kg induziu hipotensao 7 9+ 0 7 8 9+ 1 5 9 4+ 1 4 13 7+ 1 7 28 5+ 4 3 respectivamente bradicardia wky reducao pam similar shr modificacoes fc atropina atenuou significativamente reducao pam fc shr doses cumulativas hr hac induziram relaxamento endotelio independente aorta shr emax = 88 8 + 3 8 reduzido tea emax = 36 6 + 4 5 p < 0 001 4 ap emax = 53 6 + 8 9 p < 0 004 wky relaxamento emax = 64 8 + 3 5 dependente endotelio tratamento cronico dose 200 mg kg hr hac resultou menor pa media 163 9 + 2 4 mmhg vs 184 5 + 1 2 mmhg p < 0 0001 sistolica 190 7 + 4 3 mmhg vs 232 1+ 2 2 mmhg p < 0 0001 shr tratados comparacao shr controle dose ainda promoveu atenuacao resposta contratil fenilefrina melhoria potencia relaxante acetilcolina reducao peroxidacao lipidica aumento capacidade_antioxidante_total menor balanco autonomico shr tratados relacao shr controle dose 100 mg kg alterou pa nenhum grupos animais atenuou reposta contratil fenilefrina melhorou potencia relaxante acetilcolina estresse_oxidativo shr tratados conclusao estudo mostra hr hac promove reducao pa tanto maneira aguda cronicamente shr alem disso induz potente vasodilatacao melhorar disfuncao endotelial estresse_oxidativo desbalanco simpatovagal importantes mecanismos patologicos envolvidos hipertensao_arterial,2382,0.9891652095492429
2,"mthfr, metilacao, hipertensas, c677t, citrulina, vegf, metabolitos, dna, adrb3, folato",atividade bioativade polifenois quercetina resveratrol res sido reconhecida estudada ultimos anos aplicacao diversos segmentos industria uso combinado desses polifenois probioticos parece ser estrategia vantajosa relacao potenciais efeitos beneficos sobre saude humana diante disso estudo desenvolveu novas formulacoes nutraceuticas compostas tres diferentes cepas potencialmente probioticas l fermentum139 l fermentum236 l fermentum296 fruto oligossacarideo fos res bem avaliou estabilidade durante armazenamento contagens celulas viaveis cepas l fermentum conteudo res durante armazenamento temperatura ambiente 25 ºc refrigerada 4 °c expostos digestao in vitroem diferentes formulacoes nutraceuticas avaliados potencial bioacessibilidade res atividade_antioxidante aspectos ultraestruturais formulacoes nutraceuticas analisados cepas l fermentumapresentaram contagens acima 9 log ufc g conteudo res acima 200 g mg formulacoesimediatamenteapos liofilizacao l fermentum296 sensivel eres durante liofilizacaodevidoas maiores reducoes contagensde celulas viaveis indicando possivel efeito crioprotetor res cepas lactobacilluspode ser cepa dependente resultados deste estudo mostraram 90 dias dearmazenamento cepas l fermentume concentracoes res apresentaram maiores reducoes formulacoes armazenadas temperatura ambiente especialmente formulacoes + res l fermentum263 destacou maiores contagens apos 90 dias armazenamento refrigerado >7 log ufc g durante exposicao digestao gastrointestinal in vitro formulacoes oures protegerammelhor cepas del fermentumquando comparadaas formulacoes comapenasl fermentum+ fos observado parte conteudo >29 res >50 todas formulacoes bioacessiveleexibiram propriedades antioxidantes analise ultraestrutural formulacoes l fermentum263 + fos + res mostrou variacoes microestruturase indicou celulas bacterianas incorporadas matrizes liofilizadas resultadosdesse estudo indicam queo uso combinado l fermentum res apresenta umaestrategia valiosa obter novas formulacoes nutraceuticas potencial capacidade promover efeitos beneficos asaude consumidores protocolo desenvolvimento formulacoes nutraceuticas apresentado neste estudo submetido pedido dedeposito patente instituto nacional propriedade intelectual brasil sob numero protocolo br102019022753 2,3012,0.9878309198624963
2,"mthfr, metilacao, hipertensas, c677t, citrulina, vegf, metabolitos, dna, adrb3, folato",estudos demonstram grande variabilidade respostas intervencoes visando emagrecimento principalmente meio treinamento_fisico nesse sentido fatores bioquimicos aspectos alimentares podem ser variaveis explicadoras objetivo desse estudo determinar influencia consumo_alimentar macro micronutrientes variaveis metabolicas estresse_oxidativo perfil_lipidico glicemico eficacia programa emagrecimento exercicio induzido individuos excesso_peso 74 individuos sobrepeso obesidade randomizados 1 grupo treinado n= 58 41 mulheres fizeram treinamento aerobico duracao 12 semanas 2 controle n=16 13 mulheres fizeram series alongamentos 1 vez semana avaliacoes composicao_corporal dxa capacidade aerobica limiar anaerobico ergoespirometria nutricionais recordatorio 24h glicemia_jejum triglicerideos colesterol fracoes balanco redox malondialdeido  mda capacidade_antioxidante_total caox avaliados antes intervencao teste t independente anova two way mista medidas repetidas qui_quadrado regressao_logistica binaria usados valor p menor 0 05 considerado significativo ocorreusignificativa reducao grupo treinado massa_corporal 85 00+ 11 27 kg 84 08+ 11 50 kg massa_gorda 36 76+ 6 06 kg 35 40+ 6 83 kg colesterol_total 196 55+ 50 27 178 37+ 42 73 ldl 127 29 + 37 75 115 58+ 39 63 tg 137 18+ 61 80 121 91+ 56 92 aumento mda 2 29+ 0 77 2 67+ 0 73 variaveis metabolicas caox momento pre intervencao mostrou influenciadora frequencia emagrecimento 31 participantes iniciaram programa treinamento caox abaixo 25 grande maioria 90 3 responsiva emagrecimento treinamento enquanto dentre 27 iniciaram caox acima igual 25 apenas 66 7 lograram emagrecimento alem disso reducao glicemia mostrou influenciadora resposta emagrecimento porem sentido oposto esperado acordo plausibilidade biologica previa 30 participantes reduziram glicemia_jejum grande maioria 93 3 responsiva emagrecimento programa treinamento outro lado dentre 28 reduziram glicemia apenas 64 3 lograram emagrecimento idade mostrou fator influenciador concluiu glicemia pre treino maiores aumentos caox mostraram potenciais explicadores responsividade emagrecimento induzida programa treinamento,3687,0.9874317053240209
3,"excesso_peso, adolescentes, meninas, escolares, meninos, sobrepeso, escolas_publicas, escola, matriculados, adolescencia",alimentacao casa parece estar associada consumo refeicoes alta densidade energetica maior conteudo gordura_total saturada acucar sodio bem menor consumo_frutas vegetais laticinios fibras calcio ferro vitaminas ainda associada aumento sobrepeso obesidade comensais nesses ambientes representados restaurantes comerciais coletivos informacao_nutricional vem sendo utilizada principalmente intuito combate obesidade informacao_nutricional preparacoes culinarias oferecidas restaurantes obrigatoria ambito federal estados unidos america redes restaurantes comercias 20 estabelecimentos pioneiramente nesse pais atualmente varios outros paises acoes restaurantes foco principal informacao calorias partindo pressuposto auxiliaria reducao calorias consumidas nesses locais entanto questionamentos sobre relacao menor numero calorias alimento classificacao saudavel raramente encontrados literatura_cientifica alem disso estudos apontam consumidores muitas vezes compreendem utilizam informacao calorias alimentos contudo estudos questionam forma aprofundada comensais entendem calorias relacao alimentacao_saudavel informacao poderia auxilia los escolhas_alimentares diferentes tipos restaurantes ademais resultados estudos testam aplicacao informacao_nutricional restaurantes divergentes relacao influencia escolhas_alimentares nesse sentido destaca nutricao baseada evidencias forma reunir resultados estudos primarios analisando conjunto gerar recomendacoes entretanto poucas revisoes_sistematicas realizadas sobre tema avaliaram fundamentalmente influencia informacao calorias quantidade calorias preparacoes culinarias selecionadas explorar outras informacoes disponibilizadas buscar distincao diferentes restaurantes discutir desfechos englobem alimentacao_saudavel sentido amplo considerando exposto tese objetivou verificar percepcao comensais sobre calorias avaliar influencia disponibilizacao informacoes nutricionais restaurantes escolhas alimentares_saudaveis adultos tanto realizou estudo duas fases fase 1 realizaram quatro grupos_focais analisar percepcao comensais adultos sobre calorias relacao alimentacao_saudavel importancia disponibilizar informacao restaurantes auxiliar escolhas_alimentares dados grupos_focais realizados 21 estudantes_universitarios adultos grande florianopolis gravados transcritos analisados meio tecnica analise conteudo discussao dados realizada durante periodo estagio sanduiche exterior realizado laboratorio metabolismo_energetico tufts university estados unidos america fase 2 realizou revisao_sistematica sobre influencia informacoes nutricionais ambientes reais hipoteticos restaurantes escolhas alimentares_saudaveis adultos fez busca 12 bases dados referencias artigos selecionados artigos experimentos quase experimentos grupo_controle grupo pre intervencao duas pesquisadoras independentes analisaram qualidade artigos utilizando ferramenta pre existente precisou adaptacoes alguns criterios particularidades area estudo dentre participantes grupos_focais calorias entendidas unidades energia ingestao excessiva associada ganho_peso entanto alimentacao_saudavel associada conteudo calorias sim composicao alimentos totalidade assinalaram informacao caloria restaurantes considerada insuficiente influenciar escolhas_alimentares sobretudo fast food dando maior importancia informacoes sobre composicao preparacoes culinarias maioria 38 estudos incluidos revisao_sistematica desfecho esperado escolha alimentar preparacoes culinarias menos caloricas resultados revisao_sistematica demonstraram informacao_nutricional efetiva restaurantes coletivos escolas hospitais outros locais trabalho restaurantes comerciais principalmente fast food formatos efetivos promocao alimentacao_saudavel encontrados estudos analisados continham informacoes qualitativas simbolos saudavel semaforo nutricional conclusao tese resultados sugerem universitarios adultos compreendem conceito alimentacao_saudavel complexo apenas contagem calorias devem utilizar preferencialmente informacoes qualitativas restaurantes promover escolhas alimentares_saudaveis nesse sentido sugere disponibilizar minimo informacao ingredientes compoem cada preparacao culinaria forma garantir direito consumidor saber consumindo ainda sugere realizar pesquisas ambientes reais restaurantes grupos controle testando formatos informacao qualitativa preferencia selecionados partir pesquisa qualitativa previa consumidores local,1361,0.9858544405843982
3,"excesso_peso, adolescentes, meninas, escolares, meninos, sobrepeso, escolas_publicas, escola, matriculados, adolescencia",resumo doencas_cronicas mentais ameacam saude individuos estimativas global burden of disease project sugerem continentes americanos disturbios mentais correspondam cerca 30 7 anos perdidos incapacidade duas estrategias terapeuticas complementares tido atencao comunidade cientifica uso oleo_peixe exercicio_fisico evidencias demonstram efeitos beneficos destes recursos metabolismo cognicao ansiedade objetivo presente estudo avaliar ratos adultos efeitos associacao suplementacao oleo_peixe exercicio_fisico forcado sobre glicemia_jejum perfil_lipidico plasmatico triglicerideos memoria episodica ansiedade eletrofisiologia cortical utilizados 45 ratos linhagem wistar bioterio ufpe divididos 2 grupos oleo_peixe op veiculo v subdivididos exercitados ex controle sedentario s apos desmame animais alimentados dieta manutencao bioterio presence partir 90 120 dias vida tanto animais grupo ex quanto s suplementados gavagem op v partir 120 dias vida realizaram coletas dados murinometricos glicemia soro respostas comportamentais eletrofisiologia cortical avaliados 4 grupos experimentais contendo 10 13 animais cada resultados indicam suplementacao op ex forcado esteira alteraram parametros murinometricos metabolicos animais ex reduziu comportamento ansioso excitabilidade cerebral dosagem op mostrou limiar mudancas comportamentais eletrofisiologicas grupo suplementado potencializando efeito ex neste contexto pode sugerir reducao excitabilidade cerebral ocasionada exercicio potencializada op pode ser mecanismo associacao pode ser benefica saude neural palavras chave lipidios exercicio sistema_nervoso metabolismo,1693,0.9317311198777195
3,"excesso_peso, adolescentes, meninas, escolares, meninos, sobrepeso, escolas_publicas, escola, matriculados, adolescencia",adolescencia momento vida peculiar rapido intenso encerra crescimento fisico maturacao_sexual consolidacao personalidade habitos adquiridos nessa fase podem representar risco surgimento doencas_cronicas_transmissiveis excesso_peso considerado pandemia global todas faixas etarias principalmente infancia adolescencia recentes avancos compreensao dinamica comportamento adolescente podem facilitar promocao acoes resultem maior impacto futuro bem estar dessa populacao objetivo estudo avaliar prevalencia excesso_peso associacao fatores_socioeconomicos familiares estilo_vida saude adolescentes matriculados rede ensino publica privada goiania go analisados adolescentes 12 18 anos n=1 169 meio questionario padronizado previamente testado estudo piloto prevalencia excesso_peso avaliada meio pontos corte indice_massa_corporal associacoes variaveis sociodemograficas antecedentes pessoais estilo_vida pressao_arterial excesso_peso analisadas meio razao prevalencia bruta ajustada meio regressao multipla poisson prevalencia excesso_peso 21 2 sendo 14 1 sobrepeso 7 1 obesidade diferencas significativas generos 26 3 rapazes vs 16 8 mocas analise poisson obesidade materna rp=1 86 p=0 004 associada maior prevalencia excesso_peso sexo_masculino idade 15 18 anos menor prevalencia excesso_peso comparados idade 12 14 anos rp= 0 70 p=0 021 sexo_feminino presenca pais obesos rp=2 42 p<0 001 associou maior prevalencia excesso_peso pertencentes classe c menor prevalencia excesso_peso rp=0 67 p=0 035 excesso_peso adolescentes pode estar associado sexo obesidade familiar classificacao socioeconomica quais devem ser foco planejamento intervencoes especificas promocao_saude,508,0.8833757250024779
3,"excesso_peso, adolescentes, meninas, escolares, meninos, sobrepeso, escolas_publicas, escola, matriculados, adolescencia",resumo objetivo analisar associacao estado_nutricional pais variaveis sociodemograficas dieteticas sobrepeso obesidade escolares 7 14 anos florianopolis sc metodos estudo_transversal 2826 escolares 1357 sexo_masculino 1469 sexo_feminino dados coletados partir aplicacao questionario socioeconomico pais coleta medidas_antropometricas escolares diagnostico nutricional definido partir indice_massa_corporal imc idade sexo acordo criterios international obesity task force escolares segundo pontos corte imc organizacao_mundial_saude pais dados analisados software stata 11 0 realizadas analises bivariadas multivariaveis meninos meninas meio regressao_poisson partir modelo analise resultados modelo analise final permaneceram diretamente associadas sobrepeso obesidade meninos faixa etaria mae escolaridade mae estado_nutricional pais enquanto numero refeicoes diarias mostrou associacao inversa meninas associacao direta estado_nutricional pais associacao inversa faixa etaria escolar consumo_alimentos risco conclusao variaveis associadas sobrepeso obesidade diferiram sexos excecao estado_nutricional pais filhos filhas ambos pais sobrepeso obesidade risco cerca respectivamente 80 150 maior apresentar diagnostico representa influencia pais habitos vida filhos inclusive relativos alimentacao indicando necessidade acoes intervencao ambiente familiar escolares,198,0.8712859831885729
3,"excesso_peso, adolescentes, meninas, escolares, meninos, sobrepeso, escolas_publicas, escola, matriculados, adolescencia",introducao consumo elevado bebidas adicao acucar baa associado maior ingestao_energia pior qualidade_dieta objetivo analisar associacao consumo baa qualidade_dieta populacao brasileira metodos analisados todos individuos investigados primeiro inquerito nacional alimentacao 2008 2009 dez anos idade reportaram consumo_alimentar dois dias consecutivos registro_alimentar n=32 900 alimentos classificados baa sucos refrescos refrigerantes bebidas lacteas sabor marcadores alimentacao_saudavel leguminosas vegetais hortalicas frutas respectivas preparacoes ingestao fibra dietetica saudavel mans doces bolos biscoitos doces salgados petiscos guloseimas fast foods ingestao acucar adicao estimou percentual energia oriundo baa categorizado quatro grupos consumidores segundo tercis consumo modelos regressao_linear_multipla avaliar associacoes consumo baa marcadores_alimentacao adotados resultados baa contribuiram media 8 total energia ingerida sendo observada maior contribuicao percentual individuos moradores area urbana observou associacao direta consumo acucar adicao baa cada copo adicional baa estimou reducao consumo fibra dietetica incremento percentual energia proveniente acucar adicao 3 237 kcal dieta populacao brasileira conclusao consumo baa associado baixa qualidade_dieta populacao brasileira,2729,0.8702950140629602
4,"pubmed, lilacs, revisao_sistematica, scopus, medline, bases, embase, systematic_reviews, science, artigos",paciente critico alem alta demanda metabolica apresenta dificuldade atingir necessidades nutricionais durante permanencia unidade_terapia_intensiva uti devido pausas dieta recorrente relacionado instabilidade hemodinamica procedimentos intolerancias gastrointestinais entanto faltam marcadores avaliacao terapia nutricional relacao ureia creatinina aumentada pode ser biomarcador indicativo catabolismo proteico encontrados estudos relacione infusao terapia nutricional dessa populacao objetivo principal pesquisa avaliar aplicabilidade relacao ureia creatinina serica ruc indicador monitoramento terapia nutricional fator preditor desfecho clinico pacientes_criticos trata estudo_coorte retrospectivo avaliou pacientes terapia nutricional enteral exclusiva admitidos uti periodo marco 2020 maio 2021 acometidos virus sars cov 2 pesquisa aprovada comite etica encarregado coletado perfil epidemiologico quadro clinico exames_bioquimicos valores relacionados composicao_nutricional volume infusao formulas enterais desfechos_clinicos pacientes avaliados durante 20 dias partir data admissao uti categorizados 2 periodos acordo fases clinicas paciente critico periodo 1 = 1° 7° dia periodo 2 = 8° 20° dia realizados teste t student wilcoxon avaliar diferenca periodos marcadores_bioquimicos dados nutricionais associacoes pearson spearman feitas ruc desfechos_clinicos energia caloria proteicas grama n proteina quilo peso infundidos nitrogenio ureico serico cada periodo determinar pontos corte utilizada curva roc mesmas variaveis testes_t student mann_whitney utilizados avaliar diferenca grupos base sobrevivencia obesidade dados analisados programa estatistico spss R medcalc R utilizado p<0 05 determinar significancia estatistica analisados 81 pacientes apos aplicacao criterios inclusao exclusao capacidade preditiva ruc relacao obito uti auc 0 654 p 0 013 sensibilidade 68 75 especificidade 64 58 obito intra hospitalar auc 0 654 p 0 013 sensibilidade 68 97 especificidade 62 75 primeiros 7 dias internamento uti correlacao ruc nitrogenio ureico r = 0 555 p<0 001 r = 0 302 p 0 010 periodo 1 2 respectivamente avaliacao grupos sobreviventes sobreviventes utilizando ponto corte ruc 70 5 indicou maior probabilidade obito infusao = 12 7 kcal kg dia auc = 0741 p < 0 001 sensibilidade 100 especificidade 66 7 = 0 52 g kg dia auc= 0 946 p = 0 019 sensibilidade 60 especificidade 87 5 conclui ruc pode ser utilizada preditor desfecho obito apesar ser ferramenta adequada fim nitrogenio ureico apresentou boa correlacao ruc indicando pode ser biomarcador promissor monitoramento terapia nutricional,4334,0.8676364987151445
4,"pubmed, lilacs, revisao_sistematica, scopus, medline, bases, embase, systematic_reviews, science, artigos",mulheres idade reprodutiva vulneraveis nutricionalmente devido demandas possivel gravidez lactacao alem disso alimentacao inadequada repercussoes saude futuros filhos afetando bem estar toda sociedade estudo objetivo analisar diversidade alimentar minima fatores_associados mulheres municipio campinas paulo estudo_transversal base_populacional analisou dados mulheres 15 49 anos idade isacamp isacamp nutri 2014 2016 utilizados dados questionario socioeconomico demografico dados recordatorio 24h medidas_antropometricas praticas_alimentares percepcao corporal autoavaliacao qualidade alimentacao indicador diversidade alimentar minima mulheres idade reprodutiva damm utilizado avaliar qualidade alimentacao mulheres alimentos bebidas relatados classificados 14 grupos sendo 10 grupos contabilizados calculo damm outros 4 grupos considerados saudaveis considerou damm adequada consumo menos cinco dez grupos alimentares recomendados dados damm analisados meio estimativas prevalencias razoes prevalencia bruta participaram estudo 592 mulheres sendo 39 4 idade 15 19 anos 31 9 20 34 anos 28 7 35 49 anos prevalencia damm 43 4 sendo menor mulheres 15 19 anos 32 2 mulheres renda menor 1 salario_minimo per capita 37 5 grupos alimentares apresentaram maior prevalencia consumo graos raizes tuberculos 97 8 carnes aves peixes 70 1 leguminosas 69 9 enquanto oleaginosas sementes 0 8 grupo menor consumo grupos alimentares_saudaveis prevalencia 34 5 carnes processadas 37 3 doces 40 4 alimentos fritos salgados 84 8 bebidas doces analise bivariada damm associada idade p=0 039 raca p=0 149 renda p=0 022 plano saude p=0 070 cafe_manha p=0 143 lanche manha p=0 012 almoco p=0 000 lanche tarde p=0 049 jantar p=0 049 modelo multivariado idade 20 34 anos p=0 001 35 49 anos p=0 002 renda superior 2 salarios_minimos p=0 048 realizacao lanche manha p=0 018 almoco p=0 003 permaneceram associadas damm resultados razoes prevalencia indicam mulheres 20 34 anos rp 1 48 ic95 1 18 1 86 35 49 anos rp 1 47 ic95 1 15 1 88 renda superior 2 salarios_minimos rp 1 32 ic95 1 00 1 74 apresentaram maior prevalencia damm enquanto mulheres realizavam lanche manha rp 0 74 ic95 0 58 0 95 almoco rp 0 46 ic95 0 27 0 76 menos 7 vezes semana apresentaram menor damm estudo mostra baixa prevalencia damm indicando quanto maior idade renda diversificada alimentacao enquanto realizacao lanche manha almoco menos 7 vezes semana associou menor diversidade alimentar mulheres idade reprodutiva,3633,0.7898045110177052
4,"pubmed, lilacs, revisao_sistematica, scopus, medline, bases, embase, systematic_reviews, science, artigos",prevalencia taxas mortalidade doencas_cronicas_transmissiveis dcnts aumentando gradativamente evidencias demonstram dieta estilo_vida fatores chaves prevencao dessas patologias carater imunoinflamatorio azeite_oliva extravirgem evoo reconhecido propriedades antioxidante anti_inflamatorias capazes impactar diminuicao dcnts principalmente doencas_cardiovasculares dcvs composicao rica acido oleico compostos_fenolicos cfs hidroxitirosol tirosol oleuropeina responsavel beneficios objetivos sintetizar quantificar achados ensaios_clinicos randomizados sobre consumo regular azeite extravirgem biomarcadores inflamatorios estresse_oxidativo descrever dose consumo diaria necessaria prevencao diminuicao risco desenvolvimento dcnts metodos busca literatura realizada bases dados eletronicas medline pubmed embase isi web of science ensaios_clinicos randomizados realizados 2022 risco vies analisado atraves ferramenta rob 2 certeza evidencia abordagem grade metanalises realizadas partir analise efeitos aleatorios heterogeneidade avaliada atraves teste q intervencao consumo diario evoo grupos controle incluiram azeites diferentes quantidades cfs outros oleos gorduras diferentes tipos dieta resultados incluidos 23 artigos totalizando xxxx participantes mediadores inflamatorios estresse_oxidativo encontrados ldl ox pcr il_6 il_10 il 18 maioria estudos apresentou algum tipo risco vies certeza evidencia variou moderada baixa consumo evoo reduziu ldl ox comparada azeites medio baixo teor cfs valor 4 59 u l 95 ic 8 1 1 08 i² 45 4 p=0 103 sendo reducao ainda maior comparada azeites baixo teor cfs 7 73u l 95 ci 14 63 0 82u l i² 42 p=0 16 pcr apresentou reducao comparada igualmente azeites baixos cfs 0 99mg l 95 ic 1 66 0 31 i² 68 8 p=0 00 entretanto apresentando heterogeneidade substancial encontrados 6 associacao consumo evoo il_6 il_10 tnf alfa possivel mensurar quantidade diaria evoo necessaria obtencao desses beneficios conclusao quantidade compostos_fenolicos presente azeites oliva possui forte relacao beneficios anti_inflamatorios antioxidantes resultados demonstram consumo evoo tende reduzir risco dcnts dcvs principalmente populacoes algum tipo risco dcv alimentacao baseada dieta mediterranea necessarios estudos maiores tempo seguimento diferentes populacoes padroes_alimentares aprofundar conhecimento acerca consumo evoo nesses outros marcadores fim limitacoes desse trabalho podem servir guia desenvolvimento futuros ecrs azeite_oliva,4347,0.7782283242131999
4,"pubmed, lilacs, revisao_sistematica, scopus, medline, bases, embase, systematic_reviews, science, artigos",sindrome ovarios policisticos sop endocrinopatia ginecologica comum afetando 10 13 mulheres idade reprodutiva fisiopatologia multifatorial envolvendo fatores geneticos metabolicos sindrome manifesta desfechos reprodutivos metabolicos psicologicos negativos mulheres adultas sop apresentam maior risco desenvolvimento doencas_cardiovasculares dcvs maior predisposicao desenvolvimento diabetes mellitus 2 dm2 sop pode interferir oxidacao substratos energeticos flexibilidade metabolismo objetivo avaliar perfil antropometrico metabolico oxidacao substratos energeticos mulheres adultas sobrepeso sop comparar mulheres adultas sobrepeso sop casuistica metodo avaliadas trinta mulheres adultas excesso_peso sop avaliou medidas_antropometricas peso estatura indice_massa_corporal imc circunferencia_cintura cc circunferencia pescoco cp calorimetria_indireta determinacao gasto_energetico repouso ger quociente respiratorio qr oxidacao lipidica ol carboidratos oc nivel atividade_fisica af atraves questionario internacional atividade_fisica ipaq dieta habitual atraves recordatorios_24_horas r24h subamostra 5 mulheres gasto_energetico total get determinado metodo agua duplamente marcada dlw calculadas estatisticas media mediana desvio padrao dp considerando intervalo confianca de95 aplicados testes estatisticos t student u mann_whitney verificar diferencas significativas p< 0 05 resultados participaram estudo 30 mulheres 53 n=16 diagnostico sop media idade participantes 30 9 + 6 3 anos peso medio participantes 82 7 + 10 4 kg estatura 1 65 + 0 06 metros imc 30 6 + 2 9 kg m² valores ger diferenciaram maneira significativa grupos 1871 4 + 545 vs 1584 8 + 175 1 kcal dia p=0 220 valores ol mostram reducao significativa grupo sop 83 + 39 4 vs 141 9 + 60 9 g dia p<0 05 notou diferenca significativa duracao minutos semana pratica caminhada grupos 66 8 + 24 1 vs 27 5 + 22 4 minutos semana p<0 01 sendo aproximadamente 29 maior grupo_controle diferenca duracao pratica af moderada 70 4 + 29 8 vs 35 6 + 48 p<0 05 cerca 31 maior grupo_controle valor medio get mulheres grupo_controle 2477 + 60 1 kcal dia grupo sop 2326 + 174 6 kcal dia havendo diferenca significativa grupos conclusao mulheres sop apresentam reducao atividade lipolitica evidenciado ol observou maior comportamento_sedentario nesse grupo principalmente relacao duracao pratica caminhada atividade_fisica moderada,5039,0.7635537188517303
4,"pubmed, lilacs, revisao_sistematica, scopus, medline, bases, embase, systematic_reviews, science, artigos",cenario global transicoes demografica epidemiologica nutricional desafiado sistemas saude desenvolver novos modelos atencao praticas resolutivas cuidado populacao nesse contexto atencao_primaria_saude sido apontada orgaos internacionais locus estrategico proximidade questoes alimentares nutricionais populacoes territorios conformidade principios diretrizes universalidade integralidade longitudinalidade face contexto presente tese buscou compreender cuidado alimentacao nutricao produzido partir praticas apoio matricial investigacao natureza socioantropologica vincula teoria ator rede perspectiva annemarie mol pesquisa etnografica realizada abril agosto 2018 municipio grande porte acompanhou cotidiano trabalho equipe apoio matricial adotando criterios eticos informacoes produzidas registradas diarios campo representacoes cartograficas arquivos audio analise considerou praticas cuidado dentro ambiente institucional ensaio teorico analise_documental produtos deste estudo principais resultados possivel destacar carater relacional dessa dimensao cuidado efeitos interpenetracao racionalidade nutricional preponderancia feminina incompatibilidade grande parte referenciais tecnicos propostas mudanca desenvolvimento pratica clinica ampliada compartilhada outro lado analisar estrategias discursivas publicacao oficial brasileira identificados elementos pensamento complexo constitutivos perspectiva ampliada acerca alimentacao praticas apoio matricial assuncao imanencia imprevisibilidade incerteza revelaram tessituras sabedoria pratica lidar coexistencia generalidade metrificacao corpo comida singularidade vidas comer cotidiano cerne nocao emergente cuidado alimentacao nutricao compreendido manejo compartilhado visa restituicao ordem viavel sempre provisoria ademais trabalho campo revelou producao cuidado alimentacao nutricao emerge articulacoes multiplos atores redes dinamicas interligadas marcadas paradoxos potencia comida provocar conexoes meio tensoes inerentes relacoes micropolitica macropolitica apoiadoras matriciais conjunto demais atores co ordenavam redes processo aberto dinamico provisorio profuso compartilhado trabalho pode contribuir posicionamentos ativos conscientes avancam sentido co responsabilidade luta implementacao execucao politicas_publicas oportunizem garantia seguranca_alimentar_nutricional populacao,3115,0.7579514298652742
5,"jogadores, jogos, exercicio, sessao, treino, jogo, intensidade, treinamento, treinamento_fisico, imediatamente",analise cinematica meio videogrametria sido utilizada descricao movimentos jogadores basquetebol sob vertente tecnica tatica fisica cargas treinamento_fisico devem ser planejadas termos volume intensidade modo proximo possivel demandas solicitadas durante jogos forma geral volume deslocamentos realizados pode ser caracterizado distancia percorrida intensidade velocidades alcancadas ocorrencia sucessivos periodos esforcos alternados intervalos recuperacao faz obtencao manipulacao variaveis duracao esforcos numero repeticoes tempo recuperacao grande importancia preparacao fisica desta modalidade caracterizada intermitente estudo propoe analise velocidades deslocamento durante tres partidas oficiais basquetebol classificando faixa velocidade definindo esforcos cada faixa velocidade maxima descrevendo cada faixa frequencia destes esforcos duracao intervalos tempo distancia percorrida posicoes armador ala armador ala ala pivo pivo tanto tres jogos novo basquete brasil filmados utilizando quatro cameras video sequencias imagens jogos total doze jogadores mesma equipe rastreados coordenadas 2d posicao funcao tempo reconstruidas utilizando sistema dvideo calculadas velocidades deslocamento cada jogador analise estatistica utilizado teste friedman resultados obtidos parametricos anova parametricos significancia adotada p < 0 01 velocidades classificadas tempo cronometrado parado tempo cronometrado ativo mostrando diferenca variaveis todas posicoes exceto alas armadores ala armadores armadores medias desvios padrao frequencias esforcos tempo duracao intervalos distancias percorridas calculadas tres diferentes faixas velocidades v2 0 3m s v3 3 1 6 9 m s v4 acima 7 0 m s media tempo cronometrado ativo 46 7 + 5 2 armadores deslocaram outras posicoes 6592 2 + 422 3 m permaneceram tempo faixa v2 apresentaram tempo medio duracao cada esforco 3 9 + 0 s terceira categoria 3 0 6 9 m s alas armadores obtiveram medias maiores frequencias esforco 133 3+ 2 0 intervalo esforcos 1578 3+ 75 8 tempo duracao 5 3+ 0 3s acima 7 0 m s novamente alas armadores obtiveram maiores medias todas variaveis frequencia esforcos 1 6+ 1 5 tempo duracao 6 9+ 6 7s distancia percorrida 20 4+ 15 1m pivos obtiveram medias menores frequencia esforcos 1 0+ 1 0 tempo duracao 5 2+ 4 81s intervalo esforcos 931 6+ 1450 6 distancia percorrida 721 2+ 36 1m v4 novamente alas armadores obtiveram maiores medias variaveis fe = 1 6 + 1 5 t = 6 9 + 6 7 s d = 20 4 + 15 1 m mostra importante caracteristica alas armadores sujeitos maiores esforcos velocidades 3 1 7 0 m s sugere indicacao intensidade treino posicao pivos obtiveram medias menores fe = 1 0 + 1 0 t = 5 2 + 4 81 s dt = 931 6 + 1450 6 d = 721 2+ 36 1 m indicando jogadores necessitam maior nivel condicionamento aerobico permanecem categorias menor intensidade tempo aplicacao reconstrucao bidimensional tracking manual utilizando dvideo possivel modelo experimental sugere diferenca quanto perfil velocidade deslocamento diferentes posicoes bem relacao variaveis estudadas observadas valores obtidos tres jogos analisados tais informacoes uteis prescricao treinamento levando consideracao especificidades cada funcao quadra,544,0.992170562637104
5,"jogadores, jogos, exercicio, sessao, treino, jogo, intensidade, treinamento, treinamento_fisico, imediatamente",hipertensao_arterial_sistemica has constitui relevante problema saude_publica responsavel milhoes mortes ano mundo apesar disso frente necessidade informacoes delineamento estrategias promocao_saude pouco conhece sobre epidemiologia doenca regioes distantes grandes centros urbanos brasileiros diante disso trabalho objetivo estimar prevalencia verificar aspectos associados has adultos sertao pernambuco brasil trata estudo delineamento_transversal amostra aleatoria adultos ambos_sexos considerados hipertensos apresentaram pressao_arterial sistolica = 140 mm hg diastolica = 90 mm hg alem daqueles relataram estar tratamento anti hipertensivos informacoes demograficas socioeconomicas comportamentais antropometricas saude nutricao coletadas aplicados testes qui_quadrado pearson qui_quadrado tendencia regressao multivariada poisson modelo final considerada significancia estatistica p < 0 05 amostra composta 416 individuos prevalencia has 27 4 ic95 23 2 32 0 modelo final identificados preditores independentes has faixas etarias 40 49 anos rp 1 24 ic95 1 12 1 36 p = 0 000 50 59 anos rp 1 42 ic95 1 31 1 53 p = 0 000 classe_economica baixa rp 1 09 ic95 1 02 1 17 p = 0 007 tabagismo rp 1 11 ic95 1 02 1 22 p = 0 023 excesso_peso indice_massa_corporal rp 1 21 ic95 1 07 1 37 p = 0 003 adultos tolerancia_glicose diminuida diabetes mellitus rp 1 15 ic95 1 03 1 27 p = 0 012 prevalencia has mostrou elevada relacionada fatores_risco importantes logo recomendaveis acoes prevencao controle contexto ecologico questao subgrupos vulneraveis,2494,0.9915252912231969
5,"jogadores, jogos, exercicio, sessao, treino, jogo, intensidade, treinamento, treinamento_fisico, imediatamente",aspectos importantes estudos recentes basquetebol descricao movimentacao jogadores dada posicao funcao tempo permite obter distancias percorridas caracterizar volume deslocamentos realizados jogadores durante jogos objetivos desse trabalho analisar distancias percorridas jogadores periodo jogo jogo velocidades medias jogadores bola viva cronometro ativo bola morta cronometro parado periodo jogo jogo b analisar distancias percorridas diferentes funcoes equipe verificar distancias percorridas jogadores separados funcao equipe situacoes ataque defesa transicoes ataque defesa c realizar analise_componentes_principais jogadores separados funcao situacoes ataque defesa transicoes ataque defesa sistema dvideo fef unicamp campinas brasil usado obter distancias percorridas jogadores cinco equipes basquetebol b c d quatro jogos novo basquete brasil 2011 2012 alas pivos pivos equipe percorreram menor distancia comparados outros jogadores durante quatro jogos analisados jogo 2 apresentou menor valor distancia percorrida comparado outros tres jogos pois duracao inferior outros ultimo periodo quarto jogo apresenta valores distancias percorridas superiores relacao outros periodos quartos jogo pois duracao maior tanto equipe casa equipes adversarias b c d encontradas diferencas significativas valores distancia percorrida situacoes jogo ataque defesa comparadas transicoes tanto ataque defesa jogadores maior deslocamento transicoes situacao defesa todas equipes apresentaram diferenca significativa variavel excentricidade indica jogadores situacao defesa deslocam direcoes latero laterais quadra situacao defesa direcoes eixos principais proximas direcoes transversais quadra resultados apresentados ferramentas importantes tecnicos viii preparadores fisicos equipes basquetebol porque ajudam definir detalhar perfil fisico tatico individual coletivo jogadores equipe,810,0.9902436319457054
5,"jogadores, jogos, exercicio, sessao, treino, jogo, intensidade, treinamento, treinamento_fisico, imediatamente",treinamento jogos sido implantado futebol todas idades niveis jogo profissional amador estrategia treino permite desenvolver aspectos fisicos tecnicos taticos emocionais maneira concomitante assim objetivo deste estudo consistiu investigar influencia dimensao campo numero jogadores efeito regras emergencia acoes tecnicas passe dominio conducao finalizacao desarme interceptacao indicadores taticos centro jogo angulo passe igualdade numerica superioridade ofensiva defensiva tres diferentes formatos jogos tanto quatorze jogadores futebol pertencente categoria sub 20 altura 174 04 + 6 93 cm massa_corporal 66 58 + 7 75 kg percentual_gordura 10 90 + 2 90 vo2max 49 73 + 5 03 ml kg 1 min 1 participaram tres formatos jogos 3vs3+gs 27 x 18 m 6vs6+gs 52 x 32 m 10vs10+gs 105 x 64 m duas condicoes jogo controle jogo manutencao jogos filmados quatro cameras videos digitais posteriormente sequencias imagens analisadas software dvideo permitiu obter posicao todos jogadores funcao tempo registro acoes tecnicas ocorridas primeiro estudo comparadas duas condicoes jogos formatos 3vs3+gs 6vs6+gs verificar efeito regras emergencia acoes tecnicas ofensivas defensivas resultados evidenciaram jogos manutencao estimulam acoes passe dominio interceptacao passes manutencao contrariamente jogos controles estimulam acoes conducao finalizacao passes progressao segundo estudo comparados formatos jogos 3vs3+gs 6vs6+gs 10vs10+gs verificar influencia dimensao campo numero jogadores manifestacao acoes tecnicas indicadores taticos resultados mostram jogos menores proporcionam maior carga tecnica situacoes superioridade ofensiva outro lado jogos maiores observam baixa carga tecnica situacoes superioridade defensiva pode concluir presente estudo regras dimensao campo numero jogadores modificam manifestacao acoes tecnicas indicadores taticos informacoes importantes treinadores construir organizar jogos acordo planos ensino objetivos pedagogicos,816,0.9898239973168396
5,"jogadores, jogos, exercicio, sessao, treino, jogo, intensidade, treinamento, treinamento_fisico, imediatamente",objetivo geral deste estudo descrever atividades alta intensidade jogos competicao baseado dados velocidade variaveis carga interna baseado resposta frequencia_cardiaca fc jogadores enquanto objetivo especifico encontrar diferencas posicoes quartos utilizadas amostras dados fc posicao funcao tempo 10 jogadores profissionais sexo_masculino 6 jogos basquetebol equipe brasileira alto nivel coleta fc utilizados monitores frequencia_cardiaca transmissao fio marca polar R modelo team system frequencia 0 2 hz partidas registradas partir quatro cameras filmadoras digitais final cada partida sequencias imagens 30 hz adquirida camera convertidas formato avi analisadas frequencia 7 5 hz utilizando sistema dvideo campinas brasil quantificadas tempo gasto zonas porcentagem funcao fcmax faixa velmax recuperacao fc durante bola morta picos velocidade intervalo picos velocidade mesma intensidade resultados mostram jogadores podem estar submetidos atividades maiores intensidades comparacao estudos literatura ainda tendencia pivos realizarem deslocamentos intensidades proximas velocidades maximas armadores realizarem deslocamentos intensidades intermediarias caracterizando esforco continuo diferencas encontradas quartos mostram tendencia aumento atividades baixa intensidade conforme desenvolvimento jogo dados taxa reducao fc mostrou jogadores tendem ter melhor performance aerobia primeiro ultimo quarto onde taxas reducao maiores fatores maior numero lances livres tempos tecnicos podem ter contribuido maior media taxa reducao durante quartos taxa reducao analisada neste estudo diferentes posicoes apresentou nenhuma diferenca quantificacao intensidade esforco partir dois tipos variaveis analisadas fc mostrou parametro intensidade acumulativo enquanto velocidade mostra parte intensidade esforco realizado geral onde relacao linear duas variaveis,1130,0.9888086812329742
6,"adipocitos, inguinal, tam, soleo, tab, tecido_adiposo_branco, mesenterico, epididimal, marrom, leucina",prevalencia excesso_peso aumentado todo mundo fatores_associados patogenese excesso_peso comorbidades inflamacao estresse_oxidativo aumento permeabilidade alteracoes microbiota_intestinal acredita dieta exerca importante papel modulador sobre tais fatores especial quantidade tipo lipidio ingerido entretanto ainda consenso pesquisadores neste sentido assim objetivo presente estudo avaliar efeito consumo oleo soja oleo oliva extra virgem oleo_coco associados dieta restrita calorias sobre variaveis citadas anteriormente mulheres excesso_peso averiguar tal efeito presente tese apresentados quatro artigos sendo dois revisao dois originais artigo 1 disbiose endotoxemia metabolica induzidas dieta rica gorduras objetivo desta revisao analisar influencia dietas hiperlipidicas sobre disbiose endotoxemia metabolica consultadas bases dados medline pubmed scopus artigos incluidos publicados 2007 2017 apos analise critica resultados estudos apontaram dietas ricas gorduras associadas reducao diversidade bacteriana intestinal aumento permeabilidade_intestinal maior passagem lps endotoxemia instalada pode ser considerada fator causal instalacao inflamacao baixo grau assim essencial identificacao estrategias dieteticas possam minimizar efeitos gerados artigo 2 efeito qualidade lipidica dieta endotoxemia metabolica revisao_sistematica nesta revisao_sistematica avaliados criticamente estudos investigou efeito qualidade lipidica dieta endotoxemia metabolica humanos artigos selecionados tres bases dados pubmed scopus library cochrane palavras chave definidas conforme terminologia indexacao medical subject headings mesh segundo resultados estudos incluidos maiores concentracoes lps pos prandiais 1 6 h associadas ingestao dietas ricas acidos_graxos_saturados sfas outro lado concentracoes baixas endotoxina observados apos ingestao dietas ricas acidos_graxos poliinsaturados pufas entanto estudos maior duracao 4 12 semanas 6 consumo diferentes tipos acidos_graxos parece exercer efeitos sobre endotoxemia metabolica artigo 3 efeito ingestao diferentes tipos lipidios sobre estresse_oxidativo inflamacao mulheres excesso_peso ensaio_clinico_randomizado paralelo duplo cego acredita consumo oleos diferentes perfis acidos_graxos pode ter efeitos diferenciados sobre estresse_oxidativo inflamacao podendo modular origem desenvolvimento diversas doencas_cronicas assim investigamos efeito ingestao oleo_coco oleo oliva extra virgem oleo soja associados dieta restricao_calorica sobre marcadores_estresse_oxidativo inflamacao mulheres excesso_peso sessenta duas mulheres excesso_peso receberam cafe_manha contendo 25 ml oleos testes oleo soja n= 21 oleo oliva extra virgem n=22 oleo_coco n=19 durante 9 semanas consecutivas + 5 dias prescritas dieta restricao_calorica 500 kcal dia normolipidica 32 energia proveniente gorduras cada participante amostras sanguineas coletadas primeiro ultimo dia experimento analisados marcadores_estresse_oxidativo catalase cat oxido nitrico on malondialdeido mda frap inflamacao il 8 il1 il_6 il_10 il 12 tnf consumo oleo oliva extra virgem aumentou atividade_antioxidante frap reduziu concentracoes mda on il 1 apos periodo intervencao ingestao oleo soja aumentou concentracoes frap il_10 alem reduzir on oleo_coco alterou variaveis avaliadas assim concluimos consumo oleo oliva rico mufas oleo soja rico pufas aumentaram atividade_antioxidante plasmatica melhoraram variaveis estresse_oxidativo inflamacao artigo 4 efeito ingestao oleos fontes diferentes tipos acidos_graxos associados dieta restrita calorias sobre microbiota permeabilidade intestinais mulheres excesso_peso acredita tipo acido graxo dietetico pode modular ecossistema bacteriano intestinal entanto eficacia desse efeito ainda inconclusiva assim objetivo desse estudo avaliar efeito ingestao oleos ricos diferentes tipos acidos_graxos associados dietas normolipidicas restritas calorias microbiota permeabilidade intestinais concentracao serica lps acidos_graxos_cadeia_curta ph fecais tratou ensaio_clinico_randomizado paralelo duplo cego duracao 9 semanas consecutivas + 5 dias mulheres excesso_peso receberam diariamente cafe_manha contendo 25 ml oleos testes oleo soja n=17 oleo oliva extra virgem n=19 oleo_coco n=16 amostras sanguineas fecais urina coletadas primeiro ultimo dia 7 experimento consumo tres tipos oleos afetou diversidade abundancia relativa bacterias intestinais observamos aumento riqueza bacteriana estimada indice chao 1 reducao concentracao acido graxo cadeia curta isovalerico grupo ingeriu oleo soja permeabilidade paracelular transcelular aumentaram apos ingestao oleo oliva extra virgem oleo_coco porem concentracoes lps permaneceram inalteradas portanto ingestao dieta normolipidica contendo diferentes tipos acidos_graxos_saturados mono poliinsaturados associada dieta restrita calorias afetou forma modesta microbiota permeabilidade intestinais resultar endotoxemia metabolica mulheres excesso_peso,2604,0.9925910333403782
6,"adipocitos, inguinal, tam, soleo, tab, tecido_adiposo_branco, mesenterico, epididimal, marrom, leucina",obesidade doencas_cronicas_transmissiveis crescem mundo pode ser precursora desordens metabolicas importantes diabetes_mellitus_tipo_2 dislipidemias doencas_cardiovasculares mecanismo fisiopatologico unificador destes fenomenos surgiu conceito meta inflamacao associacao consumo_excessivo nutrientes desregulacao mediadores imunidade inflamacao provocando resposta cronica especifica baixo grau consequencias sistemicas individuo microbiota_intestinal individuos obesos apresenta populacao desequilibrio maior capacidade resgate metabolico energia dieta podendo ocasionar meta inflamacao kefir alimento probiotico cujos graos estruturas complexas associacao simbiotica leveduras bacterias envoltas matriz polissacarideos beneficios consumo kefir parte dieta demonstrados inumeras evidencias eficacia terapeutica alimento probiotico atravessa modulacao microbiota_intestinal sistema imunologico objetivo deste estudo avaliar efeito consumo kefir sobre obesidade desordens metabolicas associadas utilizados 32 ratos_wistar divididos quatro grupos dieta padrao + solucao salina dps dieta padrao + kefir dpk dieta cafeteria + solucao salina dcs dieta cafeteria + kefir dck analisadas ingestao_calorica variacao massa_corporal curvas glicemia glicose insulina peso tecidos figado coracao tecido_adiposo musculo presente estudo consumo kefir capaz reduzir massa_corporal nds 118 5+ 1 38 cds 138 7+ 2 66 ndk 109 0+ 1 63 cdk 120 9+ 2 96 p<0 001 tecidos figado nds 23 0+ 0 99 cds 26 8+ 0 49 ndk 21 5+ 0 66 cdk 25 5+ 0 54 p <0 001 coracao nds 1 43+ 0 06 cds 1 53+ 0 03 ndk 1 36+ 0 03 cdk 1 40+ 0 03 p=0 02 tecido_adiposo nds 16 7+ 1 79 cds 38 3+ 6 75 ndk 14 5+ 1 71 cdk 23 4+ 2 41 p=0 04 alem disso observou aumento massa_muscular nds 5 50+ 0 42 cds 5 42+ 0 31 ndk 5 96+ 0 42 cdk 7 44+ 0 52 p=0 02 observada relacao consumo kefir variacoes ingestao_alimentar outras analises devem ser realizadas fim verificar profundamente beneficios consumo kefir parte dieta,1439,0.9811112711075677
6,"adipocitos, inguinal, tam, soleo, tab, tecido_adiposo_branco, mesenterico, epididimal, marrom, leucina",adolescencia fase compreende periodo 10 19 anos marcada transicao infancia vida adulta durante adolescencia ocorrem intensas modificacoes ambitos biologico social emocional crescimento fisico acentuado principalmente durante puberdade conjuntamente desenvolvimento psicossocial estimulacao cognitiva intensa aumentam demanda energia nutrientes portanto faixa etaria risco_nutricional considerando importancia alimentacao_saudavel crescimento desenvolvimento adequado durante adolescencia bem prevencao doencas_cronicas_transmissiveis dcnts avaliacao_consumo_alimentar ambito escolar mostra essencial nortear acoes politicas alimentacao nutricao objetivo presente trabalho avaliar consumo marcadores alimentacao_saudavel adolescentes estudam nono ano rede municipal ensino pelotas rio grande sul estudo_transversal base escolar tipo censo realizado rede municipal ensino avaliando 797 alunos nono ano escolas zona_urbana instrumento coleta dados consistia questionario autoaplicado baseado naquele aplicado pesquisa nacional saude escolar analisada frequencia_consumo semana anterior marcadores alimentacao_saudavel feijao leite frutas vegetais cozidos saladas cruas associacao variaveis demograficas comportamentais resultados mostraram menos tres cada cem adolescentes consumiram regularmente = 5 sete dias antecederam cinco alimentos considerados marcadores alimentacao_saudavel meninos apresentaram maior prevalencia consumo regular maioria marcadores feijao frutas leite vegetais cozidos observado maior consumo feijao participantes pretos pardos amarelos indigenas destaca associacoes variaveis comportamentais atividade_fisica refeicoes familia realizar cafe_manha refeicoes frente telas adolescentes praticavam atividade_fisica realizavam cafe_manha faziam refeicoes acompanhados familia apresentaram maior media escore consumo_alimentos marcadores alimentacao_saudavel observou forte influencia variaveis comportamentais consumo_alimentar adolescentes indicando alimentacao condicionada apenas nutrientes presentes alimentos base nesses achados intervencoes acoes programas necessarios promover educacao_alimentar_nutricional nessa populacao principalmente ambito comportamental sendo escola espaco ideal promocao alimentacao_adequada saudavel,3859,0.9809064283818534
6,"adipocitos, inguinal, tam, soleo, tab, tecido_adiposo_branco, mesenterico, epididimal, marrom, leucina",vitamina b6 compreende sete compostos piridoxal piridoxina piridoxamina respectivas formas fosforiladas acido piridoxico termo piridoxina pn proposto nomear formas naturais desse composto forma metabolicamente ativa piridoxal fosfato plp participa 100 reacoes enzimaticas incluindo metabolismo carboidratos lipideos sintese catabolismo interconversao aminoacidos vitamina b6 papel fundamental desenvolvimento sistema_nervoso humano especialmente metabolismo neurotransmissores neste estudo investigamos ratos efeitos_suplementacao piridoxina administrada via orogastrica gavagem sobre comportamentos sugestivos ansiedade bem atividade eletrofisiologica cerebral ratos_wistar receberam dia pos natal p 7 p27 cloridrato piridoxina 1 5 10 mg kg dia p60 70 animais submetidos teste labirinto cruz elevado lce avaliacao comportamentos sugestivos ansiedade p71 80 sob anestesia registramos fenomeno eletrofisiologico designado depressao alastrante cortical dac comparacao grupos controle velocidades 3 38 + 0 11 mm min amplitude 6 8 + 1 7 mv duracao 65 4 + 7 3 s tratamento piridoxina doses 5 10 mg kg dia associado aumento significante velocidade 3 91 + 0 12 4 82 + 0 24 mm min respectivamente amplitude dac 9 6 + 2 4 9 9 + 2 4 mv respectivamente bem reducao duracao 55 7 + 6 s 51 1 + 6 4 s p = 0 05 maneira dose dependente tendencia significante comportamento ansiedade comparacao controles naive ingenuo qualquer tratamento tratados salina dados demonstram efeito facilitador suplementacao pn periodo critico desenvolvimento sobre propagacao dac efeito duradouro dose dependente mecanismos deverao ser futuramente investigados resultados permitem antever avancos compreensao mecanismos quais pn influencia desenvolvimento funcionamento cerebro mamiferos vista aplicacao resultados cerebro humano,2916,0.969486012763231
6,"adipocitos, inguinal, tam, soleo, tab, tecido_adiposo_branco, mesenterico, epididimal, marrom, leucina",processo regeneracao musculo_esqueletico possui alta complexidade eventos controlados reparar miofibras danificadas meio ativacao proliferacao diferenciacao celulas satelites musculares csmus capacidade regenerativa muscular rotineiramente diminuida quadros doencas_cronicas envelhecimento resultando regeneracao parcial acumulo miofibras danificadas tecido colagenoso fator combinado quadros patologicos estado envelhecimento exacerba atrofia muscular diminuindo expectativa qualidade_vida eventos criticos regeneracao ocorra forma eficiente reorganizacao rede mitocondrial miofibras danificadas csmus evitar producao excessiva radicais livres fomentar energia necessaria crescimento miofibras regeneracao nesse contexto mitofagia dinamica mitocondrial biogenese mitocondrial eventos essencias portanto encontrar formas manipular vias intracelulares controlam eventos caminho promissor visando influenciar capacidade regenerativa muscular devido capacidade promover ativacao ampk outras vias associadas qualidade mitocondrial presente estudo visamos utilizacao cafeina portanto objetivo principal investigar efeitos ingestao cafeina vias controle qualidade mitocondrial capacidade oxidativa crescimento miofibras regeneracao experimentos diferenciacao celulas c2c12 encontramos cafeina diminuiu conteudo parkin potencialmente levando aumento conteudo drp1 pgc 1 camundongos wt c57bl 6j durante processo regenerativo induzido bacl2 encontramos cafeina diminui conteudo atf4 parkin nesse momento levantamos hipotese ausencia parkin poderia potencializar efeito cafeina usando camundongos parkin descobrimos ingestao cafeina durante processo regenerativo induz aumento fosforilacao ampk conteudo pgc 1 tfam camundongos wt sendo alteracoes parcialmente dependentes parkin alem disso encontramos ausencia parkin potencializa efeito ergogenico cafeina aumentar capacidade mitocondrial crescimento miofibras regeneracao efeitos relacionados alteracoes numero copias mtdna aumento conteudo atf4 ativacao vias sintese proteinas aumento fosforilacao erk1 2 4e bp1 achados curiosos destacaram relacao fina encontre vias controle qualidade mitocondrial capacidade crescimento miofibras compreensao desses mecanismos pode ter implicacoes estrategias terapeuticas direcionadas disfuncao mitocondrial quadros regenerativos musculo_esqueletico abre caminho futuros estudos utilizacao cafeina quadros disfuncao parkin,4257,0.9583899852263837
7,"cho, prova, caf, desempenho, enxague, exercicios, potencia, motor, ciclismo, esportiva",utilizacao avaliacoes fisiologicas modalidade esportivas ascensao faz necessaria promocao monitoramento melhor controle treinamento entretanto nesse processo especificidade modalidade questao necessita ser preservada sendo metabolismo anaerobio extremamente requisitado durante provas canoagem slalom aplicacao sistemas atados determinacao parametros acerca dessa via energetica pode ser extremamente interessante desse modo objetivo presente projeto aplicar teste especifico atado determinacao parametros anaerobios canoistas slalom estudar relacao resultados obtidos nesse teste desempenho esportivo modalidade atletas elevado rendimento nesse esporte submetidos teste all out 30 s atado piscina avaliacao desempenho corredeira todas realizadas sob caique sistema canoagem atado sca utilizado teste all out canoistas remaram atado utilizando corda elastica atada caiaque celula carga fixada borda piscina conectada sistema aquisicao dados sinais sendo coletados 1000 hz teste all out anaerobio atado 30 s aplicado determinacao valores absolutos relativos r forca pico fpico media fmed minima fmin indice fadiga if impulso simulacao prova contendo 24 portas aplicada objetivando aquisicao variaveis tempo prova tp distancia velocidade media respostas acerca frequencia_cardiaca durante esforco testes all out simulacao prova coletas sangue 25ul visando analise concentracao lactato sanguineo realizadas antes testes 2° 4° 6° 8° 10° minuto apos testes aplicacao provas simuladas analise respostas fisiologicas desempenho atletas permitiu observar existencia correlacoes pronunciadas rendimento alguns parametros obtidos diversos tipos testes anaerobios dentre destacadas significantes viii inversas correlacoes visualizadas tp 109 1+ 15 0 s fpico 170 29+ 35 36 n r= 0 60 r fpico 2 50+ 0 39 nkg r= 0 71 fmed 121 12+ 23 58 n r= 0 61 r fmed 1 78+ 0 26 nkg r= 0 73 impulso 3634 73+ 707 26 n s r= 0 61 r impulso 53 46+ 7 72 n skg r= 0 73 desse modo possivel apos conclusao projeto diagnosticar quais parametros fato atrelados rendimento propondo direcionamentos concretos relacionados monitoramento intensidade esforco treinamento objetivando desempenho esportivo,808,0.9884549265077565
7,"cho, prova, caf, desempenho, enxague, exercicios, potencia, motor, ciclismo, esportiva",tecido muscular suscetivel diversos tipos lesoes ocorrer processo regeneracao eficiente podem diminuir funcionalidade levar atrofia processo regeneracao deste tecido ocorre duas fases inflamatoria regenerativa controladas fatores miogenicos celulas satelites presentes lamina basal iniciam ativacao proliferacao diferenciacao destas posteriormente ocorrer formacao fibra muscular processo ocorra forma eficaz rede mitocondrial dessas celulas deve estar maxima eficiencia assim processo autofagia especifico mitocondrias disfuncionais denominado mitofagia ocorre sendo guiada parkin parkin proteina e3 ligase sinaliza ubiquitinacao proteinas membrana externa mitocondrial levando formacao autofagossomo degrada conteudo alem disso biogenese mitocondrial processo auxilia renovacao mitocondrias garantindo producao energia processo celulares hidroxi metilbutirato hmb metabolito leucina possui diversos efeitos tecido muscular levando ativacao sintese proteica ativacao fatores miogenicos estimulacao biogenese mitocondrial regulacao autofagia trabalho visa investigar suplementacao hmb modula mitofagia durante processo regenerativo tecido muscular esqueletico utilizados camundongos selvagens c57bl 6j wt parkin nocaute parkintm1shn ko receberam solucao hmb 600 mg kg 10 dias induziram processo regenerativo inoculacao cloreto bario musculo tibial anterior separados grupos realizacao intervencoes int int+hmb 10d 10d+hmb procedimentos aprovados registrados ceua 5286 1 2019 assim verificamos ambas linhagens apresentaram alteracoes peso_corporal muscular apos intervencoes hmb diminuiu conteudo parkin apos 10 dias regeneracao aumentou niveis lc3 animais wt 10d+hmb animais ko grupo 10d+hmb metabolito aumenta conteudo drp1 fatores miogenicos analisados observamos aumento pax7 animais wt diminuicao desta animais ko hmb alterou caracteristicas histologicas regeneracao animais wt entanto camundongos ko vimos hmb diminuiu area secao transversal 15 2 89 5 celulas apresentam apenas nucleo centralizado ainda frequencia 35 2 celulas area 501 1000 m² encontramos diminuicao pgc 1 animais wt aumento tfam controladores biogenese mitocondrial animais ko grupos 10d+hmb dados sugerem mitofagia biogenese mitocondrial alteradas durante regeneracao hmb fluxo autofagico normalizado acao hmb durante regeneracao diferenciacao celulas satelites ambos genotipos influenciada acao hmb atrasando processo regenerativo principalmente ausencia parkin,3980,0.9876114874032184
7,"cho, prova, caf, desempenho, enxague, exercicios, potencia, motor, ciclismo, esportiva",obesidade problema saude global diretamente associada risco desenvolvimento outras doencas metabolicas estilo_vida saudavel incluindo alimentacao equilibrada essencial manutencao eutrofia mamiferos possuem poderoso sistema responsavel regulacao homeostasia energetica sendo hipotalamo localizados neuronios relacionados acoplamento fome saciedade neuronios afetados ingestao excessiva lipideos especialmente acidos_graxos_saturados cadeia longa obesidade sabe obesidade marcada presenca inflamacao subclinica alteracao diversas vias relacionadas estresse celular camundongos obesidade induzida dieta_hiperlipidica falha regulacao macroautofagia sistema ubiquitina proteasoma neuronios hipotalamo mecanismos responsaveis proteostasia celular trabalho objetivo investigar modulacao autofagia mediada chaperonas neuronios hipotalamicos animais obesos tipo autofagia responsavel degradar proteinas citosolicas contem motivo especifico aminoacidos meio atuacao principal duas proteinas denominadas hsc 70 lamp 2a resultados mostraram animais consumiram dieta_hiperlipidica 3 dias apresentaram maior ativacao autofagia mediada chaperonas hipotalamo apos periodo menor ativacao autofagia mediada chaperonas nesta regiao alem disso neuronios hipotalamicos expostos palmitato acido graxo saturado apresentaram ativacao autofagia mediada chaperonas exposicao destes neuronios hipotalamicos ambiente inflamatorio levou ativacao autofagia mediada chaperonas nessas celulas situacoes estresse celular ativacao autofagia mediada chaperonas essencial manutencao proteostasia contrapartida diminuicao neste sistema leva maior suceptibilidade celular estimulos estressores portanto excesso acidos_graxos_saturados afeta autofagia mediada chaperonas neuronios hipotalamo fato pode contribuir disfuncao neuronal formacao agregados proteicos manutencao niveis basais autofagia meio intervencoes farmacologicas dieteticas pode representar terapia importante tratamento doencas metabolicas,2172,0.9872547048311414
7,"cho, prova, caf, desempenho, enxague, exercicios, potencia, motor, ciclismo, esportiva",estresse_oxidativo inflamacao desempenham importante papel desenvolvimento progressao doencas renais cronicas efeito excesso_peso metabolismo anormal glicose estimulo inflamacao estresse_oxidativo fibrose induzem doenca_renal relacionada obesidade diferentes danos microvasculares produzidos diabetes mellitus durante nefropatia diabetica nd cenario lesoes renais induzidas excesso nutrientes doenca_renal relacionada obesidade diabetes crescente reconhecimento semelhancas fisiopatologicas histologicas compartilhadas apontam sobreposicao mecanismos lesao condicoes associadas confirmar relacao objetivo estudo determinar influencia excesso_peso marcadores inflamacao portadores nefropatia diabetica dissertacao apresenta dois artigos primeiro trata revisao_literatura intitulado doenca_renal diabetes cross linking hiperglicemia desequilibrio redox inflamacao artigo principal niveis sericos biomarcadores inflamatorios nefropatia diabetica influencia excesso_peso trata estudo_transversal realizado pacientes portadores diabetes_mellitus_tipo_2 dmt2 nd fase dialitica compreendendo estagios 1 5 doenca_renal metodologicamente realizacao deste ultimo analisadas variaveis demograficas clinicas laboratoriais determinacao marcadores inflamacao interleucina_6 interleucina 8 fator necrose_tumoral alfa proteina quimiotatica monocitos 1 determinados ensaio imunossorvente ligado enzima elisa grupos alocados atraves indice_massa_corporal imc eutroficos excesso_peso todos testes hipoteses adotado nivel confianca 95 p <0 05 compuseram amostra 60 pacientes idade media 62 2 + 11 2 anos 63 2 estagios avancados nd prevalencia excesso_peso imc 63 3 media geral imc 27 7 + 6 2 kg m² 84 5 apresentaram risco elevado doencas_cardiovasculares eutroficos apresentaram medias superiores idade p<0 05 clearence creatinina p<0 05 enquanto grupo excesso_peso diferiu todos parametros_antropometricos avaliados p<0 001 apresentou maiores niveis triglicerideos p<0 05 comparados eutroficos encontramos elevada prevalencia excesso_peso concomitante presenca simultanea comorbidades preditivas progressao nd coexistencia surge possivel multiplicador riscos pacientes renais cronicos diabeticos,2642,0.9872380924946567
7,"cho, prova, caf, desempenho, enxague, exercicios, potencia, motor, ciclismo, esportiva",acao insulina hipotalamo crucial controle ingestao_alimentar estado alimentado insulina secretada atinge hipotalamo fosforilando extruindo nucleo proteina foxo1 fator transcricao familia forkhead box diminuindo transcricao neuropeptideos orexigenicos npy neuropeptideo y peptideo relacionado gene agouti agrp contrario prejuizos transducao sinal insulina foxo1 permanece nucleo celulas neuronais elevando sintese neuripeptideos orexigenicos aumento fome nesse contexto proteina mapk fosfatase 3 mkp 3 habilidade desfosforilar foxo1 permanecendo nucleo induzindo aumento npy agrp hipotalamo consequentemente causando hiperfagia aumento massa_corporal adiposa portanto acoes terapeuticas capazes ter efeito inibitorio sobre mkp 3 celulas neuronais hipotalamo podem revelar importantes agentes contra obesidade co morbidades objetivo presente estudo verificar efeitos exercicio_fisico sobre conteudo proteico mkp 3 sinalizacao insulina hipotalamo camundongos obesos induzidos dieta_rica_gordura saturada utilizados camundongos_swiss distribuidos grupos controle alimentados racao padrao roedores obesos ob alimentados dieta_rica_gordura saturada obesos exercitados agudamente obexe apos analises composicao corporea ingestao_alimentar identificadas proteinas interesse cascata sinalizacao insulina atraves tecnica western blot realizados ensaios celulas hek293 camundongos_swiss controle adminsitracao adenovirus superexpressar mkp 3 avaliar efeitos sobre ingestao_alimentar fosforilacao foxo1 identificar acao fosfatase mkp 3 desfosforilar foxo1 utilizado celulas hek293 tratadas insulina vetor adenoviral mkp 3 gfp controle injetado intracerebroventricular i c v camundongos apos tratamentos analises moleculares feita atraves tecnica westen blot verifica atraves resultados obesidade aumentou conteudo proteico mkp 3 hipotalamo acompanhado aumento ingestao_alimentar adiposidade_corporal camungondos experimentos adenoviruos mostraram super expressao mkp 3 causa desfoforilacao foxo1 prejuizo controle fome estimulado insulina entretanto observado aumento exercicio_fisico sobre proteina mkp 3 hipotalamica concluise condicao obesidade associada aumento niveis mkp 3 hipotalamo associado hiperfagia exercicio_fisico capaz inibir atividade desta proteina desfoforilar fator transcricional foxo1 hipotalamo intervencoes capazes inibir mkp 3 podem tornar estrategias relevantes tratamento_obesidade,1824,0.9844863425621541
8,"restricao_proteica, ilhotas, dieta_hipoproteica, lphc, ovx, prenhes, ratas, cnp, prenhez, ovariectomia",sabe treinamento_fisico promove respostas fisiologicas tais diminuicoes gordura_corporal inflamacao sistemica reduz risco desenvolver doencas metabolicas bem danos musculo_esqueletico alteracoes apresentam consolidadas proporcionalmente tempo pratica treinamento entanto escassos estudos verificaram tais respostas partindo aplicacao treinamentos aerobio resistido longa duracao ratos objetivos presente estudo verificou concentracoes sericas citocinas tnf alfa ifn gama il6 il10 il1 beta bem conteudos lipidios totais tecidos_adiposos perirenal tap retroperitonal tar epididimal tae ratos submetidos treinamento aerobio resistido 16 semanas metodos ratos_wistar_machos adultos divididos 3 grupos grupo aerobio ga n=11 exercicio aerobio natacao 5 peso_corporal durante 16 semanas 5x semana 1h dia grupo resistido gr n=12 exercicio saltos agua 50 peso_corporal 4 series 10 saltos durante 16 semanas 5x semana grupo sedentario gs n=12 mantido sedentario durante todo experimento ratos mortos decapitacao 48 horas apos ultima sessao treinamento retirada dieta determinacoes elisa concentracoes sericas citocina tnf alfa thermo scientific inc ma usa ifn gama biolegend inc ma usa il6 il10 il1 beta boster immunoleader fremont ca bem conteudos lipidios totais metodo colorimetrico tecidos tap tar tae analises estatisticas efetuadas testes kolmogorov smirnov kruskall wallis pos hoc dun effect size ibm spss 20 0 p>0 05 resultados niveis tnf alfa pg ml maiores gr seguido ga menores gs ga=4 24+ 0 8 gr=5 33+ 1 7 gs= 3 24+ 0 6 p=0 009 es=0 85 niveis ifn gama pg ml diferentes grupos ga=20 8+ 8 9 gr=14 6+ 6 1 gs=41 6+ 25 2 p=0 97 es=11 55 niveis il6 pg ml maiores ga comparado gr gs ga=231 2+ 3 2 gr=188 9+ 2 0 gs=178 2+ 3 2 p=0 0004 es=14 64 niveis il10 diferiram grupos ga=121 2+ 3 2 gr=118 7+ 0 8 gs=122 4+ 1 5 p=0 17 es=1 54 niveis il1 beta maiores ga seguido gr menores gs ga=12 4+ 0 9 gr=9 8+ 0 2 gs=8 8+ 0 6 p=0 003 es=1 52 lipidios totais tap maiores gs seguidos ga menores gr gs=34 525+ 2 733 ga=24 527+ 2 542 gr=20 558+ 1 294 p<0 0001 es=2 71 ocorreu relacao lipidios tar gs=50 675+ 2 111 ga=41 918+ 1 859 gr=36 967+ 3 382 p<0 0001 es=2 62 conteudo lipidios totais tae maior gs estatisticamente semelhantes ga gf ga=33 145+ 3 680 gf=33 725+ 3 821 gs=41 467+ 2 408 p<0 0001 es=1 17 conclusao treinamento_forca mostrou eficiente sentido diminuir il6 il1 beta consideradas pro inflamatorias comparacao treinamento aerobio embora grupos treinados apresentado valores maiores destas citocinas relacao gs acreditamos ocorrido principalmente longa duracao treinamento sugerimos ainda niveis elevados tnf alfa gf possam ter suprimido lipogenese tecidos_adiposos analisados tal hipotese reforcada niveis il10 baixos porem diferenca estatistica es 1 54 gf comparado ga citocina ser anti inflamatoria modula concentracao tnf alfa podemos concluir analisando parametros supracitados treinamento_fisico resistido eficiente sentido controlar inflamacao sistemica praticado periodo longo estudos necessarios fim melhor esclarecer efeitos treinamentos fisicos aerobio resistido longa duracao sobre citocinas relacao tecido_adiposo aplicacao prevencao controle doencas originadas inflamacao sistemica baixo grau,939,0.9914198213841582
8,"restricao_proteica, ilhotas, dieta_hipoproteica, lphc, ovx, prenhes, ratas, cnp, prenhez, ovariectomia",restricao_proteica imposta fases criticas desenvolvimento associada alteracoes permanentes secrecao insulina vida adulta recuperacao nutricional dependendo fase vida ocorre pode restaurar parcialmente secrecao insulina avaliamos padrao secrecao insulina mecanismos envolvidos modulacao ilhotas ratos machos adultos submetidos dieta normoproteica 17 proteina_c restricao_proteica 6 proteina d durante vida fetal lactacao apos desmame ratos submetidos restricao_proteica durante vida fetal recuperados desde nascimento vida adulta dieta normoproteica r peso corporeo albuminemia insulinemia menores grupo d restaurados grupo r curva dose resposta secrecao insulina estimulada glicose deslocada direita grupo r relacao grupo c grupo d relacao grupo r conteudo proteico glut2 glicoquinase hexoquinase diferiram grupos ilhotas grupos d r apresentaram padrao secrecao insulina dinamica semelhante durante primeira fase menor comparadas ilhotas grupo c durante segunda fase secrecao insulina final periodo estimulatorio glicose ilhotas grupo d continuaram exibindo menor secrecao relacao grupo c entanto ilhotas grupo r mostraram padrao semelhante ilhotas grupos c d grupos c r apresentaram mesmos valores area_sob_curva concentracao calcio intracelular durante primeiros minutos estimulo maiores comparados grupo d entretanto avaliou area_sob_curva durante todo periodo estimulatorio observou nenhuma xvi diferenca grupos amplitude oscilacoes calcio igual grupos c r maiores observadas grupo d avaliou frequencia oscilacoes verificou ilhotas grupo r apresentaram valores menores comparadas grupo c conteudo proteico adenilato cilclase 3 fosfolipase c 3 diferiu grupos conteudo adenosina monofosfato ciclica ampc maior ilhotas grupo d r expressao proteina quinase pka menor comparados grupo c conteudo proteina quinase c pkc ilhotas grupo r menor grupos c d assim restricao_proteica durante fases iniciais desenvolvimento produziu danos permanentes cinetica secrecao insulina devido menos parte alteracoes manejo calcio intracelular vias ampc pka plc pkc,216,0.9901678758349546
8,"restricao_proteica, ilhotas, dieta_hipoproteica, lphc, ovx, prenhes, ratas, cnp, prenhez, ovariectomia",secrecao insulina estimulada glicose apresenta padrao bifasico sendo perda primeira fase alteracoes iniciais diabetes_mellitus_tipo_2 desnutricao ocorre perda padrao bifasico enquanto prenhez aumento 60 primeira fase secrecao insulina primeira fase liberacao insulina reflete exocitose granulos insulina dependente calcio portanto presente estudo objetivo investigar ilhotas ratas prenhes desnutridas vida intrauterina lactacao recuperadas apos desmame cinetica secrecao insulina induzida glicose relacao concentracao calcio intracelular expressao proteinas maquinaria exocitose granulos avaliados seis grupos ratas prenhes prenhes alimentadas dieta controle cnp cp respectivamente dieta restrita proteina lpnp lpp respectivamente ratas sofreram restricao_proteica durante vida intrauterina lactacao recuperadas dieta controle apos desmame rnp rp respectivamente glicose induziu padrao bifasico secrecao insulina caracterizado liberacao rapida seguida segundo prolongado periodo grupos rp cp grupo lpp apresentou padrao monofasico caracterizado pequeno aumento seguido diminuicao secrecao tendo atingido valores constantes quantidade insulina secretada primeira fase similar grupos rp rnp assim grupos lpp lpnp maior grupo cp relacao grupo cnp concentracao calcio intracelular menor ilhotas grupos lpp lpnp comparacao grupos cnp cp quatro grupos menores relacao grupos rnp rp concentracao proteina snap 25 maior ilhotas grupos prenhes independentemente estado_nutricional conteudo sintaxina 1a reduzido ilhotas grupo rp relacao grupo rnp concentracao vamp 2 diferiu grupos portanto restricao_proteica durante vida intrauterina lactacao aumentou conteudo calcio citoplasmatico prejudicou aumento classico primeira fase secrecao insulina durante prenhez possivelmente devido menor expressao sintaxina 1,478,0.989610721165183
8,"restricao_proteica, ilhotas, dieta_hipoproteica, lphc, ovx, prenhes, ratas, cnp, prenhez, ovariectomia",restricao_proteica durante fase prenhez lactacao pode gerar alteracoes permanentes metabolismo individuo levando maior predisposicao doencas cronico degenerativas nesse contexto recrutamento adipocitos bege tecido_adiposo_branco pode regular homeostase energetica sido alvo estudos buscam alternativas tratamento prevencao dessas comorbidades assim investigamos recuperacao nutricional apos desmame dieta soja modifica morfologia estimula amarronzamento adipocitos brancos animais desnutridos restricao_proteica fases intrauterina lactacao utilizadas proles ratos machos maes alimentadas dieta 17 6 proteina durante prenhez lactacao pos desmame filhotes mantidos dieta 17 caseina grupos cc lc 17 soja grupos cs ls 90 dias idade coletados tecidos_adiposos branco retroperitoneal tabr perirrenal tabp omental tabo epididimal tabe subcutaneo tabs marrom interescapular tam feitas analises morfologicas meio coloracao h detectar presenca adipocitos multiloculares mensurar tamanho adipocitos uniloculares tecidos apresentaram adipocitos multiloculares tabr tabp avaliamos algumas proteinas relacionadas amarronzamento 1 ar 3 ar tbx 1 ucp 1 meio imunofluorescencia immunobloting animais recuperados independentemente tipo dieta apresentaram menor peso_corporal relativo porem maior ganho_peso relativo maior indice_adiposidade apesar consumo_alimentar ser semelhante animais controles alem disso recuperacao nutricional reduziu tamanho adipocitos brancos uniloculares todos depositos aumentou numero desses adipocitos animais ls adipocitos maiores menos menores tabr tabs relacao lc tabo grupo cs apresentou menor frequencia relativa adipocitos maiores comparacao cc apenas tabr 10 53 cs 53 85 ls tabp 42 86 cc 57 14 lc 87 71 ls apresentaram adipocitos multiloculares diferir dentre grupos percentual area adipocito multilocular area adipocito unilocular diferenca significativa ucp 1 tabr tabp tbx 1 tabr grupos expressao ucp 1 tam animais recuperados mostrou reduzida apesar encontrarmos alteracao niveis receptores adrenergicos beta 3 3 ar tabr tabp observamos reducao 1 ar grupo cs comparacao demais grupos dessa forma conclui estado_nutricional pregresso alterou morfologia tecido_adiposo_branco fenotipo havendo mudancas caracterizassem amarronzamento adipocitos multiloculares,2657,0.9891860062717006
8,"restricao_proteica, ilhotas, dieta_hipoproteica, lphc, ovx, prenhes, ratas, cnp, prenhez, ovariectomia",investigou efeito restricao_proteica durante prenhez sobre apoptose celulas b pancreaticas avaliadas ratas prenhes prenhes submetidas dieta_hipoproteica lpp lpnp respectivamente normoproteica cp cnp respectivamente 15 20 dias decimo quinto dia tratamento concentracao serica prolactina grupo lpp menor relacao grupos lpnp cp semelhante grupo cnp concentracao serica corticosterona maior ratas lpp lpnp ratas cp cnp dieta_hipoproteica aumentou expressao_genica conteudo proteico caspase 3 razao conteudo proteico bcl2 bax independentemente estado fisiologico conteudo proteico caspase 9 maior ilhotas ratas lpp ilhotas ratas cp 20d tratamento concentracao corticosterona serica maior ratas lpp ratas cp cnp concentracao serica prolactina aumentada ratas lpp cp comparacao ratas lpnp cnp dieta_hipoproteica aumentou rna mensageiro conteudo proteico caspase 9 conteudo proteico caspase 3 ilhotas grupo lpp maior comparacao demais grupos entanto apoptose celulas ilhotas ratas lpp menor comparacao ilhotas ratas lpnp menor apoptose ilhotas ratas cp cnp massa celulas b diferiu grupos 2 8 8 3 mmol l glicose capacidade secrecao insulina similar ilhotas ratas lp cp assim restricao proteinas curto periodo tempo preservou massa celulas b devido parte reducao morte celular apoptose durante prenhez tardia,481,0.9887243563436748
9,"fermentacao, probioticas, casei, colonica, paracasei, fermentum, fermentado, probiotica, probioticos, log",dentre determinantes sociais inseguranca_alimentar ia desigualdade genero raca cor revelam questoes seguranca_alimentar fatores vulnerabilidades determinam potencializam niveis gravidade ia objetivo deste estudo analisar associacao inseguranca_alimentar genero raca cor pessoas referencia domicilios municipio semiarido nordestino trata estudo_transversal realizado meio entrevistas domiciliares n=737 utilizando questionario_semiestruturado escala_brasileira_inseguranca_alimentar ebia familias residentes zonas urbana rural municipio cuite pb criados perfis genero raca cor autodeclarados homem branco mulher branca homem negro mulher negra analisados seguranca_alimentar niveis ia leve moderada grave modelos regressao_logistica_multinomial aplicados estimar associacao perfis niveis ia ajustados partir condicoes_socioeconomicas demograficas idade estado_civil escolaridade ocupacao numero moradores crianca adolescente domicilio renda per capita familiar acesso bolsa familia area moradia tipo domicilio verificou risco estar ia moderada grave 5 1 vezes maior ic 95 1 814 8 domicilios cuja mulher negra pessoa referencia 4 8 ic95 1 416 0 4 ic95 1 213 7 mulheres brancas homens negros respectivamente comparado homens brancos renda per capita familiar mensal <= 1 4 sm baixa_escolaridade associaram significativamente desfecho ia moderada grave assim determinantes devem estar inseridos formulacao implementacao politicas_publicas estrategias acoes relacionadas ia favorecendo garantindo justica social direito alimentacao_adequada,4968,0.9914840322921478
9,"fermentacao, probioticas, casei, colonica, paracasei, fermentum, fermentado, probiotica, probioticos, log",pacientes fibrose cistica possuem risco deficiencia vitamina devido insuficiencia pancreatica vitamina deficiencia possivelmente associada estado_inflamatorio estresse_oxidativo presenca polimorfismo geneticos vdr parece ter papel reposta suplementacao efeitos clinicos objetivo presente estudo avaliar prevalencia hipovitaminose_d influencia polimorfismo bsmi rs 1544410 gene vdr suplementacao megadose vitamina_d sobre marcadores processo_inflamatorio estresse_oxidativo pacientes fibrose cistica realizado estudo_transversal multicentrico seguido estudo pre pos randomizado braco unico pacientes apresentaram insuficiencia deficiencia 25 oh d pacientes fibrose cistica idade > 5 anos ambos_sexos primeira etapa estudo participaram 48 pacientes fibrose cistica entrevistados quanto perfil sociodemografico foto tipo pele exposicao_solar dados antropometricos peso altura indice_massa_corporal consumo_alimentar avaliacao bioquimica analise funcao_renal hepatica calcio paratormonio pth processo_inflamatorio proteina_c_reativa pcr alfa 1 glicoproteina acida a1gpa estresse_oxidativo malondialdeido mda capacidade_antioxidante_total caot determinacao genotipica polimorfismo bsmi rs 1544410 pacientes diagnosticados insuficiencia deficiencia vitamina_d suplementados vitamina_d 4000 ui dia criancas 5 10 anos 10 000 ui dia criancas maiores 10 anos adolescentes adultos durante 8 semanas analise estatistica realizada atraves statistical pac age the social sciences prism 6 adotando significancia p<0 05 observou maioria populacao insuficiencia deficiencia vitamina_d 64 6 associacao niveis vitamina_d sexo exposicao_solar foto tipo pele estado_nutricional variacao genotipica polimorfismo bsmi apos analise regressao_linear multivariada mda apresentou associacao inversa valores sanguineos 25_hidroxivitamina d p= 0 01 porem condicionada marcadores processo_inflamatorio avaliado somente estresse_oxidativo relacao associacao desaparece individuos genotipos bb bb apresentaram aumento niveis sericos 25 oh d genotipo bb polimorfismo bsmi gene vdr analise pareada genotipo bb apresentaram reducao a1gpa genotipo bb apresentaram niveis elevados mda comparado momento pre intervencao conclusao verificou alta prevalencia hipovitaminose_d pacientes fibrose cistica apresentando relacao inversa estresse_oxidativo associado marcadores processo_inflamatorio quanto polimorfismo bsmi gene vdr variacao genotipos parece influenciar niveis vitamina_d marcadores processo_inflamatorio estresse_oxidativo presenca polimorfismo parece influenciar efeito suplementacao resposta clinica pacientes fibrose cistica sugerimos estudos maior tempo maior numero pacientes compreender niveis ideais correcao vitamina_d relacao polimorfismos geneticos gene vdr,3686,0.9912963140215485
9,"fermentacao, probioticas, casei, colonica, paracasei, fermentum, fermentado, probiotica, probioticos, log",atingir maximo potencialidades atletas costumam levar rotina treinamento extenuante embora treinamento_fisico associado beneficios saude cardiometabolica atletas condicoes excesso treinamento inadequada recuperacao desencadeia estresse_oxidativo aumento inflamacao sistemica concomitante reducao performance esportiva outro lado literatura demonstrado numero crescente estudos frutas mostraram capazes melhorar performance fisica devido propriedades antioxidantes anti_inflamatorias porem momento existem investigacoes propriedades minimizam danos provocados excesso treinamento sendo uva roxa frutas maior capacidade_antioxidante objetivo deste estudo avaliar potencial derivados atenuacao parametros excesso treino induzido protocolo treinamento extenuante ratos utilizados 15 ratos_wistar_machos distribuidos grupo_controle con suplementando exercicio grupo treinado exc suplementado treinado grupo treinado suplementado suco_uva exs animais treinados realizaram 11 semanas treinamento cinco sessoes semanais 7ª semana aumento brusco 2 3 sessoes dia 11ª semana todos grupos fizeram teste desempenho_fisico apos semana adaptacao 4ª 8ª 11ª semanas apos ultimo teste animais fizeram teste comportamental ecocardiograma sendo posteriormente sacrificados coletado sangue retirada figado cerebro coracao analises estresse_oxidativo musculos soleo extensor longo analise expressao_proteica avaliada performance fisica quarta semana grupo exs melhora 80+ 64 grupo exc apenas 25+ 8 enquanto grupo con apresentou decrescimo 24+ 19 8º semana grupo exs melhorou 206+ 62 enquanto grupo exc 136+ 98 11ª semana desempenho aumento 263+ 80 grupo suplementado apenas 154+ 171 grupo exc neste momento grupo con apresentou apenas discreta melhora performance 25+ 55 observadas diferencas estatistica performance d cohen indicou effect size 1 33 quarta semana 0 96 8ª semana 0 91 11ª semana comparado grupo_controle ativo suplementando variaveis estrese oxidativo malondialdeido capacidade_antioxidante_total comportaram forma similar grupos assim ansiedade diferiu grupos deste modo conclui suplementacao suco_uva promove melhoria performance fisica animais perante cargas regulares treino impede estagnacao desempenho_fisico perante cargas excessivas entretanto efeito mediado atenuacao indicadores estresse_oxidativo,2742,0.9900082652751755
9,"fermentacao, probioticas, casei, colonica, paracasei, fermentum, fermentado, probiotica, probioticos, log",cafeina consumida mundialmente afeta cognicao apresenta associacao sindrome pre menstrual polimorfismo nucleotideo unico rs762551 gene enzima citocromo p450 isoenzima 1a2 cyp1a2 gera genotipos influenciam velocidade metabolismo cafeina individuos aa possuem metabolismo rapido individuos ac cc metabolismo lento objetivo estudo avaliar efeito cafeina parametros cognitivos mulheres idade fertil portadoras sindrome pre menstrual abstinencia cafeina observando influencia genotipos cyp1a2 rs762551 estudo crossover 26 mulheres grupo geral agrupadas acordo genotipo 17 aa 9 ac cc testes medidas realizados antes apos cafeina placebo diante disso observou aumento atencao geral apos placebo grupo geral p < 0 001 grupo aa p < 0 001 grupo ac cc p = 0 015 aumento apos cafeina grupo geral p < 0 001 grupos aa p < 0 001 p = 0 008 encontradas diferencas comparou atencao geral pos cafeina pos placebo grupo geral p = 0 106 dentro genotipos aa p = 0 151 ac cc p = 0 491 analise memoria trabalho revelou aumento placebo grupo geral p = 0 003 grupo ac cc p = 0 010 alteracao pos cafeina pos placebo grupo geral p = 0 948 grupo aa p = 0 907 grupo ac cc p = 1 000 relacao pressao_arterial sistolica pas aumento apos cafeina grupo geral p = 0 003 grupo aa p = 0 021 comparou pas pos cafeina pos placebo aumento grupo geral p < 0 001 grupo aa p = 0 007 ac cc p = 0 043 apos analise pressao_arterial diastolica pad aumento apos cafeina grupo geral p = 0 004 grupo genotipo aa p = 0 026 comparar pad pos cafeina pos placebo observou aumento apenas grupo geral p = 0 010 relacao frequencia_cardiaca fc observou reducao apos placebo grupo geral p = 0 001 grupo aa p = 0 001 reducao apos cafeina grupo geral p < 0 001 grupo aa p = 0 002 grupo ac cc reducao fc apenas cafeina p = 0 004 comparou fc pos cafeina pos placebo reducao grupo geral p = 0 019 grupo aa p = 0 017 observou ingestao aguda 200 mg cafeina causa efeitos atencao geral memoria trabalho apos abstinencia cafeina aumenta pas grupo geral grupo aa aumenta pad apenas grupo geral reduz fc grupo geral grupo aa registro brasileiro ensaios_clinicos rbr 9w9pw9q,4479,0.9897691135914249
9,"fermentacao, probioticas, casei, colonica, paracasei, fermentum, fermentado, probiotica, probioticos, log",baixas concentracoes glutamina presentes plasma pacientes admitidos uti unidades terapia_intensiva destaques cirurgias grande porte abdominal associadas aumento complicacoes mortalidade assim tese objetivo avaliar efeito complementacao dipeptideo alanilglutamina parenteral precoce marcadores_inflamatorios indices prognosticos pacientes_criticos apos cirurgia grande porte abdominal trata ensaio_clinico_randomizado controlado duplo cego constituido dois grupos intervencao outro controle individuos submetidos cirurgia grande porte abdominal nutricao parenteral unidade_terapia_intensiva hospital_universitario lauro wanderley coletados dados_demograficos antropometricos indices prognosticos diagnosticos exames hematologicos bioquimicos tempo intervencao motivos suspensao intervencao tempo internacao uti hospital bem mortalidade amostra composta 12 pacientes sendo 6 pacientes cada grupo base 1 1 30 meses evidenciando significancia estatistica grupo_intervencao observou proteinas totais sericas grupo antes intervencao media 4 50 + 0 87 apos 5 17 + 0 82 p = 0 046 albumina serica antes intervencao apresentou media 1 97 + 0 39 apos 2 35 + 0 63 p = 0 026 pcr proteina_c_reativa serica antes intervencao apresentou media 199 36 + 91 73 apos 132 53 + 103 81 p = 0 028 relacao pcr albumina antes intervencao apresentou media 105 79 + 49 75 apos 59 76 + 49 44 p = 0 028 considerando grupo_intervencao dois pacientes reabordados cirurgicamente observou dois grupos apos intervencao reducao glicemia grupo_intervencao media 136 67 + 58 78 versus 144 00 + 40 97 grupo_controle p = 0 019 reducao tempo internacao uti medias 3 5 + 0 58 versus 12 + 6 36 dias grupo_controle p = 0 019 maior mortalidade grupo_controle 33 3 grupo_intervencao 16 7 constatou forte correlacao total aminoacido suporte nutricional contendo complementacao dipeptideo alanilglutamina relacao hemacias hematocrito complemento dipeptideo alanilglutamina relacao hemacias p= 0 033 r² = 0 720 p = 0 004 r² = 0 682 p = 0 043 r²= 0 682 respectivamente conclui complementacao individualizada forma precoce fase aguda doenca critica pacientes apos cirurgia grande porte abdominal efeito positivo significativo proteinas fase aguda razao pcr albumina correlacao positiva significativa parametros hematologicos grupo_intervencao bem efeito significativo reducao glicemia tempo internacao uti grupo_intervencao relacao grupo_controle percebe beneficios clinicos podem interferir desfechos pacientes_criticos cirurgia grande porte abdominal podem contribuir diretrizes apresentam consenso,3015,0.9894773281177486
10,"glim, uti, internacao, admissao, hospitalizados, utip, criterios_glim, hospitalar, obito, risco_nutricional",pele barreira fisica protecao contra ameacas ambiente externo pode ser local resposta disturbios cronicos inflamatorios pele acnes outras doencas dermatologicas promovem elevado impacto social psicologico individuos manifestam abordagens terapeuticas naturais suplementacao oral zinco podem ser alternativa ser investigada maior seguranca qualidade_vida desses pacientes assim presente estudo objetivo revisar analisar sistematicamente producoes examinaram efeitos zinco oral tratamento manejo acne vulgar acne rosacea acne inversa bem avaliar criticamente qualidade metodologica grau evidencia recomendacoes descritas metodologia sob protocolo registro prospero nº crd42022345337 realizou bases dados eletronicas pubmed scopus cochrane library web of science busca revisoes_sistematicas metanalises publicados setembro 2022 avaliacao artigos incluidos utilizadas ferramentas risk of bias in systematic_reviews robis analise risco vies measurement tool to assess systematic_reviews amstar 2 analise qualidade metodologica grading of recommendations assessment development and evaluation grade analise qualidade evidencia desfechos observados resultados dezesseis artigos revisao atenderam criterios elegibilidade incluidos presente estudo desses 6 artigos abordaram efeitos_suplementacao oral zinco acne inversa 5 acne rosacea 4 acne vulgar 1 estudo abordou tres doencas qualidade metodologica variou criticamente baixa alta recomendacao qualidade desfechos analisados apresentaram nivel evidencia baixo moderado conclusao potenciais beneficios uso oral zinco observados estudos suplementacao zinco mostrou benefica tratamento manejo acne inversa assim opcao tratamento segunda linha pacientes selecionados acne vulgar leve moderada contudo ultimo desfecho menor grau evidencia indicado tange acne rosacea evidencia suficiente apoiar eficacia zinco oral alternativa terapeutica assim realizacao novos estudos alta qualidade metodologica possibilitam apreciar efetiva eficacia suplementacao oral zinco tratamento doencas pele destaque acne vulgar acne inversa acne rosacea faz pertinente,4075,0.992487083088002
10,"glim, uti, internacao, admissao, hospitalizados, utip, criterios_glim, hospitalar, obito, risco_nutricional",efeitos globalizacao levaram mudancas estilo_vida habitos_alimentares consumo_alimentos ultra processados outros contribuindo sobrepeso obesidade primeiro trimestre 2019 populacao idade trabalhar representava 81 6 populacao total brasileira assim restaurantes institucionais objetivo principal oferecer alimentacao equilibrada adequada necessidades nutricionais funcionarios forma satisfacam necessidades energeticas nutrientes garantindo saude aptidao trabalho objetivo garantir qualidade refeicoes fornecidas bem seguranca_alimentar_nutricional trabalhadores criado programa alimentacao trabalhador pat propoe garantir trabalhadores direito beneficio alimentacao refeicao fornecidos regularmente empresas contribuir socializacao integracao desempenho motivacao funcionarios objetivos avaliar consumo_alimentar trabalhadores hospitais porto alegre relacionar estado_nutricional metodologia estudo quantitativo observacional descritivo analitico realizada avaliacao_consumo_alimentar dois hospitais cidade porto alegre meses janeiro agosto 2019 evitando prejuizos relacionados sazonalidade alimentos contemplando periodos inverno verao inicio fim mes cada consumo_alimentar calculou somatorio todos preparacoes servidas valor energetico total vet sodio fibras macronutrientes calculou percentual participacao cada item vet refeicao fim possibilitar comparacao parametros estipulados pat todas analises realizadas triplicatas estatistica avaliada software spss 25 0 analises descritivas frequencias percentuais medias desvios padrao bivariadas testes_t student teste mann_whitney correlacoes spearman normalidade dados testada atraves teste kolmogov smirnov resultados avaliados 446 comensais sendo 74 47 mulheres 46 6 colaboradores trabalha turno integral 43 5 segmento assistencial quanto escolaridade 50 0 amostra possui ensino medio completo 16 4 ensino superior completo apenas consumo calorias gordura_saturada dentro recomendacao programa alimentacao trabalhador carboidratos proteinas acima gorduras totais abaixo fibras sodio acima observada correlacao consumo_alimentar variacao imc tempo servico apresentou correlacao direta variacao imc amostra quanto maior tempo maior variacao imc p<0 001 sugere atividades educacao nutricional desenvolvidas sistematicamente dentro instituicoes fim conscientizar incentivar trabalhadores ainda considera relevante desenvolvimento pesquisas avaliem consumo destes trabalhadores forma ampla,3068,0.9906087944011814
10,"glim, uti, internacao, admissao, hospitalizados, utip, criterios_glim, hospitalar, obito, risco_nutricional",pandemia coronavirus 2 brasil espalhou rapidamente todo pais mudando rotina vida populacao causando milhares mortes intuito conter combater pandemia muitos profissionais_saude passaram realizar algumas atividades forma remota levando avaliacoes incompletas deficientes exemplo diagnostico nutricional admissao hospitalar objetivo deste estudo descrever assistencia nutricional aspectos clinicos nutricionais pacientes covid_19 admitidos unidades terapia_intensiva bem verificar existe associacao obesidade diagnosticada forma visual desfecho destes pacientes estudo_coorte retrospectiva pacientes_criticos covid_19 receberam terapia nutricional minimo 48 horas variavel exposicao diagnostico nutricional obtido exame visual momento admissao uti desfecho principal evolucao paciente alta obito realizada estatistica_descritiva comparacao grupos utilizados testes qui_quadrado pearson mann_whitney t student valores p<0 05 considerados significantes estudados 643 pacientes media desvio padrao 63 16 anos sendo 58 2 sexo_masculino queixas frequentes dificuldade respiratoria 79 8 febre 48 7 comorbidades hipertensao_arterial 61 1 diabetes mellitus 41 4 apenas 300 46 7 dentre diagnostico nutricional 145 48 3 diagnostico obesidade comparados relacao presenca obesidade verificado primeiros novos 59 16 x 62 17 anos p=0 046 mediana tempo internamento menor 11 6  18 x 13 8  23 dias p=0 025 percentual obito 89 0 x 87 7 p=0 741 concluindo metade pacientes diagnostico nutricional admissao pacientes obesidade obito precocemente,4221,0.9891311978672562
10,"glim, uti, internacao, admissao, hospitalizados, utip, criterios_glim, hospitalar, obito, risco_nutricional",programa_nacional_alimentacao_escolar pnae politica publica objetivo contribuir crescimento desenvolvimento aprendizagem rendimento escolar formacao habitos_alimentares_saudaveis meio oferta alimentacao_adequada acoes educacao_alimentar_nutricional objetivos avaliar gestao programa_nacional_alimentacao_escolar pnae municipios estado sul brasil metodos trata estudo_transversal descritivo avaliativo realizado nutricionistas atuantes alimentacao_escolar municipios estado rio grande sul rs dados coletados forma on line utilizando instrumento validado contendo 13 indicadores desempenho gestao pnae analise descritiva realizada meio frequencias absoluta simples n relativa simples acumulada indicadores avaliados agrupados categorizados conforme numero indicadores cada parametro resultados total 136 municipios avaliados 27 4 total municipios estado apenas 3 7 municipios investigados avaliados adequado todos indicadores indicadores referentes execucao recursos financeiros universalidade atendimento oferta alimentos_ultraprocessados apoio agricultura_familiar necessidades alimentares especiais contaram 90 municipios classificados parametro adequado avaliacao manter avancar indicadores piores parametros monitoramento tecnico programa oferta alimentos_in_natura adequacao necessidades nutricionais apoio aleitamento_materno controle social ademais observou 67 municipios atenderam parametros numericos minimos nutricionistas junto quadro tecnico pnae conclusoes estudo identificou indicadores inadequados necessitam especial atencao gestao local melhor execucao pnae especialmente refere monitoramento tecnico realizado nutricionista adequacao cardapios promocao aleitamento_materno atuacao controle social cumprimento parametros numericos nutricionistas ambito pnae,4893,0.987569251928557
10,"glim, uti, internacao, admissao, hospitalizados, utip, criterios_glim, hospitalar, obito, risco_nutricional",trajetoria programa_nacional_alimentacao_escolar pnae marcada intensas mudancas oferta alimentacao_adequada todos estudantes escolas_publicas entidades filantropicas proposito promover seguranca_alimentar_nutricional san meio magnitude programa consumo alimentacao_escolar constitui fator fundamental promocao san ambiente_escolar objetivo deste trabalho analisar prevalencia adesao alimentacao_escolar ae fatores_associados adolescentes frequentam escolas rede publica estadual colombo parana estudo realizado amostra_representativa 1569 adolescentes 10 19 anos matriculados seis escolas estaduais municipio colombo estudantes receberam formulario socioeconomico contendo questoes demograficas encaminhado pais_responsaveis preenchimento adolescentes responderam formulario online estruturado questoes multipla escolha sobre alimentacao_escolar consumo outros alimentos escola aferidas medidas_antropometricas peso estatura utilizou indice massa corporea diagnostico estado_nutricional segundo criterios organizacao_mundial_saude oms 2007 prevalencia adesao alimentacao_escolar 57 7 n=906 sendo frequencia semanal quatro cinco vezes adesao efetiva constatada 19 8 adolescentes diferenca significativa adesao alimentacao_escolar variaveis relativas escolaridade_materna idade estudantes enquanto principal motivo adesao alimentacao_escolar gostar ae 50 2 principal motivo consomem ae sentir fome hora intervalo 37 adolescentes consomem outros alimentos escola preferencia alimentos_saudaveis efetiva adesao alimentacao_escolar associada renda_familiar per capita < 1 salario_minimo sm consumo menos frequente outros alimentos escola fato considerar adequado espaco refeitorio alimentacao_escolar saudavel proporcionar ambiente adequado consumo alimentacao_escolar desenvolvimento atividades educacao_alimentar_nutricional podem ser estrategias importantes incentivar praticas_alimentares saudaveis aumentar adesao alimentacao_escolar,871,0.9825364049855222
11,"anemia, vitamina_d, hepcidina, hipovitaminose_d, deficiencia, hemoglobina, retinol, ferro, ferritina, ferropriva",objetivo trabalho compreender percepcao nutricionistas atuantes atencao basica ab quanto determinantes excesso_peso ep acoes desenvolvidas desafios percebidos realizacao cuidado integral individuos trata estudo carater qualitativo realizado meio entrevistas_semiestruturadas nutricionistas atuantes ab distrito federal analise entrevistas realizada meio analise conteudo tendo referencia teoria representacoes sociais utilizando ferramenta conceitual analise comportamento denominado theoretical domains framework tdf entrevistados 16 nutricionistas expressaram compreensao principalmente determinantes proximais ep realizacao acoes cuidado ainda desenvolvidas apenas nutricionista identificaram baixa eficacia cuidado frente possibilidade cuidado integral identificadas barreiras quanto conhecimento habilidades quanto organizacao processos trabalho quanto trabalho multiprofissional conclui garantia cuidado individuo ep efetivo ab profissionais identificam necessarias melhorias conjuntas campo formacao profissional consolidacao modelo atencao adequado condicoes cronicas conformacao equipes multiprofissionais,1484,0.9522687401781568
11,"anemia, vitamina_d, hepcidina, hipovitaminose_d, deficiencia, hemoglobina, retinol, ferro, ferritina, ferropriva",diversos fatores podem acarretar alteracoes composicao_corporal aumentando adiposidade destacando 1 peso_nascer pn reflete desenvolvimento intrauterino possivel determinante composicao_corporal jovens adultos processo conhecido programacao metabolica 2 maturacao biologica intrisicamente envolvida alteracoes composicao_corporal 3 pratica exercicios possivelmente influencia programacao intrauterina 4 perfil consumo_alimentar presente estudo avaliou interacao pn maturacao ossea sobre composicao_corporal total regional meninas meninos adolescentes atletas participaram 238 adolescentes 11 16 anos estudantes escola municipal rio janeiro vocacionada esporte composicao_corporal corpo inteiro regioes interesse determinada absorciometria dupla emissao raios_x dxa maturacao ossea seguindo protocolo greulich pyle frequencia consumo_alimentar determinada questionario especifico pn obtido consulta cadernetas saude participantes comparacao medias variaveis composicao_corporal total regional realizada acordo sexo teste ancova ajustado idade cronologica frequencia consumo_alimentar interacao variaveis dependentes composicao_corporal variaveis independentes pn maturacao ossea determinada regressao_linear univariada ajustada idade cronologica frequencia consumo_alimentar p<0 05 considerado significativo grupo meninos apresentou maior frequencia participantes esqueleticamente imaturos 83 grupo meninas 46 pn similar grupos meninas esqueleticamente maturas apresentaram maior massa_gorda mg massa livre gordura mlg total imaturas p<0 05 meninos maturos apresentaram maiores valores mlg tecido_adiposo subcutaneo relacao imaturos p<0 05 grupo meninas associacao variaveis independentes pn maturacao ossea idade cronologica frequencia consumo_alimentar variaveis dependentes mlg mg segmentos mostrou maturacao ossea possui maior forca interacao mg f=14 800 mg ginoide f=20 185 mg pernas f=19 103 alem mlg ginoide f=23 077 mlg bracos f=19 110 meninos variaveis maior forca interacao mlg f=19 351 mlg ginoide f=25 870 pn exerceu influencia sobre composicao_corporal total segmentos ambos_sexos resultados sugerem maturacao ossea exerce maior influencia sobre composicao_corporal adolescentes atletas pn ocorre possivelmente devido puberdade ser periodo intensas determinantes modificacoes corporais,3217,0.8850684866677306
11,"anemia, vitamina_d, hepcidina, hipovitaminose_d, deficiencia, hemoglobina, retinol, ferro, ferritina, ferropriva",trabalho propos realizar aproximacao campos alimentacao nutricao saude_mental tendo vista atencao psicossocial debruca sobre consumos substancias psicoativas sob perspectiva inclui dimensoes multifacetadas envolvem sofrimento excluindo subjetividades discussoes torno tematica levando consideracao alimentos drogas historicamente ocupam lugares ora aproximam ora distanciam tomamos ponto partida escolha comida carrega consigo signos ampliando dimensao nutricional justamente entender magnitude complexidade envolve variados consumos alimentares alcool outras drogas longo historia observamos elementos produzem efeitos conceitos circulam campo alimentacao exemplo comensalidade desta maneira optamos realizar recorte observar variados consumos alcool partindo premissa bebidas_alcoolicas consideradas alimentos estado liquido compreensao sobre ressignificacoes torno comida englobam dimensao cultural social alem disso observamos estudos campo alimentacao nutricao relacionados consumos alcool debrucaram analises sobre efeitos desses consumos corpo organico reforcando logica biologicista descartando subjetividades tal fato reforca originalidade dessa pesquisa objetivou problematizar analisar variados usos bebidas_alcoolicas producoes cinematograficas escolha cinema campo observacao desses fenomenos justamente compreender setima arte local privilegiado fomentar discussoes tematicas complexas filme permite espectador contato atraves experiencia multissensorial determinada realidade construindo teia sentidos assistindo alem disso obra filmica instrumento pedagogico perspicaz auxilia formacao futuros nutricionistas estreitar dialogo teoria pratica atraves arte analisados tres filmes o diario bridget jones obra olhamos controle recai sobre corpos femininos relacoes torno comida bebidas krisha evidenciaram uso prejudicial alcool implicacoes relacoes familiares conceito dualismo pulsional proposto psicanalise auxiliou compreensao lugar comida bebida situacoes compulsao ultimo filme druk  rodada convoca relativizar variados consumos compreendendo todos usos estarao servico experiencias traumaticas relacionadas situacoes sofrimento conclusivamente podemos dizer torna imprescindivel incluir usos alcool conceito comensalidade considerados tabus campo alimentacao nutricao tende moralizar qualquer padrao_consumo alem disso faz necessario considerar variadas formas existencia possamos afrouxar compreensao sintoma permitindo subjetividades deixem profundezas subsolo autorizem florescer,3485,0.8820383742108291
11,"anemia, vitamina_d, hepcidina, hipovitaminose_d, deficiencia, hemoglobina, retinol, ferro, ferritina, ferropriva",ensino fundamental avancado rumo educacao tempo integral permanencia aluno tempo escola aumento numero refeicoes servidas necessidade adequacao instituicoes nova realidade objetivo estudo identificar adesao aceitacao alimentacao escolas analisar fatores_associados adesao aceitacao alunos escolas_publicas municipais tempo integral goiania estudo_transversal realizado alunos seis 14 anos escolas_publicas tempo integral investigadas questoes sobre consumo refeicoes refeicoes servidas distribuicao alimentos alimentos externos escola dados_socioeconomicos avaliacao_nutricional alunos adesao refeicoes lanches manha tarde almoco definida consumo quatro cinco vezes semana aceitacao aprovacao refeicoes avaliada escala hedonica facial cinco pontos estabelecendo ponto corte 85 0 realizou regressao_poisson verificar fatores_associados adesao aceitacao refeicoes participaram 359 alunos maioria eutrofica seis 10 anos idade pertencente classe c maes nove anos estudo adesao alta almoco lanche tarde baixa lanche manha tres refeicoes conjunto aceitacao alcancou 85 0 nenhuma refeicoes sendo menor lanche manha fatores_associados adesao numero pessoas acima quatro domicilio realizacao refeicao refeitorio local consumo considerado desconfortavel avaliacao negativa utensilios associados aceitacao idade >10 anos sexo_feminino avaliacao negativa utensilios inadequacao temperatura alimentos maioria alunos aderiu almoco lanche tarde lanche manha adesao aceitacao associaram aspectos demograficos sociais relacionados alimentacao escolas monitoramento execucao programa fundamental recursos publicos investidos forma adequada direcionados necessidades publico alvo testes aceitabilidade devem ser realizados periodicamente incluindo adesao,1337,0.7978014394643212
11,"anemia, vitamina_d, hepcidina, hipovitaminose_d, deficiencia, hemoglobina, retinol, ferro, ferritina, ferropriva",presente trabalho propoe tracar possivel dialogo psicanalise nutricao atraves conceito imagem_corporal aborda peculiaridades nuances desta imagem diferenciando imagem corpo partir desta distincao trabalhamos primeiro artigo intitulado considerac¸oes acerca conceito imagem_corporal nutric¸a~o psicanalise problematizac¸a~o emprego termo imagem_corporal estudos predominam campo alimentacao nutricao partir teoria psicanalitica segundo artigo intitulado ninguem ta~o perfeito na~o precise ser editado imagem fetiche busca corpo ideal problematizamos circulac¸a~o imagens corpos ditos ideais condicao fetiche alem aferir feita formacao grupos elegem ideal comum imagem corpos dito perfeitos apontamos uso conceito imagem_corporal textos academicos uso ilustrar apenas certos aspectos deste conceito sendo portanto usado forma simplificadora reducionista tomando parte todo resultando ideologia estetica corporal abordamos ideia felicidade atrelada imagem deste corpo tentativa gestao corporal espetacularizacao advinda posse corpo magro musculos enquanto bem consumo,2289,0.7788203038089915
12,"ambiente_alimentar, estabelecimentos, entorno, desertos, cantinas, pantanos, venda_alimentos, epsan, comercios, alimentos_saudaveis",mortalidade infantil reconhecida grandes problemas humanidade sendo complicacoes decorrentes prematuridade causas enfrentamento desafiantes etiologia multifatorial demandas cuidados intensivos saude perinatal dentre cuidados recem_nascido pre termo rnpt nutricao destaca determinacao sobrevida morbidades alimentados leite propria mae rnpt apresentam melhor recuperacao comparados outros alimentos assistencia nutricional padrao ouro casos impossibilidades justificaveis demanda alternativa maior proximidade eficacia nesse cenario ganha relevancia atuacao bancos leite_humano especialmente quanto oferta sustentavel leite_materno pasteurizado grande desafio pois depende doacoes puerperas aptas sensiveis causa assim objetivo deste estudo compreender concepcoes acerca doacao leite_materno profissionais_saude puerperas maternidade publica pesquisa descritiva abordagem qualitativa envolvendo 30 puerperas 52 profissionais_saude realizadas entrevistas individuais transcritas analisadas meio tecnica analise conteudo tematico categorial auxilio software luz referenciais teoricos sustentam politica humanizacao saude rede cegonha praticas medicalizantes saude emergiram tres categorias quais 1 valor leite_materno doacao leite_humano 2 olhar profissionais_saude sobre doacao leite_humano 3 abordagem puerperas doacao leite_materno apreenderam concepcoes potencial favorecer doacao leite_materno entao serem consideradas outras precisam ser re elaboradas tornarem potentes estrategicas projetos aumentar doacao leite_materno especialmente leite colostro quanto sentido leite_materno colostro apuraram concepcoes fortemente permeadas aspectos biologicos especialmente profissionais_saude concepcoes sobre significado doacao leite_materno abertura rico campo subjetividade quanto olhar praticas profissionais_saude quanto mobilizacao puerperas doacao leite_materno desveladas concepcoes modo geral precisam ser re significadas autonomia protagonismo sujeitos corresponsabilidade vinculos solidarios participacao coletiva praticas saude norteiam politica nacional humanizacao doacao leite_materno tema transversal discussao construcoes equipe maternidade gestao participativa visando acolhimento puerperas doacao profissionais_saude precisam sentir estar equipe estrategia interdisciplinar doacao leite_materno assim apreendese estudo apresenta subsidios relevantes aperfeicoar processos cuidado ensino entrelacam praticas intervencao profissionais_saude mobilizacao puerperas doacao leite_materno compreensao etico esteticopolitica trabalho,3358,0.990926962594787
12,"ambiente_alimentar, estabelecimentos, entorno, desertos, cantinas, pantanos, venda_alimentos, epsan, comercios, alimentos_saudaveis",justificativa brasil recentemente construida validada quanto conteudo ferramenta avaliacao risco_nutricional neonatal farnneo entanto necessarios estudos avaliem sensibilidade especificidade possibilitando recomendacao consistente uso rotina centros terapia_intensiva neonatal ctin objetivo avaliar risco_nutricional neonatos determinar sensibilidade especificidade farnneo predizer desnutricao obito metodos trata estudo validacao longitudinal coleta dados retrospectiva coletados dados 299 prontuarios clinicos neonatos dois ctin hospitais referencia goias paulo internados periodo 2018 2021 variaveis coletadas idade_gestacional peso comprimento perimetro cefalico nascimento desfecho condicao clinica internacao suporte nutricional desfecho clinico tempo internacao aplicada farnneo seguida avaliadas sensibilidade especificidade valores preditivos positivo negativo adicionalmente validade conteudo obtida correlacao escore cada item ferramenta escore total resultados sensibilidade especificidade valores preditivos positivo negativo ferramenta predizer desnutricao 81 2 51 3 58 6 76 3 respectivamente predizer obito 85 5 42 6 28 0 91 8 correlacao_spearman obtidos coeficientes 0 537 idade_gestacional 0 621 peso 0 029 diagnostico 0 691 suporte nutricional caracterizacao neonatos aponta idade_gestacional peso comprimento perimetro cefalico nascimento escala apgar 1º 5º minuto peso desfecho menores p<0 05 neonatos classificados alto risco_nutricional farnneo conclusao validade criterio farnneo determinada mostrando alta sensibilidade predizer desnutricao portanto recomendada ser utilizada etapa preliminar assistencia nutricional neonatal ambiente hospitalar,4702,0.9898059724309329
12,"ambiente_alimentar, estabelecimentos, entorno, desertos, cantinas, pantanos, venda_alimentos, epsan, comercios, alimentos_saudaveis",desenvolvimento morbidades associadas aumento niveis pressoricos durante gestacao representa importantes causas mortalidade materna objetivo deste estudo identificar padroes trajetoria pressao_arterial gestantes atendidas sistema_unico_saude estimar associacao trajetoria ganho_peso caracteristicas demograficas obstetricas antropometricas comportamentos vida relacionados saude trata estudo_coorte mista gestantes atendidas unidades saude colombo pr coleta dados realizada meio aplicacao instrumento caracteristicas sociodemograficas obstetricas comportamentos relacionados saude antropometricas peso pre gestacional altura autorreferidas medidas pressao_arterial peso durante pre_natal coletadas prontuario fisico eletronico mulheres identificar padroes trajetoria pressao_arterial sistolica ganho_peso aplicado modelo trajetoria baseada grupo associacoes grupos trajetorias pressao_arterial variaveis exposicao investigadas meio teste_qui_quadrado_pearson teste tendencia linear etapa entrevista 604 gestantes participaram pesquisa media idade 26 0 anos ic95 25 5 26 4 analise trajetoria 460 mulheres possuiam informacoes disponiveis resultando 2 839 medidas pressao_arterial media 6 2 afericoes longo gestacao valor medio pressao_arterial sistolica 110mmhg pressao_arterial diastolica 70mmhg identificados tres padroes distintos trajetoria ganho_peso nomeados grupo 1 10 5 grupo 2 65 2 grupo 3 24 4 considerados menor intermediario maior ganho_peso pressao_arterial identificados tres padroes classificados grupo 1 48 0 grupo 2 42 7 grupo 3 9 1 grupo 1 apresentou estabilidade medidas pressao_arterial media 103mmhg ic95 102 5 103 7mmhg grupo 2 apresentou media 114mmhg ic95 113 7 114 9mmhg grupo 3 maior media pressao_arterial inicio fim gestacao valor 130mmhg ic95 128 8 131 5mmhg frequencia pertencimento grupo maior trajetoria pressao_arterial sistolica maior mulheres classificadas indice_massa_corporal imc_pre_gestacional obesidade 19 5 p=0 001 aumento escolaridade <7 anos 4 2 8 10 anos 5 8 >11 anos 12 5 p=0 020 assim uso medicamento hipotensivo 56 2 p<0 001 fim identificados tres padroes trajetoria ganho_peso pressao_arterial prevalencia pertencimento grupo maior trajetoria gestantes iniciaram gestacao acima peso apresentavam maior escolaridade tratamento medicamentoso controle pressao_arterial,3647,0.9883543876172413
12,"ambiente_alimentar, estabelecimentos, entorno, desertos, cantinas, pantanos, venda_alimentos, epsan, comercios, alimentos_saudaveis",vicio alimentar va caracterizado presenca comportamentos dependencia associados desejo incontrolavel supra fisiologico ingerir alimentos palataveis alimentos possuem composicao_nutricional quantidade excessiva calorias acucar sal gorduras geralmente adicionadas processos industriais composicao caracteristica alimentos_ultraprocessados aup contribuem grande proporcao densidade calorica dieta criancas_adolescentes contribuem aumento prevalencia obesidade hipoteses desta tese 1 va associado ingestao elevada aup criancas_adolescentes 2 va associado frequencia sobrepeso obesidade 3 sintomas va associados reducao consumo alimentos_in_natura minimamente processados aumento consumo aup 4 consumo_alimentar fator mediador va alteracoes imcpara idade assim objetivo desta tese estudar associacao va sintomas consumo_alimentar estado_nutricional criancas_adolescentes primeiramente realizada revisao_sistematica investigar consumo_alimentar criancas_adolescentes va utilizados tres bases dados pubmed medline psycinfo science direct selecionados artigos publicados julho 2023 realizado estudo primario transversal tres escolas municipais vitoria santo antao 259 escolares 7 10 anos durante marco 2022 julho 2023 avaliacao va utilizado escala va criancas yfas c avaliacao_consumo_alimentar utilizado questionario_frequencia_alimentar avaliados estado_nutricional dados_sociodemograficos analise equacoes estruturais empregada analisar dados resultados revisao_sistematica selecionados 6 artigos publicados anos 2015 2021 maior consumo calorias macronutrientes aup observado criancas_adolescentes va resultados estudo primario analise psicometrica yfas c demonstrou boa confiabilidade instrumento frequencia 9 2 va observadas diferencas va estado_nutricional entanto encontrada maior ingestao carboidratos calorias frequencia diaria aup grupo va relacao sintomas menor consumo alimentos_in_natura minimamente processados maior consumo aup observado presenca alguns sintomas bons indices ajuste encontrados utilizada estrutura fator yfas c analise equacoes estruturais sintomas va apresentaram efeito inversamente direto sobre consumo alimentos_in_natura minimamente processados efeito direto positivo sintomas va consumo aup entanto consumo_alimentar mediou associacao sintomas va indicador imc idade conclui va possui relacao consumo_alimentar apresentando efeito negativo sobre consumo alimentos_in_natura minimamente processado positivo sobre aup relacao estado_nutricional observadas diferencas,5250,0.9881557367331717
12,"ambiente_alimentar, estabelecimentos, entorno, desertos, cantinas, pantanos, venda_alimentos, epsan, comercios, alimentos_saudaveis",estudo objetivo avaliar associacao violencia parceiros intimos relacao padroes_alimentares durante gestacao coorte gestantes atendidas centro saude municipio rio janeiro trata estudo_coorte prospectivo 161 gestantes 2 40 anos acompanhadas 5 13 linha base 20 26 30 36 semanas centro municipal saude rio janeiro brasil analise regressao_linear simples multipla realizadas testar associacao ocorrencia violencia parceiros intimos escore adesao cada padroes_alimentares analises ajustadas idade renda per capta paridade historia aborto espontaneo indice_massa_corporal pre gestacional tabagismo atual consumo alcool atual regressoes brutas ajustadas exposicao vpi global fisica associadas maior adesao padrao processado gestantes sofreram violencia global apresentaram media acrescimo 0 469 ic 95 0 051 0 885 escore adesao padrao_alimentar processado sofreram violencia fisica longo gestacao apresentaram aumento medio 1 032 ic 95 0 442 1 620 escore adesao padrao,2144,0.9874029535515697
13,"padroes_alimentares, aup, ultraprocessados, cafe_manha, padrao_alimentar, consumo_alimentos, lanche, processados, refrigerantes, alimentos_in_natura",capacitacoes manipuladores_alimentos programa_nacional_alimentacao_escolar pnae mantem constante discussao sobre seguranca_alimentar_nutricional nesse contexto assim incremento conhecimentos compartilhamento vivencias podendo melhorar praticas profissionais dessa forma beneficiar criancas_adolescentes idade escolar objetivo desse estudo descrever experiencias curso formacao manipuladores_alimentos escolas municipais fortaleza impacto aquisicao conhecimentos sobre alimentacao nutricao an boas praticas manipulacao bpm trata pesquisa descritiva abordagem qualitativa quantitativa atividade extensao universitaria curso realizado durante cinco dias julho 2017 abrangendo 600 profissionais 527 instituicoes vinculadas pnae mestrandos graduandos universidade estadual ceara parceria nutricionistas celula alimentacao_escolar secretaria municipal educacao atuaram facilitadores atividades abordavam tematicas citadas atraves metodologias teoricas praticas exposicoes dialogadas dinamicas oficinas aplicado questionario avaliar nivel conhecimento participantes antes pre teste apos pos teste realizacao capacitacao media percentual acertos pre teste 60 50 questoes posteste 70 18 considerando cada bloco tematico media percentual acertos preteste an 61 04 68 12 pos teste bpm media percentual acertos 59 96 pre teste 72 25 pos teste diferenca estatisticamente_significativa respostas corretas 20 71 42 28 itens questionario sendo 11 73 3 tematica an 9 69 2 bpm observada assim melhora desempenho questionario avaliativo sugerindo incremento nivel conhecimento manipuladores_alimentos curso envolveu realizacao atividades sobre an bpm enfoque estrategias ludicas integrativas quais favoreceram processo aprendizagem facilitadores puderam perceber satisfacao engajamento participantes contribuirem atividades compartilharem praticas extensao universitaria realizacao proporcionou beneficios manipuladores_alimentos desenvolver autoestima valorizacao profissional alem aumentar repertorio conhecimentos pode consequentemente beneficiar comunidade escolar atendida graduandos desenvolverem diferentes habilidades exercicio profissional cidadao nutricionistas reforcarem pratica compartilharem experiencias,3437,0.8759943497407997
13,"padroes_alimentares, aup, ultraprocessados, cafe_manha, padrao_alimentar, consumo_alimentos, lanche, processados, refrigerantes, alimentos_in_natura",diabetes doencas_cardiovasculares maiores causas mortes gastos saude mundo aresistencia insulina quadro fisiopatologico base tais doencas_cronicas dieta fator determinante nesse desequilibrio metabolico aspecto dieta sido investigado ultimas decadas carga acidificante poderia causar acidose cronica baixo grau acidose sido associada diversos desfechos metabolicos desfavoraveis maior incidencia diabetes hipertensao maior mortalidade causas cardiovasculares entanto associacao carece estudos populacionais diferentes localidades mundo uso diferentes marcadores trabalho trata estudo_observacional base_populacional urbana cidade florianopolis sc brasil 545 individuos 25 64 anos participantes coorte epifloripa adulto carga acida dieta mensurada pral potential renal acid load obtido meio dois recordatorios alimentares 24h ajustados obtencao estimativa consumo_alimentar habitual resistencia_insulina estimada indice homa_ir desfecho principal alem indices tyg mffm homa ainda outros parametros_bioquimicos antropometricos avaliados modelo regressao_linear multivariavel usado carga acida dieta pral positivamente associado homa_ir p=0 014 glicose jejum p=0 013 insulina jejum p=0 032 apos multiplos ajustes fatores confusao encontrada nenhuma associacao significativa pral homa hemoglobina_glicada analise estratificada sexo pral associado homa_ir somente homens modelo multivariavel consumo proteina animal g dia significativamente associado positivamente homa_ir proteina vegetal g dia associada marcador primeiro estudo populacional descreve carga acida dieta pral populacao latino americana adulta demonstrada associacao positiva estatisticamente_significativa pral marcador indireto resistencia_insulina outros parametros glicemicos,3182,0.8563570668996261
13,"padroes_alimentares, aup, ultraprocessados, cafe_manha, padrao_alimentar, consumo_alimentos, lanche, processados, refrigerantes, alimentos_in_natura",dieta desempenha importante papel regulacao resposta_inflamatoria subclinica objetivo desta tese identificar padrao_alimentar associado biomarcadores inflamatorios avaliar associacao desfechos metabolicos pressao_arterial antropometricos dieteticos adolescentes brasileiros analisados dados erica estudo riscos cardiovasculares adolescentes 2013 14 desenho transversal base escolar representatividade nacional incluindo estudantes 12 17 anos idade extracao padrao_alimentar analisados dados subamostra 3 703 adolescentes informacoes sobre consumo_alimentar adiponectina proteina_c_reativa adotou analise partial least square variaveis preditoras consumo g 26 grupos alimentos variaveis respostas dois biomarcadores inflamatorios itens carga fatorial =|0 15| retidos padrao escores fatoriais individuais subamostra 36 956 adolescentes calculados estimar associacao padrao_alimentar biomarcadores metabolicos colesterol_total ldl_c hdl_c triglicerideos glicemia_jejum homa_ir medidas_antropometricas perimetro_cintura imc analises regressao_linear amostra 71 740 adolescentes estimou escore simplificado potencial inflamatorio dieta espid base grupos alimentos retidos padrao_alimentar pro inflamatorio alem frutas_hortalicas quanto elevada pontuacao menor potencial inflamatorio dieta avaliada associacao espid ingestao_nutrientes selecionados usando modelos regressao_linear primeiro padrao_alimentar identificado denominado padrao_alimentar pro inflamatorio explicava 5 0 variacao consumo grupos alimentos 1 1 adiponectina 0 02 proteina_c_reativa padrao caracterizou consumo refrigerantes bolos queijo gorduras massas lanches salgados doces paes inversamente relacionado consumo arroz preparacoes base leite aves peixes feijao padrao diretamente associado p<0 05 imc =0 07kg m² glicemia_jejum =0 20 homa_ir =0 03 iid indice inflamatorio dieta =0 46 modelos ajustados espid inversamente associado ingestao gordura_saturada = 0 54 gordura_trans = 0 10 acucar adicao = 1 71 sodio = 91 19 iid = 0 29 diretamente associado p<0 05 ingestao potassio =120 11 fibra dietetica =1 01 achados evidenciaram alimentos marcadores potencial inflamatorio dieta adolescentes brasileiros podem ser adotados vigilancia monitoramento situacao nutricional alimentar dirigidas grupo populacao,5020,0.811455130444637
13,"padroes_alimentares, aup, ultraprocessados, cafe_manha, padrao_alimentar, consumo_alimentos, lanche, processados, refrigerantes, alimentos_in_natura",ntroducao uso substancias psicoativas pratica milenar universal sendo consumo sempre existiu longo tempos dentre substancias psicoativas destaca alcool consumo abusivo associado efeitos nocivos sobre saude individuo relacoes familiares sociais caracterizando maiores problemas saude_publica ponto vista nutricional alcool unica substancia psicoativa fornece calorias consideradas vazias 7 1 kcal g pois fornece outros nutrientes durante recuperacao alcoolistas abstinencia podem desenvolver padroes_alimentares inadequados ganho_peso excessivo objetivos verificar perfil_nutricional pacientes alcoolistas abstinencia internados unidade psiquiatria adicao hospital publico universitario metodos estudo_longitudinal quantitativo realizado unidade internacao adicao hospital publico universitario sul brasil coleta dados 48h baixa hospitalar 15º dia primeira avaliacao amostra composta 38 alcoolistas sexo_masculino 18 60 anos sendo excluidos utilizavam cocaina crack dados antropometricos avaliados indice_massa_corporal imc circunferencia_cintura cc avaliacao composicao_corporal medida bioimpedancia_eletrica dados obtidos registro prontuario paciente data nascimento data internacao cor_pele escolaridade estado_civil ocupacao diagnostico clinico psiquiatrico obtidos valores referidos padrao_consumo alcool resultados idade amostra 49 3+ 7 3 anos primeiro uso alcool torno 16 7+ 4 9 anos tipo bebida alcoolica consumida destilada 81 5 frequencia_consumo diaria representou 86 8 observou 34 2 pacientes apresentaram padrao ingestao 1000 ml dia media consumo etanol 420 9 + 260 9 g dia uso concomitantemente alcool tabaco 65 8 individuos media ganho_peso 2 7 + 2 1 kg 15 dias primeira avaliacao imc cc inicial final amostra apresentaram diferenca estatisticamente_significativa p<0 05 avaliacao corporal pacientes bioimpedancia_eletrica demonstrou aumento significativo massa_magra agua corporal total p<0 001 conclusao observou aumento significativo peso imc circunferencia_cintura individuos recuperacao 15º dia internacao fazendo necessario desenvolvimento estrategias educacao nutricional incentivo comportamentos alimentares_saudaveis,2940,0.8073244608022451
13,"padroes_alimentares, aup, ultraprocessados, cafe_manha, padrao_alimentar, consumo_alimentos, lanche, processados, refrigerantes, alimentos_in_natura",objetivo geral avaliar efeito extrato cha_verde sobre massa_ossea individuos diabeticos metodologia realizado ensaio_clinico duplo cego randomizado controlado 35 individuos diabeticos idade media 52 6 anos diagnostico cinco anos participantes receberam duas capsulas contendo 560 mg extrato cha_verde dia duas capsulas placebo composto celulose durante 20 semanas realizadas densitometria ossea avaliacao concentracao calcio paratormonio apos 10 20 semanas suplementacao visando explicar mecanismos possiveis mudancas massa_ossea avaliadas composicao_corporal biomarcadores controle_glicemico resultados composicao_corporal medidas massa_ossea calcio hormonio paratiroide marcadores controle_glicemico avaliados apos 10 20 semanas suplementacao conteudo mineral osseo aumento 1 60 g cm2 grupo cha_verde diminuicao 0 98 g cm2 grupo_controle longo 20 semanas resultando diferenca medias dois grupos 2 58 cm2 valor proximo significancia estatistica p = 0 056 observou aumento significativo pth apos 10 semanas grupo cha_verde p = 0 008 subsequente reducao 20 semanas observadas alteracoes estatisticamente_significativas marcadores controlo glicemico composicao_corporal conclusao extrato cha_verde pode contribuir promover melhora conteudo mineral osseo individuos diabetes apos 20 semanas,1921,0.7824199620064618
14,"hiperalgesia, parkin, dor, p2x3, contracao, fibromialgia, persistente, pparg, dexametasona, musculares",sindrome pernas inquietas spi disturbio movimento relacionado sono caracterizado sensacao desconfortavel desejo mover pernas estudos evidenciado sindrome criancas_adolescentes adultos doadores regulares sangue gestantes linha sugerido investigar deficiencia ferro suplementacao ferro tanto intravenosa quanto via_oral provado benefica tratamento sindrome exercicio_fisico vez traz diversos beneficios sido observado tratamento spi presente estudo objetivo influencia exercicio_fisico suplementacao ferro modelo animal disturbios movimento relacionados sono spi utilizadas ratas wistar 60 dias idade prenhas 70 75 dias todos procedimentos submetidos aprovacao comite etica unicamp animais distribuidos 4 grupos apos prenhez controles dieta padrao ctrl prenhe ctrl prenhe dieta suplementacao ferro sfe p exercicio_fisico + dieta padrao ef p exercicio_fisico + dieta suplementacao ferro sfe+ef p esfregaco vaginal realizado estabelecer ciclo estral ratas posteriormente emprenha las coleta dados atividade locomotora avaliada atraves teste open field campo aberto animais submetidos programa exercicio_fisico aerobio natacao durante periodo prenhez 6 dias semana 20º dia prenhez grupos suplementacao ferro mantida durante periodo prenhez dieta 100 mg kg fe grupo dieta padrao mantida dieta 40 mg kg fe termino experimento animais eutanasiados individualmente extracao estriado analise expressao receptor d2 dat th avaliar proteinas interesse utilizada tecnica imunoblot resultados referentes atividade locomotora sugerem suplementacao ferro obteve diferenca relacao grupo_controle nenhuma variavel exercicio_fisico obteve reducao variaveis ambulacao total rearing aumento variavel grooming tratamento combinado suplementacao ferro exercicio_fisico obteve reducao variaveis ambulacao total rearing grooming aumento tempo total freezing atraves metodo imunoblot podemos notar reducoes expressoes receptor dopamina d2 grupo sfe ef p comparacao grupo ctr p transportador dopamina dat mostrou diferenca estatistica nenhum grupos tirosina hidroxilase th vez mostrou reduzida grupo sfe ef p relacao ctr p portanto podemos concluir predominancia tratamento positiva tratamentos farmacologicos suplementacao ferro exercicio_fisico forma combinada eficacia combate sindrome,2178,0.9904581835260047
14,"hiperalgesia, parkin, dor, p2x3, contracao, fibromialgia, persistente, pparg, dexametasona, musculares",inflamacao primeira fase processo cicatrizacao feridas pode ser dividida resposta_inflamatoria inicial tardia resposta_inflamatoria tardia essencial controle mediadores pro inflamatorios resolucao inflamacao sendo determinante inicio proxima fase formacao tecido proliferacao acidos_graxos poli_insaturados familias 6 3 modulam perfil_inflamatorio sendo cada vez estudados processo reparo tecidual assim buscando compreender papel destes acidos_graxos fase inflamatoria tardia processo cicatrizacao feridas utilizamos objeto estudo camundongos transgenicos denominados fat 1 capazes produzir endogenamente acidos_graxos 3 partir acidos_graxos 6 verificar composicao lipidica destes camundongos avaliamos cromatografia gasosa plasma tecido cicatricial 3 dias apos inducao ferida plasma camundongos transgenicos reduziram concentracao acido graxo araquidonico aa aumentaram concentracao acidos_graxos alfalinolenico ala eicosapentaenoico epa docosahexaenoico dha reduzindo proporcao 6 3 32 9 comparados grupo wild type wt tecido cicatricial camundongos apresentaram reducao porcentagem aa classes lipidicas teciduais fosfatidilcolina pc fosfatidiletalonamina pe aumento acidos_graxos docosapentaenoico dpa dha classes lipidicas teciduais pc pe triacilglicerol tag camundongos transgenicos obtiveram reducao proporcao 6 3 equivalente 56 4 pc 55 1 pe 39 1 tag relacao grupo wt analise fechamento ferida programa image j camundongos fat 1 mantiveram area ferida maior desde 1° dia apos inducao sendo ultimo dia analise 14° dia area ferida duas vezes maior grupo wt p<0 01 analise atividade mieloperoxidase mpo espectrofotometria camundongos transgenicos exibiram aumento atividade tecido cicatricial 3 dias comparados grupo wt p<0 05 considerando tempo ferida todas demais analises observamos atraves pcr tempo real camundongos fat 1 aumentaram expressao_genica marcadores celulares cd206 cd280 p<0 05 representativos macrofagos m2 contudo metodo elisa verificou camundongos aumentaram producao mediadores il_6 p<0 05 cxcl1 p<0 05 cxcl2 p<0 01 timp 1 p<0 01 vegf p<0 05 reduziram il_10 p<0 05 indicando modulacao resposta_inflamatoria tardia buscando investigar via anti inflamatoria colinergica estaria influenciando resposta analisamos producao acetilcolina ach colina livre metodo colorimetrico atividade acetilcolinesterase ache espectrofotometria expressao proteinas 7nachr stat3 pstat3 western blottting camundongos fat 1 aumentaram expressao_proteica 7nachr p<0 001 reduziram pstat3 p<0 05 exibindo comprometimento propagacao sinal antiinflamatorio ambiente intracelular analisar impacto desta inflamacao tardia exacerbada analisamos pcr array expressao_genes presentes todo processo cicatrizacao feridas grupo fat 1 genes essenciais formacao manutencao matriz extracelular mec negativamente modulados assim concluimos controle resposta_inflamatoria tardia camundongos fat 1 pode ter prejudicado funcoes mec contribuido atraso reparo tecidual,1813,0.9902579227343175
14,"hiperalgesia, parkin, dor, p2x3, contracao, fibromialgia, persistente, pparg, dexametasona, musculares",doenca alzheimer doenca neurodegenerativa progressiva resulta comprometimento cognitivo pacientes acometidos longo tempo etiologia doenca multifatorial tendo alguns contribuintes bem estabelecidos dentre aumento expressao_genica proteina precursora amiloide app aumento expressao_genica presenilina 1 ps1 contribuem diretamente acumulo proteinas beta amiloides ab proteinas beta amiloide neuro toxicas acumulam cronologicamente formam placas senis tecido neural sendo aglomerados proteicos altamente toxicos postula inflamacao_cronica possa contribuir acumulo beta amiloide formacao placas senis hipocampo cortex longo tempo outro lado estudos demonstraram exercicio_fisico capaz melhorar respostas sinapticas hipocampo reduzindo marcadores_inflamatorios acumulo bem formacao placas senis melhorando respostas cognitivas presente estudo atraves analises in silico observamos humanos possuem elevados niveis marcadores_inflamatorios cortex pre frontal relatamos treinamento_fisico aerobio provocou potente resposta anti inflamatoria reduziu ativacao microglial deposicao proteinas beta amiloide hipocampo camundongos appswe ps1 e9 app ps1+ preveniu declinio cognitivo modelo camundongo observamos camundongos wild type app ps1+ possuem alta expressao il10 tecido hipocampal apos sessao exercicio_fisico alem disso tratamento intranasal il10 recombinante il10r camundongos wild type capaz ativar via sinalizacao somado camundongos app ps1+ receberam il10r intranasal apresentaram melhora cognitiva assim concluimos atividade anti inflamatoria il10 vinculada beneficios cognitivos promovidos treinamento_fisico individuos pre dispostos doenca alzheimer,3966,0.9893963314322117
14,"hiperalgesia, parkin, dor, p2x3, contracao, fibromialgia, persistente, pparg, dexametasona, musculares",desperdicio mundial alimentos ganhado destaque ultimos anos brasil vem trabalhando diversos programas sociais contribuir reducao consonancia agenda 2030 onu desenvolvimento sustentavel meio cenario alimentacao_escolar representa parte importante neste processo sendo local propicio desenvolver acoes promocao_saude meio educacao_alimentar_nutricional ean diante exposto presente projeto objetivo realizar intervencoes meio acoes ean avaliar desperdicio alimentos alimentacao_escolar duas escolas_publicas localizadas interior paulo trata estudo_caso iniciando analise territorio monitoramento desperdicio alimentos seguida desenvolvimento aplicacao acoes ean posterior analise eficiencia ean reducao desperdicio cada escola analise desperdicio realizada meio monitoramento pesagem sobras restos ambas escolas durante periodo almoco longo doze dias consecutivos atividades ean desenvolvidas executadas escolares cursavam 3°ano 4º ano ensino fundamental sendo 150 escolares total turmas separadas controle intervencao intuito comparar efetividade atividades ean desperdicio alimentos antes durante acoes realizou observacao participante durante periodo almoco compreender falas comportamento escolares merendeiras verificar motivos evolviam adesao preparacoes servidas observou consumo arroz feijao prato proteico prevaleceu refeicao maioria escolares diferencas municipios p<0 05 quanto escolha salada 19 limeira 38 santa santa barbara doeste  sbo guarnicao 52 limeira 23 sbo servidas observou escolares compreenderam importancia consumir todos alimentos almoco incluindo hortalicas pois reducao desperdicio 62 0 escola sbo 43 1 escola limeira sp p<0 05 durante acoes ean observacao participante permitiu verificar grande necessidade realizar acoes foco melhoria qualidade sensorial hortalicas servidas vez escolares relataram gostar sabor textura mesmas conclui acoes ean bem planejadas consonancia demandas local publico alvo podem contribuir reducao desperdicio escolas contudo importante acompanhamento longo prazo avaliada efetividade intervencao adaptacoes integracao praticas pedagogicas educacao alimentar aconteca forma processual continua,3558,0.9891623419487658
14,"hiperalgesia, parkin, dor, p2x3, contracao, fibromialgia, persistente, pparg, dexametasona, musculares",recente atencao sido dada papel atividade_fisica espontanea afe representa todas atividades fisicas voluntarias vida diaria tais manutencao postura deambulacao tonus muscular inegavel importancia obter entendimento acerca afe relacoes respostas metabolicas conta forte influencia afe sobre gasto_energetico diario estrategias capazes aumentar afe manipulacoes farmacologicas geneticas extrema importancia indicios associacao treinamento_fisico aerobio manutencao animais gaiolas espaco habitacional amplo possa provir interessante modelo experimental capaz estimular afe dessa forma objetivo inicial desenvolver aparatos mensurar afe roedores mantidos diferentes condicoes alojamento apos desenvolvimento aparatos objetivo investigar efeitos treinamento_fisico aerobio espaco habitacional sobre afe respostas metabolicas camundongos_c57bl 6j desse modo quarenta camundongos machos distribuidos dois tipos alojamento espaco padrao ep 1320 cm2 espaco amplo ea 4800 cm2 cada tipo alojamento camundongos separados dois grupos controle co treinado tr camundongos grupos tr submetidos programa treinamento aerobio corrida executado esteira intensidade equivalente 80 velocidade critica determinada individualmente cada sessao treinamento composta volume diario 40min frequencia semanal cinco dias durante todo experimento avaliado comportamento_alimentar animais bem afe meio sistema gravimetrico ambos tipos alojamento registros executados animais alojados coletivamente 10 camundongos cada gaiola antes apos 4ª semana termino experimento 8ª semana capacidades aerobia anaerobia obtidas protocolo velocidade critica final 8ª semana camundongos eutanasiados retirada amostras biologicas todos dados apresentados media erro padrao media camundongos mantidos ea ativos camundongos mantidos ep considerando todos valores afe obtidos periodo 8 semanas animais ea exibiram maior ingestao_alimentos agua durante todo periodo 8 semanas camundongos ea apresentaram menor conteudo massa_gorda carcaca eviscerada comparados camundongos ep reducao depositos gordura epididimal retroperitonial massa_corporal camundongos ea observada comparacao animais mantidos ep efeito pronunciado roedores treinados grupos ea tr ep tr apresentaram velocidade critica capacidade aerobia significativamente maior grupo ep co oitava semana achados demonstram oito semanas confinamento gaiola espaco amplo aumenta afe camundongos_c57bl 6j pode ser razoes quais camundongos ea tornaram resistentes acumulo gordura assim apresentam elevada capacidade aerobia importante ressaltar presente investigacao sugere gaiolas espaco padrao limitam afe estudo indica gaiolas amplo espaco podem ser empregadas abordagem estimular afe roedores,2581,0.9891466763629341
15,"tomate, cerveja, grao, bico, coco, cafe, coccao, cana, alcoolico, cultivar",introducao esteatito conhecido popularmente pedra sabao encontrado principalmente quadrilatero ferrifero atualmente uso ocorre principalmente artesanato producao revestimentos minas gerais producao cachaca intensa sendo produzidas inumeras marcas quadrilatero ferrifero possibilidade dessas cachacas serem armazenadas consumidas utensilios pedra sabao maior quadrilatero ferrifero objetivo determinar migracao cd cu ni pb cachacas comercializadas quadrilatero ferrifero mg armazenadas copos curados esteatito pedra sabao duas procedencias distintas cachoeira brumado mariana mg santa rita ouro preto ouro preto mg ciclos continuos 0h 24h 48h 72h 96h materiais metodos realizado ensaio migracao ciclo continuo tipo experimental fatorial tres fatores teor alcoolico cachaca procedencia esteatito tempo armazenamento cachaca copos pedra sabao curados todas cachacas analisadas produzidas comercializadas quadrilatero ferrifero minas gerais mg possuiam registro ministerio agricultura pecuaria abastecimento mapa cachacas selecionadas ensaio apresentaram maior menor teor alcoolico dentre disponiveis comercio determinados teores cd cu pb ni dezoitos marcas cachacas determinacao contaminantes inorganicos realizada espectrometria emissao fonte plasma acoplamento indutivo comparar teor contaminantes teor alcoolico tempo armazenamento local procedencia copos pedra sabao utilizada anova three way resultados teores cd cu ni apresentaram diferencas estatisticamente_significativas comparacao diferentes marcas cachaca porem teores pb estatisticamente semelhantes marcas cachacas avaliadas estudo apresentaram valores estatisticamente semelhantes relacao preconizado legislacao maioria amostras apenas amostra teor cu encontrado acima preconizado legislacao apos ajuste tempo armazenamento teor alcoolico observado cachacas armazenadas copos provenientes cachoeira brumado apresentaram media teor cd 0 001ppm maior cachacas armazenadas copos provenientes santa rita p<0 0005 apos 24 48 72 96h armazenamento cachaca menor teor alcoolico apresentou diferencas medias negativas teor cu 0 96 0 82 1 34 1 68mg l respectivamente relacao cachaca maior valor alcoolico apos 24 48 72 96h armazenamento cachaca menor teor alcoolico apresentou diferencas medias negativas teor cu 1 34 1 45 1 94 2 25mg l respectivamente relacao valor inicial encontradas diferencas estatisticamente_significativas teor ni cachacas acordo variaveis investigadas observado copos cachoeira brumado cachaca menor teor alcoolico apresentava teor medio chumbo 0 01mg l maior cachaca maior teor alcoolico observado amostras cachaca menor teor alcoolico armazenadas copos cachoeira brumado apresentavam teor medio pb 0 01mg l maior amostras teor alcoolico armazenada copos santa rita estudo mostrou cachacas armazenadas copos pedra sabao 96h apresentam reducao teor cu conclusao estudo indicouque teor alcoolico cachaca pode influenciar armazenamento cachacas copos esteatito perspectiva saude humana sugere cachacas preferencialmente consumidas copos santa rita ouro preto,790,0.9916256992466027
15,"tomate, cerveja, grao, bico, coco, cafe, coccao, cana, alcoolico, cultivar",introducao brasil sucos frutas algumas bebidas_alcoolicas consumidas atualmente pesquisas sido realizadas desenvolvimento sucos frutas fermentados suplementados bals probioticas culturas iniciadoras contudo aplicacao culturas probioticas sucos frutas representa desafio razao caracteristicas proprias estirpe meio cultura podem comprometer crescimento viabilidade abacaxi contem nutrientes essenciais crescimento manutencao sobrevivencia bals frutose glicose minerais varios estudos demonstrado suco abacaxi pode ser meio adequado cultivo diversas estirpes sobretudo suplementado outros componentes capazes acentuar estabilidade prebioticos soro_leite outros sucos frutas bebidas pobres aminoacidos livres peptideos enquanto grao bico contem proteinas possuem composicao todos aminoacidos inclusive forma livre objetivo caracterizar parametros fisico quimicos microbiologicos bebida probiotica elaborada suco abacaxi extrato grao bico materiais metodos desenvolvidas seguintes formulacoes f1 suco abacaxi 100 f2 suco abacaxi 90 + extrato grao bico 10 f3 suco abacaxi 80 + extrato grao bico 20 formulacoes suplementadas concentrado celulas l paracasei bebidas avaliadas quanto composicao centesimal adicao cultura avaliadas antes 7 14 21 28 dias armazenamento 4 °c relacao variaveis quimicas ph acidez_titulavel solidos soluveis microbiologicas viabilidade l paracasei bolores leveduras resultados discussoes adicao extrato grao bico bebidas aumentou significativamente p < 0 05 teor proteinas viabilidade l paracasei significativamente p < 0 05 maior formulacao bebida continha maior percentual extrato grao bico f3 todas bebidas apresentaram decrescimo ph solidos soluveis decorrer 28 dias armazenamento observou todas bebidas aumento acidez_titulavel durante 28 dias armazenamento viabilidade l paracasei significativamente maior p < 0 05 formulacao f3 extrato grao bico apos exposicao sequencial sucos gastrico intestinal portanto adicao grao bico suco abacaxi aumentou estabilidade l paracasei durante armazenamento promoveu efeito protetor l paracasei exposicao sequencial sucos gastrico intestinal efeitos parecem estar relacionados aumento teor proteinas bebida promovido adicao extrato grao bico,4293,0.9887076431015261
15,"tomate, cerveja, grao, bico, coco, cafe, coccao, cana, alcoolico, cultivar",municipio baiano francisco conde peixes mariscos representam principal fonte renda populacao porem algumas decadas vem ocorrendo contaminacoes ambientais prejudicam disponibilidade especies marinhas comprometem saude humana maioria dessas contaminacoes origem atividades industriais utilizam principalmente dois elementos traco cadmio chumbo metais possuem elevado potencial toxico causando alem doencas graves modificacoes celulas enzimas importantes organismo humano utilizando metodo espectrometria absorcao atomica forno grafite gfaas possivel determinacao teores cadmio chumbo quatro especies pescado robalo tainha sururu camarao consumidas populacao totalizando 46 amostras relacao cadmio unica especie ultrapassou limite desse metal estabelecido anvisa brasil 1998 1 0 µg g 1 sururu mytela guyanensis teor maximo 1 1 µg g 1 outras tres especies atingiram maximo 0 12 µg g 1 caso tainha mugil brasiliensis deteccao chumbo encontrados indices acima limite estabelecido anvisa brasil 1998 produtos pesca definido 2 0 µg g 1 ocorreu principalmente amostras sururu mytela guyanensis variando faixa 0 28 5 4 µg g 1 amostras camarao penaeus brasiliensis variando 0 19 3 4 µg g 1 amostras tainha mugil brasiliensis robalo centropomus undecimalis atingiram baixos teores chumbo respectivamente 0 10 0 81 µg g 1 0 14 1 5 µg g 1 analises ambos metais evidenciam especies estudadas tendencia acumulacao elementos traco mariscos maior peixes,83,0.9788686527520414
15,"tomate, cerveja, grao, bico, coco, cafe, coccao, cana, alcoolico, cultivar",embora manifestacoes clinicas doencas_cardiovasculares dcv observadas normalmente fase adulta vida fortes evidencias doencas podem ter inicio adolescencia poucas pessoas adquirem moderado elevado risco dcv nesta fase conseguem reverter quadro adulto torna monitorizacao fatores_risco elemento importante deteccao predisposicao desenvolvimento dcv nesta populacao modificacoes dieteticas devem formar base prevencao dcv podendo refletir mudancas favoraveis fatores_risco mensuraveis indices dieteticos healthy eating index sido estrategias validas monitoramento alimentacao determinada populacao verificacao relacoes causa efeito estudos_epidemiologicos brasil adaptado criando indice_qualidade_dieta revisado iqd r presente estudo objetivo analisar relacoes qualidade_dieta fatores_risco dcv adolescentes escolares estudo_transversal realizado adolescentes n=1077 10 12 anos ambos_sexos matriculados sexto ano escolas_publicas joao pessoa paraiba brasil fatores_risco dcv avaliados inatividade_fisica comportamento_sedentario circunferencia_cintura aumentada excesso_peso pressao_arterial elevada consumo_alimentar obtido utilizando dois recordatorios_24 h r24h sendo mensurado sub amostra avaliacao qualidade_dieta utilizado iqd r regressao_logistica ordinal usada identificacao variaveis associadas iqd r p<0 005 menor tempo comportamento_sedentario or=1 39 ic = 1 03 1 87 alem escolaridade_materna or=0 55 ic95 =0 38 0 81 associados maiores pontuacoes iqd r consumo inadequado frutas integrais 1 2 pontos dp= 2 1 cereais integrais 1 3 pontos dp= 1 6 leite_derivados 2 0 pontos dp=3 0 alimentos representados grupo gordura solida acucar adicao alcool 7 9 pontos dp=6 3 ressalta importancia orientacao relacao reducao comportamento_sedentario acoes incentivo pratica alimentacao_saudavel adolescentes,1330,0.9757762636528248
15,"tomate, cerveja, grao, bico, coco, cafe, coccao, cana, alcoolico, cultivar",introducao praticas_alimentares inadequadas associadas nivel atividade_fisica insuficiente acarretam maior risco manifestacao precoce doencas_cronicas_transmissiveis objetivo analisar padrao_consumo determinados alimentos_saudaveis nivel atividade_fisica adolescentes escolares brasileiros pertencentes familias diferentes estratos sociais investigados tres edicoes pesquisa nacional saude escolar pense conduzida instituto brasileiro geografia estatistica 2009 2012 2015 metodologia tese composta tres artigos primeiro artigo baseia revisao_sistematica literatura identificacao evidencias sobre associacao caracteristicas socioeconomicas nivel atividade_fisica frequencia consumo_alimentos adolescentes demais artigos construidos partir analise estatistica base dados unificada composta tres edicoes pense 2009 2012 2015 segundo artigo utilizou modelo regressao_logistica multivariada verificacao associacao caracteristicas socioeconomicas nivel atividade_fisica frequencia consumo_alimentos saudaveis saudaveis adolescentes brasileiros usando dados amostra_representativa nivel capitais unidades federacao tres edicoes pense 2009 2012 2015 terceiro artigo empregou modelo regressao_logistica multivariada investigacao associacao autoavaliacao peso_corporal adocao medidas controle_peso relacao nivel atividade_fisica frequencia consumo_alimentos saudaveis saudaveis adolescentes brasileiros segundo dependencia administrativa escola rede publica privada amostra_representativa nivel municipios capitais grandes regioes brasileiras partir dados duas edicoes pense 2012 2015 resultados estudos analisados revisao_sistematica apontaram adocao piores habitos_alimentares estilo_vida sedentario adolescentes menor nivel socioeconomico termos analise dados brasileiros segundo artigo verificou renda_familiar nivel_escolaridade pais associados habitos_alimentares nivel atividade_fisica adolescentes terceiro artigo observaram diferencas importantes autoavaliacao peso_corporal relacionadas genero assim importancia ambiente_escolar determinacao nivel influencia social quanto praticas alimentacao atividade_fisica adotadas adolescentes brasileiros conclusao resultados presente tese indicam importancia monitoramento fatores_risco protecao associados caracteristicas socioeconomicas parte pressoes quais jovens brasileiros submetidos analise dados edicoes pense indicou possibilidade constituir sistema vigilancia fatores_risco saude dirigido adolescentes gerando evidencias avaliacao orientacao politicas destinadas adolescentes escolares pais,2102,0.9727475491791039
16,"rotulos, rotulagem, alimentos_industrializados, ingredientes, aditivos, receitas, consumidores, aditivos_alimentares, informacao_nutricional, rotulo",aumento populacao_idosa portadores doencas_cronicas vitimas violencia terapia nutricional enteral pratica custo efetiva conhecida ambito hospitalar vem destacando ambiente domiciliar contexto torna desafio sistema_unico_saude sus pois previsto direito_humano_alimentacao_adequada dhaa pessoas necessidades especiais alimentacao terapia nutricional enteral domiciliar tned pode ser conduzida meio formulas enterais comerciais preparacoes enterais alimentos mistas formulas enterais comerciais alto custo podem ser insustentaveis financeiramente longo prazo familias gestao publica financiamento sus maioria planos saude portanto indicacao preparacoes enterais alimentos aumentado ultimos anos devido fator economico vantagens relacionadas consumo alimentos_in_natura minimamente processados porem ainda resistencia uso dessas preparacoes possiveis riscos contaminacao instabilidade fisico quimica variabilidade composicao_nutricional maiores custos considerado todo processo preparo assim objetivo desse estudo comparar custo tres categorias formulas preparacoes enterais analisa las quanto ingestao_energetica proteica pacientes domiciliares incluidos estudo pacientes programa atencao nutricional pessoas necessidades especiais alimentacao pan curitiba pr uso tned maiores 18 anos ambos_sexos meio duas visitas domiciliares coletados dados_socioeconomicos relacionados historia clinica estado_nutricional custo infusao via sonda enteral participantes divididos 3 grupos conforme categoria formula preparacao enteral recebida grupo c formula enteral comercial grupo preparacao enteral alimentos grupo m preparacao enteral mista dados analisados comparados grupo testes anova qui_quadrado pearson kruskal_wallis utilizando software spss versao 22 nivel significancia 95 sessenta seis pacientes participaram estudo constatou preparacoes enterais alimentos apresentaram menor custo r$6 90 2 80 9 70 diferencas formulas enterais comerciais r$16 50 7 90 32 50 preparacoes enterais mistas r$14 6 10 26 quanto ingestao_alimentar todos participantes independente grupo atingiram necessidades energeticas proteicas adequacoes variando 97 6 adequacao proteica grupo c 169 7 adequacao energetica grupo m preparacoes enterais alimentos podem ser excelente opcao pacientes tned pois feitas alimentos habituais apresentam baixo custo suprem recomendacoes energeticas proteicas individuais,2401,0.990812483399772
16,"rotulos, rotulagem, alimentos_industrializados, ingredientes, aditivos, receitas, consumidores, aditivos_alimentares, informacao_nutricional, rotulo",introducao pacientes_criticos caracterizam alto risco morte atendimento ininterrupto catabolismo exacerbado imobilidade leito outros fatores afetam estruturas musculares comprometendo funcionalidade fornecimento nutrientes exogenos meio tn ajuda mitigar estado catabolico impacto terapia nutricional tn funcionalidade pacientes_criticos ainda incerto funcionalidade traduz capacidade realizar atividades vao desde autocuidado atividades forca mobilidade objetivo verificar associacao tn funcionalidade pacientes alta unidade_terapia_intensiva uti metodos estudo_coorte prospectivo uti mista adultos_idosos internados tempo = 72h prescricao nutricao_enteral ne nutricao parenteral np coletados dados_demograficos clinicos bioquimicos avaliacao_antropometrica ocorreu admissao alta uti meio peso circunferencia_braco cb circunferencia_panturrilha cp dados tn via administracao tempo inicio oferta energia proteina coletados 10 primeiros dias internacao uti alta desfechos funcionalidade avaliados meio angulo_fase af forca_preensao_manual fpm escala estado funcional uti fss icu alta uti regressao_logistica bruta ajustada realizada associacoes tn funcionalidade adotado nivel significancia 95 p<0 05 testes estatisticos resultados incluidos 57 participantes 70 masculino idade mediana 48 anos ingestao media energia proteina primeiros 10 dias 11 56 7 49 14 14 kcal kg dia 0 76 0 62 0 92 g kg dia respectivamente prevalencia baixa funcionalidade af 73 2 fpm 55 3 fss icu 84 2 associacao variaveis tn funcionalidade avaliada af fss icu relacao fpm inicio tne precoce or 0 14 ic95 0 03 0 69 maiores valores percental adequacao energia or 0 95 ic95 0 92 0 99 associados menor chance funcionalidade adequada infecccao maior tempo vm internacao uti associados menor chance funcionalidade adequada p<0 05 conclusao prevalencia baixa funcionalidade alta uti elevada independente instrumento utilizado tn precoce maior oferta energia bem tempo internacao infeccao parecem impactar fpm alta fazem necessarios novos estudos amostras maiores melhor compreesao relacao tn funcionalidade uti,5093,0.98701746751157
16,"rotulos, rotulagem, alimentos_industrializados, ingredientes, aditivos, receitas, consumidores, aditivos_alimentares, informacao_nutricional, rotulo",formulacao politicas_publicas estar diretamente ligada problemas socioeconomicos fato papel cumprido avaliado controle social resultados prestados comunidade pnae criado 60 anos hoje referencia outros paises devido atuacao promocao direito_humano_alimentacao_adequada reflete rendimento escolar cuidado alunos frequentam rede publica ensino relevancia destacado mundialmente consequencia tres principais perfis abordagem intersetorial acesso escolares alimentos qualidade promocao agricultura_familiar assim pnae valoriza mercados locais pequenos produtores contribuindo estruturacao sistemas alimentares incentivando compra_alimentos sustentaveis saudaveis base nisso presente estudo objetivo avaliar aquisicao generos agricultura_familiar pnae municipios regiao centro oeste brasileira pesquisa tipo observacional delineamento_transversal abordagem quali quantitativa instrumento coleta questionario online desenvolvido enviado correio eletronico nutricionistas pnae municipios fazem parte estados regiao centro oeste mato grosso sul mato grosso goias questoes referentes periodo antes pandemia 2019 pandemia 2020 algumas periodos especificos realizado calculo amostral acordo tipologia rural urbano utilizada instituto brasileiro geografia estatistica ibge dividida cinco categorias resultados analisados atraves software estatistico spss versao 22 variaveis categoricas expressas numero absoluto percentual variaveis quantitativas media desvio padrao associacao variaveis categoricas dependentes desfechos independentes exposicoes avaliadas teste_qui_quadrado teste t anova continuas consideradas significativas analises nivel significancia 5 p<0 05 percentual medio compra agricultura_familiar ano 2019 33 1 regiao centro oeste pais diferencas significativas estados tipologias agricultura_familiar incluida pnae muitos municipios entanto ainda atingiu toda potencialidade,4721,0.9846495511676656
16,"rotulos, rotulagem, alimentos_industrializados, ingredientes, aditivos, receitas, consumidores, aditivos_alimentares, informacao_nutricional, rotulo",diabetes mellitus dm doenca cronica associada disfuncao metabolica acompanhada complicacoes resultando reducao qualidade_vida mortalidade prematura sementes adenanthera pavonina ricas galactomananas tipo fibra soluvel destaca acao hipoglicemiante objetivo deste trabalho avaliar efeito antidiabetico galactomananas sementes pavonina l gap camundongos diabeticos induzidos estreptozotocina stz gap extraida avaliada quanto caracteristicas fisico quimicas espectros rmn1h if ft massa molar utilizados 50 camundongos_swiss femeas distribuidos 5 grupos controle negativo saudaveis controle positivo diabeticos gap 1 diabeticos tratado racao gap 1 gap 2 diabetico tratado racao gap 2 met diabetico tratado dose 200mg kg metformina dm induzida mediante administracao intraperitoneal stz dosagem 120mg kg animal coletadas amostras sangue analise glicose colesterol_total ct triacilglicerol tag animais peso_corporal ingestoes alimentar hidrica monitorados realizadas ainda analise peso relativo figado prf avaliacao histologica figado pancreas animais gap apresentou razao manose galactose 1 46 1 elevada massa molar resultados obtidos evidenciaram gap eficiente reducao glicemia_jejum tag sericos animais porem apenas grupo gap 2 apresentou niveis ct plasmatico estatisticamente menores controle positivo avaliacao ingestao hidrica indicou animais suplementados tendem consumir agua observado avaliacao ingestao_alimentar peso_corporal sofreu interferencia adicao gap racao animais durante 30 dias tratamento tanto prf avaliacao histologica evidenciaram efeitos toxicos gap animais gap demonstrou potencial ser agente tratamento dm prevencao complicacoes vez alem reduzir glicemia polissacarideo diminui concentracoes sericas ct tag interferir habito_alimentar peso_corporal animais causar efeitos toxicos,1601,0.9842006121213903
16,"rotulos, rotulagem, alimentos_industrializados, ingredientes, aditivos, receitas, consumidores, aditivos_alimentares, informacao_nutricional, rotulo",maes desempenham papel central transmissao conhecimentos culinarios ambiente domestico entanto pratica declinio desenvolver estrategias revertam tendencia fundamental compreender percepcao maes sobre cozinhar casa envolvimento filhos nessas atividades estudo concentra maes filhos adolescentes grupo etario brasil apresenta maior consumo_alimentos ultraprocessados objetivo tese conhecer motivacoes praticas maes adolescentes envolver filhos ato cozinhar primeiro estudo tese revisao_sistematica buscou responder seguinte questao quais percepcoes maes sobre cozinhar casa  busca estudos publicados publicados realizada junho julho 2023 conforme diretrizes ferramenta prisma p prisma systematic review protocols extracao analise dados utilizaram abordagem meta agregacao 31 estudos incluidos sintese resultados achados agrupados tres temas 1 transferencia familiar infancia maternidade 2 desafios estrategias praticas 3 cozinhar emocoes maes aprendem cozinhar observando outras mulheres sentem responsaveis afeta divisao tarefas casa envolvimento filhos cozinhar traz sentimentos mistos sendo visto tanto ato amor quanto fonte exaustao maes responsaveis cozinhar casa influenciando forma filhos aprendem cozinhar frequentemente baseada papeis genero segundo estudo tese abordagem qualitativa explorou motivacoes praticas maes envolver filhos adolescentes atividades culinarias inicialmente realizada visita domicilio nove maes identificar alimentos disponiveis quais classificados acordo grau_processamento industrial submetidos durante entrevistas realizadas posteriormente explorado alimentos classificados ultraprocessados utilizados cozinhar influenciavam envolvimento filhos entrevistas_semiestruturadas realizadas 26 maes adolescentes 10 19 anos transcricoes entrevistas analisadas tematicamente forma indutiva gerando cinco temas 1 vida facil adolescentes cozinham 2 expectativas maes promotoras comportamento 3 paciencia persistencia valem pena 4 adolescentes cozinha alimentos_ultraprocessados armarios 5 cozinhar batatas quentes durante pandemia maes envolvem filhos atividades culinarias visando promover independencia passar tempo juntos reduzir tempo_tela procurando criar ambiente agradavel colaborativo compartilham receitas frequentemente via instagram R whatsapp R plataformas atendem preferencias ambas geracoes alimentos_ultraprocessados frequentemente utilizados padroes uso semelhantes maes filhos dessa forma aumentar transmissao conhecimentos culinarios ambiente domestico essencial promover solucoes praticas atrativas estimular envolvimento adolescentes atividades culinarias pode favorecer preparo refeicoes casa,5108,0.9820162873022453
17,"tocoferol, agpi, omega, acidos_graxos, dha, folico, poliinsaturados, linoleico, estearico, gasosa",acredita aumento peso_corporal favoreca aumento densidade_mineral_ossea dmo entretanto efeitos excesso_gordura_corporal sobre saude_ossea ainda bem estabelecidos acredita obesidade associe manifestacao doencas osteoporose pois adipocitos osteoblastos originam mesma celula progenitora medula ossea denominada celula tronco mesenquimal objetivo presente dissertacao investigar relacao excesso_peso corporal saude_ossea adultos saudaveis excesso_peso revisao_sistematica estudo original desenvolvidos resultados estudos incluidos revisao_sistematica indicaram tanto massa_magra quanto gordura_corporal parecem atuar fatores protecao massa_ossea homens mulheres entretanto gordura depositada regiao visceral parece ser fator risco nessa relacao adultos saudaveis estudo original evidenciado gordura_corporal_total compartimentalizada exerceu efeito protetor sobre dmo colo femoral femur total adultos excesso_peso corporal porem efeito protetor gordura androide sobre dmo colo femur somente observado ausencia influencia resistencia insulinica ri analises adicionais demonstraram individuos excesso gordura androide possuiam maior ri aumento ri associado menor dmo colo femoral assim evidencias cientificas apontam excesso_peso corporal atua fator protecao saude_ossea adultos saudaveis excesso_peso ri outras alteracoes metabolicas associadas obesidade devem ser objeto estudo pesquisas futuras visando compreensao relacao excesso_gordura_corporal massa_ossea bem possiveis mecanismos envolvidos,1795,0.9916650412597681
17,"tocoferol, agpi, omega, acidos_graxos, dha, folico, poliinsaturados, linoleico, estearico, gasosa",envelhecimento populacional diante correlacao negativa niveis sanguineos hemoglobina idade anemia torna cada vez prevalente objetivo descrever prevalencia caracteristicas anemia alem fatores_associados condicao idosos_institucionalizados materiais metodos estudo_transversal realizado 313 individuos idade 60 anos ambos_sexos residentes instituicoes longa permanencia idosos salvador bahia brasil coleta dados realizada novembro 2012 outubro 2013 anemia diagnosticada concentracoes sanguineas hemoglobina segundo criterios organizacao_mundial_saude informacoes sobre sexo idade tempo institucionalizacao uso medicamentos obtidas meio questionario estruturado hipertensao_arterial determinada uso regular medicacao anti hipertensiva glicemia_jejum parametro deteccao diabetes mellitus indice_massa_corporal utilizado avaliar massa_corporal total indice musculo_esqueletico estimar reserva massa_muscular esqueletica capacidade_funcional avaliada segundo escala barthel utilizada regressao_poisson variancia_robusta examinar fatores relacionados anemia resultados prevalencia anemia idosos 38 predominancia anemia leve ambos_sexos masculino 26 8 feminino 21 1 normocitica normocromica anisocitose 69 75 modelo final anemia associou magreza rp 1 68 ic95 1 04 2 72 graus dependencia moderada rp 1 98 ic95 1 07 3 63 total rp= 2 61 ic95 1 34 5 07 dependencia grave apresentou significancia limitrofe rp 1 94 ic95 1 00 3 77 conclusao prevalencia anemia idosos_institucionalizados elevada ambos_sexos caracteristicas sugestivas terem doencas_cronicas fator causal maior ocorrencia idosos magreza dependencias moderada total,1245,0.9833848170466738
17,"tocoferol, agpi, omega, acidos_graxos, dha, folico, poliinsaturados, linoleico, estearico, gasosa",introducao programa_nacional_alimentacao_escolar pnae considerado maiores politicas sociais brasil atraves oferta refeicoes todos estudantes educacao basica matriculados rede publica ensino apesar tamanha relevancia poucos trabalhos exploram tematicas envolvem pnae sendo campo interesse adesao estudantes programa bem qualidade cardapios objetivo avaliar adesao estudos pnae fatores intervenientes bem analisar qualidade nutricional cardapios material metodos estudo_transversal realizado 16 municipios estado paulo escolares ensino fundamental ii 6º 9º periodo parcial utilizou questionario_semiestruturado autoaplicavel 25 questoes cardapios semanais coletados junto nutricionistas cada local considerou adesao pnae consumo tres dias semana alimentacao_escolar cardapios ofereciam duas refeicoes diarias alunos sendo subdivididos cardapio i definido refeicao principal durante periodo estudo cardapio ii segunda refeicao alimento servidos alunos complemento analise qualitativa cardapios usou referencia guia_alimentar_populacao_brasileira indicador qualidade cardapios alimentacao_escolar iqcae feito analise descritiva dados analise inferencial usou teste_qui_quadrado modelo regressao t student associar variaveis interesse adesao alunos programa resultados populacao estudo composta maioria escolares idade 11 14 anos 90 meninos 52 matriculados 17 escolas observou alta aceitacao 85 1 baixa adesao pnae 47 5 presenca cantinas vendedores alimentos externos habito adquirir alimentos nesses comercios levar lanches casa periodo estudo vespertino espacos barulhentos consumo refeicoes pnae diminuiram adesao programa 16 cardapios analisados metade forneciam duas refeicoes apenas elaborado nutricionista cardapio i ofereceu principalmente almoco mostrou boa qualidade nutricional 3 29 pontos ofertou frequencia hortalicas alimentos_in_natura minimamente processados maior parte municipios cardapio ii apenas lanches baixa qualidade 1 11 pontos oferta diaria itens processados ultraprocessados observado presenca itens proibidos cardapios baixa oferta frutas sendo 48 6 municipios disponibilizou nenhuma apenas 1 porcao fruta semana associacao qualidade nutricional cardapios adesao escolares programa p>0 01 outro lado refeicoes consideras ruins repetitivas escolares associou adesao alta aceitacao mostrou associacao positiva adesao conclusao adesao estudantes pnae influenciada negativamente presenca cantinas vendedores externos alimentos condicoes distribuicao espaco consumo refeicoes apesar qualidade cardapio afetar adesao pnae faz necessario aumentar oferta frutas cardapios principalmente melhorar qualidade cardapio ii alta oferta ultraprocessados,2088,0.7768291000058792
17,"tocoferol, agpi, omega, acidos_graxos, dha, folico, poliinsaturados, linoleico, estearico, gasosa",objetivo desta tese determinar fatores_associados indice_adiposidade visceral iav papel preditivo relacao fenotipo metabolico saudavel adultos brasileiros realizou estudo_transversal base_populacional incluindo 854 adultos ambos_sexos idades 20 59 anos residentes zona_urbana vicosa mg aplicado questionario domicilio obter dados sobre condicoes_socioeconomicas demograficas comportamentais consumo_alimentar ainda coletado material biologico aferidas medidas_antropometricas composicao_corporal analises estatisticas realizadas utilizando pacote estatistico stata versao 13 0 mplus 7 4 resultados apresentados tres artigos originais primeiro percentual_gordura concentracao acido_urico au proteina_c_reativa ultra sensivel pcr us positivamente associados iav homens enquanto nivel atividade_fisica lazer negativamente associado mulheres aumento idade circunferencia pescoco tempo sentado superior 300 minutos concentracao aumentada au pcr us associados maior iav segundo artigo identificou iav melhor preditor fenotipo metabolico saudavel indicadores tradicionais adiposidade tanto individuos peso normal ambos_sexos quanto mulheres excesso_peso iav identificado indicador fortemente associado fenotipo metabolico saudavel especialmente individuos peso normal terceiro artigo evidenciado efeito direto positivo adiposidade visceral fenotipo metabolico saudavel tanto individuos peso normal quanto excesso_peso encontrou ainda efeito mediador iav relacao escolaridade inatividade_fisica fenotipo metabolico saudavel individuos peso normal conclui iav associado fatores_risco modificaveis bom preditor fenotipo metabolico saudavel atua mediador relacao desse fenotipo escolaridade inatividade_fisica desta forma recomenda utilizacao iav pratica clinica estudos_epidemiologicos fim identificar individuos risco metabolico,2162,0.7661493199988102
17,"tocoferol, agpi, omega, acidos_graxos, dha, folico, poliinsaturados, linoleico, estearico, gasosa",peixes destacam dieta nutricionalmente equilibrada apresentar proteinas alto valor biologico baixo teor colesterol ser boa fontye acidos garxos poliinsaturados series n 3 n 6 exercem importantes funcoes organismo humano alem ajudar prevencao doencas oresenca colesterol acidos_graxos alto grau insaturacao associado processo coccao favorece oxidacao colesterol oxidos colesterol biologicamente ativos capazes desencadear processos citotoxicos aterogenicos mutagenicos cancerigenos alem disso coccao pode alterar composicao alimento in_natura devido incorporacao substancias provenientes meio coccao consequente reducao valor nutritivo peixes devido carencia informacoes sobre composicao_quimica cavala scomberomorus cavalla cuvier 1829 in_natura frita oleo_coco cozida leite coco trabalho visou estudar implicacoes metodos coccao oleo leite coco sobre valor peixe determinou entao nessa formas composicao centesimal valor calorico perfil acidos_graxos colesterol oxidos colesterol alimento perfil acidos_graxos oleo leite coco utilizados coccao meios coccao analisados cavala in nantura frita oleo_coco cozida leite coco respectivamente obtiveram seguintes resultados umidade 74 09 58 17 63 24 cinzas 1 34 2 11 1 35 proteinas 23 91 37 67 lipidios 1 07 5 24 5 44 carboidratos 0 21 0 07 0 04 calorias 106 24 195 93 175 84 acidos_graxos_saturados 1935 46 mg 100g 4157 47 mg 100g 8971 59 mg 100g acidos graxo poliinsaturados 1132 45 mg 100g 512 26 mg 100g 802 73 mg 100g omega_3 1035 94 mg 100g 413 86 mg 100g 645 87 mg 100g omega 6 133 97 mg 100g 99 04 mg 100g 156 86 mg 100g colesterol 38 22 mg 100g 65 21 mg 100g 66 25 mg 100g oxidos colesterol quantificados detectados amostra concluiu acavala possui boa qualidade nutricional sendo fonte acidos_graxos essenciais porem fritura cozimento oleo leite coco afetarm composicao_quimica especialmente perfil acidos_graxos elevando concentracao acidos_graxos_saturados laurico miristico monoinsaturado oleico reducao poli_insaturados epa dha devido influencia perfil acidos_graxos oleo leite coco utilizados meio coccao,330,0.6728447904540795
18,"inseguranca_alimentar, familias, pbf, domicilios, capita, escala_brasileira_inseguranca_alimentar, programa_bolsa_familia, domicilio, ebia, beneficiarias",presente estudo propos identificar fatores contribuem situacao inseguranca_alimentar trata estudo_coorte prospectivo base_populacional entrevistadas familias residentes municipios jose ramos nova floresta paraiba participaram estudo 2005 questionario utilizado continha mesmos modulos pesquisa realizada anteriormente descricao caracteristicas socio demograficas familias ebia variaveis estudadas tipo moradia numero comodos domicilio numero comodos dormir tipo abastecimento agua esgotamento sanitario destino lixo total moradores quantidade criancas renda_familiar per capita participacao programa_bolsa_familia relacao dependencia caracteristicas chefe familia cor_pele escolaridade atividade ocupacao diagnostico seguranca_alimentar_nutricional realizou categorizacao destas variaveis analise comparativa dois momentos atraves teste_qui_quadrado mcnemar considerando nivel significancia 5 populacao geral cada grupo mudanca situacao san periodo manteve san manteve ia melhorou situacao piorou criadas variaveis mudanca criacao quatro situacoes cada variavel consolidando informacoes cada variavel dois periodos procedimento possibilitou analise retrospectiva variacoes sa ia necessario agrupar variavel dependente passou ter duas categorias saber manteve san dois periodos melhorou situacao san 2011 manteve ia dois periodos piorou situacao san 2011 realizada regressao_logistica binaria analise efeito variaveis sobre mudancas perfil sa familias cada municipio modelo final estima razoes chances nivel significancia 5 respectivos intervalos 95 confianca ic95 haver transcorrido longo periodo tempo duas visitas estudo apresentou perda seguimento 208 familias 33 8 prevalencia ia encontrada 62 2 observou 80 5 familias melhoraram situacao san periodo apresentou participacao pbf menos dois periodos analisados apenas variavel participacao pbf apresentou significancia atraves modelo regressao utilizado grupo piorou situacao san manteve ia grave quase duas vezes chances melhorar situacao san auxilio pbf or=1 98 entretanto incluido grupo ia moderada grupo ia grave observou renda principal variavel responsavel melhoria situacao san or=2 14 resultados deste estudo indicam participacao pbf apresentou efeito positivo levando melhora situacao san periodo estudado especialmente familias niveis graves inseguranca_alimentar incremento renda_familiar favorece consumo_alimentar adequado reduzindo chances familias apresentarem agravamento situacao san,684,0.9760663071709367
18,"inseguranca_alimentar, familias, pbf, domicilios, capita, escala_brasileira_inseguranca_alimentar, programa_bolsa_familia, domicilio, ebia, beneficiarias",presente estudo objetivo avaliar variacao situacao inseguranca_alimentar ia indicadores sociais familias beneficiadas beneficiadas pbf apos cinco anos implantacao realizados dois inqueritos populacionais 2005 2010 regiao metropolitana rio janeiro avaliando domicilios quanto participacao pbf ia meio escala_brasileira_inseguranca_alimentar ebia variaveis_socioeconomicas renda_familiar mensal per capita escolaridade chefe familia numero moradores domicilio acesso bens abastecimento presenca filtro agua utilizou teste_qui_quadrado teste t student respectivos intervalos confianca ic95 insercao familias beneficiadas pbf aumentou 8 1 ic95 6 0 10 8 2005 15 ic95 12 4 18 0 2010 proporcao ia reduziu 53 4 40 7 inquerito seguinte tendo queda significativa categoria grave ia 14 ic95 11 3 17 0 3 ic95 2 1 5 1 familias beneficiadas pbf anos 2005 2010 reducao significativa pobreza extrema p valor<0 01 aumento proporcao daquelas pobreza ano 2010 bem reducao proporcao ia grave p valor <0 001 aumento significativo familias renda mensal per capita salario_minimo p valor<0 05 reducao numero pessoas domicilio p valor<0 001 refletindo aumento renda media melhor classificacao socioeconomica nesse grupo melhoria abastecimento agua ambos grupos apenas domicilios pbf apresentaram aumento significativo presenca filtro agua progresso condicoes_socioeconomicas ia familias pbf sugerem programa contribuiu gerar melhores condicoes vida domicilios estudados entretanto falta investimentos locais reflete ausencia melhorias saneamento visto fatores representam contrapartidas governo municipal,757,0.9759526810037715
18,"inseguranca_alimentar, familias, pbf, domicilios, capita, escala_brasileira_inseguranca_alimentar, programa_bolsa_familia, domicilio, ebia, beneficiarias",avaliacao padroes_alimentares componentes principais cardiovascular health index chdi constituem instrumentos importantes estudos epidemiologia nutricional junto doencas_cardiovasculares dcvs analise chdi utilizado dia alimentar habitual dah partir dois dados consumo_alimentar analise descritiva sob forma frequencia absoluta relativa intervalo interquartilico enquanto analise padroes_alimentares associacoes tres padroes_alimentares variaveis independentes verificadas meio razoes prevalencia bruta ajustada incluidas analise ajustada variaveis independentes analise bruta apresentou nivel significancia 20 observou chdi qualidade intermediaria tendo possiveis determinantes baixo consumo nozes peixes frutos mar combinacao elevado consumo bebidas_acucaradas alimentos_processados ultraprocessados porem verificado associacao componentes chdi marcadores_estresse_oxidativo padrao_alimentar fast food associou consumo bebida alcoolica tradicional associou sedentarismo sexo_masculino baixa_escolaridade renda = 1 salario_minimo paes cafe leite vegetais apresentou associacao consumo alcool baixa_escolaridade circunferencia_cintura elevada nenhum padrao_alimentar mostrou associado marcadores dano oxidativo enzimas defesa antioxidante conclui eo fenomeno presente iam mecanismos fisiopatologicos integram estado_nutricional estilo_vida destacando dieta apresentam estreita relacao desbalanco redox entretanto associacoes fenomenos condicoes observadas estudos compoem dissertacao,4880,0.9737167078563154
18,"inseguranca_alimentar, familias, pbf, domicilios, capita, escala_brasileira_inseguranca_alimentar, programa_bolsa_familia, domicilio, ebia, beneficiarias",gestacao processo fisiologico diversas alteracoes metabolicas imunologicas ocorrem desde implantacao parto estado_nutricional materno pre gestacional ganho_peso excessivo durante gestacao ligados elevados niveis marcadores_inflamatorios pode prejudicar saude materna recem_nascido presente estudo possui objetivo determinar impacto inflamacao placentaria antropometria recem_nascido populacao estudada 64 gestantes recrutadas momento parto hospital_universitario paraiba periodo fevereiro setembro 2023 incluidas estudo gestantes submetidas parto vaginal cesareo idade maior 18 anos gestacao termo excluidas participantes imc_pre_gestacional classificado desnutricao alteracoes fetais natimorto tabagistas etilistas doenca infecciosa ativa autoimune hepatica renal oncologica psiquiatrica coletado sangue cordao umbilical tecido vilo placentario plasma sobrenadante homogenato vilo placentario usados quantificacao citocinas il 8 il 1 ccl2 ensaio imunoenzimatico elisa dados analisados meio modelos regressao_linear_multipla considerando p=0 05 avaliar associacoes concentracoes citocinas sangue cordao umbilical vilo placentario antropometria recem_nascido refere resultados obtidos meio modelos regressao_linear_multipla citocinas avaliadas il 8 il 1 ccl2 associacao significativa il 8 plasma p=0 04 vilo placentario p=0 03 circunferencia cefalica recem_nascido apos controle fatores confusao associacao significativa il 8 vilo placentario p=0 03 circunferencia_abdominal recem_nascido resultados sugerem estado_inflamatorio alterado pode afetar antropometria recem_nascido sendo citocina il 8 mediadora chave regulacao ambiente inflamatorio utero vez envolvida processos modulacao resposta imune angiogenicos vasculares essenciais desenvolvimento fetal saudavel,4966,0.9635253735093645
18,"inseguranca_alimentar, familias, pbf, domicilios, capita, escala_brasileira_inseguranca_alimentar, programa_bolsa_familia, domicilio, ebia, beneficiarias",inseguranca_alimentar_nutricional insan problema complexo envolve desde aspectos psicologicos medo faltar alimentos domicilio utilizacao estrategias visam comprometimento quantidade alimentos muitas vezes sacrificando qualidade refeicoes experiencia concreta passar fome insan condicao viola direitos ser humano especial direito alimentacao_adequada associada ma qualidade_vida predispondo individuos familias serie agravos nutricionais dissertacao propoe abordar questao insan meio revisao_literatura apresentacao artigo original objetivo identificar prevalencia fatores_associados inseguranca_alimentar_nutricional familias residentes municipios norte alagoas trata estudo desenho transversal envolvendo amostra_probabilistica 1 444 familias avaliacao situacao in seguranca_alimentar_nutricional procedida aplicacao escala_brasileira_inseguranca_alimentar ebia acordo ebia 63 7 n=919 familias encontravam insan sendo forma grave acometeu 205 familias 14 2 moderada 336 familias 23 3 leve 378 familias 26 2 insan familias aqui estudadas superou media observada 2009 territorio nacional 30 2 regiao nordeste 46 1 estado alagoas 37 1 variaveis apresentaram independentemente associadas insan regressao_logistica_multipla fato chefe familia ter escolaridade igual inferior quatro anos estudo p<0 0001 ser sexo_feminino p=0 029 estar inscrito programas transferencia renda p=0 008 bem ter maior numero membros casa p=0 045 deter condicoes insatisfatorias agua beber p<0 0001 portanto considerando estar seguranca_alimentar_nutricional direito humano ratifica necessidade governos priorizem politicas acoes alterem variaveis forma favoravel reduzir elevada prevalencia insan encontrada assim melhorar qualidade_vida dessa populacao,61,0.96179243208272
19,"sop, obesas, vicio, apetite, saciedade, portadoras, adultas, prandial, mulheres, menopausa",cirurgia_bariatrica sob perspectiva biomedica bastante eficaz tratamento_obesidade entanto estrategias tradicionais dieta exercicio_fisico evitar recuperacao peso sido efetivas longo prazo 30 pacientes reganham peso 1 2 anos apos cirurgia nessa perspectiva tornam necessarias intervencoes alternativas baseadas mindfulness mostrado efeitos beneficos saude individuos estudo 1 trata estudo piloto viabilidade objetivo avaliar efeitos treinamento consciencia alimentar baseada mindfulness mb eat indicadores comportamentais antropometricos pacientes pos cirurgia_bariatrica reganho peso metodologia 10 mulheres pos cirurgia_bariatrica reganho peso participaram programa mb eat medidas viabilidade adesao assiduidade niveis autocompaixao escala autocompaixao atencao plena questionario cinco facetas mindfulness gravidade compulsao_alimentar escala compulsao_alimentar periodica peso indice_massa_corporal imc comparacao tempos utilizado equacao estimacao generalizada eeg adotado nivel significancia 5 todas analises resultados mb eat eficaz diminuir compulsao_alimentar aumentar niveis autocompaixao atencao plena resultados sugestivos relacao peso_corporal imc adesao 40 assiduidade 20 conclusao mb eat promissor parecer ter repercussao positiva compulsao_alimentar aspectos psicossociais pacientes apresentam reganho peso pos cirurgia_bariatrica entanto adesao assiduidade participantes baixas estudo 2 trata ensaio_clinico_randomizado objetivo avaliar efeitos treinamento consciencia alimentar baseada mindfulness mb eat indicadores comportamentais antropometricos metabolicos geneticos pacientes pos cirurgia_bariatrica reganho peso metodologia 31 mulheres randomizadas programa mb eat grupo_controle ativo gca grupo_controle lista espera medidas gravidade compulsao_alimentar escala compulsao_alimentar periodica niveis autocompaixao escala autocompaixao atencao plena questionario cinco facetas mindfulness peso indice_massa_corporal imc circunferencia_cintura cc massa_magra mg massa_gorda mg agua total glicemia hba1c insulina proteina_c_reativa colesterol triglicerides hdl ldl expressao_genica genes bdnf pomc mc4r npy agrp comparar desfechos grupos intervencao controle ativo controle lista espera utilizado metodo equacao estimacao generalizada eeg adotado nivel significancia 5 resultados apos intervencao mb eat reducao compulsao_alimentar melhora niveis autocompaixao resultados sugestivos niveis atencao plena geneticos relacao indicadores metabolicos observou reducao compulsao_alimentar melhora niveis autocompaixao melhora indicadores metabolicos resultados sugestivos atencao plena geneticos gca conclusao mb eat benefico mulheres pos cirurgia_bariatrica reganho peso tendo resultados positivos compulsao_alimentar aspectos comportamentais indicios promissores ambito genetico metabolico intervencao baseada aspectos comportamentais mostrou efetiva compulsao_alimentar autocompaixao indicadores metabolicos resultados sugerem pacientes reganho peso apos cirurgia_bariatrica podem beneficiar manejos clinicos voltados comportamento_alimentar aspectos emocionais,5034,0.9813563961996999
19,"sop, obesas, vicio, apetite, saciedade, portadoras, adultas, prandial, mulheres, menopausa",jejum intermitente mostrado abordagem promissora emergindo ferramenta potencial auxiliar perda_peso otimizacao saude metabolica especialmente situacoes sobrepeso obesidade trabalho anterior grupo pesquisa realizou ensaio_clinico_randomizado avaliar efetividade restricao_calorica associada alimentacao tempo restrito atr perda_peso mulheres sobrepeso obesidade participantes realizaram atr apresentaram maior perda_peso entretanto nenhum fator aparente avaliado identificado indutor melhor resposta trabalho utiliza amostra deste trabalho ensaio_clinico_randomizado paralelo composta mulheres adultas 18 59 anos indice_massa_corporal imc maior igual 25 kg m² protocolo estudo incluiu prescricao dietetica plano alimentar individualizado restrito relacao horas alimentacao duracao aproximada dois meses objetivo deste trabalho investigar caracteristica dieta baseada indice inflamatorio dieta iid marcadores biologicos inflamacao gasto_energetico determinam melhor resposta perda_peso participantes submetidas restricao_calorica associada restricao tempo alimentacao comparada restricao_calorica isoladamente indice inflamatorio dieta calculado partir registros alimentares tres dias cada participante englobou 26 parametros alimentares macronutrientes micronutrientes calorias isolamento celulas mononucleares sangue periferico humano realizado utilizando reagente ficoll paque plus ge healthcare uppsala suecia extracao rna total celulas mononucleares sangue analise expressao_genes codificadores citocinas_inflamatorias feira reacao cadeia polimerase transcricao reversa rt pcr utilizando kit rneasy mini kit qiagen hilden alemanha resultados demonstram nenhum grupos apresentou dieta perfil antiinflamatorio final intervencao diferenca grupos apesar ambos grupos prescricao dietetica determinar indices menores comparado linha base encontradas correlacoes significativas iid concentracoes sericas citocinas il_10 il 18 tnf mcp 1 ambos grupos expressao relativa nf b pbmc demonstrou diferenca significativa grupos entretanto encontradas interacoes significativas expressao relativa nf b concentracao serica tnf grupo atr apos 30 dias intervencao apos 60 dias interacao tempo intervencao significativas expressao relativa nf b il 18 ambos grupos resultados indicam iid marcadores biologicos inflamacao apresentaram impacto significativo perda_peso diferenciada pacientes atr alem disso analise gasto_energetico repouso corrigida massa livre gordura demonstrou diferenca significativa tempos intervencao ambos grupos,4709,0.9386486121444454
19,"sop, obesas, vicio, apetite, saciedade, portadoras, adultas, prandial, mulheres, menopausa",introducao mudancas padroes_alimentares populacao mundial sido observadas ultimos anos brasil diferente reducao consumo alimentos_in_natura minimamente processados paralelamente aumento alimentos_processados ultraprocessados aup tais mudancas randomicas podem associar desigualdades sociais saude incluindo vulnerabilidade area vive circula objetivo analisar condicoes vida saude consumo_alimentos associacao vulnerabilidade saude participantes programa academia saude pas belo_horizonte minas gerais metodos estudo seccional conduzido amostra conglomerado simples unidades pas estratificada regionais municipio 18 unidades pas amostradas entrevistados todos individuos 20 anos frequentes servico investigados dados_sociodemograficos condicoes vida saude morbidades referidas percepcao saude qualidade_vida habito fumar tempo participacao pas estado_nutricional segundo indice_massa_corporal imc consumo_alimentar obtido media dois recordatorios alimentares 24 horas r24h categorizado segundo classificacao_nova preparacoes culinarias alimentos_in_natura minimamente processados ingredientes_culinarios processados alimentos_processados aup avaliar vulnerabilidade utilizou indice vulnerabilidade saude ivs indicador composto permite identificar areas desiguais desfavoraveis saude mediante avaliacao acesso moradia infraestrutura urbana educacao servicos_saude seguranca renda sendo classificado baixo medio alto elevado resultados 3 056 participantes maioria mulheres 87 8 mediana idade 58 anos individuos residentes areas vulneraveis jovens mediana 56 anos possuiam menor escolaridade mediana 5 anos estudo renda mediana r$600 00 maior tempo participacao pas mediana 17 9 meses classes economicas d 68 1 relacao condicoes saude 74 0 participantes consideravam saude boa boa sendo prevalencia menor individuos viviam areas ivs elevado elevado 71 5 p=<0 001 40 2 apresentavam sobrepeso sendo prevalencia superior residiam areas ivs medio 40 6 p= 0 022 media consumo energia 1 429 7 kcal sendo proveniente principalmente preparacoes culinarias 61 6 aup 27 4 apos ajustes verificou individuos residiam areas ivs elevado elevado apresentavam maior consumo preparacoes culinarias = 3 4 ic95 1 6 5 3 menor aup = 2 7 ic95 4 6 0 8 comparados ivs baixo conclusao participantes pas residiam areas vulneraveis municipio apresentaram piores condicoes vida saude entretanto apresentaram menor consumo aup maior preparacoes culinarias resultados apontam necessidade acoes promocao alimentacao_adequada saudavel diferenciadas conforme vulnerabilidade territorio atencao especial areas menos vulneraveis,4056,0.8908556719921001
19,"sop, obesas, vicio, apetite, saciedade, portadoras, adultas, prandial, mulheres, menopausa",ultimas decadas consumo_alimentos ultraprocessados aup aumentou significativamente todo mundo elevacao associada maiores taxas morbimortalidade especialmente combinado obesidade acredita grupo alimentos contribui repercussoes negativas saude humana vez parece influenciar complexo metabolico sistema neural entanto especula particularidades aup composicao nivel processamento associadas desfechos diante disso objetivo desde estudo avaliar efeitos refeicoes ricas alimentos_ultraprocessados comparadas refeicoes alimentos_ultraprocessados medicoes apetitivas efeito termico alimentos funcao autonomica sensibilidade_insulina individuos obesidade trata ensaio_clinico_randomizado paralelo simples cego duracao 3 horas comparou efeito duas refeicoes teste refeicoes pareadas quantidades quilocalorias carboidratos proteinas lipidios sodio fibras incluidos individuos adultos obesidade pesquisa realizada laboratorio nutricao metabolismo universidade federal alagoas julho 2023 desfechos avaliados ritmo alimentar medidas apetitivas efeito termico alimento eta funcao autonomica marcadores sensibilidade_insulina antes refeicoes teste dados analisados meio analise variancia mista teste t apos consumo aup taxa ingestao significativamente menor 07 52 + 3 00 vs 11 07 + 03 16 min p<0 01 mastigacoes 424 07 + 148 50 vs 587 80 + 152 89 p<0 01 garfadas 27 32 + 9 68 vs 42 65 + 11 54 p<0 01 observadas maior capacidade alimentar 39 68 + 22 69 vs 23 95 + 18 92 mm p=0 02 entanto eta funcao autonomica sensibilidade_insulina significativamente diferentes refeicoes conclui refeicao rica aup levou maior taxa ingestao menos mastigacoes garfadas menor probabilidade reduzir capacidade alimentar porem mostrou diferencas eta funcao autonomica marcadores sensibilidade_insulina individuos obesidade,4875,0.8604239565827133
19,"sop, obesas, vicio, apetite, saciedade, portadoras, adultas, prandial, mulheres, menopausa",introducao obesidade caracterizada doenca complexa multifatorial cronica consequencias biologicas sociais desencadeadoras diversas comorbidades balanco_energetico positivo atua fator desregula vias sinalizacao orexigenas neuropeptidio y npy peptideo relacionado gene agouti agrp anorexigenas hormonio estimulante melanocito msh controladoras fome saciedade aumentando quantidade tamanho celulas adiposas modificando acao adipocinas leptina adiponectina influenciando negativamente fisiopatologia obesidade devido escassez estudos humanos principalmente populacoes pediatricas comportamento variaveis balanco_energetico protocolos emagrecimento diferentes faixas etarias ainda permanece pouco elucidado objetivos avaliar adolescentes obesidade submetidos terapia_interdisciplinar emagrecimento longo prazo influencia niveis sericos iniciais neuropeptideo anorexigeno msh bem influencia percentual reducao peso_corporal consumo gordura alimentar indice inflamatorio dieta iid modulacao fatores anorexigenos orexigenos balanco_energetico metodos selecionados 148 adolescentes ambos_sexos idades 14 19 anos classificados obesidade acordo indice_massa_corporal imc genero idade organizacao_mundial_saude oms estagiamento puberal 5 acordo classificacao tanner voluntarios submetidos 1 ano terapia_interdisciplinar acompanhamento endocrinologico psicologico nutricional fisioterapeutico treinamento_fisico supervisionado apos selecao inicial periodo intervencao voluntarios realizaram avaliacoes composicao_corporal coletas sanguineas analise marcadores sericos metabolicos hormonais balanco_energetico mch hormonio concentrador melanocitos agrp npy msh leptina adiponectina analises estatisticas realizadas utilizando software statistica versao 7 0 adotando p=0 05 resultados artigo 1 110 participantes concluiram tratamento divididos apos terapia acordo tercil inicial niveis sericos msh tercil 1 < 0 75 ng ml n=37 tercil 2 =0 75 to =1 57 ng ml n=40 tercil 3 >1 57 ng ml n=36 tratamento promoveu melhora gordura_corporal massa livre gordura todos grupos apenas tercil 3 observado aumento relacao msh npy diminuica concentracao mch comparacao tercis 1 2 grupo maior concentracao msh observadas correlacoes negativas msh npy npy agrp npy mch artigo 2 108 adolescentes completaram terapia analisados acordo reducao peso_corporal grupos baixa perda_peso bpp <10 n=68 grupo alta perda_peso app =10 n=40 dois grupos apresentaram reducao peso_corporal imc gordura_corporal leptina aumento massa livre gordura variacao msh menor grupo bpp comparado grupo app sendo valores permaneceram positivos apenas grupo reducao ponderal acima 10 peso_corporal msh agrp msh npy menores bpp comparado app concentracoes leptina chegaram valores medios proximos normalizacao somente app leptina grupo maior comparado bpp variacoes neuropeptideos orexigenos agrp npy maiores grupo reducao ponderal menor 10 peso_corporal deltas peso_corporal msh leptina associados diminuicao gordura_corporal formula y = 14 01 + 0 28 x peso + 1 72 x msh + 0 06 x leptina gerada artigo 3 analisados diario tres dias 50 adolescentes classificados acordo aumento > iid n=30 diminuicao < iid n=20 escores iid dois grupos observado reducao peso_corporal gordura_corporal massa livre gordura niveis leptina reduzidos ambos grupos enquanto valores adiponectina aumentaram apenas grupo < iid niveis sericos neuropeptideos razoes anorexigenas orexigenas mudaram apos tratamento grupo >e iid enquanto grupo <e iid reducao significativa niveis msh mch npy aumento razao anorexigenica msh npy analisada amostra toda encontradas correlacoes negativas sfas msh agrp r = 0 35 p = 0 01 npy agrp mufas r = 0 33 p = 0 01 pufas r = 0 31 p = 0 02 conclusoes suma alta concentracao msh promoveu melhor modulacao vias anorexigenas orexigenas adolescentes obesidade apos terapia perda_peso longo prazo perda peso_corporal menor 10 parece ser desfavoravel normalizacao funcoes neuropeptideos sericos orexigenos anorexigenos reversao hiperleptinemia adolescentes obesidade modelo matematico apresentado indica possivel prognostico perda gordura_corporal utilizando variacoes peso_corporal msh leptina fim diminuicao escore iid apos terapia_interdisciplinar longo prazo perda_peso parece estar relacionada diminuicao serica neuropeptideos orexigenos aumento razao anorexigena resultando cenario favoravel controle_peso ingestao_alimentos bem melhora estado pro inflamatorio,3281,0.8016371319802147
20,"ccm, wpc, castanha, amendoim, curcumina, castanhas, prandial, voluntarias, acai, restricao_calorica",estado_nutricional adequado zinco necessario crescimento imunidade desenvolvimento neurocomportamental infancia termos vulnerabilidade biologica criancas consideradas grupo risco deficiencia desse mineral alem disso papel zinco importante regulador metabolico patogenese obesidade fatores_risco associados sido investigado contudo estudos escassos apresentam resultados contraditorios desta forma objetivou avaliar ingestao estado_nutricional deste micronutriente associacao fatores cardiometabolicos criancas trata estudo_transversal base_populacional realizado 378 criancas 8 9 anos escolas_publicas privadas zona_urbana municipio vicosa minas gerais brasil aferidos peso estatura perimetro_cintura pc pressao_arterial pa partir medidas_antropometricas calculados indice_massa_corporal imc relacao cintura estatura rce estado_nutricional classificado imc segundo organizacao_mundial_saude 2007 composicao_corporal avaliada tecnica absortometria raios_x dupla energia energy x ray absorptiometry dexa realizadas analises laboratoriais obtencao glicose insulina colesterol_total ct lipoproteina_alta_densidade colesterol hdl_c baixa densidade colesterol ldl_c triglicerideos tg apolipoproteina apo b apo b acido_urico leptina homocisteina proteina_c_reativa ultra sensivel pcr us zinco concentracoes sericas zinco < 65 g dl consideradas deficiencia deste mineral ingestao_dietetica avaliada aplicacao tres recordatorios_24_horas dias consecutivos dados consumo ajustados energia segundo metodo residual coletadas informacoes idade sexo escolaridade_materna renda per capita realizacao atividade_fisica comportamento_sedentario realizada regressao_poisson variancias robustas avaliar associacao concentracao serica zinco fatores cardiometabolicos criancas media concentracao serica zinco 95 2 g dl ambos_sexos deficiencia observada 1 3 criancas meninas apresentaram maiores valores medios medianos gordura_corporal_total p<0 001 gordura androide p<0 001 insulina p=0 015 leptina p=0 003 relacoes ct hdl_c p=0 012 tg hdl_c p=0 011 apob apoa p=0 003 menores zinco serico p=0 021 hdl_c p=0 015 apo p=0 017 glicemia p<0 001 prevalencia inadequacao ingestao zinco 48 0 avaliar tercis ingestao_dietetica zinco verificou menor mediana tg 64 0 mg dl relacao tg hdl_c 1 3 3o tercil p<0 05 observou 1o tercil concentracao serica zinco prevalencia resistencia_insulina 96 maior rp 1 96 ic95 1 04 3 66 enquanto prevalencia hipercolesterolemia 23 menor rp 0 77 ic95 0 61 0 96 relacao categoria referencia 2o 3o tercil resultados ineditos populacao infantil brasileira sendo fase privilegiada implementacao modificacao habitos_alimentares estilo_vida mesmos servam embasar acoes norteadoras saude_publica atuacao eficaz profissionais_saude prevencao tratamento alteracoes cardiometabolicas enfase cuidado dietetico,1418,0.9621438613514993
20,"ccm, wpc, castanha, amendoim, curcumina, castanhas, prandial, voluntarias, acai, restricao_calorica",organismo saudavel apresenta microbiota_intestinal equilibrada casos desequilibrios conhecidos disbiose aumento risco desenvolvimento obesidade  relevante problema saude_publica mundial  outras doencas associadas logo modulacao microbiota_intestinal pode ser estrategia terapeutica obesidade destacando uso probioticos antimicrobianos moduladores intestinais capitulo 1 desta tese objetivo avaliar efeitos consumo potencial probiotico lactobacillus gasseri lg g12 antimicrobiano ceftriaxona associado dieta padrao ain 93 sobre parametros relacionados obesidade permeabilidade_intestinal 40 camundongos_c57bl 6j divididos cinco grupos experimentais sendo grupo_controle negativo obesidade induzida dieta grupo_controle positivo obeso intervencao grupo potencial probiotico obeso intervencao potencial probiotico grupo antimicrobiano obeso intervencao antimicrobiano grupo antimicrobiano seguido potencial probiotico obeso ambas intervencoes primeiro momento experimento inducao obesidade meio consumo dieta high fat 60 gordura solucao frutose 10 durante 12 semanas seguida durante quatro semanas animais receberam dieta padrao agua destilada parametros relacionados obesidade medidas_antropometricas exames_bioquimicos marcadores deposicao gordura glicemia avaliacao oxidacao lipidica parametros relacionados microbiota_intestinal composicao permeabilidade_intestinal producao acidos_graxos_cadeia_curta determinacao funcao hepatica meio dosagem enzimatica avaliados modo identificar intervencoes influenciaram obesidade tratamento conjunto promissor modulacao microbiota_intestinal parametros relacionados obesidade bem reducao parametros biometricos perfil_lipidico aumento tecido_adiposo marrom producao butirato capitulo 2 abordado outro modulador microbiota_intestinal kefir meio revisao recente literatura discutiu alimento alegacao probiotica facil acesso populacao america latina pode ser utilizado tratamento_obesidade diabetes mellitus doencas hepaticas doencas_cardiovasculares doencas imunes desordens neurologicas observou modulacao microbiota_intestinal meio componentes bioativos forma kefir diminui inflamacao_cronica baixo grau permeabilidade_intestinal gerando beneficios saude consome fim capitulo 3 apresentado outro estudo modelo animal todos animais anteriormente utilizados estudo capitulo 1 novamente examinados obesidade induzida dieta durante fase tratamento receberam dieta padrao ain 93 quatro novos grupos n=7 consumiram dieta high fat 60 gordura solucao frutose 10 durante todo experimento controle obeso tratado potencial probiotico obeso tratado antimicrobiano obeso tratado ambas intervencoes estudados trabalho objetivo avaliar potencial probiotico lactobacillus gasseri lg g12 antimicrobiano ceftriaxona dieta high fat interferiram composicao microbiota_intestinal relacionada producao acidos_graxos_cadeia_curta permeabilidade_intestinal buscou identificar quais vias metabolicas enriquecidas microbiota_intestinal mediante diferentes intervencoes avaliadas composicao microbiota_intestinal producao acidos_graxos_cadeia_curta excrecao lactulose manitol alem disso procedeu analise metataxonomica microbiota_intestinal sendo diferencas composicao microbiana grupos avaliadas meio analise discriminante linear tamanho efeito lefse previsao potencial funcional feita picrust2 observou apos tratamento intervencoes reequilibrio microbiota_intestinal producao acidos_graxos_cadeia_curta contribuiu aumento integridade intestinal vias metabolicas enriquecidas reverter disbiose intestinal causada consumo dieta high fat resultados indicaram modulacao microbiota_intestinal promissora tratamento disbiose intestinal todas doencas relacionadas,3532,0.944020804389863
20,"ccm, wpc, castanha, amendoim, curcumina, castanhas, prandial, voluntarias, acai, restricao_calorica",objetivou neste estudo avaliar qualidade_dieta fatores_associados idosos municipio vicosa mg trata estudo_transversal base_populacional realizado idosos_institucionalizados residentes zonas rural urbana municipio informacoes consumo_alimentar obtidas meio recordatorio ingestao habitual partir destas avaliada qualidade_dieta meio indice alimentacao_saudavel revisado validado populacao brasileira ias r variavel dependente analisada neste estudo ias r variaveis independentes socioeconomicas condicoes saude estilo_vida consumo_alimentar analise estatistica envolveu medidas descritivas analise univariada multivariada identificar associacoes tercis ias r total variaveis independentes utilizado modelo regressao_logistica_multinomial estimativas odds ratio respectivos intervalos confianca 95 estudados 620 idosos media pontuacao obtida ias r total 64 28 componentes consumidos piores pontuacoes cereais integrais leite_derivados sodio frutas totais frutas integrais cerca 82 67 idosos escore zero cereais integrais sodio respectivamente considerando pontuacao ias r total observou 75 idosos obtiveram pontuacao menor 72 92 sexos homens apresentaram pontuacao significantemente menor mulheres apresentaram percentual pontuacao maxima significantemente maior frutas totais frutas integrais cereais integrais leite_derivados significantemente menor gordura_saturada ias r classificado tercis considerando primeiro tercil pior qualidade_dieta segundo qualidade intermediaria dieta terceiro melhor qualidade_dieta resultados analise multipla fatores mantiveram independentemente associados qualidade intermediaria dieta ser sexo_feminino ter perimetro_cintura 89 70 100 70cm fatores independentemente associados melhor qualidade_dieta sexo_feminino maior escolaridade historia cinco consultas medicas ultimo ano historico diabetes mellitus dislipidemia estar uso polifarmacia maioria idosos necessita melhorias alimentacao enfase aumento ingestao cereais integrais frutas leite_derivados reducao consumo_alimentos ricos sodio idosos sexo_masculino nenhuma baixa_escolaridade procuram servicos_saude constituem grupo necessita maior atencao tocante medidas melhoria qualidade_dieta,1417,0.9178553562281626
20,"ccm, wpc, castanha, amendoim, curcumina, castanhas, prandial, voluntarias, acai, restricao_calorica",introducao iodo responsavel sintese hormonios tireoidianos triiodotironina tiroxina desempenham diversas funcoes organismo glandula tireoide armazena cerca 70 80 iodo advindo alimentacao garantir metabolismo normal corpo humano preciso ingerir diariamente quantidade adequada nutriente necessidade nutricional diaria iodo escolares 120 g gestantes nutrizes 250 g gestacao lactacao ocorrem alteracoes fisiologicas aumentam necessidade iodo diante exposto conhecer ingestao iodo meio todas fontes consumo crucial planejamento intervencoes objetivo investigar estado nutrional iodo fatores_associados enfase grupo materno_infantil contribuindo reflexoes emdi brasil metodologia estudo faz parte estudo multicentrico deficiencia iodo emdi brasil revisoes_sistematicas construidas baseadas prisma selecao artigos ocorreu maneira independente dois pesquisadores primeiro realizada leitura titulos resumos fim artigos completos caso atendessem criterio inclusao estudos eliminados avaliada qualidade metodologica artigos incluidos cada revisao_sistematica analise ingestao_dietetica iodo gestantes realizada meio consulta tabela conteudo iodo construida partir banco dados internacionais elaboracao plano alimentar considerou guia_alimentar_populacao_brasileira 2006 verificar concentracao iodo sal marcas disponiveis compra local utilizou tecnica titulacao recomendada ministerio_saude manual instituto adolfo lutz determinacao iodo agua consumo estacoes ano verao outono utilizou metodo espectrofotometrico leuco cristal violeta realizada analise estatistica_descritiva exploratoria meio apresentacao frequencias absolutas relativas medidas tendencia central dispersao resultados acordo revisoes_sistematicas observou grupo materno_infantil vulneravel deficiencia iodo logo preciso atencao habitos_alimentares diretamente relacionados fatores_sociodemograficos determinantes consumo disponibilidade_alimentos domicilio relacao indicadores estado_nutricional iodo diagnostico deficiencia excesso iodo populacao recomenda concentracao iodo urinaria ciu avaliacao individual estado_nutricional iodo indica hormonio estimulante tireoide tsh recem_nascidos tireoglobulina tg escolares gestantes iodo cabelo adultos artigo original considerando plano alimentar saudavel gestantes obteriam ingestao_diaria iodo 71 6 g escolares 71 g avaliadas 13 marcas sal destas 69 2 conforme legislacao teor medio iodo 29 88 mg concentracao media iodo agua verao 25 g iodo litro outono 14 g iodo litro considerando ingestao iodo alimentos sal adicao agua consumo plano alimentar proposto ingestao_diaria gestantes 279 1 g escolares 253 1 g entanto considerada ingestao 12 g sal dia associada alimentacao_saudavel gestantes podem chegar ingerir diariamente 488 1 g escolares 462 1 g conclusao resultados deste estudo evidenciam importancia monitorizacao periodica estado_nutricional iodo grupo materno_infantil assim feito escolares portanto preciso estudos desenvolvidos subsidiar discussao elaboracao politicas estrategias especificas direcionadas efetivas enfretamento deficiencia iodo grupo materno_infantil,2621,0.9160741804115801
20,"ccm, wpc, castanha, amendoim, curcumina, castanhas, prandial, voluntarias, acai, restricao_calorica",consumo amendoim sido relacionado inumeros beneficios saude frequencia_consumo amendoim associado inversamente indice_massa_corporal imc risco obesidade objetivo deste estudo avaliar efeitos consumo dieta hipocalorica contendo amendoim permeabilidade_intestinal concentracao lipopolissacarideo lps plasmatico homens excesso_peso imc 26 35 kg m2 idade 18 50 anos aleatoriamente alocados tres grupos experimentais amendoim convencional ac amendoim rico acido graxo oleico controle ct prescrita dieta hipocalorica 250 kcal dia incluia ac ct porcao diaria 56 g amendoim torrado pele intervencao dietetica duracao quatro semanas consecutivas primeiro ultimo dia intervencao oferecida tres refeicoes teste compostas shake sabor morango porcao 56 g amendoim convencional amendoim rico acido graxo oleico biscoito refeicoes teste forneciam 25 necessidade calorica cada voluntario avaliada meio calorimetria_indireta referidas refeicoes continham 35 carboidrato 16 proteina 49 lipidio primeiro ultimo dia intervencao avaliados seguintes paramentros concentracoes lps triacilglicerois insulina glicose jejum pos prandiais 1 2 3 h apos consumo refeicao teste adicionalmente jejum determinados seguintes parametros_bioquimicos proteina_c_reativa aspartato aminotransferase ast alanina aminotransferase alt gama glutamil transferase ggt fosfatase alcalina colesterol_total vldl ldl hdl urina coletada laboratorio durante periodo 6 h apos ingestao solucao contendo lactulose manitol verificar permeabilidade_intestinal medidas_antropometricas peso circunferencia_cintura diametro abdominal sagital composicao_corporal avaliadas antes apos intervencao resultados obtidos estudo apresentados tres artigos sendo dois primeiros dados transversais terceiro dados intervencao artigo 1 higher plasma lipopolysaccharide concentrations are associated with less favorable phenotype in men with similar bmi and total adiposity sessenta sete homens imc medio 29 7 + 0 3 kg m2 incluidos voluntarios valores lps plasmatico 8805 0 9 ml apresentaram maior percentual_gordura tronco percentual_gordura androide massa gordura androide maiores concentracoes insulina alt maiores indices homeostasis model assessment of insulin resistance homa_ir homa beta relacao homens menor concentracao lps lps correlacionou positivamente percentual_gordura tronco percentual_gordura androide massa gordura androide insulina ast fosfatase alcalina homa_ir homa b resultados sugerem maior concentracao lps associa fenotipo menos favoravel caracterizado maior adiposidade central menor sensibilidade_insulina comprometimento funcao celulas beta pancreaticas artigo 2 high fat meal containing conventional or high oleic peanuts is associated with delayed triglyceridemia and lower 3h postprandial lipopolysaccharide concentrations in overweight obese men sessenta cinco homens participantes alocados seguintes grupos ac n=21 n=23 ct n=21 apos ingestao aguda refeicoes teste verificou concentracoes lps menores grupos ac 0 7 + 0 5 ml 1 0 + 0 9 ml comparados grupo ct 1 6 + 1 2 ml 3 h pos prandiais niveis triacilglicerois insulina aumentaram todos grupos entretanto verificou grupos ac triacilglicerois elevaram partir 2 h pos prandiais enquanto grupo ct aumento ocorreu partir 1 h pos prandial correlacao positiva niveis lps triacilglicerois grupos ac niveis insulina avaliados 3 h pos prandiais semelhantes valores jejum assim consumo agudo amendoim atrasou aumento triacilglicerois favoreceu retorno rapido insulina concentracoes basais especialmente grupo ac resultados sugerem consumo amendoim convencional amendoim rico acido graxo oleico pode reduzir risco endotoxemia efeitos metabolicos artigo 3 effect of hypocaloric diet containing peanut cultivars differing in oleic acid content on intestinal permeability and endotoxemia cinquenta cinco homens incluidos estudo_intervencao sendo alocados seguintes grupos ac n=19 n=18 ct n=18 consumo dieta hipocalorica incluindo cultivares amendoim diferentes teores acido graxo oleico alterou permeabilidade_intestinal concentracoes plasmaticas lps jejum respostas pos prandiais lps apos ingestao refeicao hiperlipidica final intervencao verificou reducao medidas_antropometricas massa gordura_corporal_total todos grupos reducao massa livre gordura apenas grupo ct resultados sugerem consumo dietas hipocaloricas adicao amendoim contribui perda_peso melhora composicao_corporal efeitos associados alteracoes permeabilidade_intestinal concentracao lps plasmatico,632,0.9039437947632321
21,"dialise, dhgna, transplante, doenca_renal_cronica, hemodialise, drc, hiv, renal, dialitica, vhc",vasta producao cientifica sobre tematica programa_bolsa_familia pbf destacando aspectos positivos negativos relacao campo nutricao pode encontrar literatura sobre impactos programa melhoria estado_nutricional beneficiarios porem decada vigencia nenhuma publicacao encontrada acerca possivel relacao pbf provavel dependencia espacial atraves optica condicoes socioambientais vivem familias beneficiarias pleno seculo xxi desejavel discussao aprofundada questoes falta precariedade saneamento basico esgoto ceu aberto destino incorreto lixo falta acesso agua potavel alem condicoes insalubres moradia nesse sentido base dados utilizada nessa pesquisa cadastro unico programas sociais governo federal cadunico fonte dados sobre condicoes moradia acesso energia eletrica saneamento basico situacao peridomiciliar renda associada tecnicas georreferenciamento geoestatitisca pode contribuir guiar construcao novo pensamento torno imprescindivel conjugacao outras politicas_publicas pbf sob prisma condicoes socioambientais vez determinantes podem estar diretamente relacionados desigualdades socioespaciais analises dessas variaveis sugerem cartografias sociais sobrepoem vulnerabilidades ambientais objetivo geral avaliar distribuicao espacial programa_bolsa_familia relacao condicoes socioambientais familias beneficiarias municipio ouro preto objetivos especificos georreferenciar domicilios onde vivem familias beneficiarias avaliar associacao estratos renda versus condicoes saneamento basico moradia indicadores socioambientais avaliar familias beneficiarias programa_bolsa_familia residem areas consideradas pobres segundo classificacao renda media acordo instituto brasileiro geografia estatistica ibge avaliar existe dependencia espacial distribuicao extrema pobreza municipio ouro preto metodologia empregada estudo carater seccional censitario populacao estudada corresponde todos beneficiarios pbf cadastrados dezembro 2014 municipio ouro preto todos enderecos familias beneficiarias georreferenciados sistema coordenadas universal transversa mercator utm verificar intensidade autocorrelacao espacial percentual extrema pobreza percentual medio pobreza extrema vizinhanca empregou indice moran i verificar associacao estratos renda fatores socioambientais optou pena analise correspondencia ac processamento dados analises correspondencias efetuado pacote estatistico r language and environment statistical computing versao 3 12 2014,1589,0.9446191620350327
21,"dialise, dhgna, transplante, doenca_renal_cronica, hemodialise, drc, hiv, renal, dialitica, vhc",relacao medida antropometrica excesso_peso associada incidencia nodulos benignos malignos tireoide obesidade alteracoes associadas estresse_oxidativo envolvidas mecanismos desenvolvimento nodulos tireoide crescente diversas partes mundo desta maneira objetivo deste estudo avaliar estado_nutricional balanco oxidativo pacientes_adultos nodulos benignos malignos tireoide pesquisa caracterizou estudo_transversal abordagem descritiva quantitativa apos etapas triagem esclarecimento assinatura termo consentimento realizada avaliacao_antropometrica peso altura indice_massa_corporal circunferencia_cintura coleta dados prontuario coleta sangue determinacao enzimas antioxidantes glutationa_peroxidase gpx superoxido_dismutase sod marcador balanco oxidativo concentracao grupamento tiol total plasmatico pacientes agrupados acordo doenca tireoidiana origem analise dados doenca benigna maligna dados coletados processados software r versao 3 2 2 grupo total formado 129 participantes predominancia mulheres n=116 89 9 apresentava excesso_peso n=94 72 9 risco aumentado complicacoes metabolicas n=90 69 9 todos estratos analisados importante salientar volume tireoide correlacionou significativamente estado_nutricional r=0 336 p=0 032 niveis tsh circunferencia_cintura r=0 260 p=0 045 outra caracteristica grupo homogeneidade parametros avaliados quanto estado redox pacientes nodulo tireoide apresentaram protecao antioxidante valores tiol total 528 9 mol l dp=82 43 juntamente elevacao gpx 134 8 u g hb dp=30 56 sod 2915 1 u g hb dp=739 8 independente malignidade correlacao positiva enzimas antioxidantes p < 0 001 excesso_peso obesidade_central expressivos pacientes estudados pode gerar estresse alteracao balanco oxidativo dessa forma propiciar ambiente favoravel desenvolvimento nodulos tireoidianos,2446,0.92870087830357
21,"dialise, dhgna, transplante, doenca_renal_cronica, hemodialise, drc, hiv, renal, dialitica, vhc",devido importancia epidemiologica processos neoplasicos inumeras abordagens terapeuticas vem sendo desenvolvidas aumento mundial numero casos cancer provocado corrida pesquisadores busca solucoes cura controle desta patologia atraves substancias bioativas objetivo deste estudo avaliar atividade antitumoral in vivo fracao 6 isolada casca raiz cnidosculos quercifolius pohl planta conhecida popularmente faveleira inicialmente realizada analise cromatografica liquida alta eficiencia hplc fim identificar compostos quimicos majoritarios etapa seguinte deste estudo investigacao mecanismo toxicidade aguda onde utilizou grandes doses fracao 6 300 1000 2000mg kg dia v visando verificar administracao fracao 6 pode ser considerada segura seguidamente realizado ensaio atividade antitumoral realizado frente tumor solido experimental sarcoma 180 camundongos albinos swiss apresentando peso medio 30g celulas tumores ascitico 1 0 x 106 celulas ml 1 animal inoculadas via subcutanea s c regiao axilar esquerda animal tratamento inicio 24 h apos inoculacao 7 dias consecutivos testadas duas doses fracao 6 c quercifolius respectivamente 250 500mg kg dia v utilizando controle positivo droga antineoplasica 5 fluorouracil 25mg kg dia i p resultados hplc evidenciaram presenca favelinas compostos_bioativos classe terpenoides haviam sido descritas literatura atividade antitumoral ensaio toxicidade aguda demonstrou fracao 6 apresenta toxicidade visto parametros analisados comportamental peso_corporal bioquimico obito apresentaram alteracao significativa estudo atividade antitumoral in vivo observou inibicao crescimento tumoral 58 08 48 71 respectivamente doses 250 500mg kg dia v comparados 5 fu apresentou 68 66 inibicao tumoral sarcoma 180 acordo resultados encontrados analise pesos relativos orgaos figado rins parametros_bioquimicos pode evidenciar fracao 6 apresenta acao toxica pois apresentou alteracao significativa analises histopatologicas tumores evidenciadas caracteristicas malignidades todos tumores avaliados analise bacos identificado aumento numero foliculos linfoides todos grupos experimentais comparados grupo saudavel carateristica resposta imunologica organismo afetado cancer fracao 6 c quercifolius evidenciou significativa acao antitumoral frente tumores experimentais testados in vivo demonstrando ser agente antitumoral promissor entanto faz necessario novos estudos fim elucidar atividade biologica,2445,0.9000264033284606
21,"dialise, dhgna, transplante, doenca_renal_cronica, hemodialise, drc, hiv, renal, dialitica, vhc",virus hepatite c hiv ocasionam repercussoes metabolicas importantes curso infeccao cronica principalmente resistencia insulinica diabetes mellitus artigos recentes envolvendo investigacoes pacientes portadores virus c mono coinfectados hiv mostraram meio variavel peso relacoes progressao doenca relacoes consideraram diferentes distribuicoes massa_magra adiposa objetivo avaliar composicao corporea perfil_bioquimico pacientes mono coinfectados virus vhc hiv correlacionando estadiamento histologico doenca hepatica cronica metodologia estudo_transversal realizado 231doentes sendo 142 portadores vhc 44 hiv 45 coinfectados vhc hiv aferidas medidas_antropometricas registrados dados_demograficos estilo_vida perfil_bioquimico genotipo contagem celulas cd4 carga viral hiv estadiamento histologico analise comparativa tres grupos excluidos individuos outra coinfeccao menores 18 anos uso interferon ribavirina resultados media idade 47 2 anos sendo 60 genero masculino 187 pacientes portadores vhc 80 genotipo 1 n=110 imc predominantemente eutrofia circunferencia_cintura adequada maioria pacientes inclusos tres grupos proporcao massa adiposa maior grupo vhc representada prega cutanea triciptal media igual 15 1+ 8 8 seguida grupo vhc hiv=10 3+ 5 2 hiv=11 5+ 5 8 p<0 001 obtida somatorio quatro pregas triciptal biciptal suprailiaca subescapular vhc=63 7+ 26 9 vhc hiv=49 3+ 24 hiv=53 4+ 25 6 p<0 001 percentual_gordura corporea total vhc=29 7+ 8 7 vhc hiv=25+ 8 6 hiv=25 3+ 8 2 p=0 003 grau inflamacao fibrose relacao estadiamento doenca variaveis antropometricas apresentaram diferencas significantes grupos vhc porem observamos relacao grau fibrose idade onde 71 4 idosos apresentaram maior prevalencia fibrose estadio avancado f3 f4 n=15 comparado 33 7 adultos n=28 p=0 002 grau fibrose f3 f4 associado menor nivel hdl serico 53 8 n=28 p=0 009 colesterol_total ct 200 presente 33 3 mono infectados hiv seguidos 14 9 vhc 12 9 pacientes vhc hiv p=0 041 enquanto ldlc 130 prevalente grupo infectado hiv 36 vhc 10 7 vhc hiv 11 1 p=0 003 hdlc apresentou maior inadequacao grupo hiv 64 3 seguido vhc hiv 58 1 vhc 49 6 porem p=0 069 conclusao existem diferencas composicao corporea perfil_lipidico pacientes mono coinfectados virus hepatite c hiv sendo vhc grupo maior proporcao tecido_adiposo variaveis antropometricas apresentaram correlacao grau inflamacao fibrose niveis aumentados ct ldlc reduzidos hdlc pacientes infectados hiv mostraram haart perfil_lipidico deste grupo pacientes permanece alterado comparado pacientes mono coinfectados vhc,76,0.8622725502874415
21,"dialise, dhgna, transplante, doenca_renal_cronica, hemodialise, drc, hiv, renal, dialitica, vhc",doencas_cardiovasculares consideradas mundialmente problema saude_publica fatores_risco cardiovasculares podem originar infancia estendendo adolescencia idade adulta associam marcadores_inflamatorios dentre leucocitos objetivou avaliar condicoes nascimento relacao leucograma situacoes nutricionais composicao_corporal riscos cardiovasculares tres fases adolescencia trata estudo_transversal realizado 676 adolescentes subamostra 1 475 10 19 anos ambos_sexos selecionados escolas municipio vicosa minas gerais adolescentes divididos fases desenvolvimento inicial 10 13 anos intermediaria 14 16 anos final 17 19 anos classificados acordo estado_nutricional composicao_corporal eutroficos b excesso gordura c excesso_peso gordura_corporal estudo composto duas etapas primeira avaliou estado_nutricional composicao_corporal perfil_bioquimico adolescentes segunda buscou dados relacionados variaveis nascimento desses adolescentes prontuarios maternos hospitais municipio adolescencia avaliado peso estatura perimetro_cintura perimetro quadril calculou razoes indice_massa_corporal relacao cintura estatura indice adiposidade_corporal avaliacao composicao_corporal realizada bioimpedancia_eletrica vertical oito eletrodos tateis inbody 230 R avaliou hemograma completo perfil_lipidico acido_urico glicemia insulina modelo homeostatico avaliacao resistencia_insulina homa_ir contagem leucocitos pressao_arterial sistolica diastolica alem caracteristicas autorrelatadas estilo_vida historia familiar doencas_cardiovasculares estudo aprovado comite etica pesquisas seres_humanos universidade federal vicosa processo n°163 20129 resultados observou excesso_peso gordura_corporal perfil_lipidico comportamento_sedentario historia dcv familiares fatores_risco cardiovasculares prevalentes adolescentes adolescentes apresentaram maiores percentuais excesso_peso gordura_corporal numero leucocitos peso comprimento nascer perimetro cefalico toracico maiores meninos quanto fases inicial apresentou maior percentual comportamento_sedentario excesso_peso colesterol_total ldl relacao demais fase final apresentou maior numero leucocitos individuos excesso_peso gordura_corporal apresentaram maiores numeros leucocitos alteracoes colesterol_total ldl triglicerideos insulina_homa hdl baixo maior propensao desenvolver hipertensao relacao eutroficos quanto situacao nutricional individuos grupos b c apresentaram maiores numeros leucocitos leucocitos totais apresentaram correlacao positiva todas variaveis antropometricas triglicerideos plaquetas insulina homa_ir linfocitos correlacionaram positivamente colesterol_total eosinofilos glicose monocitos ldl basofilos apresentaram nenhuma correlacao fatores_risco cardiovasculares sexo fase adolescencia plaquetas preditoras independentes aumento numeros leucocitos adolescentes resultados demostram relacao alteracao valores leucocitos estado_nutricional adverso associacao alteracoes cardiovasculares elaboracao estrategias atendimento saude adolescente identificacao fatores riscos cardiovasculares acoes importantes identificacao precoce individuos risco,1233,0.8315830843380494
22,"gfc, pulmonar, gdo, mutacao, nox, dpoc, tau, mpo, cistica, fumaca",introducao soja vem sendo apontada capaz atuar prevencao diversas doencas entretanto ser rica fitoestrogenios sido questionada seguranca consumo constituintes fases criticas desenvolvimento podendo programar alteracoes endocrinas metabolicas vida adulta objetivo avaliar efeitos consumo soja proteina isolada soja ratas durante lactacao sobre estado_nutricional parametros metabolicos hormonais prole adulta metodologia ratas wistar lactantes divididas 2 modelos experimentais conduzidos simultaneamente modelo i 6 ratas grupo 6 filhotes machos controle caseina c livre acesso dieta base caseina valor energetico 18 5 proteina 63 5 carboidrato 17 8 lipideo soja s livre acesso dieta base farinha soja valor energetico 18 3 proteina 43 5 carboidrato 38 1 lipideo controle soja cs livre acesso dieta base caseina porem teor lipidico semelhante grupo soja 17 8 proteina 45 5 carboidrato 36 8 lipideos modelo experimental 2 6 ratas grupo 6 filhotes machos controle caseina c livre acesso dieta base caseina valor energetico 18 5 proteina 63 5 carboidrato 17 8 lipideo proteina isolada soja pis livre acesso dieta base proteina isolada soja valor energetico 20 3 proteina 62 1 carboidrato 17 4 lipideos desmame 21 dias 3 filhotes ninhada randomicamente separados gaiolas agua racao comercial ad libitum 150 dias ingestao_alimentar ia massa_corporal mc monitorados diariamente desmame posteriormente 4 4 dias adiposidade central somatorio gorduras perigonadal subcutanea retroperitoneal composicao_corporal metodo carcaca avaliadas avaliou soro ratas proles 21 150 dias triiodotironina total t3t tiroxina livre t4l insulina radioimunoensaio  ria leptina elisa glicemia colesterol_total ct colesterol ldl_colesterol hdl triglicerideos tg alem 17 estradiol serico ria materno leite avaliado conteudo proteina ct tg leptina comparacao grupos utilizou teste anova one way pos teste newman keuls modelo experimental 1 teste t student modelo experimental 2 sendo considerado vi p<0 05 resultados maes s apresentaram aumento esporadico ia alterar mc diminuicao estradiol serico ct ldl soro_leite bem aumento t4l serico prole s alterou ia entretanto mc menor relacao cs 6º 21º dia gordura_corporal_total menor 21 dias conteudo mineral total maior 150 dias relacao controles desmame ocorreu hiperleptinemia hipertrigliceridemia reducao ct ldl sericos comparado controles t4l apenas relacao c prole cs ct ldl aumentaram tg diminuiu relacao c vida adulta prole s apresentou aumento t4l versus c diminuicao ct versus c cs ldl versus cs insulinemia aumentada diminuicao glicemia somente comparada prole cs apresentou menor insulinemia maior glicemia niveis aumentados ct ldl maes pis observou aumento esporadico ia alterar mc aumento t4l prole pis alterou ia mc porem diminuiu conteudo mineral proteina corporal total vida adulta 21 dias ct tg diminuiram 150 dias observou aumento t4l insulina ct tg sericos conclusao consumo materno s pis lactacao programa forma diferente estado_nutricional bioquimico metabolico progenie adulta sendo evidenciadas modificacoes positivas ingestao soja maior oferta isoflavonas dieta soja diminuicao materna estradiol serico hiperleptinemia desmame prole soja podem ser fatores implicados diferencas encontradas,1578,0.9913072978626692
22,"gfc, pulmonar, gdo, mutacao, nox, dpoc, tau, mpo, cistica, fumaca",figado principal orgao envolvido processo metabolizacao xenobioticos facil acesso medicamentos paracetamol aliado desconhecimento populacao sobre efeitos nocivos organismo aumentado significativamente numero intoxicacoes farmaco frutas oleos produtos medicinais conhecidos possuirem compostos antioxidantes anti_inflamatorios tais compostos_fenolicos carotenoides vitaminas sesquiterpenos diterpenos capazes atenuar injuria hepatica induzida paracetamol diante disso objetivo desse trabalho avaliar efeito diferentes tratamentos sobre mecanismos hepatotoxicidade ocasionados paracetamol ratos utilizados ratos machos linhagem fischer 80 dias idade laboratorio nutricao experimental ufop divididos 2 experimentos primeiro realizado avaliacao temporal injuria hepatica usando 2 grupos 8 animais controle c paracetamol p durante 48 horas amostras sangue ocular diferentes intervalos tempo coletadas quantificacao atividades enzimas alanina aspartato aminotransferase alt ast segundo animais divididos 6 grupos 8 animais controle c paracetamol p oleo copaiba + paracetamol ocop + p oleo castanha macauba + paracetamol om+p oleo_coco extra virgem + paracetamol suco uvaia + paracetamol uv+p periodo experimental 1 semana sendo agua filtrada c p 1º 7º dia pre tratamentos 1º 7º dia paracetamol 835mg kg 7º dia administrados via gavagem orogastrica oitavo dia experimento 2 animais anestesiados eutanasiados sangue figado rim coracao coletados armazenados freezer 80oc formol avaliados metabolitos sericos marcadores_estresse_oxidativo enzimas antioxidantes perfis histopatologicos resultados experimento 1 indicaram aumento ast alt grupo p periodo 12 24 h respectivamente apos administracao paracetamol retornando niveis basais 48h experimento 2 intoxicacao paracetamol capaz alterar perfil_lipidico animais aumentando ldl diminuindo hdl prejudicar funcao hepatica aumentando enzimas alt ast fosfatase alcalina alterar biomarcadores funcao_renal aumentando niveis creatinina ureia reduzir quantidade sulfidrilas sericas alem disso grupo p aumentou carbonilacao proteinas concentracao glutationa oxidada gssg reduziu razao gsh gssg nivel histologico grupo p aumentou percentual hiperemia alem aumentar percentual grau hemorragia inflamacao figado associacao paracetamol oleo castanha macauba om+p auxiliou melhora dano oxidativo reduzindo concentracao gssg aumentando razao gsh gssg grupo ocop+p reduziu atividade catalase atuou reducao carbonilacao proteinas percentual esteatose microvesicular celulas inflamatorias assim reduziu numero celulas comparados p grupo oc+p aumentou niveis gssg assim reduziu razao gsh gssg fim grupo uv+p demonstrou reducao estresse_oxidativo diminuicao peroxidacao lipidica reducao carbonilacao proteinas porem aumento gssg diminuindo portanto razao gsh gssg histologicamente grupo uv+p obteve reducao percentual grau hemorragia percentual esteatose microvesicular celulas inflamatorias conclui portanto oleo castanha macauba obteve efeitos beneficos metabolismo glutationa melhorando capacidade_antioxidante prejudicada paracetamol demonstrou efeito hepatoprotetor oleo copaiba efeito anti_inflamatorio figado oleo_coco extra virgem demonstrou acao antioxidante efeito hepatoprotetor podendo portanto apontar nenhum efeito benefico desse oleo nesse modelo associacao uvaia paracetamol efeito hepatoprotetor antioxidante anti_inflamatorio porem demonstrou efeito benefico modificacao enzimas antioxidantes endogenas dessa forma estudos devem ser feitos utilizando pre tratamentos fim elucidar melhor mecanismos atuacao metabolismo injuria hepatica causada modelo hepatotoxicidade induzida paracetamol ratos,2543,0.9901406274657695
22,"gfc, pulmonar, gdo, mutacao, nox, dpoc, tau, mpo, cistica, fumaca",framingham global risk score avalia risco desenvolver dcv 10 anos circunferencia pescoco vez sido apontada medida antropometrica simples pratica sendo associada alteracoes cardiometabolicas objetivo verificar associacao circunferencia pescoco risco dcv 10 anos analise transversal dados linha base 2008 2009 elsa brasil 13 685 participantes elegiveis excluidos individuos doenca_cardiovascular dados incompletos variaveis utilizadas presente estudo covariaveis utilizadas idade raca cor escolaridade consumo alcool atividade_fisica lazer indice_massa_corporal imc circunferencia_cintura cc resultados indicaram media idade 51 7 anos dp+ 8 9 sendo 55 3 mulheres maioria participantes autodeclararam raca cor branca possuiam nivel superior escolaridade consumiam bebida alcoolica relataram pratica_atividade_fisica lazer leve homens 45 apresentavam sobrepeso 19 9 obesidade mulheres percentuais 36 1 24 2 respectivamente circunferencia_cintura cc aumentada observada 23 7 mulheres 18 9 homens aumento substancial cc 23 7 homens 39 3 mulheres circunferencia pescoco cp apresentou media 39 5 cm dp+ 2 8 homens 34 cm + 2 5 mulheres aumento media cp ocasionou aumento categorias risco ambos_sexos analise bruta mostrou aumento centimetro cp associado incremento 4 rma=1 04 ic 95 1 03 1 05 media risco dcv 10 anos homens 11 rma=1 11 ic 95 1 10 1 12 mulheres apos todos ajustes circunferencia pescoco permaneceu independentemente associada aumento 2 media aritmetica risco dcv 10 anos rma= 1 02 ic 95 1 01 1 03 homens 5 rma= 1 05 ic 95 1 04 1 06 mulheres resultados sugerem associacao circunferencia pescoco risco dcv 10 anos mensurado framingham global risk score ambos_sexos indicando maior forca associacao mulheres,1833,0.9890444202172931
22,"gfc, pulmonar, gdo, mutacao, nox, dpoc, tau, mpo, cistica, fumaca",doenca_renal_cronica drc perda irreversivel funcao_renal indicando fases avancadas doenca terapias renais substitutivas hemodialise hd desnutricao achado consistente pacientes hd sendo indicado diferentes indicadores nutricionais avaliar estado_nutricional ausencia padrao ouro busca indicadores nutricionais apropriados acessiveis uso pratica clinica objetivos comparar absorciometria dupla emissao raios_x dxa indicadores nutricionais isolados compostos avaliacao estado_nutricional pacientes adultos_idosos hd metodos estudo_transversal realizado novembro 2016 abril 2018 duas clinicas nefrologia localizadas regiao capital santa catarina participaram estudo pacientes adultos_idosos ambos_sexos realizavam hd duas tres vezes semana periodo minimo tres meses avaliacao_nutricional realizada indicadores nutricionais utilizando apenas parametro medida denominados isolados indice_massa_corporal imc circunferencia muscular braco cmb gordura_corporal gc massa livre gordura_corporal mlgc dobras_cutaneas dc impedancia_bioeletrica bia indicadores nutricionais compostos avaliam parametro medida avaliacao_subjetiva_global asg escore desnutricao inflamacao malnutrition inflammation score mis rastreamento risco_nutricional 2002 nutritional risk screening 2002 nrs 2002 dxa utilizada indicador nutricional referencia avaliacao estado_nutricional teste_qui_quadrado t student mann_whitney empregados analises bivariadas coeficiente kappa verificou concordancia indicadores relacao diagnostico estado_nutricional correlacao indicadores nutricionais avaliada pearson spearman metodo bland altman plots coeficiente correlacao intraclasse cci teste_t_pareado compararam valores gc mlgc obtidos dc bia dxa considerado significativo p<0 05 resultados 42 pacientes 60 sexo_masculino media idade 55 8 anos + 14 6 total 52 4 idosos >60 anos tempo hd 3 meses 18 anos mediana 17 3 anos maior prevalencia desnutricao diagnosticada mis 47 6 menores dc dxa 2 4 comparacao diagnostico estado_nutricional dxa encontrou boa concordancia bia k=0 656 p<0 001 boa dc k=1 0 p<0 001 indicadores imc mgc kg bia mgc kg dc apresentaram correlacao positiva forte mgc kg avaliada dxa r=0 915 p<0 001 r=0 976 p<0 001 r=0 910 p<0 001 respectivamente cmb asg apresentaram correlacao moderada mgc kg dxa r=0 635 p<0 001 r=0 522 p<0 001 respectivamente encontrou cci forte valores mgc kg r=0 856 mlgc kg r=0 817 obtidos dc dxa valores mgc kg r=0 975 gc r=0 934 mlgc kg r=0 961 mlgc r=0 934 obtidos bia dxa dc bia subestimaram valores gc 4 65 2 13 respectivamente superestimaram valores mlgc kg 3 12 kg 1 0 kg respectivamente comparacao dxa entanto diferenca media significativa valores mgc kg estimada bia dxa p=0 178 conclusao indicadores nutricionais relacionados dxa imc cmb dc bia bia indicador apropriado mensuracao composicao_corporal,2422,0.9869374955725909
22,"gfc, pulmonar, gdo, mutacao, nox, dpoc, tau, mpo, cistica, fumaca",introducao infeccoes vias respiratorias ativacao processos inflamatorios promovem deplecao nutricional declinio funcao pulmonar representando principais consequencias fibrose cistica fc objetivo avaliar relacao resposta_inflamatoria estado_nutricional funcao pulmonar criancas_adolescentes fc sujeitos emetodos estudo_clinico transversal realizado 86 sujeitos distribuidos grupo_controle gc n= 31 grupo fc gfc n= 55 redistribuido gfc bacteriologia negativa gfcb gfc bacteriologia positiva gfcb+ gfc pseudomonasaeruginosanegativa gfcpa gfc pseudomonasaeruginosapositiva gfcpa+ funcao pulmonar avaliada volume expiratorio forcado primeiro segundo vef1 estado_nutricional z escore peso idade zp i estatura idade ze i indice_massa_corporal_idade zimc i area muscular braco zamb area gordurosa braco zagb percentual gordura_corporal gc resposta_inflamatoria avaliada dosagem mieloperoxidase mpo interleucina 1beta il 1 fator necrose_tumoral alfa tnf proteina_c_reativa pcr metabolitos oxido nitrico nox adenosina deaminase ada contagem leucocitos neutrofilos linfocitos monocitos analise bacteriologica avaliada secrecao cavidade orofaringea adotado nivel significancia p< 0 05 resultados vef1 significativamente maior gc 88 57 comparado gfc 66 77 p=0 001 gfcb+ 57 87 p<0 001 gfcpa+ 54 82 p<0 001 comparados gc apos analise ajustada variaveis confusao observou reducao zimc i zamb gfc p=0 030 p=0 019 gfcb+ p=0 030 p=0 029 gfcpa+ p=0 047 p=0 026 aumento mpo p<0 001 todos subgrupos il 1 p<0 001 todos subgrupos pcr gfc p=0 002 gfcb p=0 007 gfcb+ p=0 009 gfcpa p=0 004 gfcpa+ p=0 020 gfcb+ gfcpa+ nox p=0 001 p<0 001 leucocitos p=0 002 p=0 001 neutrofilos p=0 003 p<0 001 aumentados gfc observada correlacao positiva vef1 zp i p=0 009 ze i p=0 006 zimc i p=0 028 zamb p=0 027 negativa leucocitos p=0 008 neutrofilos p=0 031 correlacao negativa zamb nox p=0 028 conclusao sujeitos fc independente tipo infeccao acometida apresentam resposta_inflamatoria importante caracterizada aumento mpo il 1 pcr bacteriologia positiva apresentou efeito aditivo resposta_inflamatoria levando aumento nox leucocitos neutrofilos desnutricao leucocitose neutrofilia correlacionadas reducao funcao pulmonar,447,0.986914991128203
23,"san, sisan, politica, quilombolas, seguranca_alimentar_nutricional, agricultores, rua, agricultores_familiares, indigenas, direitos",objetivo avaliar qualidade_dieta fatores_associados pacientes doenca_renal_cronica hemodialise metodologia estudo_observacional analitico transversal incluidos 60 pacientes ambos_sexos idade 20 79 anos hemodialise variaveis analisadas sexo idade escolaridade habitos tabagista etilista etiologia doenca tempo hemodialise comorbidades nivel atividade_fisica indice_massa_corporal estimativa ingestao_proteica indice adequacao dialise exames_bioquimicos consumo_alimentar avaliado meio tres recordatorios_24_horas qualidade_dieta avaliada indice_qualidade_dieta revisado iqd r testada associacao iqd r variaveis sociodemograficas clinicas estilo_vida antropometricas indicadores bioquimicos feitos testes qui_quadrado anova teste post hoc bonferroni teste nptrend significancia estatistica 5 resultados media iqd r 60 16 + 6 17 pontos itens menos contribuiram qualidade total dieta frutas integrais cereais integrais leite_derivados sodio enquanto contribuiram cereais totais carnes ovos leguminosas oleos gord aa gordura solida alcool acucar adicao diferenca significativa analisar tercis iqd r componentes frutas totais p<0 05 frutas integrais p<0 05 leite p=0 01 sodio p=0 01 gord aa p<0 05 diferenca significativa comparar variaveis sociodemograficas antropometricas clinicas tercis iqd r observadas tendencias aumento significativos segundo tercis idq r energia p=0 044 carboidrato p=0 017 pacientes encontravam terceiro tercil iqd r relacao primeiro tercil tendencia diminuicao significativa consumo sodio p=0 013 pacientes encontravam terceiro tercil iqd r relacao tercil intermediario conclusao melhor qualidade_dieta associada maiores escores frutas totais frutais integrais leite_derivados gord aa associacao iqd r dados_sociodemograficos antropometricos clinicos porem observadas tendencias,3178,0.988307795451032
23,"san, sisan, politica, quilombolas, seguranca_alimentar_nutricional, agricultores, rua, agricultores_familiares, indigenas, direitos",constituicao venezuela 1999 expressa importancia participacao protagonica povo assuntos politica publica estabelece meios concrecao nesse sentido 2002 surgem conselhos comunais 2006 reconhecidos formalmente enquanto instancias participacao social maior decissor asambleia cidadaos exercicio governo comunitario instancia participacao objetivo estabelecer partir necessidades espaco social o plano comunitario desenvolvimento integral guarda relacao condicao prioridade politica publica entes publicos administram respeito conselhos comunais existem diversas opinioes sobre carater legitimidade dessas organizacoes autenticas formas participacao popular mera instrumentos formais direcionados desde politica publica estabelecida sob consideracoes estudou conforma participacao protagonica mesas tecnicas agua parte conselhos comunais intervencao politica publica agua potavel marco seguranca soberania alimentar venezuela estrategia investigacao escolhida estudo_caso atingir objetivo geral necessario entender contexto onde desenvolvia participacao caracterizar grau institucionalizacao testa 1995 aportes teoricos parson 2007 facilitaram compreensao processo conformacao agenda tais aportes orientaram elaboracao plano analise norteou coleta processamento analise dados fase documental campo aplicando entrevistas semi estruturadas mesa tecnica agua rua 13 jardines del valle qualquer organizacao dentro espaco publico pode considera institucionalizada estar inserta estrutura politica juridica y administrativamente formal maior menor tendencia institucionalizacao depende tanto mercado participa entanto coesionador sociedade tanto estado intervem regulando mercado consciencia adquirida sobre objeto participacao social mobiliza desmobiliza funcao acesso agua potavel saberes praticas participacao social confrontam processos trabalho formais instituicao publica natureza normativa funcionaria imposicao ditos processos depende historia organizacao social medida exista praxis participacao implica poder social nessa medida oportunidade contra arrestar imposicao processos trabalho estabelecer pontos agenda pertinentes problematica espaco social,92,0.9856549049897617
23,"san, sisan, politica, quilombolas, seguranca_alimentar_nutricional, agricultores, rua, agricultores_familiares, indigenas, direitos",introducao doencas_cronicas_transmissiveis responsaveis maior parte mortes mundo doencas determinadas conjunto fatores_risco comportamentais consumo alcool tabaco pratica insuficiente atividade_fisica especialmente alimentacao inadequada consumo_alimentar influenciado questoes individuais ambientais preco publicidade alimentos fato publicidade alimentos importante determinante ambiental consumo_alimentar sabe essencialmente voltada promocao alimentos_ultraprocessados veiculos comunicacao massa especialmente emissoras televisao exposicao publicidade alimentos_saudaveis influencia escolhas_alimentares populacao meio estrategias persuasivas marketing organizacao_mundial_saude oms recomenda monitoramento exposicao prevalencia tecnicas persuasao utilizadas publicidade assim regulamentacao melhoria padrao alimentacao populacoes objetivo analisar uso estrategias marketing publicidade televisiva alimentos brasil metodos programacao tres principais canais tv aberta gravada oito dias consecutivos abril 2018 06 00 00 00 meio questionario eletronico baseado protocolo informas informacoes cada peca publicitaria coletadas apos extracao dados pecas alimentos bebidas classificadas acordo sistema nova classificacao alimentos considerando grau_processamento investigadas 27 estrategias marketing anuncios alimentos_ultraprocessados aup estratificadas tres grupos estrategias poder estrategias publicidade oferta premios alegacoes beneficios marca estimou frequencia anuncios alimentos publicidade proporcao anuncios alimentos_ultraprocessados utilizacao estrategias nestes anuncios analise_componentes_principais empregada identificacao padroes estrategias utilizados publicidade alimentos regressao_linear analisar associacao padroes estrategias subgrupos alimentos_ultraprocessados resultados identificados 7991 anuncios publicitarios sendo 1156 14 16 especificos alimentos bebidas maioria 90 77 anuncios relacionados alimentos remetiam aup sendo refrigerantes 28 90 bebidas_alcoolicas 14 23 restaurantes fast food 13 80 tipos anunciados 96 anuncios aup incluiram menos estrategias publicidade persuasivas investigadas poder publicidade 54 77 ofertas premio 27 65 alegacoes beneficios marca 77 38 cinco padroes publicidade identificados partir analise_componentes_principais sendo nomeados acordo principais caracteristicas associados grupos aup primeiro descrito distinto correlacionado edicao limitada personagem licenciado brindes colecionaveis lancamentos marca associou positivamente fast foods segundo padrao criancas marcado uso mensagens criancas usuarios sugeridos eventos esportivos personagens proprios marca relacionou consumo bebidas_acucaradas fast foods biscoito doces nuggets outras carnes ultraprocessadas terceiro preco desconto correlacionado baixos precos descontos quarto padrao esportivo caracterizado uso eventos esportivos concursos associados positivamente anuncios fast foods refrigerantes ultimo padrao inovador demonstrou boa correlacao caracteristicas_sensoriais inovacao lancamentos marca associado promocao molhos bebidas_acucaradas biscoitos salgadinhos carnes ultraprocessadas fast foods conclusao publicidade alimentos tv aberta brasileira marcada alimentos aup predominante emprego estrategias persuasivas anuncios demonstrando falta aplicacao legislacao reguladora atual pais,3362,0.9824942148752548
23,"san, sisan, politica, quilombolas, seguranca_alimentar_nutricional, agricultores, rua, agricultores_familiares, indigenas, direitos",baixo consumo proteinas durante gestacao lactacao resultam desordens metabolicas desenvolvimento fisiopatologias cronicas vida adulta tais diabetes mellitus doencas_cardiovasculares hipertensao_arterial_sistemica obesidade restricao_proteica periodo critico desenvolvimento aparece associada alteracoes captacao glicose mediada insulina vez podendo provocar resistencia_insulina gestantes podendo levar diabetes mae prole idade adulta atividade_fisica aumenta captacao glicose tanto mecanismos dependentes insulina mecanismos independentes rotina ativa fisicamente impacto significativo controle glicemia pode ajudar prevenir controlar doencas metabolicas associadas portanto objetivo estudo investigar efeitos atividade_fisica voluntaria ratos adultos submetidos dieta_hipoproteica materna sobre consumo_alimentar metabolismo_glicose massas muscular tecido_adiposo_branco prole ratas receberam dieta baixa proteina 4 controle 4 periodo gestacao lactacao apos desmame prole recebeu dieta nuvilab 71 dias vida classificadas controle ativo n=6 menos ativo n=6 hipoproteico ativo n=6 menos ativo n=6 base niveis atividade_fisica voluntaria realizada coletada cicloergometro acoplado gaiola resultados obtidos dieta_hipoproteica materna modificou significativamente peso gestacao lactacao materno alterou peso comprimento nascer prole diferencas peso prole superadas partir dia 42º vida alteracoes comprimento circunferencia_abdominal observadas 71 dias vida animais ativos dieta_hipoproteica materna aparentaram realizar menor tempo distancia percorrida cicloergometro relacao grupo dieta controle observado efeito atividade_fisica sobre metabolismo_glicose prole entanto embora estudo possa sugerir possivel reducao gordura_total grupos ativos hipoproteico controle relacao menos ativos diferencas estatisticas significativas,4990,0.9814943928204805
23,"san, sisan, politica, quilombolas, seguranca_alimentar_nutricional, agricultores, rua, agricultores_familiares, indigenas, direitos",politica brasileira seguranca_alimentar_nutricional san principal grupo focal chamadas comunidades tradicionais tais comunidades ribeirinhas indigenas quilombolas pescadores relevancia san contexto nacional pode ser entendida considerando processo historico marginalizacao crescentes dificuldades comunidades enfrentam atualmente san reafirma importancia sustentabilidade modo producao_alimentos desses grupos sociais estudos sobre san comunidades tradicionais tendem limitar aspectos relacionados acesso_alimentos ignorando muitas vezes reflexao referente outros aspectos tais diversas dimensoes envolvidas cotidiano vida pessoas saude tradicao cultura sustentabilidade objetivos presente estudo i descrever algumas mudancas sociais economicas ambientais locais afetam pescador ii relacionar dimensoes san componentes vulnerabilidade iii discutir influencia desenvolvimento economico situacao vulnerabilidade alimentar desses pescadores metodo realizada revisao bibliografica artigos documentos envolvendo san concepcao vulnerabilidade observacao direta cais locais comercio pescado regiao bairro barra macae entrevistas doze pescadores colonia municipio macae apresenta peculiaridades decorrentes explosivo crescimento economico baseado exploracao petrolifera apresentaram ameaca conquista liberdade poderia ser minimizada participacao desses grupos decisoes politicas elementos va ambito pessoal especificamente praticas alimentacao identificados diferentes dimensoes san relacionadas mudancas urbanas deslocamento comunidade pesqueira locais distantes praia pouca infraestrutura disputa espaco maritimo perda liberdade ambito social va associada poucas orientacoes cuidados alimentacao juntamente deficiencia ativos sociais disponiveis principalmente atuacao entidades pesca questoes aumentariam rentabilidade pesca subsidios combustivel nesse sentido estrategias protecao desenvolvimento municipio promovem melhoria condicoes vida alimentacao pescadores pois guiam especificidades demandas promovem coesao social contrario incentivam individualismo competitividade reforca relacoes desiguais migracao extracao petroleo liberdade poderia ser fim meio processo desenvolvimento economico cidade enquanto participacao todos cada vez menos presente condicoes san dessa comunidade,698,0.9805279210910784
24,"kefir, msg, sal, obeso, resistido, intermitente, cerebro, orc, ervas, somaticos",ingestao probioticos sido relatada sendo metodos amplamente utilizados modular microbiota_intestinal curiosamente diabetes_mellitus_tipo_2 sido associado disbiose possiveis vias reestabelecer microbiota_intestinal saudavel meio ingestao regular probioticos quais vem destacando industria alimenticia assim objetivo deste estudo primeiramente desenvolver leite fermentado origem caprina saborizado suco_uva contendo probioticos posteriormente avaliar efeito metabolico diabeticos leites fermentados contendo bacterias probioticas lactobacillus_acidophilus la 5 bifidobacterium animalis subsp lactis bb 12 submetidos analises fisico quimicas microbiologicas sensoriais alem caracterizacao nutricional produto incluindo atividade_antioxidante teor_compostos_fenolicos totais atividade_antioxidante leite fermentado contendo probioticos maior p < 0 01 leite fermentado convencional observou maior perda viabilidade celular l acidophilus b animalis entanto viabilidade todas bacterias adequada > 106 ufc ml 28º dia armazenamento 4 ºc ambos leites fermentados analisados apresentaram boas caracteristicas_sensoriais havendo diferenca p > 0 05 mesmos estudo duplo cego randomizado placebo controlado incluindo 50 individuos diabeticos desenvolvido posteriormente diabeticos divididos dois grupos recebendo 120 ml dia bebidas durante 6 semanas medidas_antropometricas composicao_corporal coleta sangue amostras fecais obtidos inicio final estudo ingestao leite fermentado contendo probioticos promoveu reducao p 0 05 niveis frutosamina tendencia reducao p = 0 07 niveis hemoglobina_glicada ambos grupos observados reducoes significativas niveis tnf resistina concentracao fecal acido acetico aumentou final estudo enquanto niveis il_10 reduzida p < 0 001 apenas grupo_controle diferenca significativa grupos relacao alteracoes hba1c colesterol_total lipoproteina_baixa_densidade alteracoes p > 0 05 capacidade_antioxidante_total f2 isoprostano estudo desenvolveu bebida funcional boa qualidade termos sobrevivencia bacterias caracteristicas_sensoriais nutricionais ingestao regular bebida contendo probioticos melhorou controle_glicemico diabeticos entanto ingestao leite fermentado caprino saborizado suco_uva envolvido outras alteracoes metabolicas,914,0.9910014299783798
24,"kefir, msg, sal, obeso, resistido, intermitente, cerebro, orc, ervas, somaticos",dois primeiros anos pandemia_covid_19 devido elevada contaminacao virus distanciamento social indispensavel nesse periodo ocorreram diversas modificacoes comportamentais pessoas professores periodo desafiador visto ensino presencial ter sido substituido ensino remoto muitas vezes professores devido preparo mudanca assim nesse periodo deflagrado novos comportamentos exacerbando outros pre existentes especialmente oferecem risco saude alteracoes psicologicas sedentarismo habitos_alimentares disfuncionais habitos_alimentares disfuncionais desacordo recomendado guia_alimentar_populacao_brasileira considerando aspectos presente estudo objetivou avaliar praticas_alimentares segundo guia_alimentar_populacao_brasileira professores segundo ano pandemia_covid_19 trata estudo epidemiologico transversal tipo web survey realizado professores atuam educacao basica educacao infantil ensino fundamental medio rede publica ensino estado minas gerais estudo recorte projeto profscoorte minas etapa minas covid condicoes saude trabalho professores rede estadual ensino minas gerais pesquisa ocorreu outubro dezembro 2021 estudo utilizado questionario autoaplicavel online avaliado dentre aspectos variaveis sociodemograficas comportamentais saude_mental praticas_alimentares 24 itens escore 0 72 baseada recomendacoes guia alimentar brasileiro regressao_poisson variancia_robusta utilizado determinar fatores_associados praticas_alimentares participaram estudo 1907 professores dentre maioria mulheres 77 2 vivem companheiro 60 8 pos graduacao 60 2 trabalhavam 40 horas semana 45 1 sobre praticas_alimentares 50 9 apresentaram praticas_alimentares saudaveis 38 7 necessidade modificacao 10 4 inadequacao relacao saude_mental satisfacao trabalho qualidade sono apesar maioria ter relatado problemas quanto questoes percentual elevado professores apresentou escores alterados questionarios sinaliza quadros indicativos depressao ansiedade transtornos_mentais comuns qualidade sono ruim escore medio escala avaliacao alimentacao 41 7 pontos dp=9 6 50 9 apresentaram praticas_alimentares saudaveis 38 7 necessidade modificacao 10 4 inadequacao praticas_alimentares saudaveis mostraram associadas sexo_masculino rp=1 14 pvalor= 0 016 menor idade rp=0 87 p valor=0 004 ter jornada trabalho superior 40 horas semanais rp=1 15 p valor=0 042 apresentar transtornos_mentais comuns rp=1 52 p valor=0 000 ter qualidade sono ruim rp=1 23 p valor=0 000 ser sedentario irregularmente ativo rp=1 30 p valor=0 000 metade professores relataram praticas_alimentares segundo guia alimentar necessidade modificacao inadequada associaram variaveis importantes modificaveis resultado indica necessidade olhar cuidadoso professores especialmente nesse periodo pandemia exigiu resiliencia professores diante todas adequacoes necessarias ensino remoto hibrido,4194,0.9903636896583952
24,"kefir, msg, sal, obeso, resistido, intermitente, cerebro, orc, ervas, somaticos",transicao nutricional conjunto obesidade constitui fatores importantes explicar aumento doencas_cronicas_transmissiveis dcnt brasil principais fatores_risco desenvolvimento dcnt relacionado habito_alimentar sabendo importancia comportamento_alimentar sobre perfil morbimortalidade alguns indices sido criados obter medida resumo principais caracteristicas alimentares populacoes grupos individuos facilitando avaliacao qualidade_dieta mesmos recente adaptacao indice alimentacao_saudavel ias populacao brasileira proposta previdelli et al 2011 autoras fizeram mudancas considerando realidade brasileira partir guia_alimentar_populacao_brasileira 2006 adaptando validando indice alimentacao_saudavel revisado ias r objetivou presente estudo avaliar qualidade global dieta fatores_associados adultos meia idade municipio vicosa minas gerais trata estudo_transversal realizado 367 individuos ambos_sexos faixa etaria 40 59 anos pertencentes subamostra estudo base_populacional consumo_alimentar coletado meio recordatorio 24h qualidade_dieta avaliada ias r considerou qualidade_dieta variavel dependente variaveis sociodemograficas comportamentais antropometricas pressao_arterial variaveis independentes analises estatisticas realizadas utilizando software stata versao 13 0 associacoes estimadas regressao_poisson permanecendo modelo final apenas variaveis apresentaram nivel significancia inferior 5 metade individuos avaliados apresentaram excesso_peso obesidade_abdominal hipertensao_arterial elevada relacao_cintura_quadril cintura estatura media pontuacao total ias r 66 0 pontos ic95 = 64 0 67 9 componentes cereais integrais leite_derivados menor media pontuacao variaveis independentes associadas maior tercil indice alimentacao_saudavel revisado ser fisicamente ativo rp = 1 64 ic95 = 1 16 2 32 sexo_feminino rp = 1 69 ic95 = 1 19 2 40 estar classe_economica renda baixa d rp = 1 72 ic95 = 1 13 2 62 resultados deste estudo indicaram ias r pode ser util investigacao qualidade_dieta populacao alem monitoramento politicas_publicas prevencao doencas_cronicas vez qualidade_dieta associada fatores modificaveis estilo_vida populacao,924,0.9898732357504808
24,"kefir, msg, sal, obeso, resistido, intermitente, cerebro, orc, ervas, somaticos",brasil terceiro maior produtor frutas mundoegrande parte dessa producao des tinada industria processamento alimentos gerando expressiva quantidade decoprodu tos agroindustriais geralmente descartados coprodutos naturalmente fonte compostos_bioativos existem mecanismos podem estimular producao destes postos nessa matriz caso fermentacao microrganismos pre selecionados bacterias acido laticas bal desta forma objetivo desteestudofoi realizara fermentacao inoculada lactobacillus plantarum53 l paracasei106 l caseil 26 l fer mentum56 co cultura proporcao 1 1 1 1 coprodutosdo processamentode ace rola malpighia emarginatad c ace goiaba psidium guajaval goi tempera tura 37 °c 200rpm 120 horas avaliando alteracoesno perfil compostos bioati durante fermentacao antes fermentacao realizaram analises caracterizacao fisico quimica coprodutos deacerola goiaba intervalos zero 8 24 48 72e 120 horas fermentacao realizadaa contagem celulas viaveisde lactobacillusprobioticos parametros fisico quimicos conteudode compostos_bioativos perfil fenolicos fenoli cos totais carotenoides_totais flavonoides vitamina_c atividade_antioxidante frap abts avaliados tempos zero 48 72e 120 horas fermentacao tempo zero dafermentacao contagem celulas viaveis lactobacillusprobioticos emace goi superior 8 5 log ufc ml apos 120 horas fermentacao caiu p=0 05 valores =5 5log ufc ml quanto parametros colorimetria aumentoda luminosidade reducao contraste longo fermentacao coprodutos fermentados apresentaram tonalidade tendendo ir vermelho vermelho amarelado durante periodo p=0 05 diminuicao conteudo solidos soluveis totaisdurante fermentacao concomitante aumentoda acidez titulavele reducao ph ambos coprodutos fermentados p=0 05 conteudo acido_ascorbico diminuiu paraacee aumentou paragoidurantea fermentacao p=0 05 diferentes compostos_fenolicos encontrados ace goidurante fermentacao oconteudo flavonoides fenolicos totais coprodutos fermentadosaumentou longo fermentacao possivelmente favoreceu amaior atividade_antioxidante observada principalmente ace p=0 05 confirmado analise_componentes_principais mostrou forte correlacao desses compostos atividade_antioxidante observada ensaios frap abts resultadosobtidos nesse estudoindicam fermentacaode coprodutos ace goi inoculados comcepas lactobacillusem co cultura l plantarum53 l paracasei106 l caseil 26 l fermentum56 pode ser estategia melhorar conteudo compostos_bioativos atividade_antioxidante consequentemente potenciais propriedades realizacionadas saude,3008,0.9865059997342281
24,"kefir, msg, sal, obeso, resistido, intermitente, cerebro, orc, ervas, somaticos",estudo objetivo investigar efeitos treinamento natacao sobre adiposidade pressao_arterial tolerancia_glicose sensibilidade_insulina modelo animal sindrome_metabolica sm utilizados 46 ratos espontaneamente hipertensos shr 2 dias vida peso inicial 6 496 + 0 177 g media + dp segundo oitavo dia vida 23 ratos receberam injecoes subcutaneas solucao glutamato monossodico msg vez dia dose 4 mg g peso_corporal grupo msg animais restantes receberam injecoes subcutaneas mesma dosagem solucao salina grupo sal n=23 apos 20 semanas vida grupos redivididos msg b sal b grupos baseline msg c sal c grupos controle msg t sal t grupos treinados animais grupos treinados submetidos treinamento natacao 5x semana 1 hora dia 80 capacidade aerobica 8 semanas ganho peso_corporal consumo_alimentar pressao_arterial tolerancia_glicose sensibilidade_insulina insulinemia jejum adiposidade visceral area adipocitos viscerais composicao carcaca eviscerada avaliados antes apos treinamento tratamento msg aumentou p<0 05 adiposidade visceral area adipocitos viscerais percentual_gordura carcaca reduziu p<0 05 percentual proteina agua carcaca tolerancia_glicose treinamento natacao reduziu p<0 05 consumo_alimentar msg t sal t pressao_arterial msg t sal t adiposidade visceral msg t aumentou p<0 05 percentual agua carcaca sal t percentual proteina carcaca msg t tolerancia_glicose msg t sal t sensibilidade_insulina msg t concluiu treinamento natacao eficiente melhorar pressao_arterial adiposidade visceral metabolismo_glicose modelo experimental sm,143,0.9840316965538625
25,"idade_gestacional, gpg, trimestre, gestantes, pre_natal, imc_pre_gestacional, pos_parto, iodo, parto, gestacional",introducao diabetes mellitus dm sindrome etiologia multipla pode decorrer falta insulina incapacidade acao desse hormonio resultando resistencia_insulina ri configurando hiperglicemia cronica gestantes dm podem ter desfechos maternos neonatais adversos associados sindromes hipertensivas gravidez shg afetam 25 desse grupo dentre intervencoes_nutricionais pode destacar padrao dietetico reducao hipertensao dietary approaches to stop hypertension dash padrao dash preconiza consumo_frutas vegetais produtos lacteos desnatados cereais integrais peixes aves nozes menor ingestao carne vermelha doces acucares consumo resulta aumento nutrientes potassio magnesio calcio assim fibras_alimentares sendo indicado inclusive individuos dm objetivo avaliar associacao padrao dietetico dash desfecho pre eclampsia pe gestantes dm previo metodos estudo_transversal aninhado ensaio_clinico desenvolvido gestantes adultas dm previo atendidas maternidade publica ambulatorio servico nutricao rio janeiro brasil investigados fatores_sociodemograficos obstetricos antropometricos avaliacao clinica condicoes nascer consumo_alimentar avaliado partir media dois recordatorios_24_horas respondidos gestantes 2º 3º trimestres gestacao adesao padrao dietetico dash avaliada segundo ingestao grupos alimentares cada 1000 kcal valor energetico total referido cada consulta grupos alimentares adaptados padrao dietetico dash original consumo avaliado gestantes g1 pre eclampsia g2 calculos media mediana desvios padroes testes_t student teste parametrico mann whtiney anova realizados variaveis numericas teste_qui_quadrado realizado variaveis categoricas analises apresentaram p<0 05 utilizadas modelo final regressao_logistica_multipla contendo variaveis explicativas desfecho resultados incluidas 47 gestantes periodo 2016 2019 media idade diferenca significativa g1 g2 p=0 96 sendo 30 87 desvio padrao dp = + 5 82 anos g1 30 77 dp= + 6 10 anos g2 considerando total dois grupos possuiam ensino medio completo ensino superior completo incompleto 70 2 n=33 apresentando diferencas significativas p=0 87 concerne acompanhamento pre_natal diferenca significativa numero consultas observadas diferencas quanto numero gestacoes paridade grupos relacao dados antropometricos maioria gestantes apresentou sobrepeso obesidade pre gestacional 68 2 n= 32 observada associacao variavel desfecho p=0 90 quanto adequacao ganho_peso observou tendencia associacao pre eclampsia pois apresentou maiores taxas inadequacao ganho_peso acima dentre gestantes pe p=0 099 entretanto observou tendencia ganho_peso_gestacional terceiro trimestre maior g1 comparado g2 p=0 098 p=0 099 observa ingestao calorias proteinas gorduras totais saturada monoinsaturada poli insaturada menor grupo pe comparada grupo pe relacao grupos alimentares avaliados associacao desfecho diferenca significativa grupo leguminosas tendencia grupo frutas indica quanto menor consumo leguminosas p=0 011 frutas p=0 060 maior associacao aparecimento pe conclusao consumo leguminosas associado risco menor surgimento pe frutas apresentou tendencia populacao estudada provavelmente presenca fibras antioxidantes composicao achados reforcam orientacoes nutricionais devem ser enfatizadas populacao questao longo acompanhamento pre_natal,2708,0.9863296046899491
25,"idade_gestacional, gpg, trimestre, gestantes, pre_natal, imc_pre_gestacional, pos_parto, iodo, parto, gestacional",processamento polpas constitui possibilidade utilizacao frutos povos tradicionais quilombolas inseridos contexto frutos nativos pouco consumidos tanto qualidade higienicossanitaria fundamental producao alimento seguro objetivo deste estudo avaliar processamento condicoes higienicossanitarias frutos polpas frutas comunidade quilombola pesquisa realizada comunidade remanescentes quilombo pombal goias brasil avaliacao condicoes fisico funcionais aplicada lista verificacao antes apos realizacao adequacoes estruturais capacitacoes implementacao manual boas praticas procedimentos operacionais padronizados dados categorizados acordo percentual adequacao realizadas analises microbiologicas 32 amostras incluindo frutos cerrado encontrados comunidade frutos polpas diferentes etapas fluxograma elencados perigos pontos criticos controle fluxograma producao diagnostico fisico funcional realizado indicou media conformidade blocos 30 18 sendo classificado grupo 3 insatisfatorio apos intervencoes verificou 62 13 conformidade classificacao grupo 2 regular p<0 05 efeito intervencao significativo p<0 05 cincos sete blocos avaliados analise microbiologica indicou todos frutos nativos coletados conformidade recomendacoes legislacao sanitaria vigente frutos polpas inseridos fluxograma processamento apresentaram acordo padroes sanitarios contagem coliformes termotolerantes pesquisa salmonella_spp porem contagem bolores leveduras oito polpas analisadas indicou cinco apresentaram contagem acima estabelecido legislacao resultados sugerem contaminacao fruto colheita multiplicacao destes micro organismos demais etapas sendo etapas lavagem envase capazes reduzir carga bolores leveduras entende adequacoes fisico funcionais implementadas importantes aumento percentual adequacao itens contudo persistencia falhas processo trabalho pode comprometer qualidade produto final ressaltando necessidade adequacao boas praticas,1649,0.9858234690596482
25,"idade_gestacional, gpg, trimestre, gestantes, pre_natal, imc_pre_gestacional, pos_parto, iodo, parto, gestacional",introducao desnutricao caracterizada condicao clinica decorrente deficiencia nutrientes pode ocasionar alteracoes sistemicas considerada problema critico saude_publica global afeta negativamente pessoas paises desenvolvimento quanto paises desenvolvidos presente estudo objetivo avaliar validade concorrente concordancia diagnostica ferramenta glim avaliacao_subjetiva_global asg viabilidade pratica clinica metodos estudo_transversal pacientes_adultos internados clinicas medicas cirurgicas dois hospitais universitarios diagnostico nutricional realizado meio dois metodos avaliacao_subjetiva_global asg sendo considerado metodo referencia criterios_glim meio 10 combinacoes criterios fenotipicos etiologicos realizados testes acuracia concordancia metodo viabilidade uso pratica clinica resultados estudo incluiu 231 pacientes destes 50 65 sexo_feminino 86 58 etnia parda preta 54 55 internados clinica cirurgica media idade pacientes 41 3 + 11 8 anos acordo asg verificada prevalencia desnutricao 35 49 prevalencia desnutricao identificada criterios_glim variou 4 33 41 56 dependendo combinacao criterios fenotipicos etiologicos utilizados combinacoes proporcionaram maiores prevalencias desnutricao glim 10 area muscular braco corrigida+ inflamacao 41 56 glim 6 circunferencia_panturrilha+ inflamacao 23 38 glim 9 area muscular braco corrigida+ ingestao_alimentar reduzida 19 05 acuracia metodo variou acordo combinacao criterios fenotipicos etiologicos utilizados combinacao glim 10 apresentou melhores valores sensibilidade 77 33 especificidade 75 64 coeficiente kappa 0 49 seguida combinacao glim 2 percentual perda_peso+ inflamacao 52 sensibilidade 97 44 especificidade indice kappa 0 56 sendo consideradas validade concorrente razoavel concordancia moderada utilizacao criterios_glim considerada viavel pratica clinica equipe assistencial conclusao combinacoes criterios_glim apresentaram concordancia moderada validade concorrente razoaveis acordo asg utilizadas pacientes clinicos cirurgicos atingindo suposicoes exigidas validade concorrente desta ferramenta recomendadas consenso glim,4924,0.9774199409993475
25,"idade_gestacional, gpg, trimestre, gestantes, pre_natal, imc_pre_gestacional, pos_parto, iodo, parto, gestacional",acesso ensino superior visto periodo ocorrem grandes mudancas vida adolescente jovem adulto inclusive modificacao habitos_alimentares estudantes recem ingressos adocao padroes_alimentares saudaveis sido frequente estudos diversos objetivo avaliar consumo_alimentar universitarios durante vida academica considerando influencia perfil_nutricional metodologia estudo_longitudinal desenvolvido discentes instituicao publica ensino superior minas gerais amostra 258 estudantes ingressos 2010 cuja participacao sujeita consentimento livre esclarecido dados coletados 2010 2011 2013 obtidas informacoes identificacao socioeconomicas antropometricas informacoes consumo_alimentar obtidas meio recordatorio 24h analisadas auxilio software virtual nutri R avaliacao qualitativa padrao consumo_alimentar referenciada segundo guia_alimentar_populacao_brasileira nivel atividade_fisica classificado segundo international physical activity questionnaires dados continuos normalidade analisada teste shapiro_wilk dados categoricos apresentados segundo frequencia distribuicao grupos perdas seguimentos testadas segundo teste_qui_quadrado dados consumo_alimentar comparados teste u mann_whitney acordo sexo teste friedman utilizado avaliar evolucao consumo_alimentar analise teste wilcoxon diferenca consumo software stata versao 10 0 utilizado auxiliar analises estatisticas considerando 5 nivel significancia testes realizados projeto submetido aprovado comite etica pesquisa seres_humanos ufop resultados 63 estudantes adultos 51 38 sexo_feminino 70 75 estudantes eutroficos homens consomem macronutrientes 1000 0kcal mulheres mantem padrao leguminosas 1000 0kcal p = 0 03 carne dia p = <0 0005 enquanto mulheres maior consumo acucares doces p = 0 001 apresentaram aumento consumo vegetais p = 0 05 enquanto reduziram consumo energia kg p = 0 012 carboidrato kg p = 0 01 proteinas kg p = 0 04 lipidios kg 0 022 leites derivados p = 0 048 homens aumentaram consumo porcoes 1000 0kcal leguminosas p = 0 024 reduziram consumo carboidratos laticinios sob todos parametros acucares doces segundo porcoes embora ocorrido perda seguimento 41 9 interferiu caracteristicas populacao conclusao geral variacao padrao_alimentar estudantes sob excecao alguns aspectos praticas_alimentares saudaveis recorrentes exigindo acoes intervencao educacao nutricional,1575,0.9483475418061155
25,"idade_gestacional, gpg, trimestre, gestantes, pre_natal, imc_pre_gestacional, pos_parto, iodo, parto, gestacional",resumo introducao organizacao_mundial_saude recomenda amamentacao exclusiva mantida sexto mes vida complementada segundo ano baseada evidencias cientificas apresentam beneficios aleitamento_materno segundo estudos_epidemiologicos aleitamento parece influenciar preferencias alimentares elementos importantes comportamento_alimentar caracterizado comportamento complexo correspondendo maneira individuo relaciona alimentacao formado rede multifacetada influencias geneticas ambientais disfuncionais conseguem provocar prejuizos saude estudo objetivo investigar pratica aleitamento_materno fator influenciador comportamento_alimentar infantil metodos estudo_observacional longitudinal composto duplas mae filho recrutadas hospitais publicos porto alegre 2011 2016 reavaliadas 2017 2019 dados sobre aleitamento_materno coletados primeira etapa estudo comportamento_alimentar avaliado 3 5 anos idade meio protocolo children s eating behaviour questionnaire divido 8 subescalas agrupa estilos alimentares interesse desinteresse comida sendo interesse comida associado excesso_peso obesidade desinteresse comida seletividade alimentar resultados participaram analises 107 duplas mae filho encontradas diferencas significativas caracteristicas maternas sujeitos participaram segunda fase relacao amostra infantil 56 1 n = 60 genero feminino 52 3 n = 56 cinco anos idade participantes 98 1 n = 105 amamentados primeiros dias vida duracao mediana 420 dias entretanto 46 7 n = 50 receberam formula infantil algum momento primeiro semestre correlacao positiva significativa subescalas resposta comida p = 0 043 sobreingestao emocional p = 0 038 desejo beber p = 0 044 estado_nutricional atual crianca associacao significativa menor pontuacao dominio interesse comida comportamento_alimentar duracao aleitamento_materno total maior seis meses p = 0 033 bem duracao aleitamento_materno_exclusivo maior tres meses p = 0 001 uso modelo regressao_linear confirmou relacao duracao amamentacao escore dominio apos ajustes variaveis genero renda numero gestacoes idade indice_massa_corporal crianca observou aumento dia aleitamento_materno total aleitamento_materno_exclusivo associado diminuicao escore total dominio interesse comida 0 044 ic 95 0 08 0 01 p = 0 027 ic 95 0 08 0 01 p = 0 010 respectivamente conclusao duracao aleitamento_materno total exclusivo relacionada comportamento_alimentar infantil proporcao maior periodo aleitamento constitui fator protetor contra atitudes refletem interesse comida,2943,0.9475604325555907
26,"gpx, sod, cat, oxidativo, mda, shr, estresse_oxidativo, peroxidacao, malondialdeido, glutationa_peroxidase",determinacao risco_nutricional primeiro passo cuidado_nutricional pacientes hospitalizados deve anteceder avaliacao_nutricional objetivo identificar risco momento internacao proporcionar intervencao precoce momento existe consenso sobre ferramenta melhor identifica risco_nutricional pacientes pediatricos hospitalizados objetivo deste trabalho identificar ferramentas triagem risco_nutricional trn desenvolvidas populacao pediatrica evidenciar prevalencia risco_nutricional avaliar validade criterio ferramentas disponiveis pacientes pediatricos hospitalizados quanto metodo realizada revisao_sistematica busca artigos bases dados pubmed embase scopus maio 2021 estrategia procura utilizou termos mesh populacao exposicao relacionadas risco_nutricional pacientes pediatricos utilizando operadores booleanos and or elegiveis estudos propuseram identificar prevalencia risco_nutricional criancas_adolescentes hospitalizados realizar validacao preditiva concorrente ferramentas trn processo selecao artigos conduzido segundo modelo recomendado cochrane collaboration qualidade metodologica estudos selecionados avaliada ferramentas newcastle ottawa adapted newcastle ottawa quality assessment of diagnostic accuracy studies quadas 2 concerne resultados 3 943 estudos incialmente identificados 48 preencheram criterios inclusao identificadas nove diferentes ferramentas trn pediatrica strongkids pyms stamp ferramentas avaliadas estudos prevalencia media risco_nutricional observada 60 26 variando 14 6 86 9 diferentes padroes referencia encontrados estudos realizaram validade concorrente ferramentas strongkids pyms apresentaram melhor desempenho diagnostico sensibilidade especificidade > 80 comparadas medidas_antropometricas avaliacao_nutricional completa risco_nutricional strongkids preditor maior tempo internacao cinco estudos necessidade intervencao nutricional estudo complicacoes durante internacao estudo risco_nutricional avaliado stamp pyms observou maior risco permanencia hospitalar prolongada estudo complicacoes durante internacao dois estudos qualidade metodologica estudos avaliados mostrou baixa moderada considerando resultados validade criterio validade concorrente preditiva qualidade metodologica replicabilidade achados conclui ferramenta strongkids apresentou melhor desempenho prever risco_nutricional predizer desfechos_clinicos pacientes pediatricos hospitalizados ainda faz necessario consenso relacao padrao referencia deve ser utilizado avaliacao acuracia diagnostica ferramentas trn pediatria,3667,0.9905782556955405
26,"gpx, sod, cat, oxidativo, mda, shr, estresse_oxidativo, peroxidacao, malondialdeido, glutationa_peroxidase",aleitamento_materno pratica ideal promocao_saude bebe promovendo crescimento desenvolvimento adequados crianca apesar ser processo natural amamentacao sofre influencia diversos fatores externos fatores culturais psicossociais economicos numero gestacoes renda padrao_alimentar mae embora grande numero estudos sobre prevalencia importancia aleitamento_materno poucos demostram elucidam fatores determinam sucesso insucesso desta pratica especialmente dois anos objetivo identificar avaliar fatores determinantes aleitamento_materno coorte criancas acompanhadas nascimento segundo ano vida residentes joao pessoa pb trata estudo seguimento coorte retrospectiva realizado periodo junho 2013 novembro 2015 envolvendo binomios mae filho recrutados ainda maternidade realizada analise sobrevivencia estimar tempo mediano amamentacao grupos expostos expostos definidos final estudo acordo caracteristicas observadas quatro meses crianca comparacoes curvas sobrevivencia feitas teste log rank construido modelo multiplo cox duracao mediana aleitamento_materno total 15 meses apresentaram relacao duracao total amamentacao escolaridade estado_nutricional materno introducao precoce formula leite mingau modelo multiplo somente introducao precoce formula leite permanceram modelo hr 2 48 ic 95 1 54 3 98 1 70 ic 95 1 06 2 72 respectivamente introducao precoce formula infantil outros leites mostrou fator determinante diminuicao tempo aleitamento_materno total pode ser utilizado importante indicador medidas oportunas promovam amamentacao dois anos vida crianca,1963,0.9874820523612124
26,"gpx, sod, cat, oxidativo, mda, shr, estresse_oxidativo, peroxidacao, malondialdeido, glutationa_peroxidase",mudancas cenario global nutricao preocupantes paises baixa media renda prevalencia obesidade aumentado rapidamente embora subnutricao continue sendo principais problemas saude_publica cenario conhecido dupla carga ma nutricao vem refletindo estado_nutricional estatura composicao_corporal criancas brasileiras entanto poucos estudos sido desenvolvidos priorizando criacao ferramentas baixo custo avaliacao composicao_corporal criancas assim objetivo presente estudo desenvolver validar internamente equacoes_preditivas percentual gordura_corporal derivada variaveis antropometricas criancas 7 10 anos idade utilizando dexa metodo referencia composicao_corporal avaliada 58 criancas 7 10 anos idade utilizando densitometria raio x dupla energia dexa analises antropometricas amostra estratificada sexo aleatoriamente distribuida dois grupos desenvolvimento validacao elaboracao novas equacoes estimativas percentagem gordura_corporal gc utilizando modelo estatistico regressao multipla stepwise forward duas novas equacoes estimativas desenvolvidas sexos ambas respectivamente explicaram 94 85 variacao total gc dexa duas novas equacoes demostraram boa concordancia metodos limites concordancia variando 1 33 1 24 meninos 3 35 4 08 meninas duas novas equacoes estimativas apropriadas estimar gc demais equacoes previamente publicadas novos estudos validacao necessarios testar capacidade preditiva novas equacoes desenvolvidas outras populacoes,3202,0.9860206168120652
26,"gpx, sod, cat, oxidativo, mda, shr, estresse_oxidativo, peroxidacao, malondialdeido, glutationa_peroxidase",mel malicia produzido abelha jandaira apresenta elevada capacidade_antioxidante in vitro bastante relacionada compostos_fenolicos presentes quais apresentam potencial terapeutico diversas doencas carater oxidativo dislipidemia caracterizada alteracoes perfil_lipidico plasmatico orgaos sistema cardiovascular digestorio presente trabalho objetivo avaliar potencial hipolipemiante antioxidante mel malicia mimosa quadrivalvis l bem influencia consumo deste sobre alguns parametros saude_intestinal contagem micro organismos excrecao acidos organicos ratos sadios dislipidemicos mel obtido diretamente meliponarios localizados regiao semiarida nordeste brasileiro modelo animal utilizados trinta dois ratos 90 dias idade randomizados grupos controle sadio cs dislipidemico cd grupos experimentais sadio esm dislipidemico edm suplementados mel via orogastrica 1000 mg kg peso_corporal cinco semanas inducao dislipidemia realizada mediante administracao dieta dislipidemica grupos cd edm concomitante periodo tratamento apos periodo mensurados peso_corporal consumo_alimentar parametros_bioquimicos acidos organicos contagem micro organismos bifidobacterium lactobacillus fezes gordura_visceral hepatica marcador estresse_oxidativo malonaldeido mda enzimas antioxidantes glutationa_peroxidase gpx superoxido_dismutase sod alem histopatologia figado intestino resultados submetidos analise variancia pos teste_tukey p<0 05 consumo_alimentar ratos dislipidemicos menor grupos sadios mel malicia alterou peso_corporal ratos suplementados melhorou tolerancia_glicose suplementacao ratos dislipidemicos resultou aumento contagem bifidobacterium lactobacillus fezes maior excrecao acidos organicos acidos acetico latico butirico malico succinico tartarico relacionados metabolismo destas bacterias bem melhorou niveis lipidios enzimas hepaticas soro comparacao dc p<0 05 entretanto consumo mel malicia aumentou percentual_gordura hepatica apresentou efeito sobre gordura_visceral suplementacao mel malicia apresentou alteracao quanto peroxidacao lipidios mda entanto aumentou atividade enzimatica sod diminuiu atividade enzimatica gpx ainda consumo mel malicia mostrou efeito protetor sobre tecido_hepatico atenuando esteatose_hepatica revertendo lesoes epitelio intestinal ratos dislipidemicos suplementados deste modo mel malicia produzido abelha jandaira contribuiu forma positiva melhoria saude_intestinal apresenta potencial hipolipemiante antioxidante podendo ser considerado adjuvante tratamento dislipidemia vindo melhorar alteracoes hepaticas intestinais causadas doenca,2380,0.9833464240527214
26,"gpx, sod, cat, oxidativo, mda, shr, estresse_oxidativo, peroxidacao, malondialdeido, glutationa_peroxidase",declinio desempenho_fisico df vem sendo associado desfechos adversos saude idosos porem escassos estudos longitudinais avaliam multiplos desfechos autopercepcao negativa saude ans elevado numero consultas saude incapacidade fisica quedas hospitalizacoes assim presente tese objetivos descrever mudancas df avaliado diferentes criterios respectivos fatores_associados alem relacao baixo df ocorrencia cinco desfechos saude observados seis anos acompanhamento 1451 idosos comunitarios residentes zona_urbana municipio pelotas rs incluidos estudo_transversal base_populacional realizado 2014 baseline  como vai   reavaliados 2019 20 estudo_longitudinal df avaliado dois periodos atraves testes velocidade marcha vm timed up and go tug autopercepcao saude numero consultas saude ocorrencia quedas hospitalizacoes obtidas mediante relato idosos acompanhamento 2019 20 enquanto incapacidade fisica medida utilizando escala proposta katz associacoes mudanca vm tug 2014 2019 20 variaveis interesse obtidas meio modelos lineares mistos ajustando fatores confusao associacao baixo df ocorrencia desfechos saude avaliada regressao_poisson variancia_robusta apresentaram informacoes df dois momentos 478 idosos aproximadamente 68 participantes apresentaram declinio vm tug enquanto 20 alteracao significativa vm 9 tempo tug df estavel 12 23 melhoraram df partir vm tug respectivamente associados diminuicao vm sexo_masculino viver companheiro separado ter ensino superior ter consumido alcool ultimo mes enquanto idade avancada baixo nivel socioeconomico inatividade_fisica excesso_peso associados piora df partir tug resultados testes fisicos associaram ans numero consultas profissionais_saude entretanto apresentar baixo df baseline vm tug associado incapacidade fisica 2019 20 baixo df tug 2014 associado ocorrencia quedas subsequentes rp=1 57 ic95 1 13 2 18 declinio vm associado hospitalizacao rp=1 86 ic95 1 05 3 31 estudo mostrou maioria participantes apresentou declinio df fatores fortemente associados modificaveis sexo idade alem disso baixo df associado incapacidade fisica quedas hospitalizacao seis anos assim avaliacoes consecutivas df devem sinalizar medidas preventivas dirigidas idoso prevenindo incidencia desfechos adversos saude,4312,0.9826488956543706
27,"idosos, idosas, idoso, fragilidade, idosos_institucionalizados, envelhecimento, populacao_idosa, pessoas_idosas, cognitivo, incapacidade",trabalho faz parte estudo_coorte realizado idosos_institucionalizados intitulado como vai  objetivo avaliar associacao bidirecional forca_muscular presenca sintomas_depressivos idosos_institucionalizados sul brasil 1 451 idosos 60 anos entrevistados 2014 537 acompanhados 2019 20 ambos anos entrevistas ocorreram presencialmente meio questionario sobre situacao sociodemografica afericao medidas_antropometricas realizacao testes fisicos forca_muscular mensurada nestes dois momentos partir dinamometro manual digital ocorrencia sintomas_depressivos conforme geriatric depressive scale gds 10 classificados baixa forca_muscular idosos valores abaixo 33 8 kg homens 18 9 kg mulheres considerou sintomas_depressivos presentes atingida pontuacao igual superior cinco gds 10 covariaveis presentes neste estudo incluidas conforme avaliacao entrevista 2014 sendo seguintes sexo idade cor_pele situacao conjugal escolaridade nivel economico situacao ocupacional qualidade_dieta atividade_fisica tabagismo indice massa_muscular imc diagnostico doenca_cardiovascular cerebrovascular utilizou analises multivariadas associacoes sintomas_depressivos baixa forca_muscular afim investigar bidirecionalidade analise cross lagged panel model clpm observou 14 1 idosos 2014 apresentavam sintomas_depressivos seguido 17 3 ano 2019 20 relacao baixa forca_muscular 25 8 observadas 2014 prevalencia aumentou significativamente 37 7 2019 20 observaram associacoes estatisticamente_significativas baixa forca_muscular ocorrencia sintomas_depressivos ambas entrevistas 2014 frequencia sintomas_depressivos idosos baixa forca_muscular 1 5 vezes maior forca_muscular normal rp 1 46 ic95 1 24 1 72 p<0 001 mesma forma verificar probabilidade apresentar baixa forca_muscular quase duas vezes maior idosos sintomas_depressivos classificados condicao rp 1 74 ic95 1 34 2 27 p<0 001 associacao longitudinal baixa forca_muscular sintomas_depressivos medida efeito observada analise transversal variaveis coletadas 2019 20 inferior observado 2014 medida efeito variaveis avaliacao 2014 estatisticamente_significativa apenas idosos jovens <75 anos rp= 1 68 ic95 1 35 2 08 p<0 001 partir desse estudo ressaltamos importancia momento oportuno comeco terceira idade realizacao acoes ocasionem diminuicao perda forca_muscular inerente idade ocorrencia sintomas_depressivos atuando atraves medidas promocao_saude estimulo alimentacao_saudavel pratica_atividade_fisica independencia funcional interacao social volume composto projeto pesquisa seguido relatorio trabalho campo alteracoes referentes projeto pesquisa artigo original normas publicacao revista the journal of nutrition health aging artigo compoe dissertacao submetido,3396,0.9766390212664742
27,"idosos, idosas, idoso, fragilidade, idosos_institucionalizados, envelhecimento, populacao_idosa, pessoas_idosas, cognitivo, incapacidade",introducao doenca_renal_cronica drc atualmente considerada problema saude_publica obesidade condicao comumente observada nesta populacao sido apontada fator risco independente desenvolvimento progressao drc estudos evidenciam prevalencia obesidade vem aumentando paralelamente crescimento incidencia drc alteracoes hormonais metabolicas decorrentes drc incluindo hiperfosfatemia hipocalcemia aumento secrecao paratormonio pth fator crescimento fibroblastos 23 fgf 23 diminuicao sintese renal calcitriol 1 25 oh 2 d principais fatores responsaveis surgimento disturbio mineral osseo doenca_renal_cronica dmo drc ampla sindrome clinica engloba desordens minerais osseas calcificacao cardiovascular associacao drc obesidade pode promover alteracoes tecido osseo agravando qualidade_vida desses pacientes estudos mostram exercicio_fisico melhora varios aspectos capacidade fisica funcional pacientes drc entanto pouco estudado sobre impacto exercicio_fisico metabolismo osseo destes pacientes condicoes saude algumas situacoes clinicas marcadores sericos metabolismo osseo sido identificados empregados detectar dinamica metabolismo osseo reposta exercicio_fisico objetivos avaliar efeito treinamento_fisico aerobico sobre marcadores metabolismo osseo pacientes drc excesso_peso fase dialitica metodos trata estudo prospectivo longitudinal analise post hoc estudo controlado randomizado objetivo comparar efeito exercicio aerobico caminhada realizado distancia realizado centro especializado sobre parametros cardiorrespiratorios funcionais pacientes drc excesso_peso presente estudo incluidos 39 pacientes sedentarios 69 sexo_masculino encontravam estagios 3 4 drc idade 55 5+ 8 3 anos media + dp imc 31 2+ 4 4 kg m2 taxa filtracao glomerular estimada tfge 26 9+ 11 7 ml min 1 73m2 pacientes randomicamente alocados grupo exercicio n= 24 grupo_controle n= 15 sendo grupo exercicio formado pacientes fizeram exercicios domicilio centro treinamento n= 24 pacientes submetidos testes avaliacao capacidade cardiorrespiratoria capacidade_funcional exames laboratoriais rotina antes apos 24 semanas seguimento programa treinamento conduzido acordo vo2pico pacientes alem marcadores tradicionais metabolismo mineral osseo pth calcio fosforo fostatase alcalina total analisados osteocalcina carboxilada gla osteocalcina descarboxilada glu esclerostina fosfatase acida resistente tartarato isoforma 5b trap 5b partir soro armazenado 80º c analises desses biomarcadores feitas ensaio imunoenzimatico elisa acordo especificacoes fornecedores resultados inicio estudo observadas diferencas grupos quanto parametros demograficos clinicos capacidade fisica funcional composicao_corporal biomarcadores metabolismo osseo analise transversal inicial observou correlacao inversa gla glu tfge trap 5b esclerostina correlacionaram inversamente teste caminhada 6 minutos teste time up go respectivamente gla esclerostina apresentaram correlacao inversa gordura_corporal enquanto glu correlacionou inversamente marcadores massa_muscular vo2pico marcador capacidade cardiorrespiratoria correlacionou nenhum marcadores metabolismo osseo analisados pacientes grupo exercicio apresentaram melhora significante marcadores capacidade fisica funcional estudados modificacao grupo_controle ambos grupos tfge peso_corporal parametros composicao_corporal alteraram durante estudo excecao fosfatase alcalina total aumentou grupo exercicio_fisico observadas alteracoes biomarcadores metabolismo osseo investigados ambos grupos conclusao estudo mostrou treinamento aerobio proposto promoveu alteracoes relevantes marcadores metabolismo osseo estudados apesar melhora capacidade fisica pacientes,1678,0.9669625617299619
27,"idosos, idosas, idoso, fragilidade, idosos_institucionalizados, envelhecimento, populacao_idosa, pessoas_idosas, cognitivo, incapacidade",ultimos anos introduzido conceito obesidade_abdominal dinapenica caracterizada perda forca_muscular somada acumulo gordura central estudos mostram condicao idosos associada incapacidade funcional quedas baixo desempenho_fisico hospitalizacao mortalidade nesse sentido estudo objetivo analisar associacao obesidade_abdominal dinapenica incapacidade funcional desempenho_fisico idosos_institucionalizados residentes cidade pelotas rs utilizados dados linha base estudo_longitudinal base_populacional denominado vai iniciado cidade pelotas 2014 presena dinapenia avaliada atraves baixa forca_muscular medida dinamometro obesidade_abdominal avaliada medida circunferencia_cintura aferida fita metrica relacao desfechos desempenho_fisico avaliado meio teste velocidade marcha incapacidade funcional partir indice katz associacao exposicao velocidade marcha investigada utilizando regressao_linear bruta ajustada possiveis fatores confusao enquanto incapacidade funcional utilizou regressao_poisson bruta ajustada ajuste variancia_robusta considerando nivel significancia 5 entrevistados 1 451 idosos 2014 verificou individuos obesidade_abdominal dinapenica apresentaram menor media velocidade marcha relacao idosos nenhuma dessas condicoes alem disso observou obesidade_abdominal dinapenia isoladamente associadas menor velocidade marcha analisar capacidade_funcional observou idosas apresentaram obesidade_abdominal obesidade_abdominal dinapenica mostraram prevalencia incapacidade funcional maior comparadas idosas qualquer condicao idosos sexo_masculino associacao estatisticamente_significativa resultados presente estudo indicam importancia incluir obesidade_abdominal dinapenia avaliacao risco incapacidade funcional baixo desempenho_fisico idosos principalmente ambas condicoes presentes paciente fim promover mudancas significativas prevenir agravos nessa populacao,4310,0.9483363548947549
27,"idosos, idosas, idoso, fragilidade, idosos_institucionalizados, envelhecimento, populacao_idosa, pessoas_idosas, cognitivo, incapacidade",trata estudo_transversal visa avaliar situacao seguranca niveis inseguranca_alimentar diferentes territorios cidade salvador considerando fatores demograficos socioambientais perspectiva desigualdades estudo utilizou dados pesquisa qualidade ambiente urbano salvador qualisalvador analises realizadas 15 171 domicilios georreferenciados selecionados aleatoriedade 160 bairros cidade salvador variavel exposicao principal situacao inseguranca_alimentar domicilios avaliada atraves escala_brasileira_inseguranca_alimentar variaveis demograficas socioambientais utilizadas selecionadas questionario 62 perguntas utilizado pesquisa realizada analise descritiva caracteristicas populacao investigada posteriormente analises bivariadas magnitude associacao inseguranca_alimentar possiveis fatores preditores estimado calculo razao chances odds ratio or adotando intervalo confianca 95 ic95 realizadas analises utilizando regressao_logistica_multinomial permaneceram modelo variaveis mostraram niveis significancia estatistica segundo p < 0 05 utilizou analise cluster compreender perfil territorios intra urbano salvador associados situacao inseguranca_alimentar grave prevalencia inseguranca_alimentar salvador 40 96 observando grande diferenca macrozonas orla atlantica 25 8 area urbana consolidada 33 0 suburbio 45 7 miolo 47 9 salvador nove fatores demograficos socioambientais analisados apresentaram associacao ial iamg responsavel domicilio ser sexo_feminino ial or 1 17 ic95 1 08 1 27 iamg or 1 54 ic95 1 40 1 70 cor_pele diferente branca ial or 1 17 ic95 1 04 1 33 iamg or 1 46 ic95 1 24 1 72 faixa etaria 30 59 anos ial or 1 46 ic95 1 33 1 60 iamg or 1 48 ic95 1 33 1 64 ter quatro anos estudo ial or 2 00 ic95 1 61 2 47 iamg or 4 94 ic95 3 83 6 35 renda_familiar per capita 1 2 salario_minimo ial or 2 62 ic95 2 37 2 93 iamg or 4 03 ic95 3 53 4 60 presenca menor 5 anos domicilio ial or 1 29 ic95 1 16 1 44 iamg or 1 10 ic95 0 97 1 25 2 habitantes dormitorio ial or 1 16 ic95 1 05 1 29 iamg or 1 46 ic95 1 30 1 63 fornecimento agua intermitente possuir ligacao rede ial or 1 49 ic95 1 35 1 65 iamg or 1 76 ic95 1 58 1 96 considerar condicao ambiente urbano bairro onde mora ruim ial or 1 57 ic95 1 36 1 81 iamg or 2 03 ic95 1 73 2 38 macrozonas apresentaram numero fatores_associados diferentes miolo nove suburbio oito area urbana consolidada sete orla atlantica seis analisar sobreposicao fatores demograficos socioambientais percebe segregacao socioespacial territorio bairros maior acumulo fatores vulnerabilidade apresentaram maiores prevalencias inseguranca_alimentar grave assim situacao inseguranca_alimentar sofre influencia territorio infraestrutura garantia seguranca_alimentar_nutricional depende multiplas determinacoes sociais economicas domiciliares culturais ambientais ser estabelecida analise homem meio amplia olhar dimensao territorio relacao inseguranca_alimentar contribui melhor monitoramento acoes visem garantia seguranca_alimentar_nutricional,3779,0.9441629954567173
27,"idosos, idosas, idoso, fragilidade, idosos_institucionalizados, envelhecimento, populacao_idosa, pessoas_idosas, cognitivo, incapacidade",brasil populacao envelhecido ritmo acelerado sendo importante compreender caracteristicas processo envelhecimento submetem organismo alteracoes repercussoes sobre condicoes saude nutricao idoso especialmente residem instituicoes admissao individuo instituicoes longa permanencia idosos ilpis impoe alteracoes rotina sobretudo area alimentacao pode fragilizar estado_nutricional idoso ultimos anos sido desenvolvidos instrumentos permitem avaliar estado_nutricional idosos mini avaliacao_nutricional man utilizada avaliar grupo etario mundo finalidade identificar idosos desnutridos risco desnutricao objetivo avaliar estado_nutricional fatores_associados idosos residentes ilpis cidade salvador segundo man metodologia estudo_transversal realizado 296 idosos residentes 13 ilpis aplicado questionario padronizado alem man mini exame estado mental meem escala geriatrica depressao egd 15 escala atividades vida diaria avds analise dados envolveu alem estatisticas descritivas testes_t student qui_quadrado pearson exato fisher calculo correlacao variaveis continuas utilizado coeficiente correlacao_pearson calculadas razoes prevalencia rp brutas ajustadas segundo regressao_poisson intervalos confianca 95 resultados maior parte idosos 67 5 desnutrida risco desnutricao man correlacionou meem r=0 459 p=0 000 escala avds r=0 555 p=0 000 escore egd 15 r= 0 201 p=0 004 idade r= 0 115 p=0 049 analise multivariada apenas capacidade_funcional avds apresentou rp estatisticamente significante conclusao desnutricao risco desnutricao condicoes ocorrencia expressiva idosos avaliados escolaridade consumo alcool capacidade cognitiva capacidade_funcional associaram estado_nutricional entanto ultima variavel apresentou maior correlacao estado_nutricional observado individuos dependentes parcialmente dependentes realizacao avds desnutridos risco individuos independentes resultados obtidos sugerem necessidade abordagem interdisciplinar contexto institucionalizacao sentido melhorar saude qualidade_vida idoso,668,0.9358524095074675
28,"angulo_fase, especificidade, braco, mis, roc, tav, cutanea, cmb, auc, sensibilidade",introducao ausencia tecnica ideal avaliar estado_nutricional pacientes renais buscado identificar parametros capazes diagnosticar desnutricao objetivo deste estudo verificar acuracia diagnostica forca aperto mao fam angulo_fase af avaliacao desnutricao pacientes submetidos hemodialise hd metodos estudo avaliacao acuracia diagnostica parametros nutricionais pacientes hd acuracia pontos corte desnutricao fam af investigados meio curvas roc receiver operating characteristic caracteristicas operacao receptor utilizando padrao referencia avaliacao_subjetiva_global asg escore desnutricao inflamacao malnutrition inflammation score mis rastreamento risco_nutricional 2002 nutritional risk screening 2002 nrs 2002 associacao fam af outros parametros nutricionais indice_massa_corporal imc porcentagem massa gordura mg massa livre gordura mlg circunferencia_braco cb circunferencia muscular braco cmb af fam verificada correlacao regressao_linear_multipla considerando significancia p < 0 05 resultados avaliados 138 pacientes 85 homens idade 24 84 anos media 55 4 + 15 2 anos area abaixo curva area under the curve auc fam af mostrou moderada acuracia mulheres fam asg = 0 818 mis = 0 834 nrs 2002 = 0 882 af asg = 0 718 mis = 0 780 nrs 2002 = 0 778 baixa homens fam asg = 0 646 mis = 0 606 nrs 2002 = 0 620 af asg = 0 570 mis = 0 662 nrs 2002 = 0 668 valores preditivos positivos negativos maiores mulheres pontos corte diagnostico_desnutricao acordo padrao referencia mis < 18 kg < 28 5 kg fam < 6 1° 6 5° af mulheres homens respectivamente correlacao positiva moderada fam af r = 0 396 p < 0 001 mlg mulheres r = 0 340 p = 0 013 homens r = 535 p = < 0 001 ambos_sexos apenas caso homens cb r = 0 384 p < 0 001 cmb r = 0 386 p < 0 001 af correlacao positiva fraca homens imc r = 0 270 p < 0 019 moderada cb r = 0 464 p <0 001 cmb r = 0 335 p < 0 001 caso mulheres pacientes diagnosticadas desnutridas fam menores valores af = 1 00 mlg = 3 15 cb = 2 80 enquanto homens pacientes desnutridos menores valores mlg = 4 53 cb = 1 71 cmb = 1 28 mulheres consideradas desnutridas af valores menores mg = 5 4 fam = 5 4 enquanto homens desnutridos valores menores cb = 2 57 cmb = 2 07 imc = 2 44 conclusao fam af apresentaram acuracia diagnostico_desnutricao mulheres associacao maioria parametros nutricionais ambos_sexos sugerindo dois parametros nutricionais podem ser uteis utilizados complemento avaliacao desnutricao pacientes hd,444,0.9880965998633628
28,"angulo_fase, especificidade, braco, mis, roc, tav, cutanea, cmb, auc, sensibilidade",angulo_fase af obtido partir analise impedancia_bioeletrica bia sido interpretado indicador integridade membrana ser considerado preditor massa celular sido utilizado indicador nutricional objetivo avaliar angulo_fase af indicador estado_nutricional pacientes cancer trato digestorio metodo estudo_transversal derivado projeto maior intitulado indicadores estado_nutricional cancer trato digestorio composto 71 pacientes diagnostico cancer trato digestorio admitidos hospital santa izabel santa casa misericordia bahia salvador dados obtidos avaliacao estado_nutricional atraves circunferencia_braco cb dobra cutanea tricipital dct circunferencia muscular braco cmb circunferencia_panturrilha cp indice_massa_corporal imc espessura musculo adutor polegar emap dinamometria avaliacao_subjetiva_global asg contagem total linfocitos ctl comparados medida angulo_fase padronizado afp obtida partir analise impedancia_bioeletrica bioelectrical impedance analysis bia realizada analise descritiva coeficiente kappa teste_qui_quadrado exato fisher teste t student coeficiente correlacao_pearson construcao analise curva roc receiver operating characteristic curve considerado nivel significancia p<0 05 resultados excecao ctl todos demais metodos observaram valores medios afp menores pacientes desnutridos significancia estatistica melhores concordancias metodos obtidas afp dinamometria 0 48 p<0 001 afp asg 0 44 p<0 001 maioria indicadores apresentou correlacao positiva afp exceto ctl dinamometria sendo imc apresentou melhor coeficiente correlacao r = 0 56 p < 0 001 utilizando asg referencia ponto corte afp melhor sensibilidade 79 especificidade 71 1 57 area_sob_curva roc 0 83 conclusao achados sugerem habilidade afp detectar comprometimento estado_nutricional podendo afp ser considerado potencial indicador nutricional cancer gastrintestinal,343,0.986961130536854
28,"angulo_fase, especificidade, braco, mis, roc, tav, cutanea, cmb, auc, sensibilidade",antropometria bioimpedancia metodos validados avaliacao_nutricional pacientes hiv aids podem ter acuracia reduzida diante alteracoes composicao_corporal comuns nesses pacientes assim importante investigar utilizacao parametros estado_nutricional sofram minima influencia dessas alteracoes angulo_fase af ser facilmente obtido depender equacoes_preditivas sofrer minima influencia redistribuicao gordura_corporal poderia ser indicador escolha avaliacao desses pacientes porem papel marcador estado_nutricional ainda bem elucidado objetivo objetivo desse estudo avaliar relacao af parametros estimados partir dois diferentes metodos avaliacao estado_nutricional pacientes hiv aids metodos estudo_transversal avaliou 93 individuos ambos_sexos hiv aids antropometria indice_massa_corporal imc area muscular braco corrigida ambc bioimpedancia percentual massa_magra mm percentual massa celular corporal mcc relacao massa extracelular massa celular corporal mcc af af padronizado realizados teste t student analise correlacao_pearson analise concordancia partir coeficiente kappa verificar relacao af ambos metodos resultados pacientes af af padronizado abaixo mediana apresentaram menores valores medios ambc relacao mcc imc mcc af af padronizado apresentaram forte correlacao inversa estatisticamente significante relacao mcc tanto amostra total quanto sexo verificadas ainda diferentes graus correlacao af af padronizado imc ambc mcc observou apenas moderada concordancia af relacao mcc amostra total boa concordancia sexo_masculino af padronizado obteve moderada concordancia relacao apenas sexo_masculino conclusao apesar boa correlacao parametros associados massa_muscular desnutricao pacientes menores af apresentarem pior estado_nutricional acordo alguns indicadores af apresentou boa concordancia parametros estado_nutricional pacientes hiv aids assim observado outras condicoes clinicas,347,0.9791812235672465
28,"angulo_fase, especificidade, braco, mis, roc, tav, cutanea, cmb, auc, sensibilidade",introducao nutricao possui papel importante periodo pre pos natal tendo vista participacao desenvolvimento cerebral contribuicao aquisicao habilidades neuropsicomotoras efeitos duradouros saude individuo nesse cenario avaliar alimentacao gestacional adquire relevancia saude binomio mae filho objetivos caracterizar qualidade_dieta gestacional fatores interferentes bem identificar associacao desenvolvimento_infantil percebido pais 6º mes vida crianca metodos coorte prospectiva desenvolvida mulheres n=236 recrutadas puerperio imediato 2018 2019 hospital_universitario acompanhadas 6º mes pos_parto n=27 coletados dados_sociodemograficos pre gestacionais periodo gravidico bem parametros clinicos antropometricos filhos participantes consumo_alimentar gestacional avaliado partir questionario_frequencia_alimentar posterior calculo indice_qualidade_dieta adaptado gestantes iqdag escore total desse indice categorizado boa qualidade_dieta >80 precisando melhorias 50 80 qualidade_dieta ruim <50 desenvolvimento_infantil avaliado meio questionario marcos desenvolvimento survey of wellbeing of young children versao brasileira md swyc br 6º mes vida resultados mulheres apresentaram mediana min max 28 19 43 anos idade 2 1 9 filhos maioria 66 0 tendo cursado ensino medio pontuacao media iqdag 67 3+ 14 5 pontos sendo componentes leguminosas calcio omega_3 melhores pontuados enquanto frutas hortalicas piores maioria participantes apresentou dieta precisando melhorias 66 1 numero filhos relacionado escore iqdag =2 75 ic 95 =1 264 26 r2=0 05 p=<0 001 amostra infantil apresentou pontuacao media md swyc br 15 7+ 2 8 tendo 14 8 alcancado valores inferiores esperado idade correlacao positiva ingestao_diaria fibras r=0 528 ferro r=0 516 omega_3 r=0 553 pontuacao md swyc br p<0 05 entretanto apenas ingestao ferro favoreceu incremento pontos md swyc br apos ajustes calorias consumidas idade escolaridade numero filhos =0 41 ic 95 =0 140 69 r² ajustado=0 556 p=0 001 conclusao parcela expressiva participantes estudo consumiu dieta gestacional baixa qualidade identificou contribuicao favoravel numero filhos escore iqdag ingestao ferro gestacional mostrou preditora aquisicao pontos desenvolvimento_infantil 6º mes vida tais dados denotam importancia acoes educacao_alimentar_nutricional gestacao sobretudo primiparas alem demostrar potencial nutricao pre_natal principalmente nutriente ferro desenvolvimento_infantil,4065,0.9759940800378354
28,"angulo_fase, especificidade, braco, mis, roc, tav, cutanea, cmb, auc, sensibilidade",diante estilo_vida inadequado adotado mundo moderno cafe_manha cm refeicao negligenciada baixo consumo_alimentos regionais principais refeicoes sobretudo cm pode indicar utilizacao recursos alimentares locais facil acesso objetivo analisar frequencia realizacao cafe_manha composicao_nutricional habito consumo_alimentos regionais nessa refeicao usuarios adultos programa restaurantes populares brasil materiais metodos primeira parte pesquisa constitui revisao bibliografica tipo integrativa realizada periodo decada bases dados eletronicas medline lilacs scielo seguintes descritores desjejum desjejum regional cafe_manha cafe_manha regional segunda parte pesquisa constitui dois estudos transversais exploratorios amostra total constituida 1 872 individuos frequentadores 36 restaurantes vinculados programa restaurantes populares individuos informaram tres dias recordatorios_24_horas cujos dados consumo_alimentar analisados individuo unidade restaurante regiao geografica analise composicao_nutricional considerados dados 1 547 entrevistados cujos analisados sexo faixa etaria renda per capita escolaridade regiao consumo grupos lacteos cereais frutas raizes tuberculos carnes ovos analisados frequencia_consumo independentemente tamanho porcao ingerida valor energetico total macronutrientes fibras acidos_graxos monoinsaturados saturados trans analisados valores contribuicao recomendacao cada nutriente calcio sodio avaliados relacao percentual contribuicao dia consumo analise dados consumo_alimentos regionais classificacao qualitativa cm considerado total amostra 1 872 usuarios cujos analisados sexo faixa etaria renda per capita escolaridade profissao estado_civil participacao programas governo nacionalidade analise qualitativa cm adotado metodo classifica refeicao acordo presenca ausencia alimentos cm padrao presenca alimentos fontes calcio energia cm completo presenca alimentos fontes calcio energia minerais vitaminas fibras cm incompleto quaisquer outros alimentos contemplem combinacoes cm padrao cm completo cm ausente supressao ausencia total consumo alimento analise marcadores identidade alimentar cm formados grupos bebidas cereais substitutos ricos carboidratos complexos complementos cereais frutas acucar adocante alguns alimentos preparacoes regionais resultados revisao integrativa 242 artigos atendiam criterios inclusao apenas 5 abordaram tema regionalidade alimentar cm tanto analise composicao_nutricional analise qualitativa cm predominio homens individuos faixa etaria 25 34 anos nivel_escolaridade ensino medio completo faixa renda per capita 0 5 salario_minimo 4 641 cm previstos analise composicao_nutricional 797 17 2 realizados sendo analisados 3 844 cm analise grupos alimentos mostrou alto consumo lacteos cereais baixos consumo_frutas raizes tuberculos carnes ovos percentuais nacionais contribuicao energetica macronutrientes valor energetico total adequados dieta equilibrada percentuais nacionais contribuicao acidos_graxos_saturados acidos_graxos trans encontraram dentro recomendacao sendo analise regional mostrou niveis consumo elevados desses mesmos nutrientes regiao centro oeste acidos_graxos_saturados regiao nordeste media nacional ingestao fibras cm baixa concordando resultado encontrado baixo consumo_frutas consumo nacional calcio cobriu 73 49 esperado consumo sodio adequado relacao analise qualitativa consumo_alimentos regionais 5 616 refeicoes previstas tres dias consumo 17 3 realizadas sendo analisados 4 642 cm cm tipo padrao predominante todas regioes cm completo pouco consumido participantes individuos realizaram cm restaurantes populares consumiram alimentos_regionais regiao maior consumo_alimentos regionais centro oeste 46 6 sul 45 9 sendo alimentos_regionais consumidos todas regioes presunto cuscuz laranja alimentos consumidos cm cafe leite leite cafe acucar pao margarina indicando marcadores identidade alimentar cm amostra estudada conclusao revisao intregrativa realizada mostrou tema pouco estudado brasil mundo enfoque consumo_alimentos regionais pouco frequente individuos pesquisados consumiram cm equilibrado relacao composicao nutrientes exceto relacao alto consumo acidos_graxos_saturados trans regiao centro oeste acidos_graxos_saturados regiao nordeste embora consumo lacteos apresentado grupos consumidos consumo calcio baixo indicando necessidade maior consumo_alimentos fontes desse nutriente considerando percentual cm tipo padrao predominante consumo embutidos acentuado necessarias acoes estimulo consumo_frutas alimentos_in_natura todas refeicoes sobretudo primeira refeicao dia,1424,0.9725124859452121
29,"simbiotico, microbiota_intestinal, intestinal, microbiota, disbiose, permeabilidade_intestinal, bifidobacterium, agcc, ctl, constipacao",inflamacao intestinal contribui desequilibrio microbiota_intestinal prejudica producao metabolitos uteis cerebro acidos_graxos_cadeia_curta agcc kefir bebida probiotica destaca modular microbiota_intestinal favorecer metabolitos neuroativos melhoram saude cerebral contudo efeitos neuroprotetores kefir mecanismos metabolitos sobre funcoes cerebrais pouco explorados especialmente modelo inflamacao intestinal knockout il_10 neste estudo investigou consumo kefir sobre neuroprotecao camundongos knockout il_10 revisou mecanismos acido butirico sobre funcoes cerebrais fez ensaio in vivo camundongos_c57bl 6 machos divididos quatro grupos 5 animais cada grupo selvagem agua wwt recebeu dieta comercial agua filtrada grupo selvagem kefir kwt recebeu dieta comercial kefir leite grupo knockout il_10 agua wko consumiu dieta comercial agua filtrada grupo knockout il_10 kefir kko consumiu dieta comercial kefir leite todos animais receberam 0 1 ml dia kefir agua administrados gavagem apos eutanasia coletados cerebros intestinos delgados tecidos cerebrais homogeneizados analise citocinas atividade_antioxidante acidos_graxos_cadeia_curta enquanto intestinos delgados utilizados analises histologicas grupo kko apresentou maior altura area vilosidades profundidade criptas intestino delgado comparado wko consumo kefir exibiu acoes neuroprotetoras diretas aumentar agcc reduzir malondialdeido cerebro grupo kko entretanto consumo kefir reduziu aumento citocinas_inflamatorias cerebro animais knockout il_10 investigou primeira vez efeitos consumo kefir leite cerebro camundongos induzidos inflamacao intestinal utilizando modelo knockout il_10 verificou capacidade neuroprotetora indireta melhorar histologia intestinal direta favorecer agcc cerebro alem disso resultados reforcam papel central il_10 homeostase imunologica incluindo homeostase cerebral permite concluir efeitos neuroprotetores encontratos consumo kefir infamacao intestinal provavelmente pronunciados presenca il_10 observou meio dados literatura mecanismos moleculares butirato sobre funcoes cerebrais envolvem menos combinacao sinalizacao receptor acoplado proteina g gpcr epigenetica,4367,0.929680560137203
29,"simbiotico, microbiota_intestinal, intestinal, microbiota, disbiose, permeabilidade_intestinal, bifidobacterium, agcc, ctl, constipacao",introducao concentracao serica proteina_c_reativa pcr considerada importante marcador inflamatorio aumentada associada maior risco_cardiometabolico adultos entretanto estudos sobre inflamacao subclinica fatores_associados populacao infantil ainda escassos objetivo avaliar concentracao serica pcr ultrassensivel pcr us identificar fatores_associados criancas vicosa mg metodologia trata estudo_transversal amostra_representativa criancas 8 9 anos matriculadas todas escolas area urbana municipio vicosa mg excluidas estudo criancas processo_inflamatorio agudo pcr = 10mg l sendo amostra constituida 350 criancas termos consentimento livre esclarecidos tcle assinados pais criancas participantes dados_sociodemograficos pais comportamentais coletados meio questionario_semiestruturado medidas_antropometricas composicao_corporal clinica metabolicas aferidas avaliacao risco_cardiometabolico criancas pcr acima percentil 90 amostra = 1 82mg l classificadas valores aumentados potencial inflamacao subclinica realizou avaliacao_consumo_alimentar meio tres recordatorios_24_horas r24h analise dados dieteticos realizada utilizando software diet pro R 5i versao 5 8 alimentos classificados acordo grau_processamento bem agrupados subgrupos visando identificar contribuir am consumo alimentos_in_natura minimamente processados processados ultraprocessados upf nutrientes ajustados energia metodo residual analises estatisticas realizadas softwares statistical package the social science R versao 21 spss inc chicago ic usa stata versao 13 statacorp lp nivel significancia estatistica considerado 5 resultados media concentracao serica pcr 0 62 + 1 44 mg l criancas presenca fatores tradicionais risco_cardiometabolico excesso_peso gordura ginoide androide aumentados componentes sindrome_metabolica sm obesidade_abdominal hdl_c baixa hiperglicemia fatores_risco tradicionais concentracoes sericas elevadas acido_urico homocisteina apob apresentaram maiores chances ter pcr aumentada observada associacao positiva pcr acumulo fatores_risco_cardiometabolico componentes sm variaveis sociodemograficas maternas associaram pcr observou maior frequencia pcr aumentada criancas realizavam 5 refeicoes dia sobre consumo_alimentar criancas baixa_ingestao alimentos_in_natura bem elevada ingestao upf guloseimas carnes processadas apresentaram maiores chances terem pcr aumentada alem disso 97 4 criancas apresentaram baixa ingestao_calcio principalmente menor renda brancas estudantes escola publica criancas menor ingestao_calcio 1o tercil apresentaram maiores prevalencias pcr aumentada perimetro_cintura risco menor prevalencia ldl aumentada conclusao neste estudo criancas fatores_risco_cardiometabolico tradicionais tradicionais componentes sm apresentaram maiores chances ter pcr aumentada indicando ocorrencia precoce alteracoes cardiometabolicas relacao inflamacao subclinica fases iniciais vida baixa_ingestao alimentos_in_natura elevada upf baixa ingestao_calcio dieta associados maior chance ter pcr aumentada demonstrando importancia habitos_alimentares_saudaveis consumo_alimentos fontes calcio prevencao inflamacao subclinica desde infancia,2617,0.9165991412281116
29,"simbiotico, microbiota_intestinal, intestinal, microbiota, disbiose, permeabilidade_intestinal, bifidobacterium, agcc, ctl, constipacao",introducao inumeros fatores contribuem aumento obesidade todo mundo recentemente microbiota_intestinal ganhou destaque devido poder predispor inibir ganho_peso alguns nutrientes capazes alterar composicao microbiota_intestinal pode trazer efeitos beneficos maleficos obesidade aminoacido l glutamina alem inumeras funcoes organicas imunologicas conhecido desempenhar importante papel trofismo intestinal objetivo presente estudo investigar alteracoes composicao microbiota_intestinal individuos sobrepeso obesidade apos suplementacao oral l glutamina metodos voluntarios sobrepeso obesidade selecionados ingerir 30g l glutamina gln via_oral dia periodo quatorze dias grupo_controle recebeu l alanina ala tempo proporcao amostras sangue fezes coletadas analises classificacao taxonomica bacterias intestinais realizado sequenciamento gene 16s rna ribossomal analises bioinformatica conduzidas base banco dados rdp ribosomal database project analise dados estrategias estatisticas variadas utilizadas resultados apos quatorze dias suplementacao participantes grupo gln exibiram diferencas significativas filos actinobacteria firmicutes generos dialister dorea pseudobutyrivibrio veillonella comparados grupo ala razao f b firmicutes bacteroidetes bom biomarcador obesidade reduziu 0 85 0 57 grupo gln contrario aumentou 0 91 1 12 grupo ala conclusao suplementacao oral aminoacido l glutamina humanos sobrepeso obesidade periodo quatorze dias promove alteracoes composicao microbiota_intestinal similares promovidas perda_peso,807,0.8118248321186664
29,"simbiotico, microbiota_intestinal, intestinal, microbiota, disbiose, permeabilidade_intestinal, bifidobacterium, agcc, ctl, constipacao",introducao consumo dietas rica gordura_saturada frutose hfhf promove incremento acidos_graxos livres circulantes tecidos adiposo muscular hepatico proporcionando aumento adipogenese resulta acumulo gordura_visceral resistencia_insulina inflamacao comprometimento metabolismo_lipidico bem aumento depositos gordura figado resulta esteatose_hepatica nesse sentido sorgo brs 305 destaca ser cereal compostos_bioativos podem auxiliar prevencao obesidade esteatose_hepatica capacidade modular composicao microbiota_intestinal reduzindo agravos gerados dieta alem ser baixo custo facil producao gluten objetivo objetivo estudo avaliar efeito farinha sorgo hibrido brs 305 resistencia_insulina tolerancia_glicose adiposidade esteatose_hepatica modulacao microbiota_intestinal inflamacao estresse_oxidativo ratos_wistar alimentados dieta_rica_gordura saturada frutose metodologia estudo dividido duas fases primeira ratos machos wistar n=30 40 dias idade alocados dois grupos controle dieta ain93 m controle normal n=10 dieta_rica_gordura satura frutose hfhf 30 gordura porco 20 frutose n=20 durante 7 semanas inducao alteracoes metabolicas segunda fase animais grupo 1 controle continuaram mesma dieta animais grupo hfhf divididos dois grupos hfhf controle hfhf n=10 hfhf + farinha sorgo n=10 10 semanas final periodo animais eutanasiados coletado sangue figado fezes colon tecido_adiposo avaliacao alteracoes bioquimicas inflamatorias microbiota_intestinal acao antioxidante resultados artigo 1 consumo farinha integral sorgo reduziu adiposidade assim niveis triglicerideos acido_urico alanina aminotransferase esteatose_hepatica lipogenese alem disso sorgo melhorou metabolismo_glicose atuando diretamente sensibilidade_insulina tolerancia_glicose aumentou concentracao proteina ppar figado artigo 2 farinha integral sorgo diminuiu concentracao oxido nitrico fosfoproteina quinase b akt fator nuclear kappa b p65 nf b receptor toll like 4 tlr4 peroxidacao lipidica figado alem disso farinha integral sorgo melhorou atividades superoxido_dismutase catalase capacidade_antioxidante_total plasma demostrando efeito melhora estresse_oxidativo reducao inflamacao artigo 3 ingestao farinha integral sorgo apresentou maior abundancia relativa firmicutes maior razao firmicutes bacteroidetes relacao demais grupos experimentais menor abundancia bacteroidetes relacao grupo hfhf apesar disso sorgo aumentou producao acido graxo cadeia curta agcc propionato camada muscular circular assim abundancia generos roseburia lachnospiraceae nk4a136 group relacao grupo hfhf conclusao consumo sorgo brs 305 alto teor tanino amido_resistente melhorou inflamacao estresse_oxidativo inibicao ativacao nf b p65 modulou adiposidade metabolismo_glicose reduzindo esteatose lipogenese hepatica alem disso consumo dieta hfhf associada farinha sorgo modulou composicao microbiota_intestinal abundancia bacterias produtoras agcc,3947,0.7796385131434946
29,"simbiotico, microbiota_intestinal, intestinal, microbiota, disbiose, permeabilidade_intestinal, bifidobacterium, agcc, ctl, constipacao",adolescentes uso crescente redes sociais virtuais rsv sido associado insatisfacao_imagem_corporal comportamentos risco transtornos_alimentares caracterizar associacao essencial desenvolvimento acoes promocao_saude primeiro objetivo avaliar preocupacao insatisfacao autoimagem corporal adolescentes identificando caracteristicas individuais condicoes saude nutricional mental associadas segundo avaliar relacao uso rsv comportamentos saudaveis controle_peso alimentacao desordenada associacao preocupacao forma corporal condicao peso adolescentes considerando fatores individuais sociais saude trata estudo seccional realizado estudantes n=503 rede federal ensino estado rio janeiro brasil dados obtidos meio questionario autorrespondido online imagem_corporal avaliada body shape questionnaire escala silhuetas obtidos dados sociodemograficas saude relacoes interpessoais questionario kidscreen 27 uso rsv foco imagens condicao peso classificacao imc estimado peso estatura informados comportamentos saudaveis controle_peso alimentacao desordenada avaliar diferencas distribuicao variaveis categoricas segundo categorias variaveis explanatorias aplicado teste_qui_quadrado p<0 05 associacoes estimadas regressao_logistica binaria multinomial sendo estimados odds ratios respectivos intervalos confianca 95 apos analise individual modelos medida analise_fatorial confirmatoria desenvolvidos modelos equacoes estruturais minimos quadrados ponderados diagonal avaliar mediacao meninas observou elevada proporcao preocupacao forma corporal 61 insatisfacao_corporal 88 observada 72 meninos mal estar mental relato dieta controle_peso episodios compulsao_alimentar principais variaveis associadas condicoes observada relacao mediacao parcial preocupacao forma corporal associacao envolvimento atividades baseadas autoimagens rsv comportamentos saudaveis controle_peso alimentacao desordenada adolescentes vulneraveis envolvimento atividades baseadas autoimagem rsv relataram mal estar mental relacao parental ruim resultados evidenciam elevada proporcao preocupacao insatisfacao autoimagem corporal adolescentes presenca comportamentos saudaveis associados sentimentos observou necessidade intervencoes focadas educacao sobre comportamentos saudaveis adolescencia,5027,0.7474583356894431
30,"linhaca, oleo_coco, virgem, ain, oleo, oleo_chia, 93g, frutose, dieta_cetogenica, hfhf",introducao pratica exercicio_fisico amplamente recomendada leva conta niveis sericos 25 oh d parte porque conclusivo interacao algum efeito dessa possivel interacao manutencao capacidade_funcional importante independencia funcional idosos pode depender melhor resultado pratica exercicio_fisico portanto identificar fatores possam melhorar resultado dessa pratica tais niveis sericos 25 oh d relevante alcance envelhecimento ativo objetivo estudar interacao 25 oh d exercicio_fisico efeito sobre forca_muscular equilibrio corporal idosas ativas residentes comunidade metodos ensaio intervencao grupos avaliadas 345 mulheres idosas idade = 60 anos 67+ 5 anos praticantes exercicio_fisico menos ano centro esportivo cultural servico social comercio santana sp sesc comparamos 146 praticantes hidroginastica hd 99 idosas praticavam ginastica multifuncional gmf 100 idosas praticantes exercicio_fisico supervisionado quais classificadas sedentarias controle ct questionario internacional atividade_fisica cada grupos idosas niveis 25 oh d abaixo mediana respectivo grupo suplementadas colecalciferol 21 mil ui semana 12 meses todas idosas realizaram inicio termino 12 meses seguintes testes fisicos funcionais bioquimicos marcha estacionaria 2 minutos timed up and go tug levantar cadeira 30 segundos lc flexao cotovelo fc alcance funcional af equilibrio estatico controle visual flamingo fla preensao manual braco direito esquerdo pmd pme flexao cotovelo fc forca musculos flexores quadril dinamometro portatil fq extensores joelho ej dosagem serica 25 oh d paratormonio intacto pth outros calculado indice_massa_corporal imc realizada densitometria ossea dxa comparacao dados basais realizada modelo linear geral general linear model glm univariado analise tratamento utilizado glm medidas repetidas considerando nivel significancia <0 05 resultados suplementacao aumentou significativamente niveis 25 oh d hds inicio 12 06+ 2 64 termino 39 42+ 13 82 ng ml p<0 001 gmfs inicio 13 01+ 3 43 termino 37 36+ 10 46 ng ml p<0 001 cts inicio 10 86+ 2 26 ng ml termino 38 30+ 13 77 ng ml p<0 001 mudanca nivel pth hds inicio 50 16+ 17 53 termino 47 09+ 18 26 pg ml gmfs inicio 42 49+ 14 15 termino 39 44+ 11 97 pg ml cts inicio 49 12+ 22 30 termino 38 66+ 14 87 pg ml interacao niveis sericos 25 oh d exercicio_fisico significativa testes avaliaram forca membros inferiores equilibrio estatico tug p=0 005 fla p=0 03 fq p<0 001 p=0 02 conclusao interacao niveis 25 oh d exercicio_fisico sobre testes avaliaram forca membros inferiores equilibrio estatico niveis 25 oh d acima 30 ng ml importantes melhor desempenho teste tug idosas ativas praticam exercicio_fisico supervisionado resultados sugerem profissionais area saude incluindo educacao fisica orientam exercicio_fisico devem trabalhar equipe geriatras gerontologos recomendar monitoradas reservas vitamina_d idosos pois conjunto pratica exercicios_fisicos pode haver potencializacao desempenho_fisico funcional outros estudos necessarios confirmar resultados,2671,0.988323131161322
30,"linhaca, oleo_coco, virgem, ain, oleo, oleo_chia, 93g, frutose, dieta_cetogenica, hfhf",objetivo identificar fatores_associados qualidade nutricional restaurantes autosservico avaliada escala avaliacao ambiente_alimentar qualidade nutricional aqn material metodos trata estudo delineamento_transversal avaliacao 55 restaurantes tipo autosservico realizado cidade santos paulo brasil coleta dados realizada fevereiro maio 2014 meio aplicacao instrumento incluiu entrevista observacao opcoes disponiveis bufe ambiente estabelecimentos criterios inclusao restaurantes atividade principal sistema autosservico cobranca peso preco unico abertos segunda sexta feira horario almoco excluidos restaurantes apresentam tipo sistema servico especializados comidas tipicas estrangeiras classificacao estabelecimentos utilizada escala aqn considera quatro criterios 1 facilitadores alimentacao_saudavel 2 barreiras alimentacao_saudavel 3 disponibilidade_alimentos 4 grupos subgrupos preparacoes tecnicas preparo realizadas analises descritivas dados meio distribuicao frequencia caracteristicas restaurantes acordo escala aqn dados coletados integrados sistema informacao geograficas sig ambnut produzidos mapas tematicos distribuicao restaurantes autosservico acordo caracteristicas avaliadas caracteristicas sociodemograficas populacao estudadas duas unidades territoriais distintas regiao administrativa municipio centro orla noroeste area abrangencia cada restaurante calculado buffer 250m tendo centro cada restaurante associacao valores escala aqn nivel socioeconomico raca populacao residente regiao avaliada meio analise cartografica ajuste modelo regressao_linear processamentos dados utilizado software statistical package the social sciences R spss v 18 modelagem sistema informacoes geograficas analises espaciais utilizado software quantum gis v3 4 resultados incluidos estudo 55 estabelecimentos quais poucos possuiam facilitadores alimentacao_saudavel 27 3 barreiras alimentacao_saudavel encontradas 51 restaurantes quais maioria deu meio incentivo consumo_alimentos alta densidade energetica observaram diferencas disponibilidade_alimentos relacao nivel socioeconomico regiao ausencia arroz integral regiao menor nivel socioeconomico ainda tendencia maior qualidade restaurantes regioes maior nivel socioeconomico conclusao embora fatores preco interfiram qualidade nutricional desses estabelecimentos fatores_socioeconomicos uso solo comercial maior concentracao moradores negros interferem nessa qualidade ambiente disponibilidade_alimentos politicas_publicas saude intervencoes voltadas diminuir inequidades diferentes regioes podem contribuir melhorar acesso disponibilidade alimentos_saudaveis nesse tipo restaurante,2677,0.988323131161322
30,"linhaca, oleo_coco, virgem, ain, oleo, oleo_chia, 93g, frutose, dieta_cetogenica, hfhf",epilepsia disturbio neurologico cronico afeta pessoas todos paises mundo caracterizado crises epilepticas recorrentes reacoes fisicas aparecimento subito geralmente breve descargas eletricas excessivas grupos celulas situados diferentes regioes cerebro robustas evidencias associam quadro status epilepticus infancia desenvolvimento posterior epilepsia status epilepticus estado agudo caracterizado unica crise epileptica prolongada duracao maior igual 30 minutos repetitivas crises epilepticas menor duracao haver entanto recobramento consciencia intervalos maioria pessoas acometidas epilepsia tratada forma adequada alcanca controle satisfatorio crises convulsivas entretanto aproximadamente 30 individuos afetados respondem terapia medicamentosa chamadas drogas antiepilepticas necessidade imprescindivel afirmacao outras opcoes terapeuticas estimulacao nervo vago cirurgia dieta_cetogenica presente dissertacao destaca importancia dieta_cetogenica contexto epilepsia farmacorresistente revisao_literatura averigua efeito diferentes fontes lipidicas proporcoes cetogenicas sobre status epilepticus induzido pilocarpina ratos_wistar inicialmente apresentado capitulo revisao intitulado dieta_cetogenica controle prevencao crises epilepticas reune informacoes literatura_cientifica acerca utilizacao dieta_cetogenica rica triglicerideos cadeia media especialmente exemplo oleo_coco trienantina tratamento medicamentoso alternativo epilepsia dificil controle status epilepticus sequencia artigo original intitulado efeitos dieta_cetogenica base oleo_coco trienantina sobre status epilepticus induzido injecao intraperitoneal pilocarpina ratos trata estudo_experimental investigou repercussao consumo dieta_cetogenica rica oleo soja triglicerideos cadeia media base oleo_coco trienantina prevencao controle crises epilepticas embora pouco conclusivos resultados aqui alcancados permitem atribuir provavel efeito protetor dietas cetogenicas sobre quadro status epilepticus apresentado animais,318,0.98722785443796
30,"linhaca, oleo_coco, virgem, ain, oleo, oleo_chia, 93g, frutose, dieta_cetogenica, hfhf",regulacao metabolismo_lipidico fundamental homeostase organismo principais fatores transcricao envolvido neste processo receptor ativado proliferadores peroxissoma alfa ppar diversas moleculas capazes ativa lo incluindo acidos_graxos polinsaturados omega_3 alguns peixes salmao boas fontes alimentares omega_3 portanto objetivo estudo investigar efeito consumo oleo salmao expressao gene ppar concentracao triglicerideos sericos hepaticos ratos realimentados dieta rica frutose apos jejum prolongado utilizados 31 ratos machos linhagem wistar peso aproximado 180 200 g animais mantidos gaiolas individuais distribuidos aleatoriamente quatro grupos grupo_controle gc n=8 grupo frutose gf n=7 grupo oleo salmao i gsfi n=8 grupo oleo salmao ii gsfii n=8 apos periodo adaptacao grupos experimentais receberam sete dias dieta oleo salmao fonte lipidica seguida mantidos jejum durante 48 horas realimentados dieta rica frutose 24 horas grupo gsfii difere gsfi ter recebido dieta oleo salmao antes apos realimentacao frutose racoes experimentais preparadas segundo recomendacoes american institute of nutrition dieta ain 93g final 17 dias experimento animais sacrificados decapitacao coletadas amostras sangue tecido_hepatico analises_bioquimicas moleculares tecido_adiposo epididimal retroperitoneal removido pesado comparacao grupos dados analisados meio software stata 11 0 considerando estatisticamente significativo valor p<0 05 teste estatistico comparacao grupos teste anova kruskall wallis dependendo caracteristicas variavel desfecho pos teste bonferroni dieta rica frutose capaz aumentar gordura hepatica total animais oleo salmao efetivo reduzir efeito entanto diferenca relacao concentracao triglicerideos hepaticos influencia perfil_lipidico serico exceto fracao hdl_c apresentou reducao animais consumiram dieta rica frutose expressao gene ppar apresentou diferenca grupos assim conclui neste estudo oleo salmao apresenta beneficios principalmente relacao reducao gordura_total hepatica pode contribuir melhora saude cardiovascular,448,0.984906584368561
30,"linhaca, oleo_coco, virgem, ain, oleo, oleo_chia, 93g, frutose, dieta_cetogenica, hfhf",regulacao metabolismo_lipidico fundamental homeostase organismo principais fatores transcricao envolvido neste processo receptor ativado proliferadores peroxissoma alfa ppar 945 diversas moleculas capazes ativa lo incluindo acidos_graxos polinsaturados omega_3 alguns peixes salmao boas fontes alimentares omega_3 portanto objetivo estudo investigar efeito consumo oleo salmao expressao gene ppar 945 concentracao triglicerideos sericos hepaticos ratos realimentados dieta rica frutose apos jejum prolongado utilizados 31 ratos machos linhagem wistar peso aproximado 180 200 g animais mantidos gaiolas individuais distribuidos aleatoriamente quatro grupos grupo_controle gc n=8 grupo frutose gf n=7 grupo oleo salmao i gsfi n=8 grupo oleo salmao ii gsfii n=8 apos periodo adaptacao grupos experimentais receberam sete dias dieta oleo salmao fonte lipidica seguida mantidos jejum durante 48 horas realimentados dieta rica frutose 24 horas grupo gsfii difere gsfi ter recebido dieta oleo salmao antes apos realimentacao frutose racoes experimentais preparadas segundo recomendacoes american institute of nutrition dieta ain 93g final 17 dias experimento animais sacrificados decapitacao coletadas amostras sangue tecido_hepatico analises_bioquimicas moleculares tecido_adiposo epididimal retroperitoneal removido pesado comparacao grupos dados analisados meio software stata 11 0 considerando estatisticamente significativo valor p<0 05 teste estatistico comparacao grupos teste anova kruskall wallis dependendo caracteristicas variavel desfecho pos teste bonferroni dieta rica frutose capaz aumentar gordura hepatica total animais oleo salmao efetivo reduzir efeito entanto diferenca relacao concentracao triglicerideos hepaticos influencia perfil_lipidico serico exceto fracao hdl_c apresentou reducao animais consumiram dieta rica frutose expressao gene ppar 945 apresentou diferenca grupos assim conclui neste estudo oleo salmao apresenta beneficios principalmente relacao reducao gordura_total hepatica pode contribuir melhora saude cardiovascular,737,0.9848403587512616
31,"dcnt, paises, custos, doencas_cronicas_transmissiveis, temporal, taxas, vigilancia, tendencia, prevalencias, cobertura",introducao hipertensao_arterial responsavel aproximadamente 10 4 milhoes mortes mundo fator risco evitavel comum doencas_cardiovasculares alem ser principal fator incapacidade mortalidade todas causas desenvolvimento associado inatividade_fisica comportamento_sedentario fatores_risco independentes doencas_cronicas_transmissiveis entretanto escassas pesquisas prospectivas estudam associacao dois fatores populacao brasileira objetivo analisar prevalencia inatividade_fisica comportamento_sedentario associacao incidencia egressos universidades mineiras metodos trata estudo delineamento longitudinal contou participantes coorte universidades mineiras estudo cume incidencia definida participante livre diagnostico doenca linha base relatou diagnostico medico uso medicacao anti hipertensiva pressao_arterial sistolica =130mmhg pressao_arterial diastolica =80mmhg seguimentos considerados insuficientemente ativos individuos praticaram menos 150 minutos atividade_fisica moderada vigorosa semana comportamento_sedentario avaliado meio tempo total sentado categorizado <6h dia =6h dia utilizou modelos riscos proporcionais cox estimar hazards ratio hr brutos ajustados intervalos confianca 95 ic 95 resultados total amostra 2 384 participantes dentre 71 9 sexo_feminino 83 5 idade inferior 45 anos maioria autodeclarava cor_pele branca 64 5 classificada sem excesso_peso 64 6 apos seguimento medio 3 28 anos identificados 762 novos casos verificou dentre participantes 45 anos apresentavam comportamento_sedentario =6h dia independentemente 41 chances desenvolver hr 1 41 ic 95 1 03 1 93 conclusao observou associacao comportamento_sedentario incidencia participantes 45 anos inatividade_fisica comportamento_sedentario vem tornando questoes cada vez relevantes assim presente estudo faz importante fato avaliar longitudinalmente associacao tais fatores incidencia especialmente populacao brasileira,4747,0.9639721328891029
31,"dcnt, paises, custos, doencas_cronicas_transmissiveis, temporal, taxas, vigilancia, tendencia, prevalencias, cobertura",teracurmina formulacao nanoparticulas derivada curcumina apresentar propriedades anti_inflamatorias composto bioativo proposto mitigador quadros patologicos pos inflamacao exacerbada trypanosoma cruzi protozoario causador doenca chagas induz intensa resposta_inflamatoria mamiferos ocasionando disfuncoes celulas tecidos distintos orgaos coracao colon sistema_nervoso_central neste estudo avaliamos efeitos teracurmina sobre resposta_inflamatoria parasitologica 32 camundongos_swiss machos infectados cepa colombiana t cruzi animais tratados 30 mg kg teracurmina via gavagem 30 dias sendo dados parasitemia coletados diariamente 30º dia pos infeccao camundongos eutanasiados coletou coracao baco figado tecido_adiposo epididimal gastrocnemio analise histologica alem 1ml sangue dosagens tnf il_6 il_10 il 15 ccl2 ck animais infectados submetidos terapia teracurmina apresentaram reducao parasitemia concentracoes il 15 tecidos cardiaco esqueletico ccl2 tecido cardiaco aumento massa esplenica infeccao alteracoes massa coracao figado apos infeccao terapia teracurmina 30 dias investigacao observadas diferencas concentracoes ck perfil infiltrado inflamatorio indice sobrevivencia camundongos infectados sob terapia teracurmina assim conclui teracurmina atua controlando replicacao parasitaria circulacao regulando producao il 15 ccl2 teciduais,4177,0.9485699841709956
31,"dcnt, paises, custos, doencas_cronicas_transmissiveis, temporal, taxas, vigilancia, tendencia, prevalencias, cobertura",anestesicos inalatorios atualmente utilizados pratica clinica isoflurano sevoflurano desflurano agentes amplamente utilizados inducao manutencao anestesica apresentarem poucos efeitos adversos intraoperatorios entretanto perfil desses agentes volateis sobre orgaos tecidos alvos acao alem acao anestesica analgesica totalmente esclarecido diferentes modelos estudo literatura principais discordancias estudos abrange anestesicos volateis capazes promover protecao lesao modulando processos imunologicos inflamatorios oxidativos orgaos poucos estudos abordaram efeitos destes farmacos ausencia lesoes doencas pre existentes pulmoes camundongos saudaveis estudo avaliou efeitos exposicao diferentes anestesicos inalatorios atualmente utilizados pratica clinica camundongos_c57bl 6 adultos saudaveis sobre resposta_inflamatoria pulmonar sistemica diferentes periodos 120 animais alocados 3 grupos n=40 isoflurano iso sevoflurano sev desflurano des expostos farmacos 1 hora 1h n=10 2 horas 2h n=10 3 horas 3h n=10 concentracao alveolar minima igual 1 expostos ar ambiente grupo_controle gc n=10 animais eutanasiados 24 horas apos protocolo experimental lavado broncoalveolar lba sangue pulmoes coletados analises_bioquimicas morfometricas animais expostos isoflurano influxo leucocitos lba maior grupos iso2h iso3h comparados gc maior numero macrofagos observado grupos iso2h iso3h comparados gc numero leucocitos sangue grupo iso3h menor comparado grupos iso2h iso1h gc aumento niveis ccl 2 grupo iso3h comparado grupos iso1h gc niveis superoxido_dismutase sod maiores iso1h comparado gc enzima catalase cat apresentou maior atividade grupos iso1h iso2h comparados gc niveis proteina carbonilada substancias reativas acido tiobarbiturico tbars maiores grupo iso3h comparados gc animais expostos sev des resultados influxo leucocitos lba recrutamento leucocitos sangue periferico semelhantes observados iso alem estabelecimento desequilibrio redox pulmoes animais expostos anestesicos volateis resultados obtidos demonstraram anestesicos inalatorios isoflurano sevoflurano desflurano capazes promover alteracoes resposta_inflamatoria local sistemica forma dependente tempo alem promover desequilibrio redox modelo murino saudavel,4176,0.9483923887445309
31,"dcnt, paises, custos, doencas_cronicas_transmissiveis, temporal, taxas, vigilancia, tendencia, prevalencias, cobertura",transplante celulas tronco hematopoieticas cth tratamento potencialmente curativo pacientes disturbios hematologicos malignos malignos alteracoes metabolicas nutricionais decorrentes bem conhecidas entanto escassas pesquisas avaliado influencia desses fatores gasto_energetico pacientes pre pos transplante fim determinar demanda metabolica diferentes momentos tratamento dessa forma presente trabalho objetivo investigar impacto transplante cth gasto_energetico total pacientes doenca hematologica fatores_associados trata estudo prospectivo realizado setor transplante medula ossea hospital clinicas universidade federal minas gerais hc ufmg momento pre transplante  antes regime condicionamento bem dias 10 17 pos transplante gasto_energetico repouso mensurado calorimetria_indireta posteriormente ajustado fator atividade 1 20 desfechos_clinicos analisados periodos d+1 d+10 d+11 d+17 adequacao ingestao_energetica proteica obtida meio recordatorio 24h aplicado todos momentos avaliados analises feitas forma pareada intuito identificar alteracoes pre pos transplante final avaliados 20 pacientes idade media 45 65+ 17 25 anos maioria homens 65 diagnosticos incidentes leucemia mieloide cronica 25 mieloma multiplo 25 sendo metade transplantes alogenicos 60 comparado pre transplante gasto_energetico total aumentou cerca 115 120 pos transplante visto necessidade energetica ajustada quilograma peso 28kcal kg d+10 33kcal kg d+17 durante periodo seguimento observada inadequacao energetica proteica todos momentos analisados febre mucosite graus i ii numero total eventos infecciosos infecciosos associados aumento gasto_energetico total d+10 enquanto queixas algicas relacionadas diminuicao dessa forma concluimos gasto_energetico total get aumentou comparado pre transplante 28kcal kg 33kcal kg d+10 d+17 respectivamente febre mucosite graus i ii numero total eventos infecciosos infecciosos associados aumento get d+10 enquanto queixas algicas relacionadas diminuicao,3651,0.9481896128363766
31,"dcnt, paises, custos, doencas_cronicas_transmissiveis, temporal, taxas, vigilancia, tendencia, prevalencias, cobertura",13 diferentes tipos propolis existentes brasil comercializadas propolis verde marrom substancias variam acordo regioes geograficas origem botanica quais extraidas sintetizadas apresentando composicao_quimica propriedades funcionais distintas atribuidas compostos_fenolicos acido cinamico acido cumarico quercetina rutina artepilin c bacarina cada tipo propolis pode apresentar composicoes distintas portanto propriedades funcionais diferentes objetivo deste estudo avaliar composicao_quimica fisica atividade_antioxidante propolis verde marrom amostras propolis coletadas durante anos 2008 2013 diferentes localidades realizadas analises quimicas utilizando hplc contendo composicao_quimica treze constituintes quimicos sendo flavonoides totais alem umidade indice oxidacao teor ceras teor sujidades dosagem dpph dados tabulados tabela microsoft excel analises estatisticas realizadas utilizando software graphpad prism 5 0 vasta analise literatura realizada objetivo compreender compostos cada tipo propolis estaria relacionado propriedades funcionais beneficios saude resultados obtivemos propolis verde apresentou quantidade significativamente maior compostos funcionais acido cumarico kaempferol pinocembrina galangina artepilin c bacarina comparados propolis marrom entanto ambas propolis apresentaram potencial_antioxidante semelhante pode concluir diferentes tipos propolis podem ser beneficos diferentes quadros clinicos acordo principais compostos funcionais,4180,0.9468477963268251
32,"cintura, rce, sindrome_metabolica, pressao_arterial, perimetro_cintura, fatores_risco_cardiovascular, circunferencia_cintura, rcq, risco_cardiovascular, diastolica",sociedade atual caracterizado crescente importancia atribuida aparencia corporal contribuido aumento insatisfacao_imagem_corporal individuos eutroficos presente estudo objetivo avaliar relacao autoimagem corporal medidas_antropometricas adiposidade individuos adultos trata estudo seccional aninhado coorte estudo pro saude realizado funcionarios n=495 universidade estado rio janeiro informacoes_sociodemograficas obtidas questionario auto preenchivel aferidos massa_corporal total estatura perimetros cintura quadris massa_gorda total androide ginoide percentual_gordura tecido_adiposo visceral obtidos absorciometria dupla emissao raio x dxa avaliacao desvio ponderal adiposidade realizada utilizando indice_massa_corporal imc indice massa_gorda img percentual_gordura categorizacao excesso obeso excesso obeso individuos realizaram autoavaliacao imagem_corporal ic escala 15 silhuetas escolhendo melhor representava corpo silhueta percebida gostariam ter silhueta desejada imc aferido convertido numero silhueta correspondente silhueta real percepcao avaliada subtraindo silhueta real percebida categorizada distorcao subestimacao superestimacao in satisfacao avaliada subtraindo silhueta desejada percebida categorizada satisfacao insatisfacao magreza excesso_peso diferencas sexos categorias percepcao in satisfacao categorias desvio ponderal adiposidade avaliadas chi quadrado variaveis categoricas teste t student anova variaveis continuas cerca 70 populacao estudada apresentou excesso_peso obesidade segundo imc proporcao elevada homens 84 2 mulheres 90 2 apresentou distorcao ic maioria superestimando tamanho corporal 58 9 homens 82 3 mulheres assim encontram insatisfeitos imagem devido excesso_peso 75 1 homens 86 6 mulheres frequencias distorcao insatisfacao excesso_peso elevadas individuos excesso obesos 62 5 74 50 0 69 2 mulheres respectivamente 20 0 36 8 20 0 51 9 homens respectivamente ainda elevadas excesso obesos 87 9 89 97 0 98 9 mulheres respectivamente 67 9 76 3 87 8 93 3 homens respectivamente individuos excesso_peso superestimavam tamanho corporal apresentaram maiores p<0 05 medidas_antropometricas adiposidade regiao ginoide mulheres androide homens resultados presente estudo sugerem proporcao elevada homens principalmente mulheres apresenta superestimacao tamanho corporal assim encontram insatisfeitos excesso_peso dentre individuos obesos independentemente metodo avaliacao desvio ponderal adiposidade regiao acumulo gordura parece ter relacao percepcao in satisfacao imagem_corporal forma diferente mulheres homens,2302,0.9655301437801496
32,"cintura, rce, sindrome_metabolica, pressao_arterial, perimetro_cintura, fatores_risco_cardiovascular, circunferencia_cintura, rcq, risco_cardiovascular, diastolica",introducao obesidade doenca cronica progressiva multiplos fatores diretamente relacionada alteracoes funcoes endocrinas metabolicas tecido_adiposo dentre complicacoes existencia resistencia_insulina pode ser medida maneira acessivel pratica clinica indice_tyg capacidade analise melhor resistencia_insulina homeostasis model assessment homa_ir obesidade caracteristica consumo inadequado alimentos praticas_alimentares incorretas estilo_vida saudavel objetivo avaliar fatores_associados resistencia_insulina praticas_alimentares mulheres obesidade vicosa mg metodologia trata estudo_observacional individual analitico corte transversal recrutadas mulheres adultas indice_massa_corporal imc = 30 kg m2 coletadas variaveis sociodemograficas idade situacao conjugal renda escolaridade variaveis antropometricas circunferencia_cintura circunferencia quadril circunferencia pescoco peso estatura imc variaveis bioquimicas hemoglobina_glicada glicemia_jejum insulina triglicerideos colesterol hdl_colesterol ldl colesterol_total proteina_c_reativa acido_urico hemograma completo dentre outros parametros determinacao praticas_alimentares mulheres utilizado escala validada embasada guiaalimentar populacao brasileira considera quatro dimensoes planejamento organizacao domestica escolha alimentos modos comer itens escala somados posteriormente classificados atencao 31 pontos siga frente 32 41 pontos excelente acima 42 pontos determinacao composicao_corporal utilizado dxa absortometria raios_x dupla energia analises realizadas software spss versao 23,4372,0.9635501340062982
32,"cintura, rce, sindrome_metabolica, pressao_arterial, perimetro_cintura, fatores_risco_cardiovascular, circunferencia_cintura, rcq, risco_cardiovascular, diastolica",objetivou neste estudo verificar relacao situacao in seguranca_alimentar indicadores sociodemograficos antropometricos dieteticos familias beneficiarias programa_bolsa_familia pbf estudo_transversal realizado 206 familias beneficiarias pbf residentes zona_urbana municipio vicosa minas gerais avaliou situacao inseguranca_alimentar_nutricional utilizando indicadores sociodemograficos antropometricos dieteticos alem percepcao inseguranca_alimentar escala_brasileira_inseguranca_alimentar ebia estudo aprovado comite etica pesquisa seres_humanos universidade federal vicosa participacao voluntarios ocorreu mediante assinatura termo consentimento livre esclarecido termo assentimento ebia detectou prevalencia 82 0 inseguranca_alimentar familias sendo desta 56 8 apresentaram inseguranca_alimentar leve 17 9 moderada 7 3 grave ter imovel proprio presenca adolescente familia associaram situacao in seguranca_alimentar p<0 05 pontuacao ebia correlacionou positivamente idade titular beneficio tempo cadastro pbf negativamente numero comodos p<0 05 estado_nutricional associou situacao in seguranca_alimentar ebia entanto 78 7 86 8 familias apresentaram menos integrante distrofia nutricional risco_cardiometabolico respectivamente sendo considerados inseguranca_alimentar_nutricional observou correlacao positiva pontuacao ebia valor indice_massa_corporal perimetro_cintura relacao cintura estatura titular beneficio p<0 05 associacao consumo_alimentar familia inseguranca_alimentar entretanto consumo_alimentar familia associou variaveis sociodemograficas antropometricas titulares menor escolaridade apresentaram maior probabilidade consumir frutas or=2 22 leite_derivados or=2 30 domicilios presenca crianca menor probabilidade consumir leite_derivados or=0 39 frutas or=0 54 presenca adolescente maior probabilidade consumir suco industrializado adocado or=2 47 familias presenca baixa estatura maior probabilidade consumir leite_derivados or=2 28 frutas or=2 42 sobrepeso maior probabilidade consumir frutas or=2 10 leite_derivados or=2 13 obesidade maior probabilidade consumir adocante or= 3 22 risco_cardiometabolico menor probabilidade consumir oleos gorduras or=0 11 seguranca_alimentar_nutricional funcao complexidade extenso numero fatores_associados deve ser avaliada diferentes indicadores visando contemplar multiplas dimensoes dessa situacao,1231,0.9553519324699697
32,"cintura, rce, sindrome_metabolica, pressao_arterial, perimetro_cintura, fatores_risco_cardiovascular, circunferencia_cintura, rcq, risco_cardiovascular, diastolica",leite_humano lh alimento completo contem todos nutrientes alem fatores protetores substancias bioativas garantem plena saude crescimento desenvolvimento lactente entanto compostos podem ser influenciados tratamento termico convencional posterior armazenamento congelado empregados bancos leite_humano blh diante exposto objetivo trabalho avaliar efeito termossonicacao lh seguido armazenamento 18 ºc 0 15 30 60 dias sobre estabilidade lipidica coletados 1 080 ml lh 12 doadoras cadastradas blh santa casa misericordia ouro preto mg quais homogeneizados formar pool processados pasteurizacao lenta 62 5 ºc 30 minutos termossonicacao banho ultrassonico potencia 110 w frequencia 40 khz 60 ºc 4 minutos lh cru utilizado controle tratamento adicional determinados perfil acidos_graxos composto degradacao lipidica hexanal ambos cromatografia gasosa avaliados atividade_antioxidante in vitro metodos sequestro radical livre 2 2 difenil 1 picrilhidrazila dpph reducao ion ferrico frap teores isoformas tocoferois cromatografia_liquida_alta_eficiencia high performance liquid cromatography hplc proposito verificar relacao estabilidade antioxidantes presentes degradacao lipidica apos processamento lh observou manutencao acidos_graxos essenciais o3 6 atividade antixidante metodo frap diminuicao desta metodo dpph 9 tanto amostras pasteurizadas quanto termossonicadas apenas tocoferois apresentaram maior degradacao processamento termossonicacao sendo diferenca encontrada 8 7 tocoferol 18 9 g tocoferol armazenamento congelado dois tipos processamento obtivemos comportamento parametros analisados havendo reducao atividade_antioxidante isoformas tocoferol hexanal apresentou aumento durante armazenamento 30 dias 0 87 l ml lh independente processamento hexanal correlacionou inversamente atividade_antioxidante isoformas tocoferois durante armazenamento lh demonstrou tocoferois possuem efeito protetor oxidacao lipidica lh amostras estudadas desta forma termossonicacao lh demonstrou ser metodo semelhante pasteurizacao lenta preservacao estabilidade lipidica armazenamento congelado possui efeito negativo preservacao compostos avaliados estudos precisam ser conduzidos encontrar parametros termossonicacao garantam tanto qualidade_microbiologica quanto melhor preservacao nutrientes compostos_bioativos lh,3297,0.9311839678783018
32,"cintura, rce, sindrome_metabolica, pressao_arterial, perimetro_cintura, fatores_risco_cardiovascular, circunferencia_cintura, rcq, risco_cardiovascular, diastolica",doencas_cardiovasculares dcv principais causas morte mundo tornando problema saude_publica ingestao_dietetica desempenha papel fundamental prevencao controle fatores_risco cardiovasculares sendo obesidade_infantil associada estilo_vida sedentario alimentacao inadequada maioria trabalhos avaliaram relacao ingestao_dietetica desenvolvimento fatores_risco cardiovasculares focada macronutrientes enquanto estudos micronutrientes escassos populacao infantil neste contexto estudo objetivou avaliar associacao ingestao_dietetica macro micronutrientes fatores_risco cardiovasculares criancas 8 9 anos vicosa minas gerais trata estudo_transversal realizado amostra_probabilistica criancas matriculadas todas escolas municipio dados coletados dois momentos primeiro encontro realizou afericao medidas_antropometricas peso estatura perimetro_cintura avaliacao composicao_corporal coleta sangue exames_bioquimicos alem disso aplicou questionario coleta informacoes socioeconomicas demograficas solicitou preenchimento tres registros alimentares dias consecutivos incluindo final semana segundo encontro aferiu pressao_arterial crianca recolheram registros alimentares preenchidos regressao_poisson variancias robustas realizada estimar associacao ingestao macro micronutrientes fatores_risco cardiovasculares avaliadas 347 criancas sendo maioria sexo_feminino 59 1 residente zona_urbana 91 1 escolas_publicas 77 8 quanto caracteristicas socioeconomicas metade criancas pertenciam classes c d 67 2 maioria maes 60 9 idade 31 40 anos 52 8 ensino fundamental completo cerca 66 trabalhavam relacao estado_nutricional destaca 32 criancas apresentaram excesso_peso 4 3 baixo_peso mediana perimetro_cintura 59 5 cm sendo obesidade_central verificada 10 7 criancas media gordura_corporal 22 9 sendo 10 4 individuos apresentaram adiposidade_corporal excessiva hiperglicemia hiperinsulinemia verificadas 4 9 4 1 criancas respectivamente prevalencia homa_ir homeostasis model assessment insulin resistance aumentado 12 2 quanto prevalencia dislipidemias observou metade criancas 55 9 apresentavam hipercolesterolemia sendo mediana colesterol_total 177 1 mg dl alem disso 6 38 23 77 apresentaram triglicerideos elevados hdl baixo respectivamente hipertensao_arterial_sistemica verificada 3 8 criancas avaliadas relacao ingestao_dietetica observou maior mediana consumo meninos p = 0 038 alem maiores medias consumo gordura_saturada criancas classes economicas altas p = 0 026 escolas privadas p = 0 001 verificou maior mediana ingestao magnesio criancas escola publica p = 0 034 quanto adequacao ingestao_dietetica 69 2 criancas apresentaram consumo gordura_saturada acima recomendado 89 3 apresentaram ingestao fibra abaixo recomendacoes verificou elevado percentual consumo calcio 96 3 potassio 98 abaixo recomendado consumo sodio acima limite maximo toleravel verificado 15 9 criancas avaliadas analises regressao_poisson apos ajuste fatores confusao observou associacao menor consumo calcio rp 1 41 ic95 1 01 1 96 maior ingestao fosforo rp 1 43 ic95 1 03 2 00 excesso_peso criancas maior prevalencia hipertensao_arterial criancas ingestao sodio maior quintil rp 3 04 ic95 1 04 8 85 naquelas consumo magnesio menor quintil rp 2 98 ic95 1 02 8 68 bem maior prevalencia homa_ir aumentado criancas menor quintil consumo vitamina b6 rp 2 15 ic95 1 20 3 85 ferro rp 1 95 ic95 1 07 3 54 resultados deste estudo evidenciam importancia avaliar influencia ingestao_dietetica micronutrientes sobre fatores_risco cardiovasculares esclarecimento confirmacao varios aspectos dieta envolvidos genese dcv,933,0.9162309218960015
33,"dac, cortical, memoria, labirinto, cerebral, cruz, alastrante, cortex, fluoxetina, triptofano",depressao alastrante cortical dac potenciacao longa duracao ltp fenomenos neurais relacionados excitabilidade cerebro recentemente descrevemos potenciacao atividade eletrica cortical espontanea eletrocorticograma  ecog in vivo ratos machos adultos sido submetidos dac souza et al 2011 exp brain res v 214 p 463469 entanto informacoes disponiveis sobre efeito cerebro feminino hormonios ovarianos papel importante excitabilidade cerebral provocando aumento significante inducao dac ltp condicoes favoraveis desfavoraveis lactacao podem influenciar desenvolvimento parametros eletrofisiologicos cerebrais neste trabalho investigou influencia genero machos versus femeas distintas condicoes lactacao grandes ninhadas versus pequenas sobre potenciacao atividade eletrica cortex cerebral dependente dac ratos_wistar adultos machos m femeas f amamentados ninhadas 6 12 filhotes grupos l6 l12 10m 13f cada condicao lactacao 90 120 dias idade registrado ecog duas regioes parietais anterior posterior p periodo continuo quatro horas duas primeiras horas registro transcorreram dac deflagrada periodo basal duas horas finais dac deflagrada cada 20 30min estimulacao kcl 2 periodo dac amostras registros papel digitalizadas cada hora analisadas meio algoritmo especifico amplitudes ecog convertidas unidades relativas comparadas animal antes apos presenca dac base analisar ocorrencia potenciacao atividade eletrica espontanea dois grupos controle animais l6 ambos_sexos denominados dac¯ dac+ acrescentados estudo 10 machos 7 femeas cada grupo grupos dac+ dac deflagrada 3 ultimas horas registro verificar maior periodo estimulacao modificou padrao amplitudes ecog grupos dac¯ 4 horas registro transcorreram deflagracao dac determinar tempo registro  dac  influenciou mudancas amplitudes ecog comparacao valores basais amplitudes periodo dac aumentaram significantemente p<0 05 teste_t_pareado ponto grupos l6m l6f l12m l12f aumentos 19 38 ponto p apenas grupos l12 aumentos 22 50 machos femeas respectivamente grupos dac+ apresentaram aumento significante amplitudes ecog ponto aumentos 27 34 machos femeas respectivamente grupos dac¯ quais provocou dac apresentaram amplitudes semelhantes durante 4 horas registro resultados 1 indicam rato dac potencia atividade eletrica cortical in vivo sugerindo efeito semelhante ltp 2 corroboram existencia diferencas regionais tecido cortical quanto potenciacao 3 sugerem potenciacao modulada interacao genero condicao lactacao palavras chave depressao alastrante atividade eletrica cortical genero condicoes lactacao potenciacao longa duracao,280,0.9910664919476868
33,"dac, cortical, memoria, labirinto, cerebral, cruz, alastrante, cortex, fluoxetina, triptofano",introducao cancer pode desenvolver tecidos inflamados assim proprio tumor responsavel instalacao manutencao ciclica estado_inflamatorio moleculas inflamatorias secretadas diferentes celulas tumorais tecido subjacente sistema imune atuam local sistemicamente celulas cancerigenas promovem instabilidade genica ativacao vias antiapoptoticas evasao resposta imune anticancer acao agentes supressores crescimento alem estimular angiogenese contribuindo sobrevivencia crescimento disseminacao tumoral efeitos sistemicos incluem alteracoes metabolicas resposta hepatica fase aguda aumento taxa metabolica repouso catabolismo proteico lipidico hormonais bem efeitos anorexigenos desfechos comuns desta intrincada teia relacoes incluem deterioracao estado_nutricional perda massa_magra menor resposta agentes quimioterapeuticos aumento efeitos colaterais tratamento resultando fim reducao qualidade_vida paciente pior prognostico estudos clinicos in vitro demonstrado acidos_graxos poli_insaturados n 3 agpi n 3 especialmente acidos eicosapentaenoico epa docosahexaenoico dha exercem acao anti inflamatoria anti caquetica assim capazes induzir apoptose celulas tumorais podendo contribuir desta forma terapia anti cancer objetivo avaliar efeitos_suplementacao agpi n 3 sobre marcadores inflamacao qualidade_vida estado_nutricional composicao_corporal indices prognosticos cancer gastrointestinal metodo responder objetivo pretendido realizamos revisoes_sistematicas meta analises ensaio_clinico_randomizado execucao revisoes_sistematicas buscamos bases dados ensaios_clinicos controlados realizados in vivo humanos avaliaram efeitos_suplementacao agpi n 3 sobre marcadores inflamacao cancer colorretal ccr gastrico cg estudos encontrados triados elegibilidade analise titulo resumo selecionados preencheram criterios inclusao apos analise texto completo apos contato autores estudos elegiveis entao avaliados quanto risco vieses dados interesse extraidos revisores auxilio software estatistico stata medias finais pos intervencao combinadas comparadas grupo_controle resultando medida efeito resumo meta_analise ensaio_clinico_randomizado ecr placebo controlado triplo cego realizado pacientes cancer gastrointestinal quais suplementados oleo_peixe provendo 1 55 g dia epa dha grupo_intervencao azeite_oliva extra virgem grupo_controle durante primeiras 9 semanas tratamento quimioterapico marcadores inflamacao circulantes citocinas prostaglandina e2 pge2 proteina_c_reativa pcr determinados auxilio kits comerciais qualidade_vida avaliada aplicacao questionarios validados populacao composicao_corporal estimada bioimpedancia_eletrica estado_nutricional avaliado meio indicadores_antropometricos indices prognosticos mensurados calculo relacao pcr albumina razao neutrofilo linfocito rnl dados analisados estatisticamente comparando valores finais cada grupo diferencas media calculada subtracao valor final basal cada paciente alem disso analises significancia clinica consideradas resultados quanto estudos revisao_sistematica meta_analise encontrados 18 estudos elegiveis realizados ccr cg nove cada localizacao metade utilizaram formula imunomoduladora fonte agpi n 3 outra metade utilizou oleo_peixe oito estudos agpi n 3 isolados estudo apenas quatro suplementacao ocorreu concomitante quimioterapia meta analises mostraram analises globais reducao significativa il_6 aumento albumina suplementacao agpi n 3 tanto estudos ccr quanto cg adicionalmente estudos cg observou reducao tnf aumento pre albumina todavia destacamos 80 estudos incluidos sujeitos presenca confirmada suspeita algum vies metodologico quanto ensaio_clinico_randomizado randomizados 56 pacientes grupos estudo periodo marco 2015 marco 2016 tendo perdas seguimento variaveis 30 desfechos primarios inflamacao qualidade_vida estado_nutricional composicao_corporal conforme desfecho questao resultados mostraram suplementacao agpi n 3 durante primeiras 9 semanas quimioterapia preveniu perda massa_magra inferencia clinica apenas reduziu sintomas nausea vomito perda apetite 22 pacientes analisados pertencentes grupo_intervencao comparados 23 pacientes controles analises marcadores_inflamatorios considerados 40 pacientes 20 cada grupo demonstrado alguns subgrupos pacientes estagio iv reduziram massa_magra durante estudo reducao comparacao intra grupo final vs basal diferencas medias grupos menores concentracoes comparacao grupos considerando apenas valores finais final 9 semanas suplementacao oleo_peixe diversos marcadores_inflamatorios il_6 il 8 tnf pge2 pcr observada reducao valores indices relacao pcr albumina rnl bem maiores contagens leucocitos totais neutrofilos linfocitos alguns subgrupos conclusao evidencias apresentadas meta analises sugerem potencial acao moduladora inflamacao agpi n 3 vista estudos incluidos serem combinados demonstraram reducao mediadores pro inflamatorios observada alteracao concentracoes proteinas hepaticas fase aguda corroborando reducao inflamacao achados ecr sugerem acao reducao inflamacao apos suplementacao 1 55 g dia epa dha 9 semanas alem acao anticatabolica repercutindo possivelmente melhor tolerancia quimioterapia reduzindo alguns sintomas efeitos colaterais melhor estado composicao_corporal menor risco indicado indices prognosticos todavia observa ecr alguns subgrupos pacientes compartilham algumas caracteristicas clinicas beneficiam,2055,0.9899173764728315
33,"dac, cortical, memoria, labirinto, cerebral, cruz, alastrante, cortex, fluoxetina, triptofano",resumo neuronios serotoninergicos presentes cerebro desde inicio desenvolvimento estabelece diversos complexos fenotipos celulares interacoes neurais dentro arquitetura dinamica cerebro evidente sistema serotoninergico propriedades plasticas cruciais capacidade cerebro integrar adequadamente orgaos perifericos corpo bem ambiente externo neste sentido estudos experimentais mostram super estimulacao depressao sistemas neurotransmissores durante periodos criticos desenvolvimento resulta alteracoes componentes cerebrais desenvolvimento sistema serotoninergico podera ter prejuizos permanentes entanto ainda escassos estudos associem alteracoes sistema serotoninergico desequilibrio energetico controle peso_corporal neste trabalho avaliamos efeitos cronicos utilizacao inibidor seletivo recaptacao serotonina sobre controle balanco_energetico bioenergetica mitocondrial tecidos central perifericos ratos estudo observamos tratamento fluoxetina grupo fx promoveu reducao ganho_peso associado menor percentual 25 massa_gorda nenhuma diferenca ingestao_alimentos lactacao pos desmame observamos diferencas grupos avaliacoes medidas basais atividade locomotora livre temperatura corporal porem apos estimulo termico 15ºc observamos grupo fluoxetina perdeu 30 menos calor comparado grupo_controle avaliando bioenergetica mitocondrial hipotalamo musculo extensor longo dedos tecido_adiposo marrom observamos aumento consumo oxigenio reducao producao especies_reativas_oxigenio nenhuma inducao estresse_oxidativo todos tecidos estudados adicionado resultados tecido_adiposo marrom grupo fluoxetina observamos retorno respiracao mitocondrial niveis similares grupo_controle apos adicao gdp inibidor proteinas desacopladoras ucp aumento 23 expressao proteina ucp 1 forma geral resultados sugerem exposicao precoce fluoxetina reduz ganho_peso associado modulacao positiva funcao mitocondrial possivelmente reduziria risco aparecimento desenvolvimento doencas vida adulta palavras chaves fluoxetina respiracao celular estresse_oxidativo lactacao serotonina,1118,0.9896385406450213
33,"dac, cortical, memoria, labirinto, cerebral, cruz, alastrante, cortex, fluoxetina, triptofano",resumo exercicio_fisico suplementacao aminoacidos durante desenvolvimento fatores podem promover mudancas longo prazo eletrofisiologia cerebro dissertacao originou artigo intitulado differential effects of physical exercise and l arginine on cortical spreading depression in developing rats atualmente submetido publicacao apresentado paginas 25 45 objetivo verificar efeito administracao l arginina exercicio_fisico durante periodo critico desenvolvimento cerebro sobre depressao alastrante cortical dac ratos machos wistar receberam gavagem 300mg kg dia l arginina grupo ar n = 40 300mg kg dia l histidina grupo histidina n = 07 agua destilada veiculo grupo ag n = 40 durante 7 35 dias pos natal partir 15º 35º dia vida metade animais condicao supracitada realizaram exercicio_fisico esteira durante 20 minutos 5 secoes semanais grupos are age outra metade colocada esteira igual periodo entanto mesma desligada animais exercitados grupos arne agne comparacao animais atingiram 35 45 dias grupos jovens 90 120 dias idade adultos dac registrada durante 4 horas dois pontos corticais parietais hemisferio direito velocidade propagacao mm min calculada medindo tempo gasto onda dac atravessar distancia eletrodos ratos are aumento peso_corporal peso cerebro idade adulta comparacao arne p <0 05 duas faixas idades jovens adultos l arginina aumentou enquanto exercicio diminuiu velocidades propagacao dac animais l histidina apresentaram valores propagacao dac 3 54+ 0 14mm min semelhantes animais agne media+ d p velocidades grupos jovens 3 80+ 0 45 4 47+ 0 47 respectivamente are arne 3 57+ 0 34 3 86+ 0 32 age eagne grupos adultos 3 85+ 0 38 4 59+ 0 36 are arne respectivamente 3 03+ 0 20 3 40+ 0 16 age eagne conclui acoes suplementacao l arginina exercicio_fisico sobre dac diferentes interagem si dose usada neste trabalho provavelmente dependem mudancas plasticidade associada tratamentos durante desenvolvimento cerebral palavras chave desenvolvimento cerebral depressao alastrante cortical l arginina oxido nitrico exercicio_fisico,25,0.988521938406838
33,"dac, cortical, memoria, labirinto, cerebral, cruz, alastrante, cortex, fluoxetina, triptofano",presente trabalho objetivou estimar prevalencia excesso_peso adolescentes recife pernambuco analisar associacao fatores_socioeconomicos demograficos biologicos estilo_vida trata estudo_transversal base escolar vinculado projeto ambito nacional estudo riscos cardiovasculares adolescentes erica casuistica avaliados 2404 adolescentes 12 17 anos recife regularmente matriculados escolas_publicas privadas avaliacao estado_nutricional adolescentes coletadas medidas peso altura avaliadores previamente treinados utilizou indicador imc idade segundo sexo todas variaveis independentes referidas adolescentes atraves aplicacao questionario analisar fatores_associados excesso_peso variaveis agrupadas socioeconomicas demograficas escolaridade mae cor_pele rede ensino classe_economica numero pessoas domicilio numero televisoes residencia estilo_vida atividade_fisica alimentacao biologicas maturacao_sexual sexo faixa etaria regressao_poisson utilizada verificar associacao excesso_peso variaveis independentes prevalencia excesso_peso 26 3 sendo 16 3 sobrepeso 10 obesidade rede ensino numero televisoes residencia algumas variaveis alimentacao idade maturacao_sexual permaneceram associadas excesso_peso adolescentes apos modelo ajustado nivel socioeconomico elevado menor faixa etaria maior estagio maturacao_sexual habitos_alimentares parecem ser principais fatores determinantes excesso_peso populacao estudada espera resultados apresentados neste estudos possibilitem criacao fortalecimento politicas combate sobrepeso obesidade voltadas adolescencia possam apresentar efetividade prevencao tratamento deste agravo palavras chave adolescente fatores_risco obesidade sobrepeso,1717,0.988504823274532
34,"cafeina, pla, corredores, exaustao, suco_uva, placebo, beterraba, creatina, ciclistas, salto",objetivo presente dissertacao desenvolver analisar propriedades antioxidantes sensoriais produto po base cerveja artesanal tipo pale ale hibiscus sabdariffa atraves metodo spray drying producao cerveja artesanal utilizados agua mineral malte pale ale weyermann lupulo hersbrucker levedura nottngham infusao hibisco durante maturacao cerveja submetida secagem spray dryer localizado embrapa rj atividade_antioxidante determinada ensaios espectrofotometricos compostos_fenolicos totais folin ciocalteu frap teac avaliacao sensorial realizada acordo padroes eticos resolucao 466 2012 conep contempla declaracao helsinki apos aprovacao comite etica pesquisa hucff teste aceitacao intencao compra 2 g microparticulas diluidas 30 ml agua mineral gaseificada 30 ml agua mineral gas distribuidas temperatura 8ºc copos descartaveis transparentes 50 ml codificados 3 digitos aleatorios dados obtidos avaliados anova seguido teste_tukey 95 confianca comparacao medias atraves software xlstat R ensaios folin ciocalteu frap teac apresentaram respectivamente valores 136 7 mg eag g 1 5506 67 mol fe+2 g 1 1840 33 mol trolox g 1 presente estudo 100 participantes realizaram teste aceitacao uso escala hedonica 9 pontos teste intencao compra observadas diferencas significativas notas obtidas meio teste aceitacao atributos aparencia geral 6 13 + 1 8 6 01 + 1 8 cor 6 09 + 1 66 5 98 + 1 66 sabor 5 51 + 2 05 4 98 + 2 05 produtos reconstituidos agua mineral gaseificada agua mineral gas respectivamente referencia teste intencao compra media respostas amostra reconstituida agua gaseificada 4 46 + 2 14 diferiu comparada amostra gas 4 16 + 2 14 atraves resultados obtidos presente estudo possivel concluir microparticulas desenvolvidas base cerveja artesanal tipo pale ale hibiscus sabdariffa apresentam valores elevados compostos_fenolicos totais atividade_antioxidante mensurada frap teac comparada outros estudos literatura alem disso presenca ausencia gaseificacao bebidas apresentaram diferencas estatisticas aspectos sensoriais observados intencao compra evidenciando versatilidade consumo,3699,0.9897220434869104
34,"cafeina, pla, corredores, exaustao, suco_uva, placebo, beterraba, creatina, ciclistas, salto",diabetes mellitus dm problema saude_publica franco aumento deficiencia vitamina_d vem sendo associada progresso enfermidade varios estudos_epidemiologicos longitudinais ultimas decadas relacionado dm risco aumentado comprometimento cognitivo particularmente dm tipo 2 dm2 presente estudo objetivou avaliar fatores influentes status vitamina_d relacao estado cognitivo individuos dm2 municipio barbacena  mg trata estudo_caso controle envolvendo populacao urbana barbacena mg diagnosticados dm2 ambos generos idade acima 45 anos coletados dados_socioeconomicos antropometricos indice_massa_corporal imc circunferencia_cintura cc circunferencia_panturrilha cp relacao cintura estatura rce questionario_frequencia_alimentar qfa fatores_associados status vitamina_d exposicao_solar fototipo pele suplementacao vitamina_d avaliacao cognitiva meio mini exame estado mental mmse participaram pesquisa 232 individuos categorizados controle n=138 dm2 n= 94 subdivididos adultos n=101 idosos n=131 79 2 adultos 67 9 idosos sexo_feminino idosos dm2 menor frequencia solteiros p= 0 028 maior frequencia escolaridade instrucao inicial incompleto p= 0 030 diferencas estatisticas parametros_antropometricos fototipo pele adultos dm2 praticavam menos atividade_fisica sol p=0 034 faziam menor uso protetor solar p=0 005 adultos diabetes faziam uso protetor solar p=0 001 rosto p=0 012 parcela expressiva populacao geral possuia 1 4 anos estudo nesse nivel_escolaridade observou prevalencia consideravel individuos comprometimento cognitivo 64 8 cluster 1 menor status vitamina_d obteve maior percentual individuos dm2 comprometimento cognitivo escolaridade 1 4 anos p=0 007 cluster 2 maior status vitamina_d obteve individuos instrucao inicial incompleto dm2 p=0 019 controle p=0 007 alimentos fonte vitamina_d consumidos baixa frequencia estudo sugere baixo status vitamina_d pode ter influenciado estado cognitivo particularmente grupo dm2,3882,0.9886079543705465
34,"cafeina, pla, corredores, exaustao, suco_uva, placebo, beterraba, creatina, ciclistas, salto",considera aspectos espirituais religiosos crencas pessoais centrais qualidade_vida qv inclusive acompanhar logica definicao saude contempla dimensoes fisica mental social espiritual cuidado integral contempla comportamento_alimentar ca direito humano alimentacao nutricao adequada dhana requerido cada vez ultimos anos principalmente familias envolvem criancas_adolescentes garantido sujeitos vivem situacao inseguranca_alimentar ia interfere qv comum alteracoes ca restricao cognitiva rc alimentacao emocional ae descontrole alimentar nesse contexto objetivos deste estudo avaliar responsaveis escolares 5 11 anos municipios pequeno porte sul minas gerais i qv aspectos espirituais religiosos crencas pessoais whoqol srpb ii tres dimensoes ca tfeq r21 ae rc iii inseguranca_alimentar ebia iv praticas_alimentares objetivou identificar correlacao v aspectos espirituais religiosos crencas pessoais ca vi ca praticas_alimentares vii interferencia ia qv investigacao realizada meio aplicacao questionarios online utilizou analises descritivas cluster teste t student correlacao_pearson spearman agrupamento feito conforme condicoes_socioeconomicas divididos dois grupos grupo condicoes_socioeconomicas inferiores csi grupo condicoes_socioeconomicas superiores css maioria encontrava ia maior prevalencia csi diferenca estatistica estar estar ia pontuacoes facetas conexao ser forca espiritual encontrar sentido vida ter sentimento totalidade integracao admiracao paz interior todavia diferenca facetas fe forca espiritual esperanca otimismo ca frequente ae rc quais correlacionados indicando maioria pessoas ae tendencia rc menos presente correlacionado consumo alguns marcadores negativos costume beber refrigerante frequentar fast foods dentre praticas_alimentares comum consumo ultraprocessados principalmente produtos acucarados contrapartida praticas relacionadas marcadores positivos consumir farinha integral ingerir frutas cafe_manha mostraram habituais ca correlacao significativa rc aspectos srbp ae conclui ia pode interferir qv relacionada aspectos srbp fazendo sujeitos dificuldade autodesenvolver assim pessoas ia podem utilizar espiritualidade fe enfretamento situacao correlacao whoqol srbp rc entende ca pode estar interrelacionado aspectos srbp tematicas subjetivas necessitando estudos profundidade acoes continuadas educacao_alimentar_nutricional educacao_saude sujeitos capazes serem autonomos conscientes acerca atitudes alimentares saude favorecem qualidades vida,3887,0.9860338241511036
34,"cafeina, pla, corredores, exaustao, suco_uva, placebo, beterraba, creatina, ciclistas, salto",nutricao materna consumo acidos_graxos durante periodos gestacionais lactacao determinantes criticos fortemente relacionados desenvolvimento fetal pos natal normais outro lado alteracoes nutricao prole periodos iniciais vida podem predispor desenvolvimento disturbios_metabolicos nesse sentido buscado compostos atuem prevencao reversao disturbios oleo_chia oc destaca alimento promissor possuir elevado conteudo acido linolenico 55 66 compostos_fenolicos desse modo objetivo presente estudo avaliar efeito suplementacao materna oc parametros metabolicos estresse_oxidativo hepatico modelo hiperalimentacao neonatal realizou extracao caracterizacao oleos utilizados durante experimento suplementacao materna oc 5g kg p c oleo milho om controle negativo mesma dose ocorreu durante acasalamento desmame 21 dias filhotes formacao grupos hiperalimentado deu partir reducao tamanho ninhada 3 4 filhotes cada femea durante amamentacao assim considerando suplementacao materna modelo animais divididos seis grupos experimentais controle c hiperalimentacao pos natal h c suplementado oc coc c suplementado om h suplementado oc hoc h suplementado om hom durante periodo experimental ganho_peso filhotes monitorado semanalmente alem disso 120 dias vida animais submetidos teste tolerancia oral glicose ttog teste tolerancia insulina tsi apos eutanasia 120 dias amostras coletadas avaliacao glicemia lipidograma insulinemia parametros lipidicos estresse_oxidativo teciduais hepaticos nivel significancia adotado resultados p<0 05 21 dias peso_corporal total grupo h 26 maior grupo c 29 maior grupo hoc comparado coc 120 dias somente grupo hoc apresentou diferenca relacao coc sendo 14 maior percentual ganho_peso 46 menor grupo hom comparado indice lee hoc 10 maior coc peso tecidos apresentou nenhuma diferenca significativa ttog grupo hom apresentou media glicemia maior tempos 0 120min comparado tsi grupo hoc apresentou menor glicemia relacao coc tempo 15min glicemia insulinemia lipidograma apresentaram diferenca estatistica exceto triglicerideos grupo coc maiores relacao lipidios totais figado apresentaram diferenca relacao estresse_oxidativo encontrada nenhuma relevancia estatistica analises histologicas todos grupos apresentaram caracteristicas comuns tecido questao modelo hiperalimentacao apesar ser estabelecido literatura modelo excesso_peso tecido_adiposo alteracoes metabolicas completamente estabelecido presente trabalho devido fato porem limitante verificado efeitos positivos suplementacao materna oc parametros gerados modelo experimental proposto ainda faz necessarios estudos aperfeicoamento modelo programacao metabolica proposto pesquisas necessarias elucidar potencial beneficio suplementacao materna oleo_chia,4450,0.9852603074965578
34,"cafeina, pla, corredores, exaustao, suco_uva, placebo, beterraba, creatina, ciclistas, salto",padroes dieteticos incluam consumo regular compostos prebioticos capazes modular composicao metabolismo microbiota_intestinal humana exercendo papel importante saude hospedeiro beterraba vermelha beta vulgaris l importante especie olericola destacavel aporte nutrientes compostos_bioativos destaque fibras dieteticas compostos_fenolicos betalainas trabalho objetivo avaliar potencial prebiotico liofilizados obtidos diferentes porcoes beterraba vermelha meio verificacao efeitos sobre crescimento metabolismo cepas probioticas lactobacillus_acidophilus la 05 lacticaseibacillus casei l 26 limosilactobacillus fermentum 296 microbiota colonica humana condicoes in vitro ensaios realizados liofilizados porcoes raiz fdbr talos folhas fdbsl beterraba vermelha cultivar early wonder fdbr fdbsl submetidos analises determinacao composicao_nutricional parametros fisico quimicos seguida cepas lactobacillus expostas condicoes simuladas trato_gastrointestinal presenca fdbr fdbsl avaliados aspectos relacionados viabilidade celular functionalidade fisiologica capacidade_antioxidante_total compostos_fenolicos totais durante tres fases principais digestao boca estomago intestino segunda etapa novas amostras fdbr fdbsl submetidas digestao gastrointestinal simulada produto digestao avaliado ensaios fermentacao usando unica fonte carbono cultivo cepas probioticas avaliacao modulacao microbiota colonica utilizando inoculo fecal calculado escore atividade prebiotica atividade metabolica microbiana monitorada meio determinaao ph conteudos acucares acidos organicos diferentes sistemas cultivo monitorados perfil fenolicos capacidade_antioxidante_total durante fases digestao simulada fermentacao inoculo fecal fdbr fdbsl apresentaram altos teores fibras soluveis 5 25 11 10 g 100 g insoluveis 21 43 37 03 g 100 g pectinas 8 45 9 51 g 100 g betalainas 3 3628 99 g 100 g variedade compostos_fenolicos fdbr fdbsl estimularam crescimento cepas probioticas testadas altas contagens celulas viaveis >9 log ufc ml aumento producao acidos acetico butirico latico propionico alteracoes teores compostos_fenolicos durante 72 h cultivo ainda apresentaram valores positivos indices prebioticos =0 17 durante exposicao digestao simulada fdbr fdbsl aumentaram sobrevivencia manutencao funcoes fisiologicas ativas cepas probioticas indicado alta contagem celulas viaveis =3 5 log ufc ml percentual celulas fisiologicamente ativas >25 2 fdbr 23 1> fdbsl fdbr fdbsl aumentaram abundancia lactobacillus spp enterococcus spp 3 64 7 60 bifidobacterium spp 2 76 5 78 diminuiram abundancia bacteroides spp prevotella spp 9 56 4 18 clostridium histolyticum 1 62 1 15 eubacterium rectale clostridium coccoides 2 33 1 49 durante 48 h fermentacao colonica resultando indices prebioticos positivos > 3 61 fdbr fdbsl promoveram intensa atividade metabolica evidenciada diminuicao ph aumento producao acido latico acetico butirico propionico consumo glicose frutose longo tempo cultivo probioticos ensaios fermentacao colonica alteracoes conteudo compostos_fenolicos alta capacidade_antioxidante durante fermentacao colonica observados fbrd fdbsl mostraram potenciais propriedades prebioticas podendo ser explorados formulacao produtos_alimenticios suplementos dieteticos funcionais,4481,0.9841332030507652
35,"qualidade_dieta, pontuacao, pontuacoes, iqd, ias, indice_qualidade_dieta, vegetarianos, integrais, leguminosas, revisado",transtorno espectro autista tea transtorno neurodesenvolvimento prevalencia criancas_adolescentes vem aumentando longo anos estudos apontam deficiencia oligoelementos fatores envolvidos etiologia transtorno sendo zinco principais oligoelementos investigado individuos tea assim objetivo deste estudo realizar revisao_sistematica sobre relacao status zinco autismo criancas_adolescentes protocolo desta revisao registrado international prospective register of systematic_reviews prospero numero registro crd42020157907 diretrizes metodologicas adotadas acordo declaracao preferred reporting items systematic_reviews and meta analyses prisma selecao estudos realizada partir busca ativa bases dados pubmed scopus lilacs atraves descritores busca zinc trace elements biometals autism children adolescent avaliacao qualidade metodologica estudos realizada atraves escala newcastle ottawa incluidos 35 estudos 34 caso controles coorte realizados 13 paises sendo eua 20 china 17 russia 17 maior numero estudos tamanhos amostras variaram 20 371 idades participantes 2 18 anos nove tipos matrizes biologicas avaliadas estudos sendo cabelo 51 soro 26 utilizadas avaliacao concentracoes zinco diferencas significativas concentracoes zinco grupos tea controle observadas 15 estudos desses 34 observaram concentracoes zinco menores grupo tea 9 concentracoes maiores grupo tea criancas_adolescentes tea apresentaram concentracoes zinco menores relacao controles estudos intervencao estrategias suplementacao zinco criancas_adolescentes tea devem ser conduzidos,3416,0.9760698211560201
35,"qualidade_dieta, pontuacao, pontuacoes, iqd, ias, indice_qualidade_dieta, vegetarianos, integrais, leguminosas, revisado",dietas ricas compostos_bioativos possuem papel importante prevencao doencas compostos_fenolicos podem atuar sequestradores radicais livres quelantes ions metalicos moduladores sistema antioxidante endogeno acao grande importancia contra estresse_oxidativo polifenois podem atuar prevencao tratamento alguns tipos cancer meio inibicao crescimento celulas tumorais tucum cerrado bactris setosa mart fruto possui diversos compostos vitamina_c flavonoides antocianidinas quercetina potencial_antioxidante vem sendo demonstrado diversos estudos objetivo desse trabalho avaliar efeitos extrato aquoso tucum cerrado bactris setosa mart celulas eucarioticas celulas saccharomyces cerevisiae selvagem fator transcricao yap1 envolvido transcricao genes enzimas antioxidantes utilizadas ensaios crescimento sobrevivencia utilizados oxidantes menadiona 5 15 m peroxido hidrogenio 0 5 1 mm extrato tucum cerrado testado concentracoes 10 150 g ml modelos celulas cancerigenas intestinais fibroblastos intestinais organoides jejuno humano avaliados quanto viabilidade celular apos serem expostos extrato aquoso tucum niveis mrna enzimas antioxidantes superoxido_dismutase sod catalase glutationa_peroxidase gpx fatores transcricao nf e2 related factor 2 nrf2 subunidade alfa fator 1 induzivel hipoxia hif 1 envolvido transcricao diversos genes incluindo genes envolvidos angiogenese avaliados concentracoes 15 m menadiona 1 mm h2o2 resultaram menor crescimento sobrevivencia s cerevisiae extrato tucum prejudicou crescimento sobrevivencia s cerevisiae nenhuma concentracao testada alem exercer efeito protetor crescimento celulas selvagens expostas menadiona h2o2 efeito observado celulas yap1 onde extrato tucum protegeu contra exposicao h2o2 resultados indicaram acao protetora tucum contra estresse_oxidativo promovido h2o2 depende presenca yap1 celulas intestinais extrato tucum concentracao 1 mg ml reduziu proliferacao celular celulas caco 2 organoides jejuno fibroblastos resultado indica acao especifica extrato celulas cancerigenas concentracao 0 5 mg ml extrato capaz aumentar producao mitocondrial superoxido reduzir niveis mrna enzimassod catalase gpx fatores transcricao nrf2 hif 1 subunidade sintase oxido nitrico embora niveis mrna sido reduzidos expressao_proteica mnsod catalase mantiveram niveis proximos grupo_controle resultados encontrados sugerem acao extrato tucum celulas caco 2 relacionada aumento estresse_oxidativo causado aumento superoxido manutencao enzimas antioxidantes niveis normais,4230,0.9289159470521
35,"qualidade_dieta, pontuacao, pontuacoes, iqd, ias, indice_qualidade_dieta, vegetarianos, integrais, leguminosas, revisado",doencas transmitidas alimentos dta problema mundial ocorrem apos ingestao_alimentos contaminados sinalizando falta qualidade alimentos ponto vista seguranca_alimentar pandemia_covid_19 causou varios desafios todo mundo implicacoes diretas producao manipulacao alimentos estimulando reforcando adocao boas praticas fabricacao manipulacao alimentos potencialmente reduzindo incidencia dta portanto objetivo deste estudo analisar dados sobre notificacao dta brasil anos anteriores 2018 2019 durante 2020 2021 pandemia_covid_19 realizado estudo_coorte retrospectiva avaliando locais contaminacao criterios confirmacao agente etiologico taxa incidencia geral letalidade mortalidade 2 206 registros dta sendo 1 368 casos antes 838 casos durante pandemia_covid_19 taxa mortalidade 0 5 ambos periodos taxa incidencia antes pandemia 6 48 durante pandemia 3 92 enquanto coeficiente mortalidade 0 033 antes 0 019 durante pandemia ambos 100 000 habitantes diferenca significativa numero notificacoes dta periodos avaliados migracao locais aumento significativo notificacoes dta hospitais unidades saude reducao notificacoes eventos sociais demonstrando maior atencao comportamento higienico bem melhora conhecimentos atitudes praticas seguranca_alimentar manipuladores_alimentos profissionais_saude aumento significativo tipo criterio utilizado confirmar surtos aumento exames clinicos laboratoriais laudos clinicos bromatologicos,4819,0.8899469943677956
35,"qualidade_dieta, pontuacao, pontuacoes, iqd, ias, indice_qualidade_dieta, vegetarianos, integrais, leguminosas, revisado",introducao mudancas estilo_vida associadas aumento fatores_risco saude principalmente relacionados alimentacao indices dieteticos resumem caracteristicas alimentacao possibilitam avaliacao possiveis deficiencias excessos nutrientes grupos alimentos objetivo analisar qualidade_dieta identificar fatores_associados adultos residentes area urbana cuiaba mt metodo estudo_transversal amostra extraida estudo base_populacional 195 adultos 20 50 anos ambos_sexos dados dieteticos obtidos questionario frequencia consumo_alimentar coletados dados_sociodemograficos estilo_vida antropometricos composicao_corporal qualidade_dieta analisada meio indice_qualidade_dieta revisado iqd r adaptado populacao brasileira comparacao medias utilizou teste mann_whitney p<0 05 associacoes estimadas meio regressao_logistica resultados media iqd r 75 2 pontos ic 95 74 2 76 1 diferenca estatisticamente_significativa sexos p=0 03 pontuacao grupo alimentos mostrou homens obtiveram maiores escores oleos oleaginosas gordura peixe 9 4 vs 8 9 p=0 02 comparacao mulheres grupo frutas inteiras sodio pontuacao maior mulheres 4 7 vs 4 2 p<0 01 2 9 vs 1 9 p<0 01 respectivamente individuos idade 30 anos obtiveram maior pontuacao tanto iqd r total 76 4 vs 73 6 p<0 01 grupo frutas inteiras 4 7 vs 4 2 p<0 01 gordura_saturada 9 0 vs 8 5 p<0 01 calorias provenientes gordura solida alcool acucar adicao regressao_logistica iqd r adequado variaveis independentes mostrou associacao mulheres individuos 30 anos cujo chefe familia apresentava escolaridade maior conclusao mulheres obtiveram melhor pontuacao frutas inteiras sodio enquanto homens escores oleos oleaginosas gordura peixe maiores individuos velhos obtiveram maior pontuacao frutas inteiras gordura_saturada calorias provenientes gordura solida alcool acucar adicao homens consumiram vegetais totais vegetais verdes escuros alaranjados leguminosas carnes ovos leguminosas oleos oleaginosas oleo_peixe fatores mostraram associados iqd r adequado idade sexo escolaridade chefe familia,476,0.8854251506520884
35,"qualidade_dieta, pontuacao, pontuacoes, iqd, ias, indice_qualidade_dieta, vegetarianos, integrais, leguminosas, revisado",gontijo cristiana araujo m sc universidade federal vicosa agosto 2012 influencia qualidade_dieta habitos vida adolescencia condicoes saude fase adulta orientadora silvia eloiza priore coorientadoras sylvia carmo castro franceschini juliana farias novaes barros sonia machado rocha ribeiro conhecimento modificacoes habitos_alimentares adolescencia fase adulta quais fatores adolescencia influenciam qualidade_dieta fase adulta poderao auxiliar direcionamento intervencoes necessarias promocao_saude prevencao doencas objetivo deste estudo avaliar influencia qualidade_dieta habitos vida adolescencia condicoes saude fase adulta trata estudo_coorte avaliou informacoes adolescencia fase adulta estudo final realizado individuos ambos_sexos atendidos programa atencao_saude adolescente proasa divisao saude dsa universidade federal vicosa ufv adolescencia encontrados fase adulta adolescencia coletou informacoes prontuarios referentes primeira consulta proasa idade peso estatura perimetro_cintura quadril relacao cintura estatura cintura quadril recordatorio_alimentar habitual questionario estilo_vida fase adulta aferiu medidas_antropometricas composicao_corporal pressao_arterial aplicados recordatorio_alimentar habitual questionario estilo_vida avaliar qualidade global dieta duas fases utilizou adaptacao healthy eating index 2005 iqd calculou delta iqd iqd = pontuacao total iqd fase adulta  pontuacao total iqd adolescencia relacao analises estatisticas realizou estatistica_descritiva media mediana teste normalidade kolmogorov smirnov testes_t pareado teste wilcoxon teste t student mann_whitney correlacao_pearson spearman regressao_linear_multipla adotou nivel significancia 5 amostra final composta 130 individuos sendo 70 8 sexo_feminino adolescencia media pontuacao total iqd 60 94+ 10 10 variando 37 80 85 60 fase adulta valor maior p<0 05 63 81+ 10 78 variando 38 04 92 57 componentes cereais integrais vegetais totais vegetais verdes escuro alaranjados leguminosas vegetais val apresentaram maiores pontuacoes fase adulta p<0 05 acordo delta iqd verificou 56 9 n=74 individuos melhoraram pontuacao adolescencia fase adulta individuos cujo iqd positivo apresentam modificacoes positivas componentes cereais integrais frutas totais frutas inteiras vegetais totais vegetais val carne ovos leguminosas gordura_saturada calorias provenientes gordura solida acucar adicao gord aa p<0 05 individuos iqd negativo apresentaram modificacoes negativas cereais totais frutas totais frutas inteiras vegetais val gordura_saturada gord aa p<0 05 modificacoes adolescencia fase adulta avaliadas sexos somente feminino permaneceu melhora iqd total p<0 001 individuos sexo_feminino apresentam fase adulta valores maiores componentes cereais integrais vegetais totais vegetais val gord aa p<0 05 masculino apresentaram fase adulta valores menores cereais totais gordura_saturada gord aa p<0 05 observou correlacao positiva pontuacao total iqd fase adulta pontuacao componentes frutas totais frutas inteiras adolescencia correlacao negativa relacao_cintura_quadril adolescencia distanciamento ultima consulta proasa reavaliacao fase adulta p<0 05 pontuacao total iqd fase adulta demonstrou associacao negativa sexo_masculino distanciamento ultima consulta proasa iniciativa propria consulta proasa consumo produtos diet adolescencia encontrou associacao negativa pontuacao componente vegetais totais adolescencia pressao_arterial sistolica fase adulta conhecimento modificacoes habitos_alimentares adolescencia fase adulta variaveis adolescencia interferem condicao nutricional fase adulta importantes realizacao medidas intervencao nutricionais direcionadas eficazes promovendo saude prevenindo doencas atuais futuras,406,0.8512229315552456
36,"7nachr, sinalizacao, gpr120, hipotalamo, akt, hipotalamica, lps, rock, uprmt, homeostase",obesidade sido considerada epidemia mundial brasil metade populacao possui excesso_peso valores obesidade continuam subir dados oms categoricos afirmar obesidade responsavel desenvolvimento serie patologias diabetes mellitus tipo ii doencas_cardiovasculares acidente vascular cerebral avc dislipidemias alguns tipos cancer desta maneira atualmente existe grande demanda melhor entendimento processos bioquimicos metabolicos relacionados obesidade via transducao sinal proteina mtor sido associada controle balanco_energetico organismo funcionando ora sensor quantidade nutrientes disponivel ora sinalizador gasto armazenamento dessa energia presente trabalho objetivo estudo diferentes s6ks conhecidas efetoras resposta dirigida mtor sistema_nervoso_central snc consequencias homeostase energetica organismo tanto modulacao expressao proteinas s6ks hipotalamo enfoque caracterizar diferenciar papeis isoformas s6ks neste local superexpressar isoformas s6ks hipotalamo camundongos utilizados vetores adenovirais capazes realizar funcao in vitro aumento expressao s6ks hipotalamo reduziu ingestao_alimentar sensibilidade jejum camundongos modulou niveis rnam neuropeptideos agrp npy outro lado parece prejudicar metabolismo periferico glicose sistema cre loxp utilizado investigar papel isoforma p54 s6k2 neuronios agrp dados encontrados demonstram potencial papel proteina s6k2 neuronios agrp controlando comportamento_alimentar presente estudo ressalta importante papel via mtor s6ks controle metabolico organismo necessario melhor compreensao processos fisiologicos envolvidos desenvolvimento obesidade,2586,0.9915011771493232
36,"7nachr, sinalizacao, gpr120, hipotalamo, akt, hipotalamica, lps, rock, uprmt, homeostase",pratica regular exercicios sido descrita boa alternativa prevencao reducao dor ausencia efeitos colaterais comuns medicamentos analgesicos comercialmente disponiveis ponto positivo entretanto intensidade volume exercicio geracao hipoalgesia bem mecanismos ainda pouco aprofundados portanto considera importante desenvolver estudos exercicio_fisico adequado condicoes individuais investiguem prevencao reducao dor muscular bem mecanismos neurobiologicos envolvidos hipoalgesia induzida exercicio sabe durante processo doloroso exercicio_fisico pode atuar organismo atraves diversas vias sido foco estudos investigacao mecanismos envolvidos transicao condicoes dor aguda cronica fim melhorar abordagens prevencao alem disso ativacao receptor pparg receptores ativados proliferadores peroxissoma gama surgido potencial anti_inflamatorio redutor dor podendo ser importante via hipoalgesia induzida exercicio dessa forma objetivo desse estudo verificar dois protocolos treinamento aerobico cronico diferentes intensidades capacidades induzir hipoalgesia induzida exercicio nesse caso comparar eficiencias alem disso avaliamos hipoalgesia induzida exercicio_fisico cronico modulada ativacao receptores pparg tecido muscular avaliar exercicio_fisico agudo capaz modular sensibilizacao neuronios centrais prevenindo desenvolvimento estado hiperalgesia latente,1822,0.9896959069776279
36,"7nachr, sinalizacao, gpr120, hipotalamo, akt, hipotalamica, lps, rock, uprmt, homeostase",cicatrizacao feridas cutaneas processo fisiologico essencial sobrevivencia todo organismo vivo processo composto tres fases sequenciais sobrepostas inflamacao formacao tecido granulacao remodelamento matriz extracelular mec alteracao qualquer destas fases influencia reparo tecidual final acidos_graxos poli_insaturados familias omega_3 3 omega 6 6 incorporados membranas celulares modulam respostas inflamatorias consequentemente cicatrizacao recentemente demonstramos camundongos transgenicos fat 1 capazes produzir acidos_graxos 3 endogenamente aumentaram incorporacao acido docosapentaenoico dpa acido docosahexaenoico dha pele obtendo reducao 50 razao 6 3 nestes animais verificou aumento inflamacao estagios iniciais processo reparo tecidual aumento area ferida 14º dia analise entretanto 21 dias pos lesao feridas ambos grupos fat 1 controle wild type wt igualmente fechadas assim presente trabalho avaliamos alteracoes inflamatorias modularam ultimas fases processo reparo quais nova mec formada mec responsavel reconstituicao estrutural funcional tecido dando suporte interacoes celulares alem oferecer propriedades biomecanicas camundongos fat 1 apresentaram aumento razao pro inflamatoria il 1 il_10 tnf il_10 marcacao vimentina fibronectina elastina durante fase intermediaria 10 dias pos lesao relacao grupo wt conjunto camundongos fat 1 elevaram expressao_genica colageno tipo i iii iv bem aumentaram deposicao fibras elasticas reticulares fase final processo cicatrizacao 21 dias pos lesao favoreceu ganho resistencia tracao capacidade alongamento especifico elasticidade tecido reparado aumento producao macromoleculas mec camundongos fat 1 confirmado fibroblastos isolados pele destes animais fibroblastos derivados animais transgenicos exibiram maior concentracao componentes citoplasmaticos extracelulares deposicao fibronectina resultados evidenciam funcao anabolica acidos_graxos 3 correlacionada maior deposicao mec melhora funcoes biomecanicas tecido cicatricial animais fat 1,3567,0.988272161799587
36,"7nachr, sinalizacao, gpr120, hipotalamo, akt, hipotalamica, lps, rock, uprmt, homeostase",obesidade doenca caracterizada acumulo excessivo gordura_corporal acarretando diversas alteracoes metabolicas alteracoes influenciam controle balanco_energetico hipotalamo considerado orgao chave controle balanco_energetico recebe informacoes periferia meio nutrientes sinais neurais hormonios dentre hormonios insulina participa controle ingestao_alimentar tendo efeitos anorexigenicos regulacao ocorre ativacao via sinalizacao ir pi3q akt animais obesos ocorre menor ativacao desta via consequencia estresse reticulo endoplasmatico ativacao proteinas via inflamatoria presente estudo destacamos amigdala importante regiao sistema_nervoso_central envolvida regulacao ingestao_alimentar resposta insulina regulacao dependente ativacao via pi3q pois injecao ly aboliu efeitos insulina controle ingestao insulina diminuiu niveis rnam neuropeptideo orexigenico npy aumentou niveis rnam neuropeptideo anorexigenico ocitocina amigdala animais controles via pi3q pode ter contribuido hipofagia alem disso animais obesos reducao ingestao_alimentar resposta insulina fosforilacao akt diminuida amigdala sugerindo resistencia_insulina nessa regiao sistema_nervoso_central resistencia_insulina associada estresse reticulo endoplasmatico inflamacao regiao amigdala inibicao estresse reticulo endoplasmatico pba acido fenil butirico inibidor estresse reticulo reverteu acao sinalizacao insulina diminuindo expressao rnam npy aumentando expressao rnam ocitocina amigdala animais obesos conjunto resultados sugerem amigdala sensivel acao anorexigenica insulina sendo efeito dependente via pi3q acao insulina amigdala provavelmente modula ingestao alterar niveis neuropeptideos npy ocitocina animais obesos apresentam resistencia acao sinalizacao insulina amigdala mecanismo molecular ocorre resistencia_insulina parece estar relacionado ativacao via inflamatoria estresse reticulo endoplasmatico,548,0.9882586840260291
36,"7nachr, sinalizacao, gpr120, hipotalamo, akt, hipotalamica, lps, rock, uprmt, homeostase",casca limao residuo largamente produzido industrias processamento frutas muitas vezes descartada forma incorreta trazendo inumeros prejuizos economicos socioambientais alem disso desperdicio representa oportunidade perdida pois materia prima rica compostos_bioativos polifenois apresentam propriedades biologicas industriais interessantes aproveitamento desses compostos necessario separa los demais componentes materia prima obter extratos alta concentracao processo pode ser realizado diversos metodos extracao constante desenvolvimento sendo assim estudo propoe desenvolvimento metodos extracao separacao concentracao flavonoides especificos partir casca limao meio tecnicas emergentes extracao usando solventes alternativos escolha deste tema fundamenta dois principais pilares extracao flavonoides especificos casca limao utilizando tecnicas solventes extracao considerados verdes b reaproveitamento agregacao valor residuos industrializacao casca limao primeira parte estudo_experimental objetivou desenvolver metodo integrado extracao separacao concentracao compostos_fenolicos casca limao meio acoplamento tecnicas extracao liquidos pressurizados ple extracao fase solida spe usando solventes verdes estudo mostrou diferentes condicoes extracao permitiram obter fracoes extratos composicoes quimicas distintas atraves processos verdes extracao condicoes extracao eluicao sepra c18 extracao agua ph 6 eluicao etanol 80 ºc resultaram maiores rendimentos hesperidina 12 8120 + 0 0006 mg g compostos menos polares totais 20 210 + 0 005 mg g alem obter elevado grau separacao fracoes distintas compostos polares menos polares alem disso ple spe obteve rendimentos elevados comparacao outras tecnicas extracao segunda parte estudo_experimental visou desenvolver metodo extracao otimizado recuperar flavonoides especificos casca limao utilizando extracao assistida ultrassom uae misturas euteticas solventes mistura eutetica cloreto colina acido acetico chcl aa 1 2 alcancou melhor desempenho extracao compostos alvo potencia sonda ultrassonica 320 w atingiu rendimento maximo hesperidina narirutina dccr r s f 30 teor agua 40 tempo estatico 40 min condicoes ideais recuperacao compostos interesse tempo extracao dinamico 6 min adequado solvente etanol agua 50 v v obteve maior pureza compostos relacao chcl aa porem chcl aa eficiente protecao compostos sob efeito alta temperatura extracoes uae superiores desempenho extracao comparacao tecnicas convencionais avaliadas assim possivel demonstrar potencial casca limao fonte compostos_bioativos assim potencial tecnologias extracao emergentes solventes verdes obtencao flavonoides interesse partir dessa matriz vegetal,3988,0.9880025497933402
37,"pnae, alimentacao_escolar, programa_nacional_alimentacao_escolar, cardapios, agricultura_familiar, sustentabilidade, uan, cardapio, uane, alunos",comportamento compras determina qualidade alimentos disponiveis domicilio influenciando diretamente consumo_alimentar toda familia estudar comportamento compra ambiente_alimentar domiciliar pode contribuir compreensao fatores envolvidos tipos refeicoes consumidas desenvolvimento intervencoes_nutricionais ambito familiar estudo caracterizou analisou comportamento compra ambiente_alimentar domiciliar 11 adultos responsaveis compras alimentos domicilios criancas_adolescentes costumam realizar refeicoes casa utilizou metodos mistos entrevista questionario inventario alimentos transcricoes entrevistas submetidas analise tematica alimentos identificados inventario classificados segundo grau_processamento analisados quanto disponibilidade_alimentos presentes domicilio acessibilidade alimentos armazenados locais visiveis ambiente_alimentar domiciliar mulheres totalizaram 90 amostra n = 10 idade variou 28 56 anos todos participantes supermercado principal local compras alimentos maioria relatou realizar maior compra frequencia mensal preco fator citado relacao escolha local compras selecao produtos distancia recursos fisicos estabelecimento aspectos valorizados planejamento compras organizacao tempo controle gastos definicao previa produtos serem comprados lista compras excecao frutas_hortalicas cuja escolha definida somente local disponibilidade domiciliar media alimentos_in_natura minimamente processados 37 similar ultraprocessados 39 acessibilidade duas vezes maior 49 24 respectivamente resultados apontam importancia acoes focadas planejamento execucao compra alimentos_in_natura minimamente processados forma promover maior disponibilidade domiciliar consumo aproximando refeicoes realizadas casa preconizado guia_alimentar_populacao_brasileira,2407,0.9699402620256286
37,"pnae, alimentacao_escolar, programa_nacional_alimentacao_escolar, cardapios, agricultura_familiar, sustentabilidade, uan, cardapio, uane, alunos",objetivo descrever partir ponto vista individuos aexperiencia adoecimento tratamento dietetico hipertensao_arterial_sistemica has usuarios sistema_unico_saude sus florianopolis santa catarina metodo trata estudo etnografico realizado portadores hipertensao comunidade sambaqui profissionais_saude centro saude santo antonio lisboa florianopolis santa catarina dados coletados marco junho 2014 meio entrevistas miestruturadas observacao participante entrevistas gravadas sempre autorizado envolvidos observacoes registradas diario campo todo material lido transcrito integra divididos categorias referentes objetivos pesquisa iscutidos base antropologia interpret ativa antropologia medica resultados has vista doenca muitas vezes assintomatica ponto vista biomedico hipertensos apresentava tal reconhecida doenca apresentava inais fisicos causava infortunios reconheciam doenca assintomatica otulavam pessoas doentes nervos considerados maioria hipertensos principal causa doenca sobre tratamento visao profissionais_saude uso farmacos mostrou forma efetiva tratar doenca entretanto hipertensos tratamento medicamentoso feito asua maneira usavam equanto achassem necessario refere tratamento dietetico seguido estritamente ligado reducao sal informacoes sobre alimentacao controle doenca sempre reforcadas equipe saude havia conhecimento hipertensos sobre informacoes entretanto alguns entrevistados diante conhecimentos repassados associaram mudancas dieteticas controle doenca havendo autonomia agencia condicao busca tratamento doenca sistema formal saude considerado principal itinerario terapeutico praticas autoatencao relacionadas uso chas repouso receitascaseiras conclusao divergen cias falas conceitos sobre doenca manejo profissionais_saude hipertensos mostram doenca pode ser reduzida apenas aspectos fisiologicos significado doenca possuem envolvem dimensoes cultura is sociais strategias assumem lidar condicao devem ser reconhecidas profissionais_saude meio escuta qualificada onde abram espacos sujeito mostre subjetividade quanto avancarmos nesse campo articulando perspectivas ciencias sociais humanas campo saude biologico poderemos trazer subsidios politicas acoes saude contemplem quais acoes voltadas,1056,0.9695296036735117
37,"pnae, alimentacao_escolar, programa_nacional_alimentacao_escolar, cardapios, agricultura_familiar, sustentabilidade, uan, cardapio, uane, alunos",2006 brasil cria sistema nacional seguranca_alimentar_nutricional sisan 2010 politica nacional pnsan principal instrumento planejamento gestao execucao desta politica publica planos seguranca_alimentar_nutricional plansan devem ser elaborados todos niveis governo sistematizando intervencao poder publico promocao seguranca_alimentar_nutricional san santa catarina sc 13 estados publicaram plano sendo melhor atende aspectos normativos exigidos pnsan entanto aplicacao outras metodologias avaliativas capazes responder outros objetivos pode contribuir qualificar politica publica neste sentido pesquisa avaliou pertinencia i plansan sc conceito brasileiro san bem identificou potencialidades limites execucao plano modelo avaliacao utilizado composto 7 dimensoes 16 subdimensoes 35 indicadores 99 medidas definido juizo valor avaliacao cada elementos modelo permitindo classificados possuindo otima boa regular ruim pertinencia conceito san identificar potencialidades limites entrevistaram 8 representantes governo sociedade civil envolvidos politica estadual san selecionados meio indicacao secretarias executivas conselho seguranca_alimentar_nutricional consea camara gestao intersetorial seguranca_alimentar_nutricional caisan estado santa catarina entrevistas gravadas transcritas analise metodo discurso sujeito coletivo dsc relacao avaliacao pertinencia plano totalidade metas acoes avaliado boa pertinencia objetivo destacando positivamente dimensoes instituicao processos permanentes educacao pesquisa formacao san avaliacao monitoramento melhor resultado dimensao promocao acesso universal alimentacao_adequada obteve pior resultado verificou necessidade aperfeicoar metas acoes respondam ajuste tributario distribuicao alimentos refeicoes relacao execucao i plansan sc principais potencialidades apontadas qualidade plano estruturacao sisan estado limitacoes encontradas referentes recursos financeiros interesse politico estrutura caisan espera resultados possam contribuir gestao pnsan santa catarina qualificando plansan auxiliando identificacao estrategias melhor execucao plano alem disso considerando realidade santa catarina pode aplicar outros contextos espera estudo fortaleca sisan partir introducao novos elementos debate tecnico cientifico referente tema,2043,0.9519130928662295
37,"pnae, alimentacao_escolar, programa_nacional_alimentacao_escolar, cardapios, agricultura_familiar, sustentabilidade, uan, cardapio, uane, alunos",aumento realizacao refeicoes casa tendencia mundial parece estar associado consumo_alimentos preparacoes menor qualidade nutricional setor alimentacao casa constitui ambiente propicio aplicacao iniciativas promotoras alimentacao_saudavel estrategias adotada restaurantes promover escolhas alimentares_saudaveis provisao informacao_nutricional preparacoes culinarias oferecidas trabalho objetivo analisar influencia modelo informacao_nutricional qualitativa escolhas alimentares_saudaveis restaurante tipo bufe autosservico realizado estudo quantitativo experimental tipo ensaio controlado randomizado antes grupos paralelos estudo realizado dois restaurantes tipo bufe autosservico rede localizada centro cidade florianopolis sc durante duas semanas t0 t1 inserida informacao_nutricional lista ingredientes destaque presenca ingredientes organicos preparacoes bufe restaurantes t1 insercao informacao_nutricional algumas preparacoes classificadas menos saudaveis partir criterio pre estabelecido preparacoes distribuidas pesadas ambos restaurantes calculo porcao media escolhida comensais fim calcular diferencas medias porcoes restaurantes utilizados testes_t teste mann_whitney teste_t_pareado teste wilcoxon adotada significancia 5 p <0 05 alteracoes estatisticamente_significativas escolhas_alimentares analisar diferencas intragrupos periodo pre intervencao intervencao excecao diminuicao escolhas acompanhamentos quentes menos saudaveis restaurante controle p=0 0430 t0 t1 observou diferencas estatisticamente_significativas diferenca medias porcao t0 t1 restaurantes embora sido identificadas diferencas escolhas_alimentares insercao informacao_nutricional gerou reformulacao preparacoes expos comensais preparacoes culinarias saudaveis t1 espera achados possam contribuir producao conhecimento nutricao considerando importancia informacao_nutricional restaurantes visando direito consumidor informacao ainda possa servir subsidio novas pesquisas nessa area formulacao politicas_publicas ressalta insercao informacao_nutricional estimulo reformulacao preparacoes uso ingredientes melhor qualidade nutricional,4522,0.9403528080478555
37,"pnae, alimentacao_escolar, programa_nacional_alimentacao_escolar, cardapios, agricultura_familiar, sustentabilidade, uan, cardapio, uane, alunos",alimentacao oferecida escolas_publicas regida meio programa_nacional_alimentacao_escolar pnae garante oferta refeicoes adequadas saudaveis porem apesar pnae ser programa publico voltado alimentacao_escolar saudavel pesquisas demonstrado baixo consumo alimentacao oferecida escola ambiente_alimentar pode ser definido local individuos inseridos ambiente dimensoes fisica politica economica sociocultural influenciam escolha alimentar gerando impacto estado_nutricional consequentemente saude diante exposto objetivo geral avaliar ambiente_alimentar escolar quanto fatores relacionados consumo alimentacao instituicoes publicas ensino fundamental alcanca los objetivos especificos 1 caracterizar ambiente_alimentar escolar interno externo quanto presenca fatores competidores promotores alimentacao_saudavel 2 identificar descrever se como documentos governamentais voltados promocao alimentacao_adequada saudavel abordam regulacao ambientes enfase ambiente_alimentar escolar 3 avaliar associacao condicoes oferta refeicao consumo alimentacao_escolar dissertacao estruturada 3 capitulos formato artigo fim responder objetivos especificos primeiro capitulo trata estudo quantitativo descritivo identificou predominancia fatores promotores alimentacao_saudavel comparacao competidores tendo sido verificado elevada presenca alimentos_ultraprocessados interior entorno escolas segundo refere estudo qualitativo analise_documental sobre ambiente_alimentar escolar identificou avancos desafios sobre politicas_publicas voltadas protecao ambientes escolares oferta produtos ultraprocessados terceiro ultimo capitulo objetivo investigar fatores_associados potencial reducao consumo alimentacao_escolar escolas_publicas analisando condicoes oferta refeicoes elemento essencial eficacia pnae conclui ambiente_alimentar escolar ainda precisa regulacao atingir objetivos seguranca_alimentar_nutricional,4627,0.9218058916519922
38,"cha_verde, stz, diabetico, diabeticos, cha, dieta_hiperlipidica, hls, gavagem, metformina, induzidos",uso plantas medicinais encontram expansao todo mundo funcao alto custo medicamentos industrializados efeitos beneficos creditados proprio modismo efeitos atraem portadores doencas degenerativas diabetes mellitus tipo ii sendo epidemia mundial inumeras plantas estudadas objetivo auxiliar tratamento diabetes mellitus brasil podemos destacar insulina vegetal cissus sicyoides l dissertacao objetivo avaliar infusos folhas insulina vegetal 5 ratos_wistar sadios diabetes mellitus induzida streptozotocina coletada planta municipio rio janeiro encaminhada injc ufrj ser higienizada desidratada moida armazenada sob refrigeracao parte experimental contou 20 ratos divididos dois grupos dm ndm onde induzida diabetes via intraperitoneal uso streptozotocina R outro agua destilada antes inducao mensurou glicemia animais apos tres dias repetiu mensuracao confirmar animais ficaram diabeticos formados quatro grupos dm dm5 ndm ndm5 apos iniciou tratamento infuso folhas insulina vegetal 5 administrada 28 dias neste periodo verificado massa_corporal animais ingestao racao glicemia quatro pontos sacrificio realizado super dosagem thiopental R posteriormente coletado sangue processamento analise catalase orgaos coracao rim figado retirados analise histologica resultados glicemia animais final experimento demonstrou claramente efeito hipoglicemiante significativo cha insulina vegetal 5 animais diabeticos dm 5 comparacao grupo_controle dm efeito hipoglicemiante ocorreu grupo diabetico porem tratado cha ndm5 comparacao diabetico tratado cha dm5 grupos diabeticos tratados ndm5 ndm exibiram glicemia menor grupo dm outro lado significancia grupos diabeticos avaliacao efeito antioxidante insulina vegetal atividade enzima catalase avaliada plasmas animais utilizou kit comercial caymans catalase assay kit valores medios densidade optica 2 59 + 0 30 2 84 + 0 60 1 82 + 0 46 3 20 + 0 35 grupos ndm dm ndm5 dm5 respectivamente animais diabeticos receberam cha apresentaram atividade catalase significativamente alta comparada grupos diabeticos tratados efeito insulina vegetal atividade serica catalase inedito pois presente momento encontrados artigos referenciam resultados avaliacao histologica influencia insulina vegetal padroes tecidos estudados coracao rim figado estudo avaliou infusao folhas insulina vegetal verificar efeito 5 folhas insulina vegetal verificou efeito hipoglicemico antioxidante animais diabeticos entanto causou lesoes tecidos cardiacos renais hepaticos animais diabeticos necessarios estudos pre clinicos clinicos uso correto seguro desta planta,746,0.9859844438109101
38,"cha_verde, stz, diabetico, diabeticos, cha, dieta_hiperlipidica, hls, gavagem, metformina, induzidos",rodrigues carla janaina bonfim desafios potencialidades boas praticas manipulacao unidades_alimentacao_nutricao escolar municipio estado rio janeiro dissertacao mestrado ciencias nutricao  faculdade nutricao emilia jesus ferreiro universidade federal fluminense niteroi 2023 introducao programa_nacional_alimentacao_escolar pnae politica publica longa data brasil desde decada 1950 objetivo primordial promover alimentacao_saudavel educar estudantes escolas_publicas filantropicas pais relacao nutricao alcancar proposito pnae visa oferecer alimentacao_escolar segura nutricionalmente adequada respeitando particularidades regionais habitos_alimentares embora objetivos pnae altamente relevantes contexto nutricao escolar pesquisas indicam muitas unidades_alimentacao_nutricao escolares uane possuem condicoes necessarias produzir refeicoes seguras principalmente diz respeito requisitos sanitarios essenciais saude escolares objetivo avaliar boas praticas bp manipulacao alimentos bem analisar desafios potencialidades implementacao uane municipio estado rio janeiro metodos trata estudo delineamento_transversal descritivo qualiquantitivo abrangendo sete escolas municipio pertencente regiao metropolitana estado rio janeiro aplicada lista verificacao boas praticas alimentacao_escolar lvbpae proposta validada stedefeldt et al 2013 lista composta 99 itens pontuados organizados seis blocos tematicos bt opcoes resposta cada item lista dividiram sim caso uane atendesse questao nao caso atendimento item nao aplica caso item aplicavel resultados pontuacao total bt pontuacao final uane expressos percentuais pontuacoes totais bt comparadas criterios classificacao resolucao diretoria colegiada rdc nº 275 2002 agencia nacional vigilancia_sanitaria anvisa brasil 2002 classificacao final uane conforme risco sanitario utilizados criterios definidos stedefeldt et al 2013 realizadas entrevistas duas nutricionistas gestoras alimentacao_escolar municipio utilizando roteiro semiestruturado perguntas direcionadas tema presente pesquisa merendeiros convidados participar rodas conversa enfase bp quais realizada atividade objetivo compreender sob perspectivas desafios potencialidades bp local trabalho entrevistas rodas conversa gravadas transcritas manualmente analise dados qualitativos aplicada analise conteudo dados qualitativos categorizados dimensoes emergentes representando principais tendencias padroes identificados falas participantes bardin 2016 resultados observa maioria uane n=5 classificada risco sanitario alto 29 regular 43 duas uane classificadas risco sanitario baixo 29 bt processos procedimentos mostraram inadequados quatro uane parcialmente adequados tres seguido bt higienizacao ambiental mostrou inadequado duas uane parcialmente adequado emquatro sobre desafios perspectiva merendeiros destacaram desvalorizacao desse profissional relatos uane reconhecidas parte integrante escola possuindo ainda infraestrutura inadequada sendo comparada cozinha domestica potencialidades bp perspectiva nutricionistas destacaram preocupacao merendeiros recebimento adequado alimentos bom relacionamento gestao escolar nutricionistas parceria merendeiros turnos diferentes conclusao aspecto complementar diversos dados quantitativos percepcoes merendeiros nutricionistas ratifica necessidade planejamento desenvolvimento estrategias acoes articuladas envolvendo diversos atores pnae promocao consolidacao bp uane municipio,4635,0.9831468030788082
38,"cha_verde, stz, diabetico, diabeticos, cha, dieta_hiperlipidica, hls, gavagem, metformina, induzidos",compostos_bioativos presentes camellia sinensis hibiscus sabdariffa l podem atuar metabolismo forma prevenir tratar doencas_cronicas_transmissiveis dcnt objetivo deste estudo avaliar efeitos uso extrato aquoso chas camellia sinensis hibiscus sabdariffa l sob parametros_bioquimicos relacionados metabolismo_lipidico analisar balanco redox serico ratos adultos saudaveis obesos induzidos dieta_hiperlipidica utilizados 60 ratos machos wistar 30 dias idade divididos grupo_controle c n=30 receberam dieta comercial grupo hiperlipidico hl n=30 receberam dieta_hiperlipidica 90 dias idade grupo c subdividido 1 grupo_controle salina receberam dieta comercial gavagem solucao salina cs n=10 2 grupo_controle cha_verde receberam dieta comercial gavagem extrato aquoso cha_verde ccv n=10 3 grupo_controle cha hibisco receberam dieta comercial gavagem cha hibisco cch n=10 grupo hl subdividido 1 grupo hiperlipidico salina receberam dieta_hiperlipidica gavagem solucao salina hls n=10 2 grupo hiperlipidico+cha_verde receberam dieta_hiperlipidica gavagem cha_verde hlcv n=10 3 grupo hiperlipidico + cha hibisco receberam dieta_hiperlipidica gavagem cha hibisco hlch n=10 30 dias consecutivos dose 100mg kg massa_corporal pn90 observamos grupo hl apresentou reducao consumo total racao 36 p<0 05 vs c massa_magra corporal 11 p<0 05 aumento percentual gordura_corporal +29 p<0 05 conteudo gordura_corporal +25 p<0 05 pn120 coletado sangue determinar parametros_bioquimicos balanco redox serico ccv apresentou aumento hdl +21 p<0 05 vs cs menor frap 30 p<0 05 vs cs orac 9 p<0 05 vs cs aumento proteina carbonilada +69 p<0 05 vs cs grupo cch apresentou diminuicao triglicerideos 33 p<0 05 vs cs colesterol_total 20 p<0 05 vs cs hdl 17 p<0 05 vs cs vldl 33 p<0 05 vs cs proteina total 6 p<0 05 vs cs creatinina 12 p<0 05 vs cs aumento dpph +53 p<0 05 vs cs frap +48 p<0 05 vs cs catalase +154 p<0 05 vs cs diminuicao proteina carbonilada 86 p<0 05 vs cs sod 60 p<0 05 vs cs grupo hlch apresentou reducao triglicerideo 41 p<0 05 colesterol_total 29 p<0 05 vs hls hdl 24 p<0 05 vs hls vldl 45 p<0 05 vs hls ldl 33 p<0 05 vs hls aumento frap +38 p<0 05 vs hls orac +30 p<0 05 vs hls proteina carbonilada 82 p<0 05 vs hls catalase +138 p<0 05 vs hls diminuicao sod 60 p<0 05 vs hls hlcv apresentou diminuicao albumina 27 p<0 05 vs hls proteinas totais 17 p<0 05 vs hls tgp 30 p<0 05 vs hls fosfatase alcalina 30 p<0 05 vs hls bilirrubina direta 33 p<0 05 vs hls tbars 59 p<0 05 vs hls aumento proteina carbonilada +161 p<0 05 vs hls sod +54 p<0 05 vs hls ingestao cha hibisco comparada cha_verde trouxe maiores beneficios perfil_lipidico aumento atividade_antioxidante,5045,0.9819606559563396
38,"cha_verde, stz, diabetico, diabeticos, cha, dieta_hiperlipidica, hls, gavagem, metformina, induzidos",hipertensao has problema saude_publica global afeta media quarto populacao mundial desencadeando elevados gastos saude numero elevado mortes anualmente falta adesao tratamento has principal responsavel aumento morbimortalidade internacoes hospitalares gastos saude pior qualidade_vida pacientes objetivo analisar fatores clinicos demograficos socioeconomicos associados grau adesao adultos_idosos hipertensos tratamento has brasil descrevendo grau adesao metodologia trata estudo analitico corte transversal utilizando dados_secundarios pesquisa nacional saude pns realizada ibge 2013 envolvendo 7203 pacientes hipertensos adultos_idosos ambos_sexos buscou analisar fatores_associados grau adesao tratamento hipertensao meio regressao beta funcao ligacao logit analise variaveis estatisticamente_significativas deu meio razao chances probabilidade associacao grau adesao resultados grau adesao medio amostra estudada 69 48 fatores encontrados associados grau adesao presenca outras doencas alem hipertensao grau depressao avaliacao estado_saude regiao pais genero idade etnia viver companheiro escolaridade sendo ser genero feminino fator favoreceu adesao possuir grau depressao severo menor favoreceu adesao conclusao tanto fatores clinicos socioeconomicos quanto demograficos significativamente associados grau adesao tratamento has sugere estudos relacionados melhora adesao relacao cada fatores analisados realizados forma amenizar efeitos deleterios potencializar efeitos beneficos principalmente quanto individuos genero masculino apresentam maior tendencia adesao tratamentos saude forma geral,1528,0.981001169846646
38,"cha_verde, stz, diabetico, diabeticos, cha, dieta_hiperlipidica, hls, gavagem, metformina, induzidos",diabetes melito grupo doencas caracterizado hiperglicemia associada complicacoes disfuncoes insuficiencia varios orgaos podendo resultar defeitos secrecao acao insulina atualmente brasil existem cerca seis milhoes diabeticos estima numero pode dobrar 2030 chegando 11 3 milhoes recentemente isolado cera carnauba composto quimico constituido esteres acido cinamico encontrados po cerifero origem pco c apresentou efeitos hipolipemiantes hipoglicemiantes animais sob ponto vista quimico cera carnauba pco c composta mistura muitas substancias predominantemente esteres testes toxicologicos ecotoxicologicos mostraram cera carnauba produto atoxico agride meio_ambiente presente trabalho objetivou avaliar potencial terapeutico pco c tratamento animais diabeticos observando efeito hipoglicemico estudo efeito pco c in vivo desenvolvido grupos camundongos diabetes melito induzido aloxano 120 150 mg kg dias consecutivos via intraperitoneal tratados pco c 100 125 150 mg kg agua glibenclamida 10 mg kg final protocolo inducao tratamento amostras sangue coletadas determinacao niveis sorologicos glicose alem disso animais pesados vez semana fim verificarmos composto estudo possui efeito sobre peso dados expressos media + erro padrao media epm analisar significancia diferencas dados utilizado anova seguida teste newman keuls sendo considerados significativos resultados apresentavam p<0 05 composto pco c identificado caracterizado diesteres acido 4 metoxicinamico apresentou importantes efeitos hipoglicemiantes comparados glicemia inicial periodo pos inducao diabetes fitocomposto mostrou acao hipoglicemiante semelhante melhor droga referencia glibenclamida utilizado doses 100 150 mg kg sendo ultima eficaz controle niveis glicemicos pco c efeito sobre reducao peso animais diabeticos diabeticos tendo parametro permanecido estavel durante todo periodo experimento fitocomposto apresentou melhor controle ganho_peso comparado glibenclamida portanto acreditamos hipotese composto possa ter acao nivel expressao_genica estimulando genes responsaveis producao insulina celulas beta pancreas pois apresentou acao sobre peso animais deste estudo apenas melhor controle_peso droga referencia glibenclamida,608,0.9792047447530849
39,"oeov, biofilme, oero, oleo_essencial, oleos_essenciais, cim, inibitoria, antracnose, l_monocytogenes, oecc",doenca inflamatoria intestinal dii caracterizada processo_inflamatorio cronico recidivante principais formas apresentacao retocolite ulcerativa doenca crohn etiologia envolve fatores geneticos imunes ambientais havendo relatos envolvimento desequilibrio oxidativo patogenese diis patologias associadas disturbios nutricionais significativos sendo fundamental conhecer interacao fatores objetivo estudo analisar relacao perfil oxidativo clinico nutricional pacientes dii tanto realizado estudo_transversal carater observacional amostra composta 79 pacientes dii 81 controles coletados dados_sociodemograficos clinicos antropometricos consumo_alimentar incluindo frequencia ingestao fodmaps fermentable oligo di and mono saccharides and polyols amostra sanguinea 4 ml coletada dosagem peroxidacao lipidica mda antioxidante gsh adequacao ingestao_alimentar analisada quanto necessidade energetica ingestao macronutrientes micronutrientes fibra analise estatistica utilizado programa spss 19 0 sendo considerado nivel significancia 5 p < 0 05 consumo_alimentar pacientes dii inadequado lipidios acido linolenico fibras diversos micronutrientes diferenca estatistica relacao grupo_controle calcio magnesio selenio vitamina b2 ingestao fodmaps superior grupo_controle mda serico superior 0 02 0 01 0 04 gsh inferior 5 48 10 58 0 37 pacientes dii relacao grupo_controle ajustado sexo indice_massa_corporal tabagismo atual pratica_atividade_fisica diferenca significativa pacientes atividade remissao doenca dc rcu conclusao evidenciado consumo_alimentar inadequado presenca desequilibrio oxidativo pacientes dii aumento mda reducao gsh relacao grupo_controle persistencia niveis elevados peroxidacao lipidica pacientes remissao doenca preocupante devido reconhecida importancia estresse_oxidativo processo carcinogenese,1957,0.9914667315309642
39,"oeov, biofilme, oero, oleo_essencial, oleos_essenciais, cim, inibitoria, antracnose, l_monocytogenes, oecc",compostos_fenolicos constituem principais classes metabolitos secundarios plantas sintetizados defesa vegetal adaptacao estresse ambiental subdivididos tres grupos acidos fenolicos flavonoides taninos sido propostos tendo variedade efeitos biologicos saude humana sobre microrganismos s aureus casos infeccoes provocadas cepas s aureus multi droga resistentes mdr aumentando longo anos dentre estrategias combate resistencia s aureus antibioticos descoberta chamados agentes modificadores resistencia rma resistance modifying agents neste estudo avaliamos potencial modulador efeito sinergico flavonoides taninos acido fenolicos sobre atividade antibiotica norfloxanina nor tetraciclina tet eritromicina eri linhagens s aureus testados seis flavonoides glicosideo c glicosideo derivados aglicona dois taninos galotanino elagitanino acidos fenolicos acido hidroxidifenico derivados acido cinamico compostos testados apresentaram atividade_antimicrobiana 128 g ml cim 256 512 g ml teste modulacao flavonoides glicosilados apresentaram efeito redutor cim antibioticos testados entanto derivados aglicona reduziram cim nor dezesseis vezes 128 8 g ml contra partida flavonoides c glicosilados miricetrin quercetrin reduziram cim nor quatro vezes 128 32 g ml derivados aglicona apresentaram efeito redutor cim antibioticos testados acido hexahidroxidifenico acido galico apresentou efeito redutor cim antibioticos testados dentre derivados acido cinamico ensaiados apenas acido 3 metoxicinamico acido 3 4 dimetoxicinamico acido 3 4 5 trimetoxicinamico reduziram cim nor 128 64 g ml enquanto acido 3 metoxicinamico apresentou efeito redutor cim tetraciclina 64 32 g ml elagitanino acido elagico apresentou efeito redutor cim antibioticos testados galotanino acido tanico  at reduziu trinta duas vezes cim nor 128 4 g ml teste checkerboard at apresentou efeito sinergico aplicado combinacao nor icif = 0 15 cim at diminuiu 512 64 g ml oito vezes enquanto cim nor diminuiu 128 4 g ml trinta duas vezes resultados obtidos demonstram compostos_fenolicos possuem potencial aplicacao adjuvante antibioticos particularmente uso combinado nor,1320,0.99110451045359
39,"oeov, biofilme, oero, oleo_essencial, oleos_essenciais, cim, inibitoria, antracnose, l_monocytogenes, oecc",leite cabra alimento alto valor nutritivo proporciona caracteristicas terapeuticas dieteticas sendo assim excelente fonte derivar produtos potencial funcional cujos beneficios nutricionais podem ser aprimorados enriquecendo cepas probioticas leite_derivados podem prover suporte nutricional necessario pacientes inflamacao intestinal particular trato doenca inflamatoria intestinal dii compreende doenca crohn dc colite ulcerativa cu doenca imunologicamente mediada leva destruicao tecido trato_gastrointestinal objetivo deste estudo avaliar efeito anti_inflamatorio intestinal leite iogurte caprino adicionado lactobacillus acidophillus acrescido mel abelhas nativas melipona scutellaris ratas colite induzida utilizadas ratas wistar 190 240 g divididas 7 grupos experimentais n = 10 colitico colitico leite cabra lc iogurte caprino mel ic iogurte caprino adicionado mel 10 icm iogurte caprino adicionado mel 10 duas vezes dia icm 2x sulfassalazina 250 mg kg saz animais receberam diariamente via gavagem 1 ml produto durante 14 dias deste periodo entao induzida colite acido acetico 0 5 ml 10 v v solucao salina 0 9 quarenta oito horas inducao animais eutanasiados avaliados dano macroscopico microscopico colite parametros inflamatorios expressos mieloperoxidase mpo fator necrose_tumoral tnf interleucina il 1 cicloxigenase cox 2 inos oxido nitrico sintetase induzida marcadores_estresse_oxidativo malondialdeido mda glutationa total pre tratamento leite iogurte caprino sulfassalzina reduziu escore dano macroscopico p <0 01 vs colitico melhorou significativamente atividade mpo p <0 01 vs colitico niveis citocinas_pro_inflamatorias tnf p <0 01 vs colitico p <0 01 saz vs lc icm icm 2x il1 p <0 01 vs colitico reduziu significativamente estresse_oxidativo observado reducao mda p <0 01 vs colitico p <0 05 lc vs saz previniu deplecao glutationa p <0 01 vs colitico p <0 01 saz vs lc ic icm 2x efeito demonstrado preservacao citoarquitetura colonica diminuicao expressao cox 2 p <0 05 vs colitico inos p <0 05 vs colitico concluiu leite cabra iogurte caprino sulfassalazina exerceram efeito anti_inflamatorio modelo colite induzida acido acetico ratos portanto produtos lacteos caprinos podem ser alternativas valiosas medicamentos tradicionais potencial alimento funcional prevencao dii,1326,0.9908140569220728
39,"oeov, biofilme, oero, oleo_essencial, oleos_essenciais, cim, inibitoria, antracnose, l_monocytogenes, oecc",bacterias acido laticas bal amplamente utilizados culturas starter elaboracao queijos frescos produtos sido descritos excelentes matrizes incorporacao bacterias probioticas pois possuem ph proximo neutralidade elevado teor umidade alem serem matrizes consistentes capazes proteger celulas bacterianas durante armazenamento entretanto mesmas caracteristicas tornam queijos frescos suceptiveis contaminacao patogenos capazes sobreviver sob refrigeracao escherichia_coli o157 h7 oleo_essencial oe origanum vulgare l oregano oeov rosmarinus officinalis l alecrim oero podem atuar sinergismo contra patogenos origem alimentar entanto escassas informacoes sobre efeitos frente culturas starter probioticas presente estudo avaliou efeitos oeov oero combinacao sinergica sobre contagens celulas viaveis co cultura starter composta lactococcus lactis lactis l lactis cremoris cepa probiotica lactobacillus acidophillus la 5 patogeno escherichia_coli o157 h7 queijo fresco durante 21 dias armazenamento refrigerado 7 + 0 5 °c terpenos predominantes oeov oero aspectos fisico quimicos sensoriais aceitacao caracterizaram queijo incorporado destes oes concentracoes sinergicas determinados durante armazenamento incorporacao oeov 0 03 0 07 l g oero 1 32 2 65 l g combinacao queijos produzido cultura starter probiotica reduziu contagens lactococcus spp l acidophillus la 5 enquanto causou reducao aproximadamente 3 0 log ufc g contagens coli o157 h7 durante primeiros 15 dias armazenamento apos tempo armazenamento apenas efeito bacteriostatico observado contra patogeno testado queijos incorporacao oeov oero combinacao retardou aumento contagens tanto co cultura starter cepa probiotica queijos durante 15 armazenamento afetou capacidade cepa probiotica sobreviver queijo sob condicoes gastrointestinais simuladas longo tempo total 15 terpenos oeov oero detectados queijos imediatamente apos producao apos 24 h armazenamento quantidade todos terpenos detectados diminuiu durante 21 dias armazenamento eucaliptol canfora pineno terpenos detectados maior quantidade queijos durante todo tempo armazenamento estudado incorporacao oeov oero concentracoes sinergicas queijos afetou rendimento caracteristicas fisico quimicas produto queijo incorporado oeov oero combinacao produzido cultura starter caracterizado sabor canfora menta maior maciez escores sensoriais atribuidos aroma sabor impressao global intencao compra queijo probiotico produzido l acidophillus la 5 oveo roeo aumentaram longo armazenamento resultados mostram incorporacao oveo roeo concentracoes sinergicas compromete viabilidade cultura starter cultura probiotica porem eficaz controle coli o157 h7 queijo durante armazenamento refrigerado entretanto concentracoes utilizadas destes oes devem ser avaliadas considerando impactos aspectos sensoriais produto,2745,0.9905840190270052
39,"oeov, biofilme, oero, oleo_essencial, oleos_essenciais, cim, inibitoria, antracnose, l_monocytogenes, oecc",emergencia pandemica doencas_cronicas_transmissiveis dcnt ultimos 60 anos tendo principais condicionantes envelhecimento populacional sobrepeso obesidade representam desafio prioritario estudos fisiopatologia epidemiologia atualidade nessa perspectiva considerar relacao cintura altura rca parametro antropometrico capaz detectar provaveis riscos saude relacionados principalmente dcnt tendo vista marcadores_inflamatorios proteina_c_reativa ultra sensivel pcr us relacionados percentual_gordura objetivo presente estudo analisar associacao rca pcr us idosos considerando morbidades estilo_vida alem relacao desse indice antropometrico presenca morbidades prevalentes nessa populacao analisadas concomitantemente formas isoladas combinadas verificar quais morbidades analisadas isoladamente maior associacao rca trata estudo epidemiologico transversal base_populacional amostragem estratificada sistematica populacao_idosa composta 170 idosos 60 90 anos ambos_sexos realizaram visitas domiciliares aplicacao questionarios avaliacoes antropometricas coleta sanguinea media idade idosos inferior 70 anos maior representatividade sexo_feminino 69 41 maioria 90 apresentando rca inadequada considerando valor > 0 50 observou hipertensao morbidade prevalente nessa populacao 58 52 analisadas combinadas hipertensao juntamente obesidade destacaram morbidades diagnosticadas nesse publico 17 65 sendo obesidade dentre morbidades prevalentes unica associacao rca p=0 0019 ademais individuos morbidade valor medio rca menor comparados individuos morbidade p=0 0075 posteriormente modelo linear regressao multipla identificou idosos portadores morbidades prevalentes populacao presente estudo rca media aumentava 0 0415 p=0 0065 verificou correlacao existente rca pcr us p=0 0379 base associacoes encontradas rca morbidades isoladas combinadas dado inedito pcr us idosos rca pode ser instrumento triagem tratar indice antropometrico simples eficaz logo uso desse indicador antropometrico deve ser recomendado estrategia intervencao nivel individual coletivo prevencao controle obesidade_abdominal idosos possibilitando maior controle morbidades,975,0.9905785447538147
40,"qualidade_vida, qvrs, quimioterapia, sintomas, caquexia, tned, cabeca, cuidados, quimioterapico, tumores",vegetais consumidos crus podem ser veiculos doencas transmissao hidrica alimentar dtha fim evitar surtos dtha solucoes cloradas usualmente empregadas lavagem frutas verduras entanto sabe hipoclorito sodio naclo substancia utilizada sanitizante entrar contato agua materia organica pode formar subprodutos potencialmente cancerigenos ainda capaz inativar ovos parasitos presentes vegetais dessa forma buscado alternativas sustentaveis efetivas sanitizacao vegetais folhosos presente estudo_experimental objetivo verificar efeito extrato erva mate ilex paraguariensis reducao bacteriana remocao ovos parasitos folhas alface origem paranaense submetido analises fisico quimicas biologicas aplicado ensaios microbiologicos mb parasitologicos ps testes fisico quimicos submetido analises compostos_fenolicos totais tpc flavonoides totais tfc atividade_antioxidante realizada metodo captura radical livre 2 2 difenil 1 picrihidrazila dpph poder reducao complexo ferrico frap atividade_antimicrobiana avaliada utilizando metodologia determinacao concentracao inibitoria minima cim diluicao seriada microplaca 96 pocos mb realizado tres repeticoes triplicata folhas alface crespa minimamente processada contaminadas escherichia_coli salmonella typhimurium submetidas tratamentos solucoes controle sanitizantes agitador automatico 5 minutos seguida folhas alface submetidas analise microbiologica contagem unidades formadoras colonia ufc ps folhas alface contaminadas artificialmente numero conhecido ovos toxocara canis 109 lavadas sob agitacao manual sacos plasticos durante 3 min agitacao automatica potes vidro 5 minutos liquido resultante submetido contagem numero ovos microscopio hipoclorito sodio naclo agua oxigenada h2o2 agua esteril utilizados controle mb glicina alconox R h2o2 controle ps resultados expressos media ensaios resultados mostraram possui 69 60 + 14 62 mg eag g tpc 69 78 + 20 61 mg ec g tfc atividade_antioxidante 469 51 + 127 67 mol trolox g dpph 642 94 + 62 75 mol trolox g frap quanto atividade_antimicrobiana apresentou cim 15 mg ml staphylococcus_aureus coli 30 mg ml s typhimurium mb resultados revelaram naclo agente maior reducao bacteriana coli salmonella 3 03 3 20 log10 ufc g seguido h2o2 2 39 2 82 20 log10 ufc g 1 26 1 84 log10 ufc g obteve resultados estatisticamente semelhantes tratamento agua 1 37 1 31 84 log10 ufc g ps metodo agitacao manual h2o2 alconox R glicina alcancaram taxa recuperacao estatisticamente semelhantes 60 24 54 33 47 09 respectivamente enquanto extrato erva mate apresentou taxa 23 54 estatisticamente similar glicina ensaio agitacao automatica encontrada diferenca significativa nenhum tratamentos embora valores reducao diferido glicina 57 18 alconox R 49 54 h2o2 48 92 24 77 dessa forma conclui apresenta atividade_antimicrobiana frente bacterias gram positivas gram negativas estudos indicam saponinas promovem remocao ovos parasitos ainda eficacia menor outros compostos assim necessarias investigacoes acerca erva mate sanitizante agente removedor ovos parasitos,4832,0.9836830234053974
40,"qualidade_vida, qvrs, quimioterapia, sintomas, caquexia, tned, cabeca, cuidados, quimioterapico, tumores",introducao fatores_risco_cardiometabolico alta surgindo desde infancia agravando doencas_cronicas vida adulta excesso_peso ma alimentacao sedentarismo baixa aptidao fisica aceleram impacto negativo saude objetivo investigar associacao aptidao fisica estado_nutricional habitos_alimentares estilo_vida fatores_risco_cardiometabolico criancas faixa etaria 7 10 anos regiao metropolitana vitoria es partir banco dados projeto prevencao obesidade_infantil atencao_primaria_saude ensaio comunitario regiao metropolitana vitoria es metodologia realizou estudo_transversal criancas unidades saude_familia avaliando dados_sociodemograficos bioquimicos antropometricos hemodinamicos aptidao fisica cardiorrespiratoria apfcr estilo_vida habitos_alimentares avaliou colesterol_total hdl ldl triglicerideos tg glicemia_jejum pressao_arterial apfcr teste 6 minutos corrida caminhada estado_nutricional en avaliado imc idade comportamento_sedentario definido tempo_tela tt > 2h dia risco metabolico escore habitos_alimentares analisados questionario_frequencia_alimentar criancas categorizadas combinacao en apfcr tt apfcr analises bivariadas modelos regressao realizados meio software spss p <0 05 resultados cerca 65 criancas apresentaram baixa apfcr 59 excesso_peso apos ajuste grupo excesso_peso fisicamente inaptos maior chance hdl baixo criancas excesso_peso aptas inaptas maior chance tg elevado = 3 fatores cardiometabolicos agrupados quase dobro chance inaptas observou maiores chances presenca risco metabolico criancas atividade_fisica < 1hora dia or=1 936 ic95 1 14 3 26 p=0 013 tempo_tela > 2horas dia or=2 392 ic95 1 05 5 44 p=0 038 conclusao criancas excesso_peso fisicamente inaptas dobro chance apresentar tg elevado tres fatores_risco_cardiometabolico risco metabolico maior criancas atividade_fisica insuficiente <1h dia tempo_tela acima 2h dia resultados sugerem papel protetor apfcr reducao tt pratica regular atividade_fisica =1h dia criancas,5070,0.9791896031682362
40,"qualidade_vida, qvrs, quimioterapia, sintomas, caquexia, tned, cabeca, cuidados, quimioterapico, tumores",nutricao_enteral domiciliar modalidade atendimento nutricional visa garantir direito_humano_alimentacao_adequada domicilio preparacoes enterais alimentos mistas comerciais podem ser utilizadas pacientes porem necessidade manipulacao utilizacao utensilios domesticos ingredientes variados pode favorecer contaminacao microbiologica parasitologica contaminacao bacterias diferentes formulacoes enterais amplamente documentada contudo nenhum estudo realizado acerca contaminacao parasitos alem disso metodo estabelecido analise parasitos formulacoes enterais manipuladas principais objetivos deste estudo 1 padronizar metodologia deteccao ovos helmintos formulacoes enterais preparadas frutos hortalicas frescas 2 implementar tecnica previamente padronizada avaliacao contaminacao parasitos amostras formulacoes enterais contendo alimentos crus 3 detectar quantificar concentracao aerobios mesofilos escherichia_coli staphylococcus coagulase positiva formulacoes enterais administradas domicilio estudo ocorreu duas etapas 1 padronizacao metodologia analise parasitologica atraves experimentos contaminacao artificial preparacoes enterais alimentos 2 analise microbiologica parasitologica pesquisa helmintos protozoarios formulacoes utilizadas domicilios curitiba pinhais piraquara parana tanto produzidas duas preparacoes alimentos 1 couve laranja alface agriao agua filtrada 2 morango agua filtrada duas doses contendo numero conhecido ovos ascaris suum 1 = 207 ovos 2 = 76 ovos inoculadas ambas preparacoes estimar sensibilidade taxa recuperacao ovos analisados 4 protocolos preparacao dose triplicata 48 ensaios seguintes variaveis analisadas homogeneizacao manual agitador magnetico solucao dispersao glicina 1m ph 5 5 alconox R 0 1 protocolos etapa comum sedimentacao 2 horas centrifugacao leitura todo sedimento isolamento bacterias feito tecnicas microbiologicas convencionais maior taxa eficiencia recuperacao preparacao 1 obtida protocolo 2 glicina homogeneizacao agitador magnetico media 66 02 55 26 doses 1 2 respectivamente preparacao 2 protocolo 4 apresentou melhor desempenho alconox R agitador magnetico  dose 1 65 17 2 52 19 ovos toxocara sp familia ancylostomatidae detectados situacao natural contaminacao preparacoes 1 2 respectivamente amostras continham ingredientes crus coletadas domicilios pacientes oocisto cryptosporidium spp detectado total 68 formulacoes enterais analisadas 64 94 11 observou presenca bacterias pesquisadas estando desacordo legislacao vigente excederem menos microrganismos analisados aerobios mesofilos grupo comumente detectado sendo preparacao enteral mista contaminada 97 5 constitui primeiro estudo padronizar aferir sensibilidade deteccao metodologia analise parasitos formulacoes enterais visto trata pacientes sistema imunologico comprometido necessitam maior cuidado resultados demonstram importancia rigido controle acerca qualidade_microbiologica parasitologica formulacoes enterais manipuladas domicilio premissa agravar quadro outrora debilitado,4839,0.9584893054525926
40,"qualidade_vida, qvrs, quimioterapia, sintomas, caquexia, tned, cabeca, cuidados, quimioterapico, tumores",introducao megaesofago chagasico alteracao trato_gastrointestinal caracterizada destruicao ausencia plexos nervosos intramurais esofago alteracoes nutricionais saude pulmonar descritas consequentes diagnostico objetivo descrever perfil pacientes megaesofago chagasico refere estado_nutricional dinamica degluticao orofaringea metodo participaram desta pesquisa 26 pacientes todos realizaram avaliacao_nutricional exames_bioquimicos avaliacao videofluoroscopica degluticao responderam questionario respeito aspectos alimentares resultados observou prevalencia sexo_feminino 73 1 graus i ii classificacao megaesofago encontrados associacao estatisticamente significante grau megaesofago diagnostico nutricional 48 eutrofia ausencia unidades dentarias posteriores presente 90 populacao tipo mastigacao anterior observado 40 7 amostra exame videofluoroscopico presenca residuo oral faringeo regiao transicao faringoesofagica encontrado consistencia semi liquida alem tempo transito oral total aumentado solido conclusao acompanhamento_nutricional dispensado pacientes pode ter contribuido estado eutrofia maioria presenca residuo consistencia semi liquida pode ser causada menor forca ejetora atitudes adaptativas tanto refere habitos_alimentares forma alimentar observadas individuos estudados acompanhamento multidisciplinar importante portadores megaesofago chagasico,75,0.9278307972837145
40,"qualidade_vida, qvrs, quimioterapia, sintomas, caquexia, tned, cabeca, cuidados, quimioterapico, tumores",objetivo estudo avaliar efeito intervencao dietetica perda_peso composicao_corporal consumo_energetico qualidade_vida idosas osteoartrite oa pesquisa caracterizada experimental ensaio_clinico controlado ocorreu idosas comunidade diagnostico oa joelho excesso_peso usuarias sistema_unico_saude curitiba pr participantes distribuidas tres grupos sendo grupo dieta gd grupo exercicio ge grupo exercicio dieta ged intervencao duracao 16 semanas participantes avaliadas tres momentos antes intervencao apos oito semanas apos 16 semanas coletados dados antropometricos composicao_corporal dados consumo_alimentar meio registro_alimentar tres dias aplicados dois questionarios referentes dor womac western ontario and mcmaster universities index qualidade_vida sf 36 medical outcomes study 36 item short form health survey participantes ged gd intervencao dietetica receberam plano alimentar individualizado hipocalorico distribuicao equilibrada macronutrientes participaram encontros quinzenais educacao_alimentar_nutricional idosas ge ged participaram programa 16 semanas exercicio_fisico aquatico progressao intensidade contendo exercicios forca aerobios frequencia duas vezes semana duracao 60 minutos cada sessao tratamento estatistico realizado teste shapiro_wilk avaliar distribuicao dados teste friedman teste kruskal_wallis variaveis distribuicao parametrica adotado nivel significancia 5 p<0 05 observou reducao significativa peso gordura_corporal grupos gd ged oito semanas comparado ge final intervencao reducao significativa seis 25 participantes apresentaram minimo 5 perda_peso consumo_energetico semelhante tres grupos todos momentos avaliados analise consumo_alimentar mostrou reducao significativa consumo_alimentar lipideos avaliacao oito semanas grupos gd ged porem 16 semanas consumo lipideos tres grupos avaliados intervencao dietetica associada exercicio_fisico eficaz reducao peso curto prazo entanto possivel estabelecer relacao clara mudanca padrao_alimentar composicao_corporal participantes estudos necessarios explorar relacao,1938,0.9054971495617222
41,"chia, brs, sorgo, feijao, biodisponibilidade, feijoes, carioca, extrusado, caupi, batata",introducao doencas_cronicas_transmissiveis dcnt principalmente doencas_cardiovasculares dcv figuram maior causa obito mundo sendo responsaveis aproximadamente 31 todas mortes nivel global medida dcv aumentam brasil mundo utilizacao indicadores identificacao risco_cardiovascular metabolico necessaria dentre destaca razao triglicerideos colesterol hdl tg hdl_c escore framinghan ef sindrome_metabolica sm fenotipo cintura hipertrigliceridemica fch fch proposto ser indicador facil aplicabilidade baixo custo pois envolve mensuracao medidas simples serem obtidas perimetro_cintura triglicerideos devem estar aumentados simultaneamente objetivos identificar prevalencia fatores_associados fenotipo cintura hipertrigliceridemica fch individuos hipertensao_arterial diabetes mellitus municipio vicosa minas gerais brasil bem comparar fch escore framingham sindrome_metabolica razao triglicerideos colesterol hdl relacao capacidade predizer alteracoes cardiovasculares metabolicas metodos estudo tipo transversal realizado individuos diagnosticados dm municipio vicosa mg meses agosto 2017 abril 2018 dados estudo coletados meio avaliacao_antropometrica afericao pressao_arterial exames_bioquimicos sangue bem entrevistas_semiestruturadas contendo informacoes_sociodemograficas clinicas habitos vida cuidados saude estimada prevalencia fch investigada associacao caracteristicas individuos utilizando teste_qui_quadrado teste t student mann_whitney acordo normalidade variaveis todos testes fixado nivel significancia 95 regressao_logistica bivariada multivariada utilizada avaliar fatores_associados fch considerando fch referencia comparacao outros indicadores risco_cardiovascular metabolico razao triglicerideos hdl_colesterol sm escore framingham calculados seguintes medidas correlacao tetracorica indice kappa sensibilidade especificidade curva roc acuracia projeto pesquisa aprovado comite etica pesquisa seres_humanos universidade federal vicosa ufv sob numero parecer 1203173 2015 resultados 788 individuos investigados 21 5 apresentaram fch modelo ajustado permaneceram associados maior chance apresentar fch seguintes variaveis sexo idade imc vldl c indicadores risco_cardiovascular metabolico analisados fch correlacionou melhor tg hdl_c apresentando coeficiente correlacao 0 71 correlacao moderada sexo_masculino coeficiente 0 84 correlacao forte sexo_feminino concordancia tg hdl_c fch examinada atraves indice kappa considerada razoavel sexo_masculino 0 28 forte sexo_feminino 0 63 conclusoes prevalencia fch encontrada estudo 21 5 associada sexo_feminino maior idade maior imc maior vldl c rcq risco dados encontrados neste estudo sugerem implementacao fch indicador prever risco_cardiovascular metabolico diversos servicos_saude indicadores comparados fch razao tg hdl_c apresentou melhor correlacao importante investigar constantemente diferentes indicadores risco_cardiovascular metabolico fim inseri los executa los pratica,2611,0.9934974391467678
41,"chia, brs, sorgo, feijao, biodisponibilidade, feijoes, carioca, extrusado, caupi, batata",aumento doencas_cronicas_transmissiveis relacionadas ma nutricao demanda exploracao fontes alternativas aquisicao habitos_alimentares_saudaveis neste contexto sorgo apresenta possibilidade consumo cereais convencionais funcao elevada concentracao compostos_fenolicos exemplo acidos fenolicos antocianinas taninos alem conteudo fibra_alimentar entanto viabilizacao consumo cereais humanos exige materia prima passe exposicao algum tipo processamento termico pode resultar alteracoes biodisponibilidade nutrientes compostos_bioativos presente trabalho objetivo avaliar atividade_antioxidante qualidade proteica potencial funcional genotipos sorgo submetidos processamentos termicos realizados tres experimentos primeiro avaliou atividade_antioxidante concentracao fenolicos totais taninos fitato farinhas cruas fsc farinhas graos submetidos tratamento termico estufa 150oc 15 min fstt produto extrusado oito genotipos sorgo tratamento termico estufa aumentou concentracao fenolicos totais manteve atividade_antioxidante concentracoes tanino fitato enquanto extrusao favoreceu reducao atividade_antioxidante taninos relacao farinha sorgo crua segundo experimento avaliou qualidade proteica in vivo fsc fstt genotipos sorgo brs 305 brs 309 brs 310 selecionados partir primeiro experimento funcao elevada atividade_antioxidante diferenca pigmentacao pericarpo diferenca cea grupos experimentais p>0 05 fstt genotipo brs 309 apresentou valores per npr superiores fsc desse genotipo fsc fstt brs 305 p 0 05 diferiu fsc fstt genotipo brs 310 p>0 05 observado efeito tratamento termico sobre digestibilidade verdadeira fsc fstt tres genotipos p>0 05 lisina primeiro aminoacido limitante tres fstt brs 305 fstt apresentou menor valor pdcaas protein digestibilty corrected amino acid score p 0 05 sendo semelhante brs 309 fstt brs 310 fstt p>0 05 tratamento termico melhorou qualidade proteica genotipo brs 309 entanto demais genotipos diferenca terceiro experimento avaliada resposta inflamacao estresse_oxidativo morfologia intestinal parametros_bioquimicos dietas hiperlipidicas adicionados genotipos sorgo ratos_wistar adultos animais alimentados durante 4 semanas dieta ain 93m hiperlipidica controle adicionadas sorgo brs 305 dhs 305 brs 309 dhs 309 brs 310 dhs 310 atividade_antioxidante antocianinas totais diferiram genotipos sorgo p 0 05 entretanto fenolicos totais taninos condensados luteolinidina apigeninidina maiores genotipo brs 305 p<0 05 consumo grupo ain 93m maior grupos dhc dhs 305 dhs 310 p<0 05 consumo_calorico peso final ganho_peso corporeo gordura epididimal coeficiente eficiencia alimentar diferiram grupos experimentais p 0 05 concentracoes bioquimicas superoxido_dismutase semelhantes p 0 05 grupo dhs 310 apresentou menores concentracoes malondialdeido tnf p<0 05 altura vilosidades dhc dhs 305 dhs 309 dhs 310 diferiram p 0 05 tendo vista manutencao elevada atividade_antioxidante frente exposicao tratamento termico estufa melhores indicadores indices biologicos qualidade proteica manutencao morfologia intestinal alem reducao inflamacao subclinica estresse_oxidativo pode inferir genotipo brs 310 possui composicao_quimica nutricional favoravel consumo humano,140,0.9882879759130812
41,"chia, brs, sorgo, feijao, biodisponibilidade, feijoes, carioca, extrusado, caupi, batata",elevado numero matrizes postura movido sistema producao aves ovos procura alternativas resultem diminuicao custo alocacao galinhas poedeiras atingem estagios finais producao especialmente aproveitamento carcaca carne geral apresentam menor valor comparacao frangos corte uso salga tecnologia tradicional elaboracao produto similar charque bovino apresenta alternativa utilizacao valorizacao destas carcacas considerando charque trata produto carneo processado baixo custo apresenta estabilidade microbiologica quimica consumo garantido neste sentido objetivo deste trabalho avaliar vida_prateleira 120 dias charque poedeiras comparar qualidade charque produzido frango processados charques carcacas galinhas poedeiras descarte 66 semanas frango 5 semanas seguindo tecnicas tradicionais processamento charque bovino ambos produtos elaborados apresentaram estabilidade microbiologica sensorial longo 45 dias armazenamento 25 °c apos periodo verificado desenvolvimento bolores leveduras charques frango galinha poedeira relacao aspectos sensoriais charque poedeiras apresentou melhores resultados sabor aroma frango grelhado cor rosada sabor charque comparacao charque frango caracteristicas_sensoriais charques influenciadas longo 45 dias diminuicao intensidade descritores dureza sabor charque aroma caracteristico charque aroma frango grelhado durante 120 dias armazenamento amostras charque frango galinha poedeira apresentaram valores atividade agua umidade cinzas dentro padroes estipulados legislacao brasileira vigor aumento numero tbars observado ambos tratamentos coincidiu incremento descritores sensoriais sabor aroma ranco recomenda utilizacao salga secagem aproveitamento carne galinhas poedeiras descarte vez trata tecnologias tradicionais baratas simples estendem vida_prateleira custos refrigeracao periodo 45 dias 25 °c,1331,0.9855993633366178
41,"chia, brs, sorgo, feijao, biodisponibilidade, feijoes, carioca, extrusado, caupi, batata",sorgo sorghum bicolor l cereal utilizado alimentacao humana paises africa asia america central ainda pouco consumido brasil outros paises ocidente cereal possui elevado valor_nutricional potencial funcional quais podem ser alterados durante processamento graos entanto ainda escassos literatura dados sobre efeitos principais tipos processamento concentracao vitaminas compostos_bioativos sorgo neste contexto presente pesquisa objetivo avaliar estabilidade vitaminas carotenoides flavonoides graos sorgo desenvolvidos alimentacao humana forma in_natura processada genotipo brs 330 avaliado efeito processamento diferentes condicoes extrusao industrial maceracao germinacao estalamento pipoqueira convencional estalamento micro ondas coccao agua concentracao vitaminas complexo b tiamina riboflavina piridoxina vitamina g tocoferois tocotrienois carotenoides luteina zeaxantina flavonoides 3 desoxiantocianidinas 3 dxas flavonas flavanonas compostos analisados cromatografia_liquida_alta_eficiencia clae sendo vitaminas complexo b vitamina detectadas fluorescencia carotenoides flavonoides utilizando deteccao arranjo diodos dad maceracao germinacao reduziram concentracoes tiamina piridoxina retencao 3 8 50 2 respectivamente concentracao riboflavina afetada maceracao aumentou germinacao p<0 05 concentracao vitamina total influenciada maceracao p>0 05 sendo germinacao reduziu concentracao total deste composto p<0 05 concentracao carotenoides afetada maceracao germinacao comparada controle p>0 05 3 dxas sensiveis maceracao germinacao retencao 69 7 70 0 respectivamente concentracao flavonas influenciada vmaceracao p>0 05 reduziu germinacao p<0 05 concentracao flavanonas aumentou graos macerados reduziu graos germinados p<0 05 ambos estalamentos coccao agua reduziram concentracoes tiamina comparados controle p<0 05 influenciaram riboflavina estalamento micro ondas afetou concentracao piridoxina p>0 05 sendo estalamento pipoqueira coccao agua reduziram concentracoes desta vitamina p<0 05 estalamento pipoqueira afetou concentracao total vitamina p>0 05 forma geral perfis vitamina apos estalamentos graos similares si excecao tocoferol g tocotrienol concentracoes influenciadas apos estalamento micro ondas reduziram apos estalamento pipoqueira coccao agua coccao graos agua afetou concentracao total vitamina perfil similar apresentado apos estalamento graos pipoqueira ambos estalamentos coccao apresentaram comportamento similar vez reduziram concentracoes somas carotenoides bem zeaxantina influenciaram luteina 3 dxas estalamentos coccao apresentaram efeitos similares retencoes variaram 0 04 22 4 relacao concentracoes iniciais estalamentos resultaram retencoes apenas 1 4 13 7 tempo reduziram concentracao flavanonas retencao 2 7 17 7 relacao extrusao graos sorgo pontos centrais temperatura rotacoes parafuso influenciaram concentracoes tiamina piridoxina diferentes temperaturas rotacoes parafuso influenciaram concentracoes luteina zeaxantina total carotenoides maiores temperaturas rotacoes 161 182 c 292 348 rpm aumentaram concentracao tocoferol menores temperaturas 98 119 c maiores rotacoes parafuso 292 348 rpm aumentaram concentracao tocotrienol valores medios rotacoes parafuso 178 292 rpm baixos valores temperatura 98 119 c aumentaram concentracao tocotrienol total 3 dxas influenciado temperaturas rotacoes utilizadas extrusao concentracoes apigeninidina 7 metoxi apigeninidina aumentaram condicoes alta temperatura baixa rotacao parafuso temperaturas rotacoes influenciaram concentracoes flavonas flavanonas totais eriodictiol aumentaram valores altos rotacoes parafuso resultados indicam temperaturas rotacoes parafuso apresentaram comportamentos diferentes frente cada classe compostos sendo maiores valores rotacoes menores valores temperatura ocasionaram menores perdas vitaminas carotenoides flavonoides conclusao recomenda ingestao sorgo especialmente formas macerada cozida agua bem condicoes extrusao incluam altos valores rotacao parafuso menores valores temperatura,1797,0.9839183907877358
41,"chia, brs, sorgo, feijao, biodisponibilidade, feijoes, carioca, extrusado, caupi, batata",objetivo verificar polimorfismo 11482g>a rs894160 gene plin1 influencia resposta consumo_alimentar composicao_corporal metabolismo_glicose insulina individuos sindrome obeso eutrofico metodos estudo_transversal realizado faculdade nutricao universidade federal goias fanut ufg 116 individuos 20 59 anos idade ambos_sexos indice_massa_corporal eutrofico 18 50 24 99 kg m2 percentual gordura_corporal acima normalidade 20 homens 30 mulheres mensurado absorciometria radiologica dupla energia dexa polimorfismo 11482g>a rs894160 gene plin1 genotipado meio sistema qpcr taqman avaliadas glicemia insulina jejum hemoglobina_glicada hba1c meio metodologia classica indices quicki homa_ir homa beta calculados consumo_alimentar avaliado tres recordatorios_24_horas sendo final semana interacao ingestao_alimentar macronutrientes polimorfismo calculada modelo regressao ajustada possiveis fatores confusao analises diferencas medias feitas testes_t student mann_whitney anova kruskal_wallis p<0 05 considerado significativo resultados 27 4 n=32 individuos avaliados sexo_masculino mediana idade intervalo interquartil 22 5 20  50 anos relacao snp 56 0 n=65 homozigotos selvagens 38 8 n=45 heterozigotos 5 2 n=6 homozigotos variante verificadas diferencas estatisticas marcadores_bioquimicos antropometricos individuos separados genotipo ingestao carboidratos gordura_saturada razao gordura_saturada carboidratos dicotomizadas altas baixas acordo mediana ingestao amostra 241 15 g 29 71 g 0 6 g respectivamente individuos sexo_masculino carreadores alelo variante apresentaram menor circunferencia_cintura somente consumo carboidratos maior mediana alem menor peso circunferencia_cintura consumo gordura_saturada razao gordura_saturada carboidratos classificadas baixas conclusao polimorfismo plin1 11482g>a pode modular respostas marcadores antropometricos homens sindrome obeso eutrofico dependendo composicao macronutrientes alimentacao,1634,0.9714538941485003
42,"encapsulacao, nanoparticulas, microparticulas, ftir, zeta, particulas, spray, gelatina, encapsulado, astaxantina",insulina hormonio secretado celulas pancreaticas resposta disponibilidade glicose acidos_graxos circulantes sangue crucial regulacao metabolica resistencia_insulina ri considerada causa primaria desenvolvimento diabetes_tipo_2 alteracoes via sinalizacao deste hormonio pode estar associada deficiencia zinco pois mineral exerce papel essencial metabolismo insulina micrornas mirs atuam regulacao vias sinalizacao insulina metabolismo_glicose resposta_inflamatoria excesso deficiencia nutrientes podem modular expressao mirs influenciar risco desenvolvimento doencas entanto associacao mirs relacionados mecanismos ri status zinco organismo clara assim objetivo deste trabalho avaliar associacao zinco plasma expressao mir 191 5p mir 188 5p mir 145 5p mir 143 3p mulheres excesso_peso ri estudo_transversal realizado 50 mulheres idade 18 60 anos sobrepeso obesidade atendidas servico endocrinologia metabologia hospital clinicas faculdade medicina usp classificacao ri realizada segundo criterios stern realizadas avaliacoes expressao mirs circulantes concentracao zinco plasma perfil_bioquimico parametros inflamatorios antropometricos participantes 6 apresentaram concentracoes zinco plasma abaixo valor referencia 90 g dl observou diferenca significativa concentracao fibrinogenio p=0 016 verificou correlacao inversa significativa zinco plasma mir 145 5p r= 0 384 p=0 006 mir 143 3p r= 0 357 p=0 011 mir 191 5p r= 0 428 p=0 002 concentracao serica fibrinogenio r= 0 295 p=0 038 mir 191 5p r= 0 374 p=0 007 mir 188 5p r= 0 326 p=0 029 mir 145 5p r= 0 342 p=0 015 mir 143 3p r= 0 452 p=0 001 correlacionaram maneira significativa inversa insulina mir 191 5p r= 0 296 p=0 037 mir 143 3p r= 0 327 p=0 021 apresentaram correlacao inversa significativa homa_ir parametros inflamatorios mir 145 5p apresentou correlacao negativa il 1 r= 0 380 p=0 006 il6 r= 0 400 p=0 004 ifn g r= 0 328 p=0 020 mir 143 3p il_6 rho= 0 334 p=0 018 modelo ajustado regressao_logistica alta expressao mir 191 5p or=0 06 p=0 012 inversamente associada concentracao plasmatica zinco analise enriquecimento funcional realizada lista genes alvo seis termos ontologia genica enriquecidos significativamente diante disso presente estudo identificou tres mirs significativamente expressos concentracoes zinco plasma acima 90 g dl mir 143 3p mir 145 5p mir 191 5p todos mirs avaliados apresentaram correlacao inversa insulina dados sugerem status zinco pode influenciar expressao desses mirs potencialmente impactando processos biologicos envolvidos ri,4935,0.9864636089358364
42,"encapsulacao, nanoparticulas, microparticulas, ftir, zeta, particulas, spray, gelatina, encapsulado, astaxantina",dietas experimentais semelhantes padrao_alimentar sociedade moderna sido utilizadas pesquisas induzir alteracoes metabolicas corporais animais estudo investigou efeito inflamatorio dieta solida alto indice_glicemico carga glicemica hgli sobre organizacao histologica adipocitos epitelio intestinal gordura tecidos hepatico pancreatico ratos_wistar dois grupos animais adultos n=5 cada receberam durante 17 semanas 1 dieta hgli 2 dieta padrao labina R realizada analise microscopica leitura diagnostica laminas enfase organizacao histologica tecido_adiposo visceral jejuno alem investigacao presenca adipocitos figado pancreas adicionalmente realizada investigacao densidade volume volume total area seccional media adipocitos presentes tecido_adiposo visceral calculo indice_adiposidade obtido considerando gordura_visceral total soma compartimentos tecido_adiposo perirenal retroperitoneal epididimal expressao_genica rt qpcr realizado seguintes genes tnf loc103694 rn01525859 g1 gapdh rn01775763 g1 imunohistoquimica executada utilizando anticorpo primario policlonal coelho anti tnf diluicao 1 100 intensidade tnf medida forma semi quantitativa automatica imagens atribuidas pontuacoes acordo nota consistia seguinte variacao negativa 0 fracamente positiva +1 positiva +2 altamente positiva +3 soro utilizado dosagem tnf dieta hgli provocou hipertrofia adipocitos densidade volume adipocitos igual 97 area seccional media equivalente 1387 m² volume total 6 97 cm³ representando aumento 8 25 58 respectivamente alem disso dieta hgli aumentou deposicao gordura figado pancreas provocou desorganizacao vilosidades intestinais aumentou expressao_genica tnf p=0 014 imunomarcacao positiva +2 tecido_adiposo visceral dosagem tnf elevada comparada dieta padrao dieta hgli induziu inflamacao adipocitos epitelio intestinal ratos_wistar disfuncoes comumente provocadas dietas solidas alto teor gorduras bebidas ricas frutose,2329,0.9624610717667009
42,"encapsulacao, nanoparticulas, microparticulas, ftir, zeta, particulas, spray, gelatina, encapsulado, astaxantina",objetivou produzir caracterizar extrato rico carotenoides polpa melao cantaloupe encapsulado gelatina suina egs proteinas concentrada epc isolada epi soro_leite avaliar solubilidade agua estabilidade cor iogurte realizada determinacao carotenoides_totais espectrofotometria uv visivel caroteno cromatografia_liquida ultra eficiencia encapsulacao ocorreu dupla emulsao particulas caracterizadas difracao laser potencial zeta pz microscopia eletronica varredura mev difracao raio x drx espectrofotometria infravermelho transformada fourier ftir avaliadas quanto eficiencia incorporacao ei solubilidade agua estabilidade cor iogurte cielab cromatografia indicou 40 g 0 02 caroteno g polpa melao tamanho medio particula indice polidispersao obtidos egs indicaram presenca material homogeneo escala nanometrica 59 3 2 60 nm 0 3 0 04 resultados obtidos pz 21 2 0 10 mv 10 8 0 55 mv 14 2 0 25 mv respectivamente egs epi epc mev mostrou particulas superficie lisa todos grupos avaliados porem somente egs apresentou tamanhos homogeneos todos difratogramas obtidos revelaram estruturas amorfas ftir mostrou principalmente egs epc novas bandas observadas materiais isolados indicando novas interacoes quimicas eficiencias incorporacao obtidas egs epc epi respectivamente 90 7 39 77 8 65 58 5 0 71 egs apresentou solubilidade tres vezes maior 0 073mg ml 0 007 comparada extrato bruto 0 0263mg ml 0 003 sendo portanto utilizado estudo estabilidade iogurte adicionado egs apresentou diferenca significativa p>0 05 nenhum indices cor avaliados longo 60 dias armazenamento contrario adicionado extrato bruto p<0 05 encapsulacao gelatina suina estrategia promissora encapsulamento carotenoides visando ampliar potencial aplicacao alimentos,2331,0.9572298175394053
42,"encapsulacao, nanoparticulas, microparticulas, ftir, zeta, particulas, spray, gelatina, encapsulado, astaxantina",qualidade lipidios dieta pode influenciar variaveis relacionadas obesidade co morbidades representando possivel alternativa controle dessas doencas importante impacto saude_publica oleo_coco extra virgem fonte triglicerideos cadeia media tcm sido utilizado tratamento_obesidade complicacoes objetivo deste estudo avaliar efeito desse oleo regulacao composicao_corporal lipemia glicemia gasto_energetico ge homens obesos trata estudo_intervencao randomizado simples cego realizado 26 homens alocados aleatoriamente dois grupos receberam orientacoes nutricionais 60 dias 15 ml suplemento oleo_coco extra virgem g1 n=14 oleo soja g2 n=12 variaveis antropometricas laboratoriais assim ge avaliadas apos jejum 12 horas antes apos 60 dias intervencao tanto g1 quanto g2 reduziram perimetro_cintura pc massa_gorda mg aumentaram massa livre gordura mlg porem somente g1 reduziu massa_corporal mc diferenca grupos influencia oleo_coco extra virgem sobre ge glicemia lipemia ingestao_dietetica grupos hipocalorica hiperlipidica oleo_coco associacao orientacoes nutricionais objetivando ingestao hipocalorica parece capaz reduzir mc alteracoes glicemia lipemia porem necessarios estudos adicionais confirmacao destes resultados,996,0.9490295406373209
42,"encapsulacao, nanoparticulas, microparticulas, ftir, zeta, particulas, spray, gelatina, encapsulado, astaxantina",adolescentes brasileiros fazem ensino medio institutos federais assistidos programas federais alimentacao podem afetar estado_nutricional nessa direcao estudo avaliou impacto participacao programa_nacional_alimentacao_escolar pnae programa alimentacao estudantil paif instituto federal rio grande norte ifrn evolucao estado_nutricional adolescentes trata estudo_observacional prospectivo carater descritivo analitico desenvolvido amostra_representativa estudantes ingressantes ano 2017 ifrn municipio natal rn coletados dados_secundarios referentes saude estado_nutricional admissao realizada avaliacao presencial apos ano ingresso estatura peso questionario auto preenchido utilizou teste split plot anova nivel confianca 95 comparar evolucao medias indices estatura idade i indice_massa_corporal_idade imc i escore z participantes participantes programas longo tempo grupos forca associacao melhora indices_antropometricos caracteristicas adolescentes verificada atraves razao prevalencia respectivos intervalos confianca 95 250 adolescentes avaliados verificou reducao media escore z i longo tempo 0 17 ez 0 35 ez p<0 001 eta=0 195 participantes paif menor reducao 0 30 ez 0 41 ez comparados participantes 0 13 ez 0 33 ez p<0 046 eta=0 016 encontradas diferencas significativas media imc i escore z longo tempo grupos prevalencia melhora i mostrou associada faixa etaria tempo diario escola participacao paif enquanto prevalencia melhora imc i mostrou associada sexo estagio maturacao_sexual numero pessoas domicilio conclui participacao pnae impacto estado_nutricional periodo ano passo participacao paif contribuiu resguardar crescimento linear escolares situacao vulnerabilidade socioeconomica,2771,0.9197607815187465
43,"oleo_peixe, placebo, suplementacao, efeitos_suplementacao, capsulas, cego, epa, ensaio_clinico_randomizado, suplementado, dex",celulas mediadores inflamatorios componentes essenciais microambiente tumoral inflamacao cancer sustentada producao citocinas quimiocinas celulas imunes tumorais estroma partir ativacao fatores transcricao nestas mesmas celulas resposta estimulos iniciacao promocao tumoral ainda controle progressao doenca quimio radioterapia citocinas il 1 il_6 il 8 il_10 tnf apresentam papel bem definido inflamacao valores elevados cancer colorretal ccr comparados individuos saudaveis entretanto possui clareza quanto provavel papel il 17a possa exercer inflamacao relacionada cancer valores pcr encontram elevados ccr associam positivamente malignidade doenca pior prognostico clinico acidos_graxos poli_insaturados n 3 agpi n 3 especial acidos_graxos eicosapentaenoico epa docosahexaenoico dha encontrados oleo_peixe podem modular inflamacao relacionada cancer atraves producao metabolitos lipidicos derivados destes apresentam atividade pro resolucao inflamacao sendo assim ensaio_clinico prospectivo controlado randomizado conduzido objetivo verificar existem alteracoes sobre producao mediadores inflamatorios perfil acidos_graxos plasmaticos indicadores estado_nutricional suplementacao 2 g dia oleo_peixe durante nove semanas cancer colorretal pretendeu avaliar efeitos_suplementacao sobre toxicidade quimioterapia onze pacientes_adultos diagnostico histopatologico cancer colorretal atendidos centro pesquisas oncologicas florianopolis cepon sc indicacao tratamento quimioterapico randomizados dois grupos gs suplementado diariamentecom 2 g dia oleo_peixe encapsulado durante nove semanas n=6 b gc controle placebo n=5 citocinas tnf il 1 il_10 il 17a avaliadas elisa pcr metodo turbidimetrico albumina metodo colorimetrico verde bromocresol acidos_graxos plasmaticos cromatografia_liquida alta performance hplc indicadores estado_nutricional antropometria toxicidade quimioterapia relatada entrevista todos desfechos avaliados dia anterior primeira quimioterapia nove semanas tnf il 1 il_10 il 17a assim balanco pro anti_inflamatorio albumina serica alteracoes significativa entres momentos grupos estudo p>0 05 pcr apresentou comportamento inverso grupos reduzindo significativamente valores gs passo elevaram gc gs vs gc 9 semanas p=0 045 relacao pcr albumina indicou aumento risco complicacoes inflamatorias nutricionais gc baixo medio alto risco enquanto permaneceu baixo gs proporcao plasmatica epa dha aumentaram 1 8 1 4 vezes respectivamente enquanto aa reduziu aproximadamente 0 6 vezes suplementacao basal vs 9 semana p<0 05 individuos gstenderam ganhar preservar peso durante quimioterapia suplementacao pareceu exercer influencia sobre relatos clinicos toxicidade quimioterapia resultados evidenciam 2 g dia oleo_peixe durante nove semanas exercem efeitos positivos sobre resposta_inflamatoria sistemica estado_nutricional durante quimioterapia,451,0.989409260585873
43,"oleo_peixe, placebo, suplementacao, efeitos_suplementacao, capsulas, cego, epa, ensaio_clinico_randomizado, suplementado, dex",introducao insuficiencia respiratoria principais causas admissao unidade_terapia_intensiva pediatrica utip requer terapeutica especifica ventilacao mecanica vm estudos sugerem estado_nutricional inflamatorio podem influenciar desfechos_clinicos tais tempo vm permanencia utip mortalidade pacientes pediatricos graves insuficiencia respiratoria objetivo caracterizar pacientes pediatricos graves admitidos utip insuficiencia respiratoria etiologia pulmonar avaliar associacao parametros nutricionais inflamatorios clinicos tempo vm metodos estudo_coorte prospectivo pacientes pediatricos graves admitidos utip insuficiencia respiratoria etiologia pulmonar idade 1 mes < 15 anos necessidade vm admissao participantes acompanhados semanalmente partir admissao 21º dia internacao alta utip caracterizacao realizada conforme parametros demograficos clinicos ventilatorios parametros nutricionais contemplaram avaliacao_antropometrica avaliadas escore z terapia nutricional avaliada adequacao necessidade infusao proteina energia utilizada avaliar ocorrencia hiperalimentacao estado_nutricional classificado risco_nutricional desnutricao eutrofia sobrepeso obesidade sobrecarga fluidos avaliada parametros inflamatorios avaliados soro albumina proteina_c_reativa bem citocinas tnf interleucina il 1 il_6 il 8 il_10 il 12p70 determinadas citometria fluxo desfecho primario tempo vm secundarios permanencia utip hospitalar infeccao nosocomial mortalidade testes mann_whitney kruskal_wallis qui2 fisher aplicados associacao parametros nutricionais inflamatorios clinicos tempo vm realizada regressao_poisson bruta ajustada sexo idade indice prognostico mortalidade pim 2 valores expressos razao taxa incidencia irr valor p<0 05 considerado significativo resultados incluidos estudo 23 pacientes idade mediana 7 2 3 0 26 7 meses pim 2 1 7 1 1 11 7 principal motivo admissao pneumonia sendo 65 2 pacientes apresentaram sindrome angustia respiratoria aguda sara 74 sindrome resposta_inflamatoria sistemica sirs tempo mediano vm 11 6 21 dias permanencia mediana utip 13 7 33 dias hospitalar 29 5 18 47 dias incidencia mortalidade 17 4 relacao estado_nutricional admissao 43 5 pacientes risco_nutricional desnutricao 13 sobrepeso obesidade hipoalbuminemia observada 91 pacientes hiperalimentacao 43 5 sobrecarga fluidos 78 3 quanto parametros inflamatorios 82 6 pacientes apresentaram elevadas concentracoes pcr concentracoes il 1 il_6 significativamente maiores pacientes risco_nutricional desnutricao comparacao pacientes eutroficos enquanto concentracoes il_6 il 8 il_10 significativamente maiores pacientes sobrepeso obesidade relacao eutroficos estado_nutricional admissao associado tempo vm pacientes risco_nutricional desnutricao apresentaram irr 1 50 ic95 1 13 1 99 p=0 01 comparado pacientes eutroficos hiperalimentacao associada tempo vm irr bruto 1 77 ic95 1 45 2 16 p<0 001 porem perdeu significancia apos analise ajustada irr 1 14 ic95 0 88 1 49 p=0 31 sobrecarga fluidos associada tempo vm irr 2 36 ic95 1 65 3 37 p<0 001 assim sirs irr 1 34 ic95 1 03 1 75 p=0 02 infeccao nosocomial irr 1 97 ic95 1 56 2 50 p<0 001 conclusao pneumonia principal motivo admissao utip sendo observada alta prevalencia risco_nutricional desnutricao admissao pacientes eutroficos apresentaram menores concentracoes parametros inflamatorios risco_nutricional desnutricao associado maior tempo vm hiperalimentacao parece estar associada maior tempo vm sobrecarga fluidos sirs infeccao nosocomial associadas aumento tempo vm assim cuidado clinico pacientes pediatricos graves insuficiencia respiratoria etiologia pulmonar deve priorizar adequacao estado_nutricional oferta energetica controle balanco hidrico estrategias ventilatorias protetoras prevencao infeccoes,1356,0.9882891361980067
43,"oleo_peixe, placebo, suplementacao, efeitos_suplementacao, capsulas, cego, epa, ensaio_clinico_randomizado, suplementado, dex",bjetivo comparar validade versoes impressa on line questionario alimentar dia anterior quada administrado meio computador escolares sete doze anos idade utilizando metodo referencia observacao direta alimentos consumidos dia anterior aplicacao instrumentos metodo estudo validacao amostra conveniencia composta alunos segundo quinto ano ensino fundamental escola publica estadual florianopolis sc sorteadas duas turmas cada ano escolar segundo quinto turno matutino vespertino participar estudo totalizando 16 turmas instrumento impresso quada 3 adaptado versao on line quada on line meio aplicativo internet web utilizando linguagem java script php5 3 instrumento quada on line apresenta mesma estrutura instrumento quada 3 validade quada versao on line versao impressa avaliada via sensibilidade especificidade falsos negativos omissoes falsos positivos intrusoes utilizando observacao direta alimentos consumidos dia anterior aplicacao questionario lanche manha lanche tarde padrao referencia comparacao validade versoes on line impressa efetuada avaliacao ic 95 valores sensibilidade especificidade concordancia respostas versoes on line impressa alimentos seis refeicoes avaliada meio estatistica kappa ic95 pabak ic95 resultados amostra composta 312 escolares 56 7 sexo_feminino idade media 9 4 + 1 2 sendo 50 6 2° 3° ano 49 4 estudavam periodo matutino quada versao on line sensibilidade apresentou valores variando 11 1 achocolatado 61 3 suco refrigerante omissoes falsos negativos variaram 38 7 suco refrigerante 88 9 achocolatado especificidade apresentou valores 74 6 suco refrigerante acima 80 demais alimentos intrusoes falsos positivos variaram 0 7 achocolatado 25 4 suco refrigerante versao quada 3 sensibilidade apresentou variabilidade 21 4 queijo 92 9 arroz sensibilidade 75 1 suco refrigerante 99 0 legumes_verduras omissoes versao impressa variaram 7 1 arroz 78 6 queijo intrusoes variaram 1 0 legumes_verduras 24 9 suco refrigerante intervalos 95 confianca ic95 valores sensibilidade versoes quada on line quada 3 mostraram diferencas instrumentos quada on line quada 3 nenhum 13 alimentos grupos alimentos especificidade observou diferenca versao on line 99 3 98 3 100 3 impressa 91 2 88 0 94 5 item achocolatado considerando valores sensibilidade especificidade quada on line item alimentar duas refeicoes escolares estratificados segundo sexo idade valores sensibilidade especificidade todos itens_alimentares analisados apresentaram diferencas considerando ic95 analise concordancia dois instrumentos indice kappa indicou concordancia razoavel 0 21 8805 k 8804 0 40 itens sopa legumes 0 37 batata frita 0 40 demais itens substancial 0 61 8805 k 8804 0 80 contudo analises ajustadas assimetrias tabelas contingencia meio calculo pabak quatro itens classificados substanciais 0 61 8805 k 8804 0 80 pao bolacha doces fruta suco refrigerante demais quase perfeitos k 8805 0 81 analise estratificada sexo verificado diferenca ic95 meninos meninas contudo analisados dados referentes idade escolares 10 12 anos apresentaram melhores valores estatistica kappa observou diferenca ic95 kappa praticamente todos itens_alimentares exceto iogurte salgadinho pizza hamburguer peixe considerando nestas analises seis refeicoes diarias combinadas 21 alimentos grupos alimentos entanto analisados ic95 pabak faixa etaria observa diferenca somente itens legumes_verduras suco refrigerante conclusoes resultados desse estudo mostraram questionario alimentar dia anterior versao on line quada on line pode gerar dados validos maioria alimentos ilustrados mesma forma versao impressa quada 3 aplicado grupo escolares 7 12 anos aplicacao instrumentos versao on line versao impressa apresentou concordancia substancial entanto idade escolares mostrou fator limitante acuracia relato alimentar deve ser levada consideracao aplicacao questionarios on line impressos,1052,0.9872631934786222
43,"oleo_peixe, placebo, suplementacao, efeitos_suplementacao, capsulas, cego, epa, ensaio_clinico_randomizado, suplementado, dex",resumo inflamacao caracteristica comum cancer presenca magnitude resposta_inflamatoria sistemica podem produzir progressivo declinio nutricional pacientes cancer colo retal celulas transformadas estimulam producao mediadores inflamatorios colaboram microambiente inflamatorio relacionado tumor proteina_c_reativa pcr interleucina_6 elevadas podem predizer baixa sobrevivencia pacientes cancer colo retal estudos pre clinicos mostram intervencao nutricional especifica oleo_peixe rico acidos eicosapentaenoico epa 20 5 docahexaenoico dha 22 6 podem ser terapia adjuvante efetiva cancer colo retal acao antiinflamatoria antiangiogenica assim presente estudo visa verificar existem alteracoes marcadores resposta_inflamatoria estado_nutricional pacientes cancer colo retal suplementados oleo_peixe comparado individuos suplementados estudo conduzido forma randomizada 23 pacientes alocados dois grupos individuos grupo suplementado gs consumiram dois gramas dia oleo_peixe durante nove semanas marcadores estado_nutricional peso indice_massa_corporal albumina inflamatorio interleucina_6 1ss fator necrose_tumoral pcr avaliados momento basal t1 apos nove semanas quimioterapia t2 gs grupo suplementado gns analises estatisticas conduzidas software stata 11 0 teste_exato_fisher usado verificar diferenca gs gns variaveis dicotomicas teste t variaveis parametricas mann_whitney parametricas variacoes desfecho tempos t2 t1 verificadas teste wilcoxon valores relacao pcr albumina classificados acordo escores risco propostos correa et al 2002 media idade pacientes incluidos estudo 52 3 anos gs n=11 gns n=12 apresentaram diferenca estatistica caracteristicas momento basal diferenca marcadores estado_nutricional momentos m2 menos m1 estatisticamente significante peso_corporal p=0 01 indice_massa_corporal p=0 03 gns onde ocorreu reducao valores gs verificado diferenca marcadores resposta_inflamatoria apenas pcr apresentou valores inferiores gs relacao gns p=0 06 t2 demais marcadores verificado diferenca relacao pcr albumina mostrou diferenca estatisticamente significante relevancia clinica gs onde ocorreu diminuicao marcadores todos pacientes gs mantiveram melhoraram classificacao grau risco suplementacao dois gramas dia oleo_peixe durante nove semanas pacientes cancer colo retal tratamento quimioterapico pode modular positivamente estado_nutricional relacao pcr albumina pode ser utilizado terapia nutricional adjuvante neste grupo pacientes,207,0.9855268622712108
43,"oleo_peixe, placebo, suplementacao, efeitos_suplementacao, capsulas, cego, epa, ensaio_clinico_randomizado, suplementado, dex",hortalicas conhecidamente boas fontes carotenoides pesquisas demonstram ingestao quantidades expressivas frutas_hortalicas previne varias doencas_cronicas_transmissiveis tendo vista existencia compostos antioxidantes especies cucurbitaceas lacuna existente literatura relativa caracterizacao destes compostos aliando uso deste alimento forma diversificada estudo objetivo caracterizacao fisica quimica compostos_bioativos especies cucurbitaceas polpa frutos desenvolvimento produto nutricao cutanea frutos caracterizados quanto cor ph solidos_soluveis_totais acidez_titulavel total relacao solidos soluvel total acidez_titulavel total umidade composicao centesimal compostos_bioativos capacidade_antioxidante apos analise estatistica resultados obtidos 0 5 extrato cetonico liofilizado variedade abobora selecionada utilizado desenvolvimento emulsao cosmetica adicao variacao formula incorporacao antioxidante sintetico bht realizada emulsoes submetidas estudo estabilidade acelerada 2 condicoes climaticas 25ºc 40ºc 90 dias submetidas avaliacoes caracteristicas organolepticas ph espalhabilidade capacidade_antioxidante teor caroteno tempos 1 7 15 30 60 90 dias apos manufatura resultados submetidos analise variancia anova seguida comparacao medias teste_tukey 5 polpas frutos apresentaram diferencas composicao centesimal semelhantes rendimentos polpa producao residuos processamento amostras diferenciaram relacao algumas qualidades fisico quimicas apresentaram capacidade_antioxidante semelhante utilizacao produto aplicacao topica qualidade nutricional melhor evidenciada c moschata destacando conteudo compostos_bioativos emulsoes elaboradas apresentaram caracteristicas fisico quimicas compativeis aplicacao cutanea manutencao estabilidade 90 dias armazenada condicoes menos drasticas sendo assim estudo revelou c moschata especie apropriada incorporacao emulsoes aplicacao topica manutencao caracteristicas estabilidade fisica quimica durante periodo estudo condicoes ambientais,1165,0.9845192359771712
44,"polpa, cerrado, xique, dpph, frutos, casca, abts, fruto, extratos, frap",presente estudo avaliou teor compostos_bioativos capacidade_antioxidante 12 frutos cerrado relacao maca red delicious identificou quantificou alguns compostos_fenolicos presentes fruto apresentou maior teor bioativos capacidade_antioxidante materiais metodos atividade_antioxidante aa extratos aquoso eaq acetato etila eae frutos cerrado araticum annona crassiflora mart baru dipteryx alata cagaita eugenia dysenterica dc cajuzinho anacardium humile st hil guariroba syagrus oleracea inga inga laurina willd jatoba hymenaea stigonocarpa mart jenipapo genipa americana l jurubeba solanum paniculatum l lobeira solanum grandiflorum ruiz pav mangaba hancornia speciosa tucum cerrado bactris setosa mart determinada ensaios capacidade redutora ferro frap sistema 946 caroteno acido linoleico teor antocianinas totais at flavonoides amarelos fa flavanois carotenoides_totais acido_ascorbico aasc determinados ensaios espectrofotometricos partes fruto selecionado casca polpa utilizadas metodologias ainda teor fenolicos totais ft identificacao quantificacao compostos_fenolicos realizadas sistema hplc dad extrato aquoso eaq fracoes acetato etila metanol agua extratos etanolico ee metanolico acidificados resultados araticum tucum apresentaram teor flavanois totais 15 19 vezes superior maca relacao conteudo at tucum apresentou concentracao 35 vezes maior valor obtido maca alto teor at encontrado cajuzinho jurubeba jatoba relacao aa eae tucum apresentou maior valor frap 6 vezes maior valor obtido eae maca enquanto valores frap eae araticum cagaita cajuzinho lobeira 2 vezes superiores eae maca eaq tucum araticum obtiveram maiores valores frap seguidos cagaita cajuzinho jurubeba mangaba ensaio oxidacao 946 caroteno eaq tucum apresentou segunda maior aa 6 vezes maior maca seguido eaq araticum cagaita amendoa baru mangaba jurubeba apenas tucum mangaba valores superiores maca sistema 946 caroteno eae relacao estudo envolvendo casca polpa tucum obtido alto teor ft flavonois at fa casca fruto 112 14 264 64 vezes maior casca comparados polpa respectivamente eaq ee casca tucum apresentaram maior aa comparados polpa flavonoides identificados extratos casca tucum flavanol catequina flavonois quercetina rutina acidos fenolicos galico ferulico cafeico antocianinas cianidina conclusao resultados sugerem fenolicos representam principais compostos_bioativos frutos cerrado particularmente frutos araticum cagaita lobeira tucum cajuzinho jurubeba mangaba possuem alto teor bioativos alta capacidade_antioxidante capacidade_antioxidante conteudo compostos_bioativos tucum cerrado associados principalmente casca sendo catequina antocianinas acido galico rutina principais compostos_fenolicos identificados,554,0.9926276022958279
44,"polpa, cerrado, xique, dpph, frutos, casca, abts, fruto, extratos, frap",vida moderna exige constante restabelecimento manutencao equilibrio di namico face ambiente rapida mudanca contribuindo quadro estresse cronico sociedade cenario conjunto implicacoes transicao nutricional vivida ocidente ultimas decadas contribui aumento prevalencia obesidade diferentes faixas etarias culminando numero expressivo doencas complicacoes referimos populacao_idosa quadro possui ainda agravantes dado individuos frequentemente possuem outros disturbios nutricionais alteracao paladar xerostomia alteracoes taxa metabolica basal manejo desta conjuntura requer abordagens envolvam todas facetas envolvidas etiologia estresse obesidade neste sentido busca intervencoes multidisciplinares aumentado muitos autores sugerem abordagens comportamentais dinamicas literatura pesquisa dores referem ato cozinhar fomento habilidades_culinarias atraves ofi cinas culinaria estrategias factiveis perda_peso bem estimulo comportamentos saudaveis apesar disto poucos estudos brasil possuem todologias bem estabelecidas mensurar procedimentos bem carencia questionarios area traduzidos validados principalmente pu blico idoso obeso dado exposto objetivo presente estudo disponibilizar brasil versao adaptada instrumentos cooking skills and food skills perceive stress scale fim instrumentalizar pesquisas area habilidades_culinarias percepcao estresse possam subsidiar nutricionista outros profissionais_saude organizacao estrategias educacao nutricional pesquisas cientificas pratica clinica trata pesquisa metodologica traducao adaptacao transcultural instrumentos cooking skills and food skills perceive stress scale populacao_idosa obesidade etapas adaptacao seguiram modelo metodologico proposto grupo estudos beaton colaboradores 2000 sendo traducao sintese traducao retrotraducao comite especialistas pre teste todas etapas traducao adaptacao instrumento colocadas quadros melhor visualizacao sugestoes analisadas equivalen cias semanticas idiomaticas culturais conceituais instrumentos obtendo ponto corte igual superior 80 consenso comite especialistas etapa pre teste realizada aplicacao instrumentos populacao_idosa obesidade convidados individuos idade 60 75 anos imc = 30 kg m2 = 34 9 kg m2 atraves convite online aberto comu nidade aplicacao questionarios ocorreu marco maio 2022 curitiba parana contou amostra 32 individuos nenhum respondente referiu intercorrencias durante preenchimento instrumentos durante etapas adaptacao nenhum item precisou ser excluido preservacao originalidade instrumentos origem ambos questionarios atingiram ponto corte equivalencias citadas versao destes instrumentos adaptados transculturalmente brasil simbolizam primeira etapa posterior validacao_conteudo criterio construto analise propriedades psicometricas,4044,0.9882043308075895
44,"polpa, cerrado, xique, dpph, frutos, casca, abts, fruto, extratos, frap",objetivo presente estudo avaliar consumo_alimentar pre_escolares frequentam centros municipais educacao infantil cmeis guaratuba parana trata estudo_transversal observacional analitico avaliados consumo_alimentar estado_nutricional condicoes vida criancas 2 5 anos municipio guaratuba pertence regiao litoranea estado momento realizacao pesquisa contava cinco cmeis rede publica educacao infantil participaram estudo 413 preescolares atenderam criterios inclusao exclusao cujos pais_responsaveis concordaram participacao crianca meio assinatura termo consentimento livre esclarecido tcle consumo_alimentar avaliado meio pesagem direta alimentos pda registro_alimentar ra analisados energia macronutrientes fibras micronutrientes vitamina_c calcio magnesio ferro zinco estado_nutricional avaliado meio afericao duplicata peso estatura quais inseridos software anthro R versao 3 2 2 classificacao estado_nutricional considerou indice_massa_corporal_idade imc i sexo acordo escore z segundo recomendacao organizacao_mundial_saude oms informacoes referentes condicoes vida pre_escolares obtidas aplicacao questionario estruturado previamente testado codificado inseridas dupla entrada armazenador virtual google drive R dados juntamente classificacao estado_nutricional utilizados caracterizacao populacao estudo dados consumo_alimentar inseridos planilha microsoft excel R valor_nutricional calculado prioritariamente base tabela composicao_nutricional alimentos ibge variancias intra interpessoal ajustadas auxilio the multiple source method msm posterior calculo prevalencia inadequacao micronutrientes distribuicao energetica macronutrientes calculada comparada distribuicao aceitavel macronutrientes acceptable macronutrient distribution ranges amdr ingestao todos nutrientes avaliados atendeu requerimentos diarios pre_escolares exceto fibras faixa etaria 2 3 anos fibras calcio criancas 4 5 anos maiores prevalencias inadequacao consumo ferro idade 2 3 anos calcio criancas maiores 4 anos oferta alimentacao_escolar alcancou necessidades nutricionais maioria nutrientes durante permanencia crianca cmeis consumo_alimentar domicilio contribuiu maior parte ingestao_diaria energia nutrientes partir desses resultados ressalta necessidade acoes sentido assegurar oferta estimular consumo_alimentar ambiente_escolar atenda requerimentos nutricionais criancas institucionalizadas bem promovam alimentacao_adequada saudavel domicilios,1181,0.9838680366085812
44,"polpa, cerrado, xique, dpph, frutos, casca, abts, fruto, extratos, frap",folhas cafe produzido regiao sul minas gerais podem ser exploradas modo sustentavel visando desenvolvimento bebida integra regionalidade saude assim objetivo deste estudo desenvolver diferentes tipos cha partir folhas desbrota cafeeiros cultivo organico convencional caracterizar quanto teores flavonoides totais fenolicos totais potencial_antioxidante abts dpph avaliou presenca teores residuos pesticidas infusoes obtidas tal processamentos utilizados camellia sinensis cha_verde amarelo oolong adaptados folhas cafe alem fermentacao estado solido fes adicao diferentes culturas iniciadoras i lactobacilos acidophilus la 5 R bifidobacterium bb 12 R streptococcus termophilus ii saccharomyces cerevisiae iii mistura anteriores cinetica fermentacao acompanhada 240 h intervalos 0 48 96 144 240 h determinar ponto otimo considerando teores bioativos potencial_antioxidante determinados espectrofotometria metodo multirresiduo meio hplc ms ms utilizado detectar praguicidas triazois organofosforados teores flavonoides variaram 3 78 + 0 03 12 55 + 0 20 ec mg g 1 fenolicos 16 83 + 0 06 18 52 + 0 04 eag mg g 1 potencial_antioxidante abts 49 76+ 0 76 84 35 mol g 1 dpph 47 66 + 0 24 62 84 + 0 18 mol g 1 folha processada base seca folhas cafe cultivo convencional processadas forma similar cha amarelo apresentaram maiores teores bioativos potencial_antioxidante p=0 05 modo geral chas fermentados apresentaram maiores valores final 48 h sendo grupo_controle maiores teores fenolicos flavonoides totais reduzindo bruscamente apos periodo enquanto adicionado s cerevisiae maior potencial_antioxidante infusoes obtidas folhas cafe provenientes plantacoes convencionais manejo pesticidas apresentaram triazois organofosforados niveis poderiam comprometer saude humana pesquisas futuras envolvendo periodo aplicacao pesticidas necessarias fim garantir consumo seguro chas folhas cafe proveniente cultivos convencionais,4086,0.9823239116532122
44,"polpa, cerrado, xique, dpph, frutos, casca, abts, fruto, extratos, frap",secagem operacao unitaria bastante empregada conservacao alimentos porem metodos convencionais secagem apresentam algumas desvantagens oxidacao pigmentos perda vitaminas encolhimento baixa capacidade reidratacao reducao valor nutritivo portanto processo secagem alternativo convencional possa melhorar qualidade produto seco importante industria emergentes tecnologias sido propostas reduzir limitacoes relacionadas tecnica secagem convencional teste utiliza ultrassom juntamente vacuo deste modo objetivo deste trabalho avaliar eficiencia metodo secagem mamao carica papaya l utiliza combinacao ultrassom vacuo secagem mamao realizada temperatura 60°c utilizando quatro tecnicas separadamente secagem assistida ultrassom vacuo secagem vacuo secagem ultrassom secagem controle alem estudo cinetica secagem realizadas analises fisico quimicas microbiologicas materiais secos verificado amostras submetidas secagem vacuo assistida ultrassom resultaram menores tempos processamento 270 minutos maior razao reidratacao qualquer contaminacao microbiologica apos secagem material independente tecnica secagem utilizada teor acido_ascorbico carotenoides reduzidos amostras apresentaram menores perdas acido_ascorbico sofreram secagem auxilio vacuo amostras secas utilizacao ultrassom apresentaram menores porcentagens perda carotenoides produtos secos diferiram significativamente produto in_natura analise cor tendo tendencia incremento tom vermelho reducao luminosidade cor amarela independente tecnica secagem utilizada amostras desidratadas apresentaram valores dureza 35 42 n sendo amostra controle valor elevado amostra seca vacuo assistida ultrassom menor valor resultados sugerem uso combinado vacuo ultrassom influencia aceleracao secagem reidratacao produto minimiza perdas compostos_bioativos cor,2497,0.9733286872666613
45,"propolis, mcf, ecv, tumorais, vermelha, antitumoral, dox, ic50, resveratrol, citotoxicidade",presente tese objetivo geral avaliar efeito fatores demograficos socioeconomicos estilo_vida sobre indicadores composicao_corporal trajetoria indice_massa_corporal durante fase intermediaria final adolescencia alcancar objetivos desenvolvidos tres manuscritos utilizando dados elana estudo_longitudinal avaliacao_nutricional adolescentes realizado quatro escolas privadas duas escolas_publicas localizadas regiao metropolitana rio janeiro estudo composto duas coortes realizada estudantes ensino fundamental outra estudantes ensino medio presente tese referente apenas estudantes ensino medio comporta 1 039 adolescentes idades 13 5 19 anos linha base estudo adolescentes dados coletados tres anos consecutivos 2010 2012 primeiro manuscrito desta tese descreveu trajetoria indice_massa_corporal adolescentes segundo variaveis demograficas socioeconomicas constatou adolescentes sexo_masculino estudantes escolas privadas cor_pele branca filhos mulheres estudaram oito anos apresentaram maiores taxas aumento indice_massa_corporal periodo acompanhamento adicionalmente meninos escolas privadas apresentaram maior propensao ganho_peso excessivo pares periodo segundo manuscrito possivel identificar meio analises componentes principais tres padroes comportamentos associados balanco_energetico consumo fast foods refrigerantes biscoitos recheados verduras legumes frutas arroz feijao tempo_tela tempo atividade_fisica aptidao cardiorrespiratoria 1 padrao saudavel 2 padrao_consumo vegetais frutas 3 padrao consumo_alimentar tradicional pratica_atividade_fisica padroes associados taxa aumento indice_massa_corporal decorrer tres anos seguimento terceiro manuscrito avaliou meio analises cluster agrupamento comportamentos relacionados balanco_energetico consumo bebidas adicao acucar frutas verduras tempo atividade_fisica horas televisao associacao medidas_antropometricas composicao_corporal adolescentes brasileiros elana europeus healthy lifestyle in europe by nutrition in adolescence  helena study identificados cinco grupos coocorrencia comportamentos observou associacao indicadores composicao_corporal elevada agrupamentos caracterizados elevado tempo televisao elevada pratica_atividade_fisica moderada vigorosa meninos europeus meninas brasileiras elevado consumo bebidas adicao acucar meninas brasileiras conclui variaveis_socioeconomicas associadas positivamente aumento taxa imc meninos porem padroes comportamentos mostraram nenhum efeito sobre trajetoria resultados terceiro manuscrito permitem concluir adolescentes brasileiros espanhois apresentam padroes comportamentos semelhantes menos partes associados indicadores composicao_corporal principalmente meninas brasileiras,1386,0.9898606832766459
45,"propolis, mcf, ecv, tumorais, vermelha, antitumoral, dox, ic50, resveratrol, citotoxicidade",consumo dietetico inadequado considerado fatores_ambientais desenvolvimento precoce doencas_cronicas_transmissiveis dcnt desta forma algumas estrategias dieteticas sido propostas reducao consumo_alimentar gorduras saturadas gorduras trans incentivo ingestao gorduras poliinsaturadas adicionalmente varios governos latino americanos dirigido esforcos sentido estabelecer politicas visam eliminar presenca alimentos gorduras trans produzidas industrialmente substituindo acidos_graxos ag insaturados configuracao cis dada complexidade mensurar ingestao_dietetica torna importante eleger metodos validos maior exatidao recurso biomarcadores ag sido utilizados preditores dcnt assim projeto objetivo determinar teores ag alimentos habitualmente consumidos adultos residentes area urbana bem estudar perfil destes compostos lipidicos presente plasma tecido_adiposo subcutaneo desses selecionados adultos residentes duque caxias rj respeito quais obtidos dados_sociodemograficos antropometricos dieteticos voluntarios forneceram material biologico sangue tecido_adiposo subcutaneo analises_bioquimicas perfil ag conteudo ag alimentos plasma tecido_adiposo obtido cromatografia gasosa teores acidos_graxos trans agt determinados comparados dados disponiveis literatura observou teores agt variaram 0 12 g alimentos analisados identificando reducao desse tipo ag ultimos anos vez acordo resolucao vigente anvisa maioria alimentos pode ser classificada livre agt analise material biologico revelou maiores concentracoes ag saturados plasma ag monoinsaturados tecido_adiposo sugerindo insaturacao acido estearico plasma reduzidas concentracoes agt encontradas plasma tecido_adiposo voluntarios corroborando teores reduzidos deste tipo gordura alimentos_processados consumidos grupo estudado conjunto resultados obtidos permite concluir reducao agt alimentos_processados cujo consumo refletiu perfis lipidicos plasma tecido_adiposo grupo investigado fim elevado teor acidos_graxos_saturados ags encontrados plasma indica consumo recente desse tipo acidos_graxos vem sendo relacionado aumento risco desenvolvimento doencas_cardiovasculares necessarios portanto estudos futuros fim investigar impacto reducao consumo agt consequente aumento consumo ags individuos populacoes,1385,0.9897851992934603
45,"propolis, mcf, ecv, tumorais, vermelha, antitumoral, dox, ic50, resveratrol, citotoxicidade",aumento prevalencia excesso_peso relacionado outros fatores dietas inadequadas inatividade_fisica sedentarismo pratica_atividade_fisica comportamentos sedentarios relacionados si maneira inversa influenciam saude adolescentes forma distinta entretanto bastante comum jovens tempo gastam muitas horas atividade caracteristicas comportamentos sedentarios pratiquem atividades fisicas forma regular mostrando coexistencia destes dois comportamentos objetivo deste estudo verificar associacao indicadores adiposidade_corporal indicadores atividade_fisica tempo_tela adolescentes analisou dados 1848 alunos 10 19 anos 6º ano ensino fundamental ef 1º ano ensino medio 2010 2 escolas_publicas 4 particulares participantes linha base estudo_longitudinal avaliacao_nutricional adolescentes elana nivel atividade_fisica avaliado atraves international physical activity questionnaire ipaq versao curta aptidao cardiorrespiratoria avaliada teste corrida caminhada 9 minutos t9 comportamento_sedentario tempo diario uso tv computador videogame soma desses dois comportamentos sendo autorreferido adolescentes excesso adiposidade_corporal avaliado atraves percentual_gordura perimetro_cintura relacao cintura estatura rce magnitude associacoes avaliada odds ratio or intervalo confianca 95 ic95 analises brutas estratificadas sexo tipo escola segmento escolar mostraram meninos ef or=2 61 ic95 1 17 5 81 estudantes escola privada ef or=3 13 ic95 1 58 6 12 possuem aptidao cardiorrespiratoria risco apresentam chance ter excesso_gordura_corporal estudantes escola privada ef or=3 13 ic95 1 31 7 50 aptidao cardiorrespiratoria risco possuem chance ter excesso rce quanto comportamentos sedentarios meninos ef fazem uso pc video 2 horas dia possuem chance apresentar percentual_gordura elevado or=1 61 ic95 1 06 2 44 rce elevada or=2 09 ic95 1 29 3 38 fazem meninas ef gastar 2 horas dia pc video protege excesso_gordura_corporal or=0 56 ic95 0 33 0 94 analises ajustadas sexo tipo escola segmento escolar uso televisao 2 horas dia unico indicador comportamento_sedentario associou significativamente excesso adiposidade_corporal apresentar aptidao cardiorrespiratoria risco aumenta 3 vezes chance ter excesso percentual_gordura perimetro_cintura rce elevada apos ajustes variaveis confundimento conclui apesar efeito protetor aptidao cardiorrespiratoria adequada ser excessivamente maior risco horas tv excesso adiposidade_corporal importancia reducao tempo dedicado comportamentos sedentarios deve ser menosprezado deve priorizar abordagem variada propondo atividades promovam melhoria aptidao cardiorrespiratoria reducao comportamentos sedentarios visando prevencao combate excesso adiposidade_corporal adolescentes,1365,0.9890363934371315
45,"propolis, mcf, ecv, tumorais, vermelha, antitumoral, dox, ic50, resveratrol, citotoxicidade",consumo azeite_oliva pratica antiga amplamente difundida mediante impacto saude beneficios funcionais azeite_oliva incluem reducao radicais livres colesterol_total sangue prevencao doencas_cronicas_transmissiveis atualmente aumento incidencia doencas_cronicas representa desafio significativo saude_publica encontra literatura diversos estudos avaliam efeitos desfechos relacionados saude pode ser dificil profissionais_saude terem conduta apropriada pacientes alem gestores tomadores decisao existir diversos documentos acessiveis entretanto momento existe resumo evidencias acumuladas todas revisoes_sistematicas meta analises revisao abrangente realizada avaliar forca validade evidencias disponiveis relacionadas consumo azeite_oliva associado saude seguindo metodologia prisma bases dados medline embase the cochrane library scopus web of science lilacs pesquisadas fevereiro 2023 utilizada ferramenta avaliacao qualidade estudos joanna briggs institute revisao incluiu 17 artigos evidencias sugestivas associacao benefica consumo azeite_oliva doencas_cardiovasculares cancer diabetes_tipo_2 mortalidade todas causas porem encontrados resultados significativos desfechos relacionados marcadores_inflamatorios estresse_oxidativo metabolismo_glicose alguns resultados referentes lipideos sanguineos algumas meta analises apresentaram alta heterogeneidade amplo intervalo confianca alem numero limitado ensaios_clinicos randomizados considerando heteregeneidade geralmente elevada baixa qualidade evidencias disponiveis necessarios estudos ensaios_clinicos randomizados priorizem analise aprofundada componentes especificos azeite_oliva grupo_controle diferencie tanto composicao quanto efeito grupo_intervencao,4430,0.9888511835080688
45,"propolis, mcf, ecv, tumorais, vermelha, antitumoral, dox, ic50, resveratrol, citotoxicidade",determinacao caquexia cancer cc complexa devido fisiopatologia etiologia multifatorial razao diagnostico pressupoe avaliacao varios dominios torna identificacao classificacao desafiadora pratica clinica escolha metodo avaliacao cc adequado facilidades metodologicas possa ser incorporado rotina assistencia oncologica fundamental alocar pacientes estagios proximos possiveis clinicamente ideal considerando gravidade doenca cada estagio cc deve identificar fenotipo especifico permitindo planejamento individualizado cuidados objetivo principal presente tese desenvolver novo metodo classificacao cc verificar aplicabilidade clinica individuos cancer avancado casuistica constituida dados coorte prospectiva pacientes avaliados consecutivamente primeiro atendimento unidade cuidados paliativos instituto nacional cancer jose alencar gomes silva cidade rio janeiro brasil periodo total captacao participantes ocorreu julho 2016 marco 2019 todo incluidos 1 614 pacientes desenvolver metodo classificacao cc realizadas analises regressao_logistica identificar fatores explicativos importantes associados sindrome seguida partir variaveis explicativas selecionadas empregada analise clusters objetivo determinar quantos grupos distintos cc possiveis serem identificados apos determinacao grupos clusters verificados fatores independentes associados mesmos respectivos pontos corte meio regressao_logistica ordinal construcao curvas roc receiver operator characteristic respectivamente novo metodo proposto permite classificar pacientes tres estagios pre caqueticos caqueticos caqueticos refratarios acordo combinacao seguintes fatores porcentagem perda peso_corporal ultimos seis meses b massa_muscular avaliada meio area muscular braco corrigida c concentracao serica proteina_c_reativa pode observar gravidade cc avaliada meio metodo desenvolvido relacionada pior qualidade_vida qv menores valores medios forca_muscular maior prevalencia baixa massa_muscular esqueletica probabilidade sobrevida reduzida maior risco obito 90 dias conclusao sistema classificacao cc desenvolvido propoe uso indicadores simples facilmente disponiveis pratica clinica permitindo discriminar adequadamente pacientes tres grupos distintos risco relacao todos desfechos avaliados incluindo prognostico qv,3149,0.9882288080584691
46,"seguranca_alimentos, manipuladores, higiene, enterais, boas, contaminacao, dta, sanitaria, coliformes_totais, staphylococcus",olfato paladar frequentemente prejudicados doencas neurodegenerativas contudo nunca estudados conjuntamente individuos doencas neurodegenerativas corticais subcorticais brasil estudo objetivo avaliar capacidade olfatoria gustativa individuos doenca parkinson dp comparando grupo individuos doencas neurodegenerativas corticais dnc grupo_controle desenho estudo_transversal amostragem conveniencia individuos dp recrutados centro referencia transtornos movimento hospital clinicas universidade federal goias n=80 pacientes dnc encaminhados clinica particular goiania n=20 controles mesma faixa etaria grupo dp doencas neurodegenerativas oriundos diversas areas hospital clinicas n=40 dados_sociodemograficos clinicos coletados meio entrevista direta uso questionario estruturado abordando variaveis genero idade cor_pele escolaridade duracao estagio doenca habitos vida avaliou capacidade olfatoria meio teste sniffin sticks limiar discriminacao identificacao odores capacidade gustativa meio teste limiar reconhecimento cincos gostos basicos doce salgado amargo acido umami testar associacao capacidade olfatoria gustativa grupos utilizou teste_exato_fisher comparacao medias limites deteccao reconhecimento gostos basicos utilizou anova kruskal_wallis individuos dp dnc apresentaram respectivamente 93 8 100 comprometimento sentido olfato apenas 15 individuos controles apresentaram reducao sentido olfato diferencas significativas p<0 001 diferencas tanto limites deteccao limites reconhecimento gostos basicos grupos p<0 001 exceto limite reconhecimento gosto acido p= 0 088 gosto umami p=0 153 relacao capacidade gustativa 53 8 pacientes dp 50 individuos grupo dnc 35 individuos grupo_controle apresentaram alteracoes identificacao gostos basicos porem diferencas significativas grupos p=0 150 conclui capacidade olfatoria gustativa individuos doencas neurodegenerativas tanto corticais quanto subcorticais comprometidas consequentemente apresentam marcador importante dessas doencas,1078,0.9864185713547177
46,"seguranca_alimentos, manipuladores, higiene, enterais, boas, contaminacao, dta, sanitaria, coliformes_totais, staphylococcus",intervencoes exercicios resistidos hipotetizados forma tratamento farmacologico aliviar efeitos adversos relacionados cancer todavia indice adesao tipo treinamento baixo objetivo estudo investigou efeitos treinamento resistido tr alta supervisao professor umavoluntaria frequencia semanal vez sobre alteracoes composicao_corporal desempenho muscular mulheres sobreviventes cancer_mama scm metodos 25 mulheres scm hormonioterapia randomizadas grupos tr gt n = 12 controle gc n = 13 gt submetido oito semanas treinamento resistido personalizado profissional voluntaria frequencia vez semana avaliadas composicao_corporal meio absorciometria raios_x dupla energia desempenho muscular forca_preensao_manual fpm 10 rm leg press 45° supino reto 1 rm predito leg press 45° supino reto indice forca_muscular relativa ifmr membros inferiores mmii superiores mmss teste anova one way utilizado comparar efeito intra grupo momentos pre pos intervencao teste ancova usado comparar grupos apos intervencao effect size es calculado cohen d resultados apos 8 semanas gt melhorou forca_muscular superior gc 10 rm leg press 45° p<0 0001 es 0 96 supino reto p<0 0001 es 1 15 1 rm predito leg press 45° p<0 0001 es 0 96 supino reto p<0 0001 es 1 15 ifmr mmii p<0 0001 es 1 38 mmss p<0 0001 es 1 16 adesao treino 99 04 observadas alteracoes composicao_corporal fpm conclusao tr alta supervisao frequencia semanal vez apresentou elevada adesao suficiente ganho forca_muscular mulheres scm,1922,0.9843885042228581
46,"seguranca_alimentos, manipuladores, higiene, enterais, boas, contaminacao, dta, sanitaria, coliformes_totais, staphylococcus",neutropenia efeito adverso ocasionado apos administracao drogas antineoplasicas ciclofosfamida usada tratamento diferentes neoplasias vitamina_c micronutriente antioxidante imunomodulador pouco sabe sobre acao frente neutropenia dessa forma objetivo presente trabalho avaliar suplementacao vitamina_c sobre neutropenia induzida ciclofosfamida clf perda_peso camundongos estudo realizado suplementacao vitamina_c 50 mg kg intraperitoneal i p 7 dias camundongos femeas swiss albino adultas imunossuprimidas clf divididos quatro grupos 8 animais cada grupo_controle agua destilada i p clf 150 mg kg i p dia 1 100 mg kg i p dia 4 vitamina_c 50 mg kg i p diariamente clf + vit c ciclofosfamida 250 mg kg i p vitamina_c 50 mg kg i p grupo clf apresentou perda significativa peso 24 terceiro dia relacao grupo_controle co administradas vitamina_c clf interacao significativa vitamina_c intensificou diminuicao neutrofilos vitamina_c interferiu valores leucocitos resultados mostraram suplementacao vitamina_c 50 mg kg i p 7 dias intensificou neutropenia induzida ciclofosfamida 250 mg kg i p preveniu perda_peso ponderal induzida clf camundongos final experimento biologico,1201,0.9806462549004951
46,"seguranca_alimentos, manipuladores, higiene, enterais, boas, contaminacao, dta, sanitaria, coliformes_totais, staphylococcus",objetivo otimizar condicoes extracao compostos_fenolicos capacidade_antioxidante amendoa baru fracoes material metodos metodologia superficie resposta usada determinar melhores condicoes extracao compostos_fenolicos capacidade_antioxidante amendoa baru pelicula pelicula pelicula isolada delineamento box behnken conduzido 17 experimentos incluindo pontos centrais analisar efeito concentracao etanolica razao solido solvente tempo temperatura sobre extracao compostos_fenolicos totais capacidade_antioxidante abts dpph frap resultados condicoes extracao ideais amendoa baru pelicula pelicula pelicula concentracao etanolica 65 78 40 razao solido solvente 20 2 0 2 mg ml respectivamente periodo extracao 35 minutos amendoa baru pelicula temperaturas 85 65 oc amendoa baru pelicula pelicula isolada respectivamente extratos obtidos amendoa baru pelicula pelicula pelicula isolada apresentaram 63 562 9730 mg age acido galico equivalente 100 g amostra fresca capacidade_antioxidante 6 170 1620 umol trolox equivalente g ensaio abts 24 259 3285 umol trolox equivalente g dpph 5 144 2096 umol trolox equivalente g ensaio frap respectivamente conclusao condicoes extracao compostos_fenolicos capacidade_antioxidante amendoa baru pelicula pelicula pelicula isolada otimizadas amostras apresentaram alto conteudo compostos_fenolicos boa capacidade_antioxidante portanto consumo aproveitamento integral desta semente devem ser estimulados,1638,0.9648543356739665
46,"seguranca_alimentos, manipuladores, higiene, enterais, boas, contaminacao, dta, sanitaria, coliformes_totais, staphylococcus",caracterizacao fisico quimica quantificacao componentes bioativos frutos relevantes compreensao valor nutritivo agregacao valor produtos regionais possivel desenvolvimento generos alimenticios farmaceuticos partir subprodutos annona x atemoya mabb fruta popularmente conhecida atemoia especie cultivada estado parana possui consumo conhecimento restritos populacao alem pouco explorada classe cientifica objetivo deste trabalho realizar analise composicao fisico quimica atividade_antioxidante atividades biologicas atemoia avaliadas fracoes polpa casca semente folha cultivar african pride perfil fisico quimico obtido mediante analises umidade cinzas acidez_titulavel solidos soluveis ph acucares totais proteinas lipideos carboidratos fibra_alimentar total extratos amostras obtidos meio extracao etanol sohxlet realizados doseamentos polifenois flavonoides atividade_antioxidante testes toxicidade frente artemia salina hemolise in vitro alem atividade_antimicrobiana isolamento identificacao substancias procedeu fracao hexanica folha fracao hexano semente submetida analise teor esteres metilicos acidos_graxos fracoes in_natura atemoia demonstraram alto teor umidade solidos soluveis proteinas acucares totais carboidratos fibras alto teor cinzas predominante amostras casca folha ph baixo polpa casca sementes bem ocorreu lipideos duas primeiras embora quantidades variaveis todos extratos analisados apresentaram compostos_fenolicos atividade_antioxidante metodos analisados sendo significativos resultados extratos etanolicos folha casca fresca maior teor flavonoides observado extrato etanolico folha quanto toxicidade frente artemia salina fracoes cloroformio acetato etila etanol semente demonstraram toxicas extrato folha apresentou maior atividade hemolitica casca fresca unica amostra apresentar inibicao microbiana esteroides sitosterol campesterol identificados fracao hexanica folha semente apresentou maior percentual acidos_graxos insaturados saturados composicao estudo demonstrou alta qualidade composicao atemoia fracoes reforcando estimulo consumo in_natura encorajando maiores estudos envolvendo subprodutos possiveis aplicacoes industriais,862,0.9531482892955526
47,"caprino, leite_humano, vaca, leite, cabra, lactentes, nbcal, leite_materno, leites, queijos",leite caprino alem fornecer nutrientes indispensaveis funcionamento adequado organismo humano ganhado espaco mercado consumidor necessidade premente estudos disponibilizem ferramentas deteccao adulteracao leite caprino adicao leite bovino pratica tornado reincidente presente trabalho objetivo disponibilizar ferramenta validacao especies caprinas bovinas brasileiras tecnica reacao cadeia polimerase obteve limiar deteccao 0 5 utilizou metodo base fenol cloroformio kit comercial realizacao extracao dna melhor qualidade grau pureza tecnica utilizada amostras leite conjunto coletadas usinas beneficiamento leite caprino regiao ocidental cariri paraibano encontrou presenca leite bovino 37 5 amostras,13,0.966447417630057
47,"caprino, leite_humano, vaca, leite, cabra, lactentes, nbcal, leite_materno, leites, queijos",consumo dietas alta densidade calorica alto percentual_gordura colesterol acidos_graxos trans saturados sido associado diversos disturbios_metabolicos dislipidemias alem alterar metabolismo_lipidico podem promover modificacoes microbiota_intestinal estruturas tecidos relacionados metabolismo tal doenca pode acometer gestantes lactantes havendo indicios tais alteracoes estenderem descendencia nesse contexto presente estudo avaliou efeitos dislipidemia materna sobre metabolismo_lipidico microbiota fecal parenquima hepatico intestinal prole vida adulta pesquisa trata estudo_experimental fase i envolvendo ratas wistar alimentadas dieta controle grupo ctl dieta dislipidemica grupo dlp durante gestacao lactacao apos desmame 21° dia idade todos descendentes ctl dlp receberam dieta padrao 30° 90° dias vida coletadas filhotes amostras sangue fezes figado intestino gordura_visceral analises tanto ratas dlp filhotes apresentaram maior peso figado porem filhotes dlp apresentaram maior peso gordura_visceral machos maior peso intestino ambos_sexos verificado dieta preponderante desenvolvimento obesidade maes alguns periodos gestacao lactacao consumo gorduras elevado vez filhotes grupo dlp apresentaram ganho_peso percentual inicio vida 90 dias superior grupo ctl ambos_sexos 30 dias filhotes machos dlp apresentaram niveis sericos elevados colesterol_total ct triglicerideos tg vldl p<0 001 femeas dlp apresentaram tg vldl comparacao prole ctl p<0 001 filhotes dlp apresentaram maior indice gordura hepatica porem apresentaram esteatose_hepatica nenhuma fase vida esteatose_hepatica observada ratas dados ratificados niveis elevados gordura hepatica tanto ratas filhotes grupo dlp apresentaram reducao bifidobacterium spp lactobacillus spp aumento numero bacteroides spp alem danos vilosidades intestinais embora sido observado aumento excrecao gordura fezes dados obtidos neste estudo indicam dislipidemia materna pode alterar parametros intestinais metabolismo_lipidico pode ser fator predisponente complicacoes saude prole infancia vida adulta,2383,0.9549432618799104
47,"caprino, leite_humano, vaca, leite, cabra, lactentes, nbcal, leite_materno, leites, queijos",leite constitui excelente substrato favorece crescimento fungos patogenicos oportunistas grande potencial deste alimento dar origem derivados dentre quais queijos tipo manteiga amplamente consumidos regiao nordeste base exposto presente trabalho objetivo caracterizacao fisico quimica microflora epifita patogenica queijos tipo manteiga produzidos partir leite pasteurizado vacas estudo aconteceu meses abril agosto 2011 delineamento experimental adotado inteiramente casualizado coletadas amostras aproximadamente 0 5 kg cinco micro usinas regiao zona mata sertao alagoano apenas marca possui registro servico inspecao federal estadual marca possui selo servico inspecao federal outras tres marcas selo inspecao estadual amostras cinco marcas comerciais adquiridas diretamente estabelecimentos comerciais acondicionadas caixas isotermicas contendo gelo reciclavel transportadas laboratorios controle qualidade alimentos  fanut ufal fitopatologia centro ciencias agrarias  ceca ufal mantidas freezer 18° c posteriores determinacoes analiticas analisadas 5 marcas sendo 4 repeticoes cada marca compreendendo 4 diferentes lotes totalizando 20 amostras todas analises realizadas triplicata variaveis fisico quimicas analisadas ph umidade gordura solidos totais gordura proteinas cinzas cloretos analises microbiologicas contagem numero unidades formadoras colonias ufc identificacao patogenos queijos tipo manteiga amostras semeadas meio tipo agar drbc dicloran rosa bengala cloranfenicol duplicata utilizando diluicoes 10 ¹ 10 5 placas incubadas temperatura ambiente + 25° c durante sete dias generos especies fungos puderam ser identificados primeira fase experimental realizadas microculturas resultados revelaram cinco marcas analisadas tres apresentaram dentro padroes estabelecidos instrucao normativa nº 30 quanto teor umidade porem apenas duas atenderam requisitos teor gordura solidos totais deve variar 25 55 microbiota fungica revelou genero aspergillus predominou quatro marcas sendo aspergillus flavus frequente identificado tres marcas genero penicillium identificado duas marcas especies p italicum p viridicatum genero fusarium identificado apenas marca identificacao especie f semitectum outros generos geotrichum cladosporium rhizopus identificados,327,0.8907569620672087
47,"caprino, leite_humano, vaca, leite, cabra, lactentes, nbcal, leite_materno, leites, queijos",resumo envelhecimento populacional vem ocorrendo forma rapida principalmente paises desenvolvimento acarretando maior prevalencia doencas_cronicas_transmissiveis dentre destaca diabetes mellitus associado maior mortalidade institucionalizacao reducao capacidade_funcional complicacoes cronicas idosos consumo alimentacao_saudavel pratica regular atividade_fisica base tratamento controle doenca contudo adesao insatisfatoria educacao autocuidado diabetes proporciona conhecimento habilidade atitude motivacao mudanca comportamental porem existe necessidade definicao melhores abordagens educativas voltadas publico idoso desta forma presente estudo principal objetivo avaliar efeitos intervencao educativa problematizadora promocao estilos vida saudaveis idosos diabeticos meio ensaio_clinico_randomizado realizado unidades saude_familia cidade recife pernambuco agosto 2014 agosto 2015 duzentos dois idosos diabeticos recrutados aleatoriamente alocados dois grupos estudo_intervencao alem atendimento rotina idoso diabetes participou educacao grupal problematizadora controle participou apenas atendimento rotina idoso diabetes ambos monitorizados durante seis meses desfechos primarios incluiram variaveis conhecimento sobre diabetes atitude autocuidado consumo_alimentar pratica_atividade_fisica niveis hemoglobina_glicada secundarios tabagismo consumo bebida alcoolica peso indice_massa_corporal circunferencia_cintura linha base estudo realizado corte transversal investigar conhecimento sobre diabetes atitude autocuidado fatores_associados modelo regressao_logistica identificou morar sozinho fator protecao baixa_escolaridade fator risco conhecimento insuficiente atitude negativa autocuidado respectivamente apos seis meses atividade educativa grupal problematizadora frequencia mensal duracao media 2 horas observou aumento conhecimento sobre doenca p<0 001 atitude positiva autocuidado p=0 011 pratica_atividade_fisica p=0 020 variedade dieta p=0 002 porem associada reducao parametros_antropometricos niveis hemoglobina_glicada p>0 05 conclui intervencao educativa problematizadora comparada atendimento rotina idoso diabetes usf mostrou eficaz maior conscientizacao idosos diabeticos promocao estilos vida saudaveis faz necessario realizacao outros estudos utilizando abordagem metodologica capacitacao profissionais_saude emprego atividades educativas maior interlocucao equipe compoe estrategia_saude_familia nucleo apoio saude_familia intuito assistencia interdisciplinar vistas mudanca praxis profissionais_saude prestam assistencia idoso diabetes atencao_primaria_saude palavras chave envelhecimento populacao diabetes mellitus estilo_vida educacao_saude atencao_primaria_saude,1709,0.8630104828857352
47,"caprino, leite_humano, vaca, leite, cabra, lactentes, nbcal, leite_materno, leites, queijos",presenca fungos alimentos representa risco potencial saude homem pois indica condicoes higienico_sanitarias insatisfatorias alem poder apresentar metabolitos toxicos denominados micotoxinas leite constitui alimento rico proteinas lipideos minerais vitaminas dentre outros nutrientes desta forma torna excelente substrato favorece crescimento fungos patogenicos oportunistas grande potencial deste alimento originar varios derivados dentre quais queijo coalho manteiga ricota leite pasteurizado outros produtos base exposto trabalho objetivo caracterizar microflora epifita patogenica queijo coalho comercializado alagoas estudo desenvolvido universidade federal alagoas ufal meses abril 2011 outubro 2011 delineamento experimental adotado inteiramente casualizado coletadas 20 amostras queijo coalho 5 marcas diferentes hipermercados localizados cidade maceio todas analises realizadas triplicata variaveis analisadas contagem numero unidades formadoras colonias fungos filamentosos identificacao microbiota fungica teor umidade ph amostras semeadas meio drbc agar dicloran rosa bengala cloranfenicol triplicata utilizando diluicoes 10 1 10 5 placas incubadas temperatura ambiente + 25°c durante 7 dias apos periodo identificacao fungos filamentosos deu microscopio optico generos especies fungos filamentosos puderem ser identificadas apos 7 dias realizadas microculturas fungos filamentosos identificados isolados 7 generos destacando especies aspergillus flavus penicillium sp potencialmente produtoras micotoxinas representando desse modo perigo quimico amostras queijos analisadas observou necessidade adocao boas praticas fabricacao evidenciada altas contagens fungos filamentosos 5 0 x 102 1 7 x 106 todas amostras classificadas queijo media umidade 36 0 45 9 valores ph variaram 5 38 6 22,326,0.8158041131178067
48,"especialistas, ivc, instrumento, validacao_conteudo, cronbach, confiabilidade, itens, interna, reprodutibilidade, validade",sabe obesidade condicao cronica prognostico desafiador envolve diversos fatores alem biologicos prevalencia crescido significativamente brasil indices passaram 11 8 2006 22 4 2021 estrategias tratamento usuais obtido sucesso longo prazo cada vez surgido abordagens propoem mudanca tratamento convencional centrado peso foco centrado saude estudo objetivo avaliar efeitos intervencao baseada tecnicas entrevista motivacional comer intuitivo comer atencao plena mulheres obesidade trata ensaio_clinico pareado 5 meses acompanhamento 6 encontros individuais exame impedancia_bioeletrica avaliacao comer intuitivo realizada utilizando instrumento ies 2 intuitive eating scale avaliacao alimentacao consciente utilizando instrumento meq mindful eating questionnaire participaram estudo 26 mulheres 20 50 anos imc 30 40kg m² resultados mostraram aumento significativo ies 2 meq subescalas p = 0 003 0 002 respectivamente sugerindo maior consciencia sensacoes proprio corpo relacao alimentacao observou reducao circunferencia_cintura p = 0 033 apesar haver reducao peso_corporal melhora sintomas gastricos pirose p = 0 004 refluxo p = 0 047 outras alteracoes gastricas p = 0 004 mastigacao p = 0 042 sono p = 0 024 intervencao mostrou melhora interocepcao participantes bem sintomas gastrintestinais mastigacao sono circunferencia_abdominal entanto perda_peso neste sentido sugere habitos vida saudaveis protetores riscos cardiometabolicos mortalidade perda_peso relevante enfatizando resultados alem peso_corporal identificamos necessidade realizacao estudos cientificos utilizem abordagens intervencoes maior foco fatores qualidade_vida bem estar psicologico emocional social abordando subjetividade individuos motivacoes necessidades dificuldades tratamento_obesidade,4340,0.9873427674550954
48,"especialistas, ivc, instrumento, validacao_conteudo, cronbach, confiabilidade, itens, interna, reprodutibilidade, validade",sarcopenia sindrome geriatrica definida perda progressiva massa forca qualidade musculo sendo principal responsavel deterioracao capacidade_funcional individuos longo envelhecimento projeto propoe identificar prevalencia sarcopenia associacao estado_nutricional idosas metodos trata estudo_transversal 138 idosas matriculadas universidade aberta terceira idade uati desenvolvido centro estudos intervencao area envelhecimento ceiae escola nutricao universidade federal bahia enufba parceria universidade estado bahia uneb diagnostico sarcopenia idosas avaliados massa_muscular indice musculo_esqueletico ime desempenho_fisico velocidade marcha forca_muscular teste forca_preensao_palmar fpp avaliadas fatores_associados dados_sociodemograficos antropometria indice_massa_corporal composicao_corporal mini avaliacao_nutricional man etilismo tabagismo atividade_fisica dosagem serica vitamina_d presente projeto aprovado comite etica escola nutricao ufba cepnut analise dados realizada meio estatistica_descritiva regressao_logistica verificar possiveis fatores relacionados sarcopenia partir resultados projeto permitira melhor percepcao compreensao sobre sarcopenia contribuindo futuras intervencoes fim prevenir tratar sindrome compromete qualidade_vida saude idoso,2038,0.9867122281839612
48,"especialistas, ivc, instrumento, validacao_conteudo, cronbach, confiabilidade, itens, interna, reprodutibilidade, validade",telenutricao modelos atendimento utilizados tradicional consultas retorno multicomponente associa consultas retorno diferentes atividades orientacao objetivo deste estudo analisar percepcao participantes programa aconselhamento nutricional on line abordagens distintas multicomponente tradicional perspectiva quali quantitativa antes apos participantes finalizarem aconselhamento nutricional 12 semanas avaliadas praticas_alimentares pontuacao final obtida partir aplicacao escala praticas_alimentares analisada partir anova fatorial software spss 28 0 onde conduzida comparacoes tempo grupo grupo x tempo adotando p<0 05 realizados grupos_focais participantes apos acompanhamento onde coletadas percepcoes analise utilizada classificacao hierarquica descendente software iramuteq versao 0 7 alpha 2 diferenca significativa analisado tempo t p<0 001 2 = 0 743 dimensoes 1 organizacao planejamento alimentar mt p<0 001 2=0 513 td p<0 001 = 0 513 2 modos comer escolhas_alimentares mt p<0 001 2=0 347 td p<0 001 2 = 0 347 analise qualitativa grupo tradicional destacou aumento ingestao agua proteinas melhora sintomas constipacao intestinal multicomponente citou aumento consumo_frutas obtencao metas pessoais incentivo pratica exercicios_fisicos ambos citaram melhora comportamento_alimentar atribuiram resultados orientacoes nutricionista multicomponente citou envio mensagens utilizacao abordagem individualizada focada mudancas comportamentais potencializa resultados atendimento prestado,4931,0.9524181998360177
48,"especialistas, ivc, instrumento, validacao_conteudo, cronbach, confiabilidade, itens, interna, reprodutibilidade, validade",aumento consumo_alimentos bebidas ultraprocessados desperta atencao dentre outros aspectos uso diversos aditivos_alimentares nesses produtos autorizados legislacoes especificas serem utilizados funcoes distintas produtos_alimenticios objetivo presente estudo caracterizar uso aditivos_alimentares presentes rotulos alimentos bebidas supermercados brasileiros trata estudo_transversal descritivo utilizando dados lista ingredientes alimentos bebidas embalados comercializados supermercados brasil informacoes obtidas rotulos meio registro fotografico avaliou numero funcao tecnologica proporcao aditivos_alimentares 9 856 itens incluidos analise_fatorial exploratoria realizada gerar padroes categorias aditivos_alimentares modelos regressao_linear utilizados avaliar associacao padroes 25 grupos alimentos analisados apenas 20 6 produtos analisados continham aditivos_alimentares 24 8 continham seis aditivos encontrou numero maximo 35 aditivos_alimentares rotulo unico produto frequencia elevada uso aditivos_alimentares especial aditivos cosmeticos destaque aromatizantes 47 1 corantes 27 8 estabilizantes 27 6 identificaram cinco padroes categorias aditivos_alimentares associados alimentos bebidas ultraprocessados padrao 1 composto aromatizante corante antiumectante edulcorante artificial realcador sabor regulador acidez maltodextrina polidextrose associado bebidas fruta saborizadas salgados pacote alimentos conveniencia doces sobremesas outras bebidas cereais matinais barras cereais padrao 2 composto aromatizante emulsificante umectante fermento quimico melhorador farinha associado biscoitos panificados doces sobremesas padrao 3 composto antioxidante acidulante conservador sequestrante associado refrigerantes carnes processadas nectares padrao 4 composto corante estabilizante espessante conservador coagulante associado queijos produtos lacteos adocados refrigerantes padrao 5 composto edulcorantes naturais artificiais associado acucar outros adocantes caloricos bebidas fruta saborizadas outras bebidas conclui aditivos_alimentares presentes amplamente diferentes tipos alimentos comercializados mercado brasileiro alem disso mesma categoria aditivo repete diferentes grupos alimentos assim distintas combinacoes aditivos_alimentares situacao potencialmente prejudicial saude individuos visto evidencias comprovam potenciais efeitos deleterios saude relacionados consumo dessas substancias,3492,0.8712215251424236
48,"especialistas, ivc, instrumento, validacao_conteudo, cronbach, confiabilidade, itens, interna, reprodutibilidade, validade",introducao grazing comportamento_alimentar capaz afetar negativamente resultados cirurgia_bariatrica podendo contribuir insucesso tratamento cirurgico obesidade comportamento pode ser classificado compulsivo compulsivo consiste comer pequenas repetidas porcoes alimentos longo dia resposta fome saciedade objetivo estimar prevalencia grazing associacao desfechos antropometricos sucesso cirurgico pos operatorio tardio pessoas submetidas cirurgia_bariatrica metodo trata estudo_transversal parte projeto matriz consumo_alimentar habitos vida controle comorbidades estado_nutricional pacientes submetidos cirurgia_bariatrica adultos operados 5 anos tecnica bypass gastrico y roux bgyr servicos_saude publico privado distrito federal pessoas contactadas partir cadastros existentes servicos meio divulgacao redes sociais aplicou questionario sobre dados_demograficos clinico cirurgicos adesao tratamento avaliacao presenca comportamento grazing utilizado questionario rep eat q repetitive eating questionnaire aferidos peso estatura calculados indice_massa_corporal imc porcentagens perda_peso total ppt perda excesso_peso pep utilizados parametros_antropometricos avaliacao sucesso cirurgico analise diferencas pessoas comportamento grazing utilizados testes qui_quadrado t student pertinente aplicada correlacao_pearson resultados avaliados 109 voluntarios 91 7 mulheres 50 6+ 9 1 anos idade tempo cirurgico 10 0+ 2 4 anos prevalencia grazing 67 quais 12 3 compulsivos 5 5 compulsivos 82 2 ambos subtipos correlacoes significativas negativas presenca grazing ppt pep positiva imc fato estar acompanhamento psicologico relacionado maior presenca comportamento p=0 042 sucesso cirurgico prevalente pessoas comportamento grazing conclusao prevalencia comportamento grazing alta pessoas pos operatorio tardio bgyr presenca associada engajamento tratamento equipe assistencia multiprofissional interferiu negativamente sucesso cirurgico avaliado partir performance parametros perda_peso necessarios estudos desenho longitudinal aprimorar estrategias tanto identificacao quanto monitoramento comportamento nessa populacao,2960,0.8646292773353383
49,"s6ks, silico, itt, tripsina, s6k2, agrotoxicos, ittp, isoformas, eif2, terapeuticos",inflamacao_cronica baixo grau principais mecanismos envolvidos genese obesidade fator afetado fenomeno pode ser reducao funcao barreira intestinal objetivo deste trabalho caracterizar perfil_inflamatorio intestinal curto periodo consumo dieta_rica_gordura predominantemente saturada presenca acidos_graxos omega_3 camundongos_c57bl 6j machos seis semanas idade expostos dieta padrao ct dieta_hiperlipidica 35 composicao hf dieta_hiperlipidica conteudo 10 fracao banha substituida oleo linhaca hf+fs durante 3 dias apos periodo tratamento realizados testes glicemia_jejum tolerancia insulina ileo distal removido analises qpcr real time genes fator necrose_tumoral alfa tnf interleucinas 1 6 10 il 1 il6 il10 claudina 7 cldn 7 zona ocludente 1 zo 1 apos tres dias consumo dieta grupo hf demonstrou aumento significativo massa_corporal peso gordura epididimal final periodo experimental todos grupos apresentaram ganho_peso apenas grupo hf apresentou diferenca comparacao animais tratados dieta controle ct p<0 05 grupo hf apresentou maior valor glicemia_jejum p<0 001 entretanto prejuizo constante decaimento glicose kitt alem disso animais grupo hf apresentaram inflamacao intestinal verificada aumento tnf p<0 005 il 1 p<0 05 alem reducao il_10 p<0 005 entretanto reducao expressao_genica tnf grupo hf+fs alteracoes expressao proteinas juncao celular zo 1 cldn 7 fim curto periodo consumo dieta rica gordurosa capaz induzir inflamacao aguda ileo distal consumo oleo rico acido graxo alfa linolenico reverteu processo,1810,0.992034956508364
49,"s6ks, silico, itt, tripsina, s6k2, agrotoxicos, ittp, isoformas, eif2, terapeuticos",introducao adiponectina apresenta importante acao homeostase glicemica atuando captacao glicose sensibilidade_insulina nivel central recentemente demonstrado adiponectina capaz modular homeostase energetica nesse sentido principais intervencoes capazes modular vias sinalizacao celular exercicio_fisico hipotalamo beneficios exercicio_fisico resultam regulacao circuitos neuronais recebem estimulos periferia sinais hormonios leptina insulina entanto efeito exercicio sobre via transducao sinal adiponectina controle fome sido pouco explorado literatura desse modo presente estudo objetivo verificar efeito exercicio_fisico agudo modulacao via sinalizacao adiponectina hipotalamo camundongos obesos bem acao controle homeostase energetica materiais metodo camundongos_swiss seis semanas idade distribuidos tres grupos ctl expostos dieta comercial obs expostos dieta_hiperlipidica obex expostos dieta_hiperlipidica submetidos protocolo exercicio_fisico apos oito semanas exposicao dietas experimentais animais grupo obex submetidos protocolo exercicio_fisico agudo consistiu tres sessoes 45 minutos corrida intervalo 15 minutos cada sessao posteriormente realizadas analise adiponectina serica tolerancia_glicose ingestao_alimentar gasto_energetico analises moleculares animais receberam estimulo leptina intraperitoneal meio tecnica western blotting analisado proteinas chaves via sinalizacao leptina adiponectina pi3q akt hipotalamo niveis proteicos ucp1 tecido_adiposo marrom diferentes grupos experimentais resultados resultados obtidos demonstram animais exercitados agudamente apresentaram aumento tolerancia_glicose adiponectina serica comparados animais obs alem disso observou reducao ingestao_alimentar animais obex comparados grupo obs conteudo rnam appl1 correlaciona negativamente ingestao_alimentar ademais animais exercitados apresentaram aumento consumo oxigenio producao calor comparados animais obs nivel molecular animais exercitados apresentaram aumento ucp1 comparados demais grupos experimentais ademais exercicio efeito positivo sobre appl1 proteina chave via transducao adiponectina observa grupo obs apresentou reducao appl1 hipotalamica relacao grupo ctl ainda animais obex apresentaram aumento appl1 comparacao obs adicao animais exercitados apresentaram aumento conteudo proteico via sinalizacao pi3q akt hipotalamo fim analises bioinformatica tanto animais humanos apresentaram forte correlacao niveis rnam appl1 pi3q hipotalamico conclusao sendo assim pode concluir exercicio_fisico capaz aumentar conteudo proteico appl1 hipotalamo camundongos obesos assim aumentar gasto_energetico reduzir ingestao_alimentar,1818,0.9907400496039239
49,"s6ks, silico, itt, tripsina, s6k2, agrotoxicos, ittp, isoformas, eif2, terapeuticos",caracteriza estudo_transversal abordagem quali quantitativa dividido dois protocolos primeiro objetivo avaliar estrutura fatorial power of food scale pfs examinar relacao pfs insatisfacao_imagem_corporal indice_massa_corporal imc pfs questionario autoavaliacao motivacao consumir alimentos palataveis principalmente ambientes obesogenicos body shape questionnaire bsq avalia insatisfacao_imagem_corporal pfs bsq aplicados amostra 300 adultos dados analisados meio analise_fatorial confirmatoria pfs apresentou estrutura fatorial adequada apontando tres fatores bem definidos food available cr = 0 91 food tasted cr = 0 84 food present cr = 0 87 bsq apresentou fator confiavel cr = 0 97 fator agregado pfs predisse significativamente imc = 0 16 p = 0 01 insatisfacao_imagem_corporal = 0 46 p < 0 001 fator food present media ligeiramente superior tres fatores pfs mulheres pontuacoes pfs altas homens segundo protocolo principais objetivos analisar estrutura fatorial control of eating questionnaire coeq analisar power of food relacionado desejo intenso alimentos explorar atraves entrevistas profundidade aspectos ambientais relacionados desejo intenso alimentos participantes alta pontuacao coeq amostra composta 335 jovens adultos idade 18 30 anos dividida similarmente relacao genero coeq pfs submetidos analise_fatorial confirmatoria entrevistas semi estruturadas conduzidas subamostra 20 participantes metodo questionamento socratico utilizado entrevistas transcritas analisadas acordo analise conteudo pfs coeq mostraram estrutura fatorial adequada craving control cr = 0 897 craving sweets cr = 0 909 craving savoury cr = 0 813 positive mood cr = 0 918 encontrado fator agregado pfs influenciou significativamente fatores craving control = 0 604 p < 0 001 craving savoury = 0 382 p < 0 001 craving sweet = 0 414 p < 0 001 positive mood = 0 198 p < 0 001 mulheres escores altos craving control craving sweets todos dominios pfs fim resultados analise qualitativa mostraram tanto disponibilidade_alimentos alivio fatores estressores motivadores desejo intenso alimentos preocupacao saude ganho_peso citados consequencias busca distracoes maneira lidar desejo resultados sugerem relacao desejos comida poder comida significativa ambiente obesogenico atual,3974,0.9897519588493541
49,"s6ks, silico, itt, tripsina, s6k2, agrotoxicos, ittp, isoformas, eif2, terapeuticos",transtornos_alimentares ta disturbios psiquiatricos onde existe acima tudo medo morbido engordar ta descritos literatura anorexia nervosa bulimia nervosa transtorno compulsao_alimentar periodica ainda individuo atinja criterios diagnosticos tais transtornos muitos apresentam comportamentos risco transtornos_alimentares crta caracterizados dietas restritivas uso mecanismos compensatorios episodios compulsao_alimentar adolescentes constituem grupos populacionais suscetiveis desenvolvimento destes comportamentos objetivo estudo verificar mudancas temporais periodo 5 anos prevalencias crta associacao estado_nutricional variaveis_socioeconomicas adolescentes residentes regiao metropolitana rio janeiro utilizou dados dois estudos transversais base_populacional realizados meio visitas domiciliares investigaram variaveis referentes residentes domicilios particulares permanentes campos eliseos duque caxias rj duas pesquisas considerados elegiveis adolescentes idade ente 12 18 anos portadores deficiencia fisica gravidas 2005 amostra final 1089 domicilios considerou dados 511 adolescentes 2010 amostra final 1121 domicilios considerados dados 314 adolescentes aproximadamente metade adolescentes estudados apresentaram algum crta 2010 compulsao_alimentar aumentou 18 4 pontos percentuais anos pesquisa ano 2005 associada excesso_peso or=2 02 ic=1 13 3 61 cor preta parda or=1 91 ic=1 04 3 52 enquanto 2010 associou nenhuma variaveis meninas or=1 95 ic=1 07 3 53 2005 or=7 02 ic=2 81 17 54 2010 adolescentes sobrepeso or=2 29 ic=1 14 4 64 2005 or=3 65 ic=1 45 9 22 2010 apresentaram maiores chances pratica dieta restritiva atencao deve ser dada tema visando evitar evolucao quadros graves transtornos_alimentares adolescencia consequentemente agravos saude tais transtornos podem gerar,1030,0.9843676540340139
49,"s6ks, silico, itt, tripsina, s6k2, agrotoxicos, ittp, isoformas, eif2, terapeuticos",formato vcf variant call format criado subproduto projeto 1000 genomas formato generico representar polimorfismos geneticos dois anos desde desenvolvimento inicial formato ganhou popularidade formato escolha resultados sequenciamento nova geracao tendo pipeline basico fastq reads bam alignment to reference vcf genomic variants formato vcf caracteristicas colocam fruto evolucao modelagem representacao dados genomica avanco refere principalmente expressividade estendendo predicao diadica formalismos web semantica tal abordagem semelhante distributed annotation format ancorando anotacoes novos atributos posicoes genomicas modo reportar metadados necessaria apenas posicao tamanho complexidade desses arquivos aumentam medida genomica clinica evolui provavelmente levara problemas portabilidade interoperabilidade oriundos flexibilidade definicao instanciacao relacoes elementos aqui propoe resolucao desse problema identificando validando mapa isomorfico vcfs icone terceira geracao tecnologias web rdf resource description framework algumas ferramentas web desenvolvidas visualizar analisar vcfs mostra los navagedores genomicos entanto maior parte exige servidor possui dificuldades acesso codigo fonte onde sabe nenhum aplicativo faca conversao vcf rdf solucao aqui apresentada faz todo procedimento conversao modo pratico conveniente tendo codigo fonte disponivel https github ibl vcf versao online http ibl github io vcf diego html,1261,0.9825928344143735
50,"imagem_corporal, significados, sentidos, insatisfacao_corporal, socioculturais, comensalidade, silhuetas, experiencias, discurso, habitus",objetivo desse estudo construir instrumento avaliar conhecimento responsaveis alimentacao domiciliar criancas 2 3 anos idade sobre conteudo guia alimentar criancas nesta faixa etaria populacao alvo responsaveis alimentacao domiciliar criancas radc institucionalizadas creches municipais rio janeiro trata estudo_transversal quali quantitativo realizado construcao quatro prototipos prototipo 1 constou banco 70 itens aplicado radc unidade basica saude analise inferencial falas cinco grupos_focais n=46 radc tecnicas refinamento itens sob perspectiva semantica luz taxa endosso permitiram criar prototipo 2 20 itens submetido avaliacao seis juizes especialistas capazes classificar itens dimensoes refina los possibilitando definir prototipo 3 17 itens realizado pre teste n=60 radc prototipo 3que possibilitou retirada tres itens acordo analise subjetiva postulados teoricos dietetica realizado pesquisadora originando prototipo 4 14 itens submetido analise_fatorial exploratoria utilizou criterio kmo confirmou possibilidade fatoracao matriz escores observados teste multivariado indicou distribuicao escores itens tendendo distribuicao normal estimador fator principal mostrou criterio kaiser guttman retencao dois fatores fator 1 = 3 7514 fator 2 = 1 3963 grafico scree plot apontou bidimensionalidade mostrou possibilidade fator dado inclinacao curva duas simulacoes 2 3 fatores utilizando estimador fator principal rotacao obliqua promax apresentaram correlacao fatores f1 f2=0 5764 modelo bidimensional f1 f2= 0 5764 f1 f3=0 0040 modelo tridimensional cargas fatoriais apresentaram parcimoniosas modelo bidimensional embora itens apresentando variancia erro acima 0 60 coeficiente alfa cronbach modelo bidimensional assumiu estimativa ponto 0 7724 ic 95 0 7327513  0 805745 dimensao 1 0 7798 ic 95 0 7098758  0 820341 dimensao 2 ainda trate estudo exploratorio escala dois fatores fator 1 oito itens fator 2 seis itens pode representar forma empirica conhecimento responsaveis alimentacao_saudavel criancas institucionalizadas 2 3 anos idade podendo ajudar pratica nutricional encorajar novos estudos replicacao,965,0.988637195152957
50,"imagem_corporal, significados, sentidos, insatisfacao_corporal, socioculturais, comensalidade, silhuetas, experiencias, discurso, habitus",introducao n oxido trimetilamina tmao toxina uremica ligada desenvolvimento progressao doencas_cardiovasculares acumula pacientes doenca_renal_cronica drc humanos tmao produzido microbiota_intestinal atraves fermentacao bacteriana substratos l carnitina particularmente presente carne vermelha alem disso algumas especies peixes ricas tmao embora peixe associado beneficios saude protecao cardiovascular impacto ingestao peixes ricos tmao individuos drc precisa ser investigado objetivo estudo objetivo avaliar comparar efeito ingestao carne vermelha peixe concentracao plasmatica tmao individuos drc hemodialise hd metodo realizado ensaio_clinico tipo crossover periodo washout amostra conveniencia constituida 14 pacientes realizam hd servico nefrologia hospital_universitario pedro ernesto rio janeiro constituidos dois grupos acordo respectivos dias dialise ofertada unica fonte proteina animal carne vermelha vs bacalhau cada grupo almoco jantar durante quatro dias consecutivos cada intervencao refeicoes preparadas considerando oferta 1 2g proteina kg peso_corporal demais nutrientes oferecidos acordo necessidades nutricionais cada participante apos periodo realizado washout duas semanas sendo entao invertidas intervencoes concentracao plasmatica tmao analisada cromatografia_liquida acoplada espectrometria massas analisados dados clinicos dieteticos antropometricos laboratoriais resultados total 14 pacientes concluiu fase intervencao carne vermelha 9 homens 5 mulheres idade 49 iqr=29 anos indice_massa_corporal 26 1 iqr=6 7 kg m² enquanto 1 paciente recusou participar intervencao peixe observada diferenca significativa apos ingestao carne vermelha p=0 21 peixe p=0 91 concentracao plasmatica tmao diferenca intergupos p=0 43 concentracao tmao correlacionou positivamente idade r=0 542 p=0 003 circunferencia_cintura r=0 483 p=0 02 ureia pos dialise r=0 404 p=0 04 conclusao neste estudo ingestao carne vermelha bacalhau durante 4 dias capaz impactar significativamente concentracao plasmatica tmao pacientes hd enquanto outros fatores podem estar associados concentracao estudos abordando diferentes fontes proteina animal necessarios aprimorar orientacoes nutricionais pacientes drc contribuir construcao recomendacoes nutricionais sobre fontes proteinas dieta principalmente estagios avancados doenca,4904,0.9871350281179537
50,"imagem_corporal, significados, sentidos, insatisfacao_corporal, socioculturais, comensalidade, silhuetas, experiencias, discurso, habitus",massa polpa banana verde musa spp cozida matriz alimentar vem despertando interesse mercado nacional devido baixa sofisticacao tecnologica beneficios saude humana principalmente devido presenca compostos_bioativos amido_resistente alem disso desenvolvimento produto alimenticio oriundo banana verde surge abordagem sustentavel minimizar desperdicio fruto apesar importancia economica social fisiologica massa polpa banana verde cozida pbvm sido pouco investigada objetivo presente estudo determinar comparar composicao_quimica propriedades funcionais pbvm obtidas partir tres cultivares consumidos brasil nanica musa cavendishii grupo aaa nanicao musa cavendishii grupo aaa prata musa sapientum grupo aab grau maturacao bananas verdes verificado analise colorimetrica atraves colorimetro digital parametros quimicos acidez_titulavel at ph umidade cinzas lipidios proteinas carboidratos totais fibras dieteticas fd fracoes amido_resistente ar carotenoides_totais ct luteina caroteno caroteno cis isomeros propriedades funcionais capacidade retencao agua cra capacidade retencao oleo cro pbvm determinados metodologias validadas resultados tres cultivares comparados comparacao variedades realizada anova one way post teste_tukey relacao composicao centesimal observada diferenca teores base seca lipidios 0 2 0 4 enquanto valores cinzas 2 6 3 3 proteinas 4 6 5 7 carboidratos 90 9 92 0 variaram p<0 05 acordo cultivar percentual umidade variou 74 8 79 6 observada diferenca valores at acido malico media 0 2 + 0 03 ph 4 7 4 8 cra 1 6 1 8 g agua g pbvm cro 0 5 0 7 g oleo g pbvm pbvm cv nanica nanicao apresentaram maior teor ar 66 2 + 11 5 65 9 + 5 7 respectivamente p= 0 346 cv prata 51 6 + 5 8 p= 0 001 conteudo fd inferior 3 produto base umida pbvm obtidas partir tres cultivares sendo portanto considerado fonte deste componente alimentar observado elevado teor carboidratos digeriveis pbvm tres cultivares justificando baixo valor calorico matrizes 16 38 kcal base umida pbvm cultivares nanica nanicao apresentaram respectivamente maiores concentracoes ct 16 4 + 0 23 13 3 + 0 31 g g luteina 1 1 + 0 06 1 3 + 0 14 g g caroteno 4 8 + 0 06 4 1 + 0 04 g g caroteno 5 7 + 0 04 4 2 + 0 01 g g 13 cis caroteno 1 3 + 0 01 1 0 + 0 03 g g 9 cis caroteno 0 4 + 0 03 0 3 + 0 0 g g pbvm cv prata 4 7 + 0 14 g g 0 8 + 0 06 g g 1 1 + 0 01 g g 1 5 + 0 01 g g 0 3 + 0 0 g g 0 2 + 0 02 g g respectivamente comparando valores retinol equivalente pbvm outros alimentos origem vegetal observado baixo teor destes compostos tres cultivares polpas estudadas cv nanica nanicao materias primas interessantes ponto vista nutricional funcional uso preparacoes alimenticias,1277,0.9863375551617525
50,"imagem_corporal, significados, sentidos, insatisfacao_corporal, socioculturais, comensalidade, silhuetas, experiencias, discurso, habitus",introducao brasil cerca 25 adolescentes apresentam algum grau excesso_peso embora existam estudos estabelecam associacao elevada ingestao_energetica consumo irregular refeicoes excesso_peso corporal muitas lacunas sobre relacao desse desfecho omissao refeicoes substituicao refeicoes lanches objetivo analisar associacao omissao substituicao refeicoes lanches excesso_peso adolescentes metodos estudo_transversal realizado 382 adolescentes matriculados 5º 9º ano ensino fundamental escolas_publicas area programatica clinica familia santa marta rio janeiro rj avaliacao_nutricional antropometrica realizada maio julho 2016 aplicado questionario simplificado questoes referentes condicoes sociodemograficas alimentacao frequencia omissao refeicoes substituicao lanches excesso_peso definido indice_massa_corporal_idade imc i acima +1 escore z padrao recomendado organizacao_mundial_saude teste_qui_quadrado utilizado testar diferenca proporcoes caracteristicas sociodemograficas categorias imc i excesso_peso valores p < 0 05 considerados estatisticamente significativos posteriormente adotou regressao_logistica analisar associacao omissao substituicao refeicoes sim excesso_peso sim estratificadas sexo modelo ajustado covariaveis paridade materna recebimento beneficio programa_bolsa_familia resultados prevalencia excesso_peso adolescentes sexo_masculino feminino respectivamente 28 8 25 7 frequencia omissao desjejum maior meninas excesso_peso comparadas meninas excesso_peso 50 versus 31 6 p=0 025 respectivamente enquanto frequencia omissao almoco 13 8 versus 4 8 p valor=0 027 jantar 15 5 versus 5 5 p valor=0 020 maiores meninos excesso_peso relacao meninos excesso_peso diferenca proporcao substituicao refeicoes lanches meninas 57 1 versus 58 7 p valor=0 854 meninos 64 8 versus 70 7 p valor=0 424 excesso_peso comparados adolescentes excesso_peso analises regressao_logistica mostraram omissao jantar aumentou 3 13 vezes ic95 1 06 9 21 chance excesso_peso adolescentes sexo_masculino omissao desjejum aumentou 2 20 vezes ic95 1 10 4 41 chance excesso_peso sexo_feminino associacao p valor>0 05 substituicao refeicoes lanches excesso_peso ambos_sexos adolescentes conclusao omissao refeicoes desjejum jantar associadas excesso_peso respectivamente adolescentes sexo_masculino feminino entanto observada associacao substituicao refeicoes lanches excesso_peso,3708,0.9854509895706576
50,"imagem_corporal, significados, sentidos, insatisfacao_corporal, socioculturais, comensalidade, silhuetas, experiencias, discurso, habitus",proposito desse trabalho analisar condicoes desenvolvimento pesquisa cientifica nucleo saberes praticas alimentacao coletiva dentro campo alimentacao nutricao brasil assim realizada aproximacao cenario partir programas pos graduacao ppg stricto sensu pertencentes area nutricao respectivas linhas pesquisa docentes pesquisadores bem grupos pesquisa producao cientifica relacionada nucleo identificacao grupos pesquisa interesse empregou censos 2000 2010 base corrente diretorio grupos pesquisa brasil recorte producao cientifica baseado artigos publicados scientific eletronic library online scielo 1995 2015 pesquisada ainda producao bibliografica internacional daqueles docentes vinculados linhas pesquisa declararam producao refeicoes objeto alem disso fim mapear temas debate observar disposicoes agentes estabelecer relacoes cenarios politico epistemologico campo empregou observacao participante realizada durante iii congresso brasileiro alimentacao coletividade analise ancorou especialmente conceitos campo capital cientifico pierre bourdieu resultados destaca dois programas 9 possuem linhas pesquisa descrevem producao refeicoes objeto embora 13 ppg 59 desenvolvam estudos interface alimentacao coletiva 35 docentes orientam estudos maioria possui doutoramento area ciencia tecnologia alimentos numero grupos pesquisa cresceu 02 ano 2000 29 2010 sendo contabilizados 155 pesquisadores 8 doutorandos 60 mestrandos 131 graduandos formacao informada 72 artigos nacionais selecionados 74 publicados partir 2006 enfoque principal trabalhos repousou aspectos nutricionais higienico sanitarios alimentos producao bibliografica internacional duas linhas pesquisa descrevem producao refeicoes objeto envolveu 43 artigos publicados 22 revistas diferentes ultimos 5 anos principal tendencia nucleo aproximacao ciencia tecnologia alimentos refere linhas pesquisa qualificacao docente trabalhos publicados observacoes permitiram afirmar insercao alimentacao coletiva pos graduacao limitada diluida argumento desenvolveu procurou problematizar parte agentes nucleo tela percebe desprestigiada carente capital cientifico comeca redirecionar atividades buscar legitimidade pesquisa,1483,0.9854331834420963
51,"uva, polifenois, vinhos, panc, vinho, uvas, plantas, residuos, gergelim, tinto",introducao obesidade considerada doenca cronica metabolica origem multifatorial caracterizada acumulo excessivo massa adiposa pode acarretar prejuizos cardiacos alteracoes morfologicas funcionais alteracoes funcionais relacionadas desequilibrio homeostatico proteinas envolvidas transito calcio intracelular miocardico importante mecanismo responsavel regulacao contratilidade relaxamento coracao tentativa minimizar reverter alteracoes cardiacas observadas condicao patologica obesidade estrategia farmacologica exercicio_fisico sido utilizada treinamento resistido tr reportado beneficios melhora composicao_corporal funcao cardiaca todavia relacao obesidade tr transito calcio miocardico ainda necessita ser melhor compreendida objetivo avaliar efeito tr expressao_proteica transito calcio intracelular miocardico ratos obesos alem analisar biomarcadores morbidades associadas obesidade metodos ratos_wistar induzidos expostos condicao obesidade posteriormente redistribuidos grupos sedentarios submetidos tr controle c n=10 obeso ob n=9 controle submetido treinamento resistido ctr n=11 obeso submetido treinamento resistido obtr n=11 grupos controles receberam dieta padrao grupos obesos dieta_hiperlipidica protocolo tr escada realizado 10 semanas frequencia 3 dias semanais treinamento constituido 4 5 series intensidades progressivas 50 75 90 100 carga maxima cm termino 4ª serie animal submetido 5ª serie 100 cm + 30g realizada analise perfil_nutricional pressorico glicemico lipidico hormonal determinacao teor agua tecido cardiaco pancreatico pulmonar hepatico alem disso analisados peso total coracao ventriculos esquerdo direito atrios respectivas relacoes comprimento tibia bem area seccional transversa colageno miocardico expressao_proteica proteinas reguladoras transito calcio intracelular miocardico tecnica western blot dados parametricos expressos media + desvio padrao parametrios mediana + intervalo interquartil comparacoes grupos c ob realizadas teste t student comparacoes grupos c ob ctr obtr utilizou anova duas vias complementada teste post hoc bonferroni nivel significancia adotado 5 resultados principais achados constituiram comorbidades frequentemente visualizadas condicao obesidade hipertrigliceridemia hiperleptinemia alem disso processo remodelamento cardiaco apesar ausencia hipertrofia obesidade acarretou aumento deposito colageno miocardico intracelular expressao reduzida pplbser16 pplb plb reversoes partir tr expressas reducao peso gordura_corporal indice_adiposidade triglicerideos leptina plasmaticos conclusao tr capaz reverter prejuizo pplbser16 condicao obesidade todavia representou tratamento farmacologico relevante melhora composicao_corporal biomarcadores obesidade expressos reducao peso gordura_corporal indice_adiposidade niveis triglicerideos leptina plasmaticos,1883,0.9905762686951155
51,"uva, polifenois, vinhos, panc, vinho, uvas, plantas, residuos, gergelim, tinto",introducao arbitros futebol alta demanda fisiologica atuacao inclui atividade corrida competitiva contato altamente intermitente desempenho_fisico destes individuos fundamental acompanhar partidas ter capacidade tomada decisao lance ser julgado devido alta demanda fisiologica estudos relatado estresse_oxidativo eo aumentado durante exercicio_fisico tendo vista relevancia controle eo especialmente contexto esportivo periodos alta demanda fisiologica analise catd capacidade_antioxidante_total dieta permite investigar associacoes biomarcadores eo resultados adequar estrategias dieteticas prevencao atenuacao danos oxidativos alem disso estudo relacao catd composicao_corporal analise percentual_gordura gc proposta inovadora importante tendo vista arbitros constantemente avaliados quanto gc atuacao portanto objetivo deste estudo analisar associacao catd biomarcadores eo composicao_corporal arbitros futebol elite nacional metodologia amostra composta 20 arbitros sexo_masculino medidas composicao_corporal avaliadas massa_corporal circunferencia_cintura massa_gorda massa_magra duas ultimas realizadas densitometria absorcao raios_x dupla energia dxa dados consumo_alimentar obtidos 3 recordatorios_24_horas coletados metodo multiplos passos avaliados seguintes marcadores_estresse_oxidativo capacidade_antioxidante_total plasmatica catp estado oxidante total eot glutationa reduzida gsh oxidada gssg superoxido_dismutase sod glutationa_peroxidase gpx catalase f2 isoprostano resultado idade media individuos 31 15 + 4 54 anos massa_corporal media 81 19 + 10 36 kg media consumo catd 8 22 + 2 77 mmol dia grupo bebidas representada principalmente cafe contribuiu quarto 27 87 catd 24 grupos alimentos marcador lipoperoxidacao f2 isoprostano inversamente associado catd = 0 429 ic= 0 836 0 021 p=0 040 ajustado idade massa_magra ferritina catp apresentou associacao tamanho efeito grande catd f2 cohen=0 623 ajustado idade acido_urico apesar significativa = 4 726 ic= 5 095 14 548 p=0 323 atividade gpx apresentou associacao negativa catd ajustado consumo proteico atividade_fisica met total = 1 366 ic= 2 663 0 069 p=0 040 demais marcadores eo apresentaram associacoes significativas catd percentual gordura_corporal inversamente relacionado catd ajustado altura renda massa_magra = 0 818 ic= 1 515 0 120 p=0 025 alem apresentar tamanho efeito grande f2 cohen=1 252 tanto massa_corporal quanto massa_magra apresentaram tamanho efeito grande f2 cohen=2 049 2 773 respectivamente associacao catd apesar significativa =0 742 ic= 1 812 0 328 p=0 159 =0 714 ic= 0 201 1 630 p=0 116 respectivamente conclusao estudo encontrou associacao inversa marcador lipoperoxidacao f2 isoprostano catd demais parametros biomarcadores eo apresentaram associacoes significativas catd cg corporal inversamente relacionado catd associacao demais parametros composicao_corporal,3193,0.9901632467207937
51,"uva, polifenois, vinhos, panc, vinho, uvas, plantas, residuos, gergelim, tinto",estudo analisa narrativas escolares quilombolas urbanos sobre ancestralidade alteridade afro brasileira comer escola narrativas revelaram dois eixos centrais comida servida escola programa_nacional_alimentacao_escolar quilombolas pnaq registro espontaneo sobre estudante come casa rua ambos eixos moveram dialogicidade compreensiva surgindo tres categorias comida casa comida escola comida rua cada subcategorias categorias subcategorias analisadas utilizando abordagem fenomenologica hermeneutica teoria compreensiva base principal autores hans georg gadamer paul ricoeur onde pretendeu atravessar teoria filosofica alicercasse analises etnonutricao protegesse grande variacao ocorrencias campo estudo conclusao estudo mostrou gestores pnaq necessitam refletir sobre identidade afrodescendente estudante quilombola associando alimentacao_escolar dialogica fim compreender escola lugar ancestralidade vinculo permanencia desse estudante recintos,2827,0.9887879930580439
51,"uva, polifenois, vinhos, panc, vinho, uvas, plantas, residuos, gergelim, tinto",introducao ganho_peso_gestacional gpg importante indicador estado_nutricional durante gestacao inadequado gpg aumenta risco prejuizos saude materno_infantil determinates desta condicao fatores sociodemograficas desfavoraveis menor escolaridade renda descritos alem desses insegurnca alimentar ia domiciliar pode ser particulamente importante durante gestacao dado ia pode contribuir desvios nutricionais limitacao acesso_alimentos fase maior demanda nutrientes propicia adequado desenvolvimento crescimento fetal objetivo verificar associacao ia domiciliar adequacao gpg total gestantes risco metodo estudo realizado 169 mulheres hospital_universitario hu regiao metropolitana rio janeiro coleta dados ocorreu meio entrevista 1º consulta pre_natal hu apos parto 1ª consulta avaliadas informacoes_sociodemograficas gestacionais antropometricas peso pre gestacional estatura registrados cartao gestantes nesta etapa aplicada escala_brasileira_inseguranca_alimentar ebia medida ia gestacao apos parto coletados prontuarios mulheres registros idade_gestacional parto numero total consultas pre_natal peso final gestacao gpg total verificado diferenca peso medido ultima consulta pre_natal peso final peso pre gestacional verificar adequacao gpg considerada recomendacao instituto medicina iom regressao_logistica_multinomial hierarquizada ajustada estimar efeito ia demais covariaveis gpg considerando 3 niveis resultados quanto inadequacao gpg 27 8 ic95 21 0 35 7 mulheres ganho insuficiente ganho excessivo observado 47 9 ic95 39 8 56 1 gestantes relacao caracteristicas sociodemograficas gestacionais observada escolaridade elevada 74 6 ic95 67 3 80 6 mulheres 9 15 anos estudo maior proporcao mulheres casadas 71 6 ic95 64 2 78 0 idade inferior 35 anos 72 5 ic95 65 1 79 4 cerca 51 ic95 43 3 58 4 realizaram menos seis consultas pre_natal exposicao ia leve durante gestacao verificada 44 2 mulheres ic95 36 7 52 0 modelo final ajustado apenas escolaridade associada positivamente menor risco gpg insuficiente p valor<0 05 conclusao desta forma escolaridade importante fator ser considerando prevencao risco ganhos inadequados gpg mediante medidas aconselhamento orientacao saude durante atencao pre_natal,3156,0.9884796407455427
51,"uva, polifenois, vinhos, panc, vinho, uvas, plantas, residuos, gergelim, tinto",resumo influencia condicoes cultivo sobre qualidade estabilidade vinhos tropicais vale submedio francisco diante importancia compostos_fenolicos enologia cuja concentracao inter relacionada condicoes climaticas cultivo vinhos tropicais brasileiros elaborados partir uvas vitis vinifera l cultivadas sobre distintos porta enxertos duas safras consecutivas avaliados objetivo caracterizar composicao fenolica cromatica monitorar estabilidade durante 12 meses armazenamento garrafas identificar interferencia condicoes climaticas concentracao fenolica tecnicas espectrofotometricas cromatograficas utilizadas analises vinhos cultivares cabernet sauvignon marselan syrah tempranillo elaborados sob condicoes identicas microvinificacao armazenados adega climatizada 18º + 1ºc umidade relativa media 60 diferencas estatisticas detectadas vinhos quanto parametros avaliados syrah 1103 p apresentaram maior conteudo polifenois antocianinas taninos enquanto tempranillo iac 313 maior intensidade cor evidenciando influencia cultivares porta enxertos durante envelhecimento todos vinhos apresentaram decrescimo fenolicos entrementes porta enxerto 1103 p excecao antocianinas apresentaram maior estabilidade fenolica tonalidade cor quanto influencia condicoes climaticas dados obtidos final armazenamento demonstraram superioridade vinhos primeira safra 2010 quanto composicao fenolica vinhos provavelmente devido baixo indice pluviometrico melhor maturacao uvas periodo vindima verificou ainda inter relacao condicoes cultivo porta enxerto genetica cultivares especialmente safra segunda safra 2009 irregulares condicoes climaticas palavras chave vinhos tintos tropicais composicao fenolica estabilizacao safras condicoes climaticas,305,0.9823828428572773
52,"micronutrientes, macronutrientes, nutrientes, energia, carboidratos, inadequacao, recomendado, ingestao, recomendacao, gorduras",minerais nutrientes essenciais atuam diversas funcoes organismo literatura existe lacuna relativa estudo sobre teor destes nutrientes dietas hospitalares orais trabalho objetivou avaliar adequacao teores macrominerais ca k mg p microminerais cu fe mn zn presentes dietas hospitalares geral branda pastosa complementos alimentares s orais cao destinados pacientes hospitalizados relacao recomendacoes dieteticas referencias dris ainda contribuicao percentual cada refeicao oferta desses minerais relacao total diario ofertado dris teor minerais determinado duplicata amostras utilizando espectrometro emissao optico plasma acoplamento indutivo icpoes coletadas amostras desjejum colacao almoco lanches jantar ceia cao dois dias consecutivos terca quinta feira tres meses ano janeiro maio setembro procedimentos estatisticos executados atraves stata 11 0 incluiram testes shapiro_wilk tese bartlett anova seguido bonferroni kruskal wllis kwillis2 teste t stunt u mann_whitney significancia estatistica estabelecida p<0 05 resultados revelaram dentre dietas pastosa apresentou maiores teores elementos pesquisados notado variacao oferta minerais dietas relacao meses coleta sendo janeiro mes cardapios continham maiores teores minerais consequentemente apresentou cardapio teor nutrientes menor inadequacao 60 adequacao contra 40 inadequacao mes maio 50 setembro relacao recomendacoes nutricionais outro lado todas dietas apresentaram teor sodio superior ul todos meses estudo 200 acima ul dietas gerais branda todos meses coleta dieta pastosa variando 120 maio aproximadamente 300 acima ul janeiro almoco ofertou media 46 total ofertado jantar37 sendo refeicoes contribuiram teores excessivos detectados oferta cao essencial adequacao teores ca k mg cu mn zn alguns momentos estudo contribuicao percentual cada refeicao oferta macro micronutrientes teores adequados rda ai revelou almoco principal refeicao ofertando media 47 recomendacao seguido jantar contribuiu media 36 colacao ceia refeicao menos representativas veiculando media 2 6 conclui dietas orais ofertadas pacientes hospitalizados inadequadas relacao recomendacoes nutricionais todos minerais ofertados excecao p almoco jantar refeicoes chave oferta minerais conterem maior variedade grupos alimentares colacao ceia poderiam ser modificadas contendo alimentos ricos minerais assim contribuir adequacao dietas dris uso cao boa estrategica oferta minerais sendo inclusao permanente cardapios poderia ser medida relevante adequacao dietas recomendacoes nutricionais,410,0.9709891865238894
52,"micronutrientes, macronutrientes, nutrientes, energia, carboidratos, inadequacao, recomendado, ingestao, recomendacao, gorduras",qualidade_vida qv relacionada percepcao ser humano viver bem sentir bem diversos fatores podem interferir qv trabalho trabalho turnos alta variabilidade horas atividades pode afeta la pois pode acarretar ruptura social trabalhador implica distribuicao temporal atividades diferente restante comunidade alem disso desalinhamento sistema circadiano pode gerar alteracoes metabolicas comportamentais podem contribuir alteracoes estado_nutricional assim sendo objetivo desse trabalho avaliar qv associada estado_nutricional trabalhadores turnos alternantes mineradora regiao inconfidentes mg estudo delineamento_transversal realizado 437 trabalhadores turnos alternantes operadores maquina estrada adultos sexo_masculino coletados dados antropometricos peso altura circunferencia_cintura composicao_corporal gordura_visceral percentual gordura_corporal_total percentual gordura_corporal compartimento avaliacao qv feita meio questionario sf 36 efetuadas analises descritivas teste correlacao_spearman analise cluster resultados mostraram boa percepcao qv trabalhadores turnos alternantes pontuacao mediana variou 67 100 dominios qv aspectos fisicos emocionais capacidade_funcional dor saude geral vitalidade aspectos sociais saude_mental entanto indices_antropometricos composicao_corporal apresentaram relacao inversa alguns dominios qv imc correlacionou apenas dominio saude geral r = 0 105 p<0 05 area gordura_visceral correlacionou capacidade_funcional r = 0 116 p<0 05 vitalidade r = 0 095 p<0 05 circunferencia_cintura demais indices composicao_corporal avaliados correlacionaram inversamente capacidade_funcional correlacoes indices composicao_corporal qv mostram aumento gordura_corporal ocorre diminuicao dominios saude geral vitalidade principalmente capacidade_funcional portanto deve acompanhar estado_nutricional destes individuos prejuizo desempenho atividades diarias promova melhor qualidade_vida,1085,0.7703898838250869
52,"micronutrientes, macronutrientes, nutrientes, energia, carboidratos, inadequacao, recomendado, ingestao, recomendacao, gorduras",resumo partir hipotese manter descendentes mesma dieta_materna gera resposta preditiva adaptativa reduzindo risco disturbios_metabolicos objetivou estudar alguns parametros fisio metabolicos maes descendentes machos submetidos dieta_hipoproteica vida perinatal seguida dieta normoproteica pos desmame ratos machos linhagem wistar ufpe provenientes 11 ratas primiparas receberam dieta_hipoproteica lp normoproteica c gestacao lactacao formaram 3 grupos segundo dieta pos desmame cc controle caseina normoproteica lpp hipoproteico caseina hipoproteica lpc hipoproteico recuperado caseina normoproteica avaliou filhotes maes evolucao ponderal ingestao racao peso orgaos parametros_bioquimicos filhotes determinou gordura hepatica teste tolerancia oral glicose dieta_hipoproteica causou maior variacao peso reducao consumo racao hipercolesterolemia maior gordura_abdominal lactantes filhotes causou deficit peso comprimento corporal porem uso dieta caseina normoproteica pos desmame melhorou massa_corporal comprimento longitudinal comprovando catch up crescimento outros parametros observados grupo lpc assemelharam cc manutencao filhotes dieta_hipoproteica causou aumento percentual peso similar cc pos desmame ocorrencia catch up maior tolerancia_glicose menor gordura_visceral dieta_hipoproteica causou danos organismo maes prole dieta recuperacao eficaz catch up crescimento portanto resultados obtidos continuidade dieta lp permite concluir existencia possivel estado resposta preditiva adaptativa palavras chaves desnutricao proteica alteracoes peso_corporal consumo alimentosteste tolerancia glucose ratos,1095,0.7652330265514515
52,"micronutrientes, macronutrientes, nutrientes, energia, carboidratos, inadequacao, recomendado, ingestao, recomendacao, gorduras",cancer definido enfermidade multicausal cronica caracterizada crescimento descontrolado celulas sendo desnutricao fatores corroboram maior causa morbidade mortalidade pacientes oncologicos objetivo estudo determinar teor minerais ca fe p k mg mn zn cu consumidos pacientes oncologicos hospitalizados receberam dietas hospitalares geral branda pastosa indicacao complemento alimentar oral cao comparando recomendacao nutricional coletadas amostras desjejum colacao almoco lanche jantar ceia cao 2 dias consecutivos outono inverno verao proposito estudar minerais presentes nestas dietas consumo_alimentar pacientes caracterizado quantidade ingerida relacao total ofertado calculado respectiva sobra caso adequacao consumo relacao recomendacoes nutricionais ear ai ul determinada participaram deste estudo 163 pacientes sendo 60 sexo_masculino idade 57+ 15 anos maioria pacientes 77 recebeu dieta geral cao 75 consumo minerais percentual influenciado tipo dieta recebida baixa aceitacao alimentar notada todas dietas contribui inadequacao maioria nutrientes ca cu mg zn k refeicoes menos aceitas almoco jantar apesar terem sido refeicoes maior consumo cu mg mn zn pacientes receberam dieta pastosa maior consumo fe zn comparados receberam dieta geral branda inadequacao k notada todos pacientes estudo pacientes consumiram dieta geral apresentam maior tendencia adequacao consumo mg mn relacao demais dietas uso cao favoreceu adequacao ingestao_dietetica ca pode ser concluido baixa ingestao_alimentar pacientes cancer principal motivo inadequacao nutrientes analisados conhecimento deste perfil paciente primordial elaboracao metodos favorecam consumo adequado minerais,412,0.74079258025959
52,"micronutrientes, macronutrientes, nutrientes, energia, carboidratos, inadequacao, recomendado, ingestao, recomendacao, gorduras",objetivo trabalho investigou associacao gastos frutas_legumes_verduras marcadores dieta saudavel carnes carnes processadas marcadores dieta saudavel fatores_socioeconomicos demograficos preocupacao saude metodos trata estudo analise transversal utiliza dados_secundarios pesquisa orcamento familiar pof 2008 2009 ibge investiga fatores_associados gastos alimentos marcadores dieta saudavel meio modelo tobit regressao multipla determinando efeitos marginais variaveis explicativas assim investigada influencia preocupacao saude variaveis_socioeconomicas demograficas sobre gastos dois grupos alimentos frutas_legumes_verduras b carnes carnes processadas resultados presente estudo mostrou gastos alimentos marcadores dieta saudavel flv alimentos marcadores dieta saudavel ccp associados variaveis economicas socio demograficas preocupacao saude conforme expectativa baseada literatura sobre tema entanto unica excecao efeito gastos preventivos saude sobre gastos flv tal achado merece investigacao adicional termos constituicao variavel proxy preocupacao saude adotada neste estudo,1178,0.7116204348012976
53,"ean, profissionais, educacao_alimentar_nutricional, gestores, nutricionista, aprendizagem, nutricionistas, nasf, curso, atuacao",esclerose multipla doenca inflamatoria cronica desmielinizante sistema_nervoso_central componente autoimune degenerativo patogenia envolve alteracoes permeabilidade barreira hematoencefalica acredita zinco capaz migrar sistema_nervoso_central junto celulas imunes cerebro pode concentrar zinco niveis toxicos induzindo alteracoes capazes mediar neurodegeneracao objetivo investigar status zinco relacao esclerose multipla estudo analitico observacional transversal grupos caso n=50 controle n=50 coletados dados_sociodemograficos antropometricos composicao_corporal zinco plasmatico eritrocitario analisado espectrofotometria absorcao atomica chama atividade superoxido_dismutase eritrocitaria espectrofotometria pacientes caso 90 possuiam subtipo remitente recorrente apresentaram sintomas incapacidade funcional peso apresentou correlacao negativa valores zinco eritrocitario p=0 03 superoxido_dismutase p=0 01 grupo caso apresentou percentual_gordura maior relacao controle p=0 03 ingestao zinco esclerose multipla 5 7mg dia menor controle 8 0mg dia p<0 01 participantes caso 100 apresentaram consumo inadequado desse mineral apresentaram niveis zinco plasmatico 94 6 l dl sod 2298 9u ghb significativamente maiores comparados controle p=0 02 zinco eritrocitario apresentou correlacao negativa peso positiva tempo doenca grau incapacidade funcional p<0 01 pacientes caso apresentaram ingestao_dietetica zinco inadequada relacao recomendacao consumo zinco influenciou peso parece alterar acordo tempo doenca zinco eritrocitario caracterizou excessivo excesso zinco eritrocitario mostrou relacao duracao progressao esclerose multipla acordo escala incapacidade funcional,1591,0.9877345931536464
53,"ean, profissionais, educacao_alimentar_nutricional, gestores, nutricionista, aprendizagem, nutricionistas, nasf, curso, atuacao",estrategias nutricionais pos treino investigadas entender papel nutrientes favorecendo recuperacao muscular renovacao estoques energeticos oferta balanceada carboidratos proteinas primeiras quatro horas apos sessoes treinamento determinante recuperacao atleta acordo diretrizes atuais ingestao 1 0 1 2 gramas carboidratos combinados 0 3 gramas proteinas quilograma peso_corporal pode beneficiar ressintese glicogenio muscular nesse sentido nota importancia inclusao refeicao composta adequadamente carboidratos proteinas apos sessoes treino favorecer adequada recuperacao leite vaca alimento vem destacando esportistas devido composicao_nutricional favoravel complementacao compostos_bioativos presentes cafe cacau exercem acoes metabolismo_glicose podem contribuir recuperacao pos treino considerando efeitos ergogenicos atribuidos isoladamente leite vaca cacau cafe sobretudo razao reposicao glicogenio muscular eficiente justifica desenvolvimento bebidas esportivas compostas combinacao desses alimentos sendo assim formuladas duas bebidas compostas leite desnatado po adocado acucar combinado cafe cacau quantidades equilibradas demanda nutricional postreino endurance alem respeitar composicao_nutricional adequada recuperacao energetica imediata elaboracao receitas aceitabilidade preparo caseiro aspecto relevante formulacao bebidas atletas bebidas desenvolvidas analisadas sensorialmente meio teste aceitacao utilizando escala hedonica nove pontos analise descritiva meio metodo check all that apply cata descrever caracteristicas bebidas dados analisados estatisticamente anova teste_tukey considerando nivel significancia 0 05 p valor < 0 05 amostra incluiu total 100 atletas voluntarios sendo 44 triatletas 56 corredores distribuicao homens mulheres 65 35 respectivamente faixa etaria predominante adultos jovens idades 31 50 anos duas bebidas bem aceitas grupos corredores triatletas triatletas maior aceitacao p valor = 0 033 bebida cafe maior aceitacao atletas p valor = 0 0001 analise_sensorial descritiva cata resultou caracterizacoes distintas duas bebidas apresentando perfil descritivo positivo conclui duas bebidas bem aceitas descritas atletas assim pode ser viavel incorporacao bebidas esportivas rotina atletas,2684,0.9875423347907274
53,"ean, profissionais, educacao_alimentar_nutricional, gestores, nutricionista, aprendizagem, nutricionistas, nasf, curso, atuacao",osalimentos ultraprocessados up aumentadonos habitos_alimentares criancase oexcessodestespode ocasionar prejuizos saude sendo recomendadapelo guia alimentar preferencia alimentos_in_natura minimamente processados in mp alimentos up estudo objetivo analisar participacao calorica alimentos up in mp lancheiras alunos educacao infantil deduas escolasem sergipe eseusfatores associados registradostres dias consecutivos alimentosdas lancheiras alunos eos mesmosforam divididos 04grupos alimentos_in_natura in minimamente processados mp ingredientes_culinarios ic alimentos_processados ap alimentos_ultraprocessados up realizada avaliacao estado_nutricional alunos eaplicado questionariocom seuspais identificardados socioeconomicos edificuldades elaborar lancheira analises aplicados testes associacao qui_quadrado pearson teste_exato_fisher testes_t student diferenca medias grupos teste u mann_whitney dados distribuicao normal correlacao_pearson spearman dados assimetricos analise multivariada foiutilizado modelo regressao beta asvariaveisdependentesforama participacao calorica up ea dein mpnas lancheiras variaveis independentes foramas socioeconomicas demograficas estado_nutricional dificuldades enfrentadas responsaveis elaboracao lanches resultados mostraram quea participacaomediadealimentos up total calorias lancheiras 55 enquanto alimentos in mp de7 houveassociacao significativa participacao media calorias up lancheira fatores praticidade p=0 01 enviar lancheira apenas crianca gosta p= 005 escolher alimentos lancheira personagens favoritos crianca p=0 032 comprar todos alimentos lancheira supermercado p=0 002 aparticipacao up lancheiras quaseoito vezes participacao in mp contraria recomendacoes guia alimentar reforca importancia acoes educacao_alimentar_nutricional escolas junto pais criancas auxiliar formacao habitos_alimentares_saudaveis assim fortalecimento politicas_publicas promovam maior acesso_alimentos in mpe regulamentem publicidade oferta alimentos updentro escola,2871,0.9872633539150836
53,"ean, profissionais, educacao_alimentar_nutricional, gestores, nutricionista, aprendizagem, nutricionistas, nasf, curso, atuacao",atencao_primaria_saude considerada porta entrada sistema_unico_saude caracteriza conjunto acoes saude abrangem promocao protecao prevencao agravos diagnostico tratamento reabilitacao manutencao saude ambito individual coletivo 2008 ministerio_saude objetivo ampliar abrangencia resolubilidade acoes atencao basica fortalecer insercao estrategia_saude_familia institucionalizou nucleos apoio saude_familia partir entao oferecido equipes saude_familia suporte tecnico pedagogico atendimento populacao meio insercao outras categorias profissionais incluindo nutricionista pesquisa buscou conhecer analisar atuacao nutricionista nucleos apoio saude_familia bem insercao acoes alimentacao nutricao nesse ambito atencao_saude motivacao deu desconhecimento fatos vez recente implantacao dessa estrategia brasil importancia insercao acoes alimentacao nutricao atencao_primaria_saude legitimada partir dispositivo matriciamento nucleos apoio saude_familia historico atuacao campo especifico nutricao atencao_primaria_saude restrito pontual assim realizado estudo_transversal abordagem multimetodo quali quantitativo inquerito online observacao participante analise_documental grupo focal entrevista semi estruturada individual elaboracao relato estudo casos participaram estudo fases diferentes somente nutricionistas quatro equipes nasf pesquisados proposta possivel 1 olhar pesquisador sobre objeto estudo 2 nutricionistas sobre propria acao sobre proprios processos trabalho sobre equipe inserido 3 equipe sobre processos trabalho insercao acoes alimentacao nutricao nesse contexto resultados equivalentes complementares positivos medida revelam preparacao engajamento profissionais extrapolando atuacao areas especificas cada formacao atencao abrangente voltada promocao_saude conforme recomenda proposta salienta neste contexto atuacao nutricionista compartilhamento acoes proposicoes enfoque interdisciplinar coletividade ficou evidente relevancia acoes alimentacao nutricao nucleos apoio saude_familia profissionais indica campo propicio continuo trabalho dificuldades desafios relatados referem essencialmente questoes estruturantes cujas respostas dependem gestao acoes publicas cita nesse conjunto ausencia carencia recursos desenvolverem trabalho falta formacao complementar saude coletiva trabalho problemas quantitativo recursos humanos alta rotatividade profissionais resultados trazem descricao organizacao atividades processo trabalho bem percepcao posicionamento destes profissionais sobre experiencia vivida assim espera contribuir acoes alimentacao nutricao facam parte efetivamente atencao_primaria_saude igualmente possa contribuir outros profissionais municipios visando adequada implantacao funcionamento nasf ordenadores rede atencao contribua melhor qualidade_vida populacao,559,0.9865877424894809
53,"ean, profissionais, educacao_alimentar_nutricional, gestores, nutricionista, aprendizagem, nutricionistas, nasf, curso, atuacao",cenario acoes reducao morbimortalidade infantil surge estrategia nacional alimentacao_complementar saudavel enpacs lancada brasil promover aleitamento_materno alimentacao_complementar saudavel atividade rotina servicos_saude nivel atencao primaria todo pais valor dessa iniciativa publica iguala necessidade avaliacoes processo implantacao implementacao alem impacto sobre indicadores nutricionais tendo vista incipiencia experiencia brasileira avaliacao politicas programas publicos esfera estatal neste sentido estudo objetivo avaliar processo implantacao implementacao estrategia nacional alimentacao_complementar saudavel enpacs municipio vicosa mg ademais buscou subsidiar processos tomada decisao politicas programas alimentacao nutricao contribuindo producao conhecimentos referentes desenvolvimento aplicacao modelo adaptado processo investigacao avaliativa enpacs podera ser utilizado servir base estudos futuros trata estudo_caso onde pretendeu avaliar enpacs contexto local periodo outubro 2012 dezembro 2013 envolvidos estudo cuidadores maes pais avos outros membros familia responsaveis diretos cuidado menor criancas menores cinco anos cadastradas moradoras areas abrangencia estrategia_saude_familia n=395 agentes comunitarios saude n=79 enfermeiros coordenadores equipes estrategia_saude_familia n=8 profissionais capacitados enpacs n=5 gestores municipais atuais periodo implantacao estrategia municipio n=2 coordenadores servico nutricao estrategia_saude_familia municipal n=2 avaliacao implantacao implementacao enpacs proposto modelo composto duas etapas construido considerando configuracao estrategia abarca atividades educativas alimentacao_complementar saudavel monitoramento marcadores consumo_alimentar realizado meio sistema vigilancia_alimentar_nutricional web  sisvan web primeira etapa utilizou avaliacao centrada objetivos enpacs pretendeu verificar medida estrategia atingiu objetivos conforme proposicoes bryce et al 2004 segunda etapa utilizou avaliacao centrada participantes verificar junto gestores profissionais_saude esfs responsaveis criancas menores 5 anos restricoes administrativas ocupacionais experiencia percepcoes sobre importancia enpacs saude criancas utilizando entrevistas grupos_focais dados quantitativos tabulados excel 6 0 spss 10 0 permitiu formacao escores elaboracao diagrama frequencias analise falas realizada meio metodo analise conteudo modalidade tematica bardin 1977 resultados apontaram existencia grande demanda numerica criancas idade correspondente publico programa bem ocorrencia desvios nutricionais criancas seis meses dois anos idade analise numero cuidadores responderam formulario marcadores consumo_alimentar menores_dois_anos idade revelou sisvan web alimentado somente 2010 todavia apenas informacoes referentes alimentacao primeiros seis meses vida totalizando numero criancas abaixo esperado 53 19 criancas menores 6 meses haviam sido acompanhada mes anterior entrevista conforme preconizado ministerio_saude faixa etaria entretanto 53 19 destes mesmos cuidadores referiram ter recebido orientacao sobre aleitamento_materno periodo 52 41 cuidadores avaliaram orientacoes recebidas insuficientes possivel verificar impacto enpacs municipio insuficiencia dados forma geral metodologia implantacao enpacs municipio estudo bem avaliada profissionais participaram oficina implantacao ano 2010 contudo atuacao restringiu nivel ambulatorial 46 84 equipes acompanhamento rotina criancas realizado mensalmente 100 atividades restringem avaliacao_antropometrica fragilidades apontadas profissionais vinculacao profissional educacao continuada desconhecimento enpacs demonstrado 75 gestores coordenadores reflete ausencia respostas afirmativas agentes comunitarios acoes saude desenvolvidas criancas primeira_infancia municipio geral cuidadores avaliam forma positiva acoes desenvolvidas criancas menores 2 anos porem ocorreu relacao qualidade consulta decorridos tres anos implantacao implementacao enpacs municipio estudado ocorreram forma efetiva conforme evidenciaram parametros avaliados deficiencia processo implantacao implementacao revelando descompasso nivel operacional instancias gestoras superiores onde diferentes graus adesao atores sociais objetivos metodologia estrategia si sinalizam enfraquecimento esforcos dispendidos efetivacao,916,0.9864594143059033
54,"dmo, ossea, densidade_mineral_ossea, massa_ossea, osseo, femur, osteoporose, coluna, saude_ossea, lombar",desordens alimentares podem levar serias complicacoes saude irregularidades menstruais im desmineralizacao ossea caracterizando triade mulher atleta tma objetivo estimar prevalencia desordens alimentares agravos abordando disponibilidade energia espectro tma adolescentes atletas tenistas comparadas grupo_controle adolescentes sedentarias trata estudo controlado transversal realizadas avaliacoes desenvolvimento puberal auto aplicacao criterios tanner composicao_corporal absortometria radiologica dupla energia dxa parametros dieteticos registro_alimentar 3 dias alternados desordens alimentares aplicacao 3 questionarios padronizados validados eat 26 bulimic investigatory test edinburgh bite body shape questionnaire bsq estado menstrual meio questionario validado densidade_mineral_ossea dmo dxa tma dividida 2 estagios abordaram diferentes espectros componentes estagio i caracterizado presenca baixa disponibilidade energia im baixa dmo z score < 1 0 desvio padrao estagio ii caracterizado presenca desordens alimentares amenorreia baixa dmo z score < 2 0 desvios padrao participaram estudo 45 adolescentes 12 19 anos divididas 24 atletas tenistas pertencentes clubes esportivos referencia 21 sedentarias controles estudantes escola particular cidade rio janeiro todas participantes apresentaram algum desenvolvimento puberal atletas apresentaram menor percentual gordura_corporal maior massa_magra controles dentre tenistas controles 50 71 4 respectivamente apresentavam desordens alimentares acordo questionarios aplicados diferenca significativa entanto controles apresentaram maior insatisfacao_imagem_corporal atletas menor disponibilidade energia relacao estado menstrual 33 3 atletas 8 3 c amenorreia 9 5 controles apresentaram im dmo media similar tenistas controles tanto coluna quanto corpo inteiro alem disso 25 atletas 33 3 controles apresentaram baixa dmo z score < 1 0 desvio padrao relacao tma estagio i numero maior atletas 95 8 45 8 preencheram criterios 1 2 componentes comparacao controles 52 4 0 observada diferenca estatistica relacao estagio ii ademais 4 2 atletas apresentaram sindrome completa comparacao c nenhuma controle baseado alta prevalencia adolescentes atletas tenistas apresentando desordens alimentares alem quadro parcial completo tma torna essencial orientar adequadamente proprias atletas treinadores dirigentes pais sobre possiveis consequencias ingestao inadequada energia prejudica desempenho atletico saude adolescentes,100,0.9885838343727446
54,"dmo, ossea, densidade_mineral_ossea, massa_ossea, osseo, femur, osteoporose, coluna, saude_ossea, lombar",inflamacao resposta fisiologica desencadeada partir injuria natureza infecciosa ultimas decadas processo tornou caracteristica marcante cancer vez componente critico progressao tumor metastatizacao acidos_graxos omega_3 mostrado potente agente anti_inflamatorio aplicacao pratica clinica principalmente cancer colorretal mostrado resultados relevantes presente trabalho objetivo realizar revisao integrativa sobre uso omega_3 pacientes neoplasia colorretal tratamento cirurgico artigos relacionados sobre tema organizados maneira cronologica evidenciando assim evolucao conhecimento aplicacao pratica clinica analisados resultados ensaios_clinicos utilizando omega_3 perioperatorio especial atencao sobre tipo composicao dose ofertada via administracao periodo tempo uso impacto modulacao processo_inflamatorio pacientes tratamento resultados apos analise podem auxiliar tomada decisao melhor manejo desses pacientes alem propiciar novas estrategias desenvolvimento futuras pesquisas tange comprovacao melhoria eficacia omega_3 controle inflamatorio perioperatorio pacientes neoplasia colorretal,3215,0.9866518689051927
54,"dmo, ossea, densidade_mineral_ossea, massa_ossea, osseo, femur, osteoporose, coluna, saude_ossea, lombar",estudos recentes sugerido massa_gorda exerce efeito protetor sobre massa_ossea populacoes heterogeneas entanto pouco sabe sobre efeito individuos obesos morbidos alguns mecanismos propostos explicar potencial efeito negativo massa_gorda sobre massa_ossea sustentam hipotese individuos obesos morbidos possam constituir grupo particularmente susceptivel perda ossea informacoes nesse grupo entanto escassas parte devido limitacoes metodologicas primeira geracao densitometros absorciometria dupla emissao raios_x dxa avaliacao massa_ossea destes individuos neste estudo utilizamos equipamento dxa recente capaz avaliar maior area massa_corporal total permitindo avaliacao adequada objetivo deste estudo avaliar saude_ossea individuos obesos morbidos subdivididos funcao sexo periodo fisiologico tres grupos homens mulheres menacme mulheres pos menopausa participaram estudo 72 individuos obesos morbidos imc>40 kg cm2 divididos tres grupos mulheres menacme n=37 mulheres pos menopausa n=22 homens n=13 composicao_corporal area conteudo cmo densidade dmo mineral ossea total sitios especificos coluna lombar femur proximal antebraco avaliados dxa lunar idxa realizadas medidas_antropometricas exames_bioquimicos metabolismo osseo comparacao grupos realizada analise variancia anova seguida pos teste fischer lsd associacoes variaveis estudadas avaliadas correlacao_pearson correlacao parcial utilizado nivel significancia 95 participantes estudo apresentaram media valores t z score adequados todos sitios estudados tal populacao geral homens apresentaram maior cmo maior area ossea p<0 001 mulheres menacme pos menopausa todos sitios avaliados entanto homens apresentaram menor z score coluna lombar femur total antebraco p<0 05 diferente esperado observamos diferenca significativa mulheres menacme mulheres pos menopausa nenhum parametro osseo avaliado media concentracoes 25 hidoxivitaminad 25 oh d paratormonio pth osteocalcina telopeptideo carboxiterminal colageno tipo i ctx adequadas diferenca grupos estudados considerando 3 grupos conjunto varios parametros osseos apresentaram correlacao positiva r>0 30 p<0 05 gordura_corporal_total apos ajuste massa_corporal total correlacao parcial gordura_corporal_total kg passou apresentar correlacao negativa area ossea corpo total p<0 001 r= 0 51 coluna lombar p<0 01 r= 0 40 femur total p<0 001 r= 0 57 cmo total p<0 001 r= 0 51 femur total p<0 001 r= 0 47 grupos avaliados separadamente apenas mulheres pos menopausa observadas associacoes negativas massa_gorda kg area conteudo mineral osseo cmo densidade_mineral_ossea dmo femur total r< 0 47 p<0 05 resultados sugerem descontado efeito massa_corporal gordura parece influenciar negativamente massa_ossea especialmente mulheres pos menopausa entanto havendo evidencia inadequacao massa_ossea pacientes estudados possivel efeito mecanico benefico massa_corporal sobre massa_ossea sido capaz sobrepor efeito prejudicial gordura sobre mesma,691,0.981482109003572
54,"dmo, ossea, densidade_mineral_ossea, massa_ossea, osseo, femur, osteoporose, coluna, saude_ossea, lombar",expansao massa_ossea acumulo diario calcio osseo variam conforme estagio puberal sendo maiores estagios puberais iii iv nesses periodos retencao diaria calcio osseo atinge maximo correspondendo 290 360mg dia meninos ingestao_calcio superior 1000mg dia pouco sabe sobre retencao diaria calcio osseo meninos baixa ingestao_calcio objetivo desse estudo avaliar retencao diaria calcio ossos meninos pre puberes puberes fisicamente ativos baixa ingestao_calcio participaram estudo 27 meninos estagios puberais i 8 5 + 0 6 anos n=9 ii 10 8 + 0 7 anos n=9 iii 13 0 + 1 0 anos n=9 coletas amostras sangue avaliacoes massa_ossea composicao_corporal utilizando dxa realizadas inicio estudo apos 6 meses dados ingestao_alimentar obtidos atraves 3 recordatorios 24h analises pth i 25 oh d igf i soro determinadas imunoensaio quimioluminescente retencao diaria calcio osseo estimada assumindo calcio representa 32 2 cmo corpo inteiro considerando diferenca conteudo calcio osseo duas avaliacoes dividido intervalo dias avaliacoes valores z score dmo corpo inteiro femur proximal total adequados duas avaliacoes ingestao_calcio semelhante grupos 684+ 265mg d 618+ 406mg d 597+ 332mg d estagios i ii iii respectivamente representou 55 atuais recomendacoes dieteticas calcio retencao diaria calcio osseo menor p <0 05 meninos estagio i 110 + 38mg dia comparado ii 189 + 64 mg dia iii 225 + 102 mg dia 75 meninos apresentaram 25 oh d inferior 50nmol l n=6 n=8 n=7 estagios i ii iii respectivamente primeira avaliacao 25 oh d correlacionou positivamente dmo cmo corpo inteiro femur duas avaliacoes igf 1 maior estagio iii comparado ii 288+ 135 vs 193+ 79 ng ml p<0 05 grupo todo igf i correlacionou positivamente area ossea corpo inteiro femur r>0 49 p<0 05 duas avaliacoes unica variavel bioquimica associar positivamente retencao calcio diaria r=0 40 p=0 04 apesar baixa ingestao_calcio estado insuficiente vitamina_d meninos apresentaram adequada massa_ossea idade retencao diaria calcio observada similar meninos habituados elevada ingestao_calcio exceto meninos estagio iii somente nesses meninos ingestao_calcio associada retencao diaria calcio r=0 80 p<0 01 sugerindo estagio iii demanda calcio mineralizacao ossea elevada baixa ingestao_calcio aliada estado insuficiente vitamina_d parece ser ter sido capaz limitar aquisicao ossea menos diminuir velocidade acumulo massa_ossea,388,0.9709236623297074
54,"dmo, ossea, densidade_mineral_ossea, massa_ossea, osseo, femur, osteoporose, coluna, saude_ossea, lombar",alimentacao_complementar fornece nutrientes outras substancias influenciam saude_intestinal enteropatia ambiental disfuncao intestinal cronica ocorre periodo alimentacao_complementar condicoes baixo acesso higiene sanitizacao poucos estudos avaliaram nutrientes melhoram protegem contra enteropatia ambiental presente estudo objetivo investigar associacao ingestao habitual nutrientes alimentacao_complementar funcao barreira intestinal enteropatia ambiental criancas menores_dois_anos realizou estudo_longitudinal prospectivo fortaleza ce 233 criancas 9 15 meses idade ingestao_dietetica habitual ac estimada base recordatorios_24_horas r24h aplicados mensalmente 9 15 meses idade ingestao habitual nutrientes ajustada variancia intrapessoal energia adequacao nutricional ingestao_energia fibra macronutrientes dieta avaliada razao valor ingerido recomendado medir adequacao nutricional global micronutrientes utilizou indice adequacao media mar construido partir razoes adequacao nutrientes nar calculadas vitaminas vitamina tiamina folato minerais ferro zinco calcio avaliacao funcao barreira intestinal realizada meio teste urinario lactulose manitol l m inflamacao intestinal avaliada analise concentracoes fecais mieloperoxidase mpo neopterina neo alfa 1 antitripsina aat indicativo enteropatia ambiental ee calculou ee escore baseando categorizacao distribuicoes concentracoes biomarcadores fecais mpo neo aat investigar associacao adequacao nutricional razao l m ee escore usadas regressoes lineares multiplas adequacoes nutricionais altas todos nutrientes avaliados excecao adequacao ingestao fibra todos biomarcadores apresentaram valores elevados indicando comprometimento funcao barreira intestinal presenca inflamacao intestinal criancas avaliadas correlacao negativa adequacao energetica l m = 0 19 p < 0 05 adequacao folato concentracoes neo = 0 21 p < 0 01 observada correlacao positiva adequacao tiamina concentracao mpo = 0 22 p < 0 01 adequacao calcio concentracao neo = 0 23 p < 0 01 modelos regressao demonstraram menor ingestao_energetica associada maior razao l m = 0 19 p = 0 02 menor ingestao fibra associada maior inflamacao intestinal ee escore = 0 20 p = 0 04 conclusao criancas avaliadas apresentaram ingestao acima recomendada todos nutrientes exceto fibra comprometimento funcao barreira inflamacao intestinais maior ingestao_energetica fibras dieta associada melhor funcao barreira intestinal menor inflamacao intestinal respectivamente,2765,0.9613936619398824
55,"prole, filhotes, lactacao, perinatal, desmame, ocidentalizada, dieta_materna, ratas, dhh, dpn",objetivo identificar determinantes dual burden desnutricao vitoria santo antao atraves avaliacao_consumo_alimentar niveis atividade_fisica habitual criancas sobrepeso obesidade 7 10 anos idade metodos estudo realizado 130 criancas 7 10 anos ambos_sexos matriculadas cinco escolas urbanas rede municipal ensino vitoria santo antao avaliacao_antropometrica criancas realizadas medidas massa_corporal kg estatura cm circunferencia_cintura cm circunferencia quadril cq cm avaliar consumo_alimentar utilizado recordatorio 24h r24h pressao_arterial pa sistolica s diastolica d medidas atraves metodo auscultatorio sangue capilar coletado ponta dedo uso lancetador lancetas descartaveis atividade_fisica habitual criancas coletada atraves paq c realizada normalizacao dados atraves teste kolmogorov smirnov variaveis categoricas apresentadas valores percentuais variaveis continuas atraves media desvio padrao minimo maximo analise rna utilizada verificacao importancia riscos cardiometabolicos resultados 30 criancas classificadas excesso_peso 3 1 baixa estatura idade nivel atividade_fisica 86 9 classificado insuficiente medias gc cc cq ct tg glicemia pas pad maiores criancas percentis >50 atraves analise rede neural artificial escore z peso idade principal determinante aparecimento riscos cardiometabolicos contribuicao 100 percentual gordura_corporal circunferencia_cintura quadril colesterol_total pressao_arterial sistolica diastolica resultados confirmam excesso_peso grande contribuinte aparecimento doencas cardiometabolicas deficiencias nutricionais criancas desempenho rna apresentou boa confiabilidade predicao riscos cardiovasculares valores >0 7 p<0 05,3593,0.9911154229435328
55,"prole, filhotes, lactacao, perinatal, desmame, ocidentalizada, dieta_materna, ratas, dhh, dpn",resumo presente estudo avaliadas repercussoes consumo dieta hipocalorica durante vida perinatal sobre parametros crescimento somatico bioquimicos ratos alimentados dieta palatavel hiperlipidica desmame idade adulta ratas wistar nuliparas confirmada gestacao formaram dois grupos conforme manipulacao dietetica n=6 cada controle cl recebeu dieta normocalorica durante gestacao lactacao 3 6 kcal g hipocalorica hl recebeu dieta hipocalorica durante gestacao lactacao 2 3 kcal g registro peso consumo acompanhado maes nascimento ninhadas ajustadas 8 filhotes mantendo proporcao 4 4 machos femeas sempre possivel desmame machos passaram receber dieta padrao labina R 3 6 kcal g formando grupos controle c+cp n 12 hipocalorico h+cp n 14 dieta palatavel hiperlipidica 4 2 kcal g formando grupos controle palatavel c+hlp n 11 hipocalorico palatavel h+hlp n 9 registro crescimento somatico realizado nascimento 120 dias vida teste tolerancia_glicose g realizado 60 90 120 dias final experimento orgaos pesados plasma coletado dosagens bioquimicas vida adulta ingestao_alimentar registrada durante 10 dias partir 110º dias vida condicoes padrao bioterio mantidas todo experimento agua racao ofertada vontade dieta hipocalorica oferecida maes gestacao lactacao alterou peso consumo variacao peso mesmas igualmente medidas peso comprimento corporal diferiram filhotes nascimento entanto longo lactacao algumas medidas crescimento mostraram reduzidas filhotes hipocaloricos peso_corporal cl 49 99+ 2 12g hl 38 90+ 3 22g p<0 001 comprimento naso anal cl 117 28+ 4 38cm hl 109 81 + 2 71cm p<0 001 animais consumiram dieta palatavel hiperlipidica pos desmame maior ganho ponderal acompanhado maior deposicao gordura_abdominal intolerancia glicose sendo ainda acentuado grupo sofreu restricao energetica periodo perinatal uso dieta palatavel hiperlipidica pos desmame elevou taxas triglicerides colesterol ambos grupos idade adulta sendo vldl colesterol pronunciado grupo h+hlp 38 10 + 3 031 mg dl 1 vs c+hlp 23 34 + 2 86 mg dl 1 p<0 001 hipertrigliceridemia h+hlp 190 54 + 15 15 mg dl 1 visto diferiu c+hlp 116 68 + 12 25 mg dl 1 p<0 001 resultados demonstram restricao energia periodo fetal neonatal acarreta danos desenvolvimento somatico repercussoes vida adulta afetando medidas murinometricas indicadoras sobrepeso uso dieta palatavel pos desmame alterou peso relativo orgaos grupos apresentando menor consumo maior armazenamento gordura_abdominal igualmente causou alteracoes perfil glico lipidico maior agravo grupo h+hlp determinados parametros pode inferir portanto restricao energetica vida perinatal pode acarretar efeitos deleterios longo prazo seguida dieta desequilibrada proporcoes macronutrientes palavras chave desnutricao gestacao lactacao dieta_hiperlipidica obesidade ratos,291,0.9909777764621365
55,"prole, filhotes, lactacao, perinatal, desmame, ocidentalizada, dieta_materna, ratas, dhh, dpn",presente estudo objetivo avaliar influencia niveis atividade_fisica voluntaria maes sobre glicemia ingestao_alimentar plasticidade fenotipica filhotes durante periodo crescimento desenvolvimento utilizadas 30 ratas wistar realizaram atividade_fisica voluntaria afv antes durante apos gestacao avaliar atividade_fisica voluntaria utilizadas grandezas fisicas distancia percorrida km tempo percorrido min velocidade media km h estimativa gasto calorico diario km s 1 dia 1 periodo 30 dias adaptacao apos periodo formados grupos experimentais acordo nivel atividade_fisica controle c inativo i ativo ativo ma ratas acasaladas permaneceram gaiolas atividade_fisica voluntaria gestacao lactacao durante todo experimento ratas receberam dietas ain 93 m g acordo clico vida ratas determinados consumo_alimentar peso_corporal glicemia indicadores murinometricos maturacao caracteristicas fisicas reflexa realizados filhotes durante lactacao analises durante adaptacao ma mostrou aumento progressivo execucao parametros afv durante gestacao ratas ma reduziram distancia adaptacao grupo ativo mostrou reducao peso_corporal aumento ingestao_alimentar gestacao grupo ativo aumentou peso ingestao glicemia ma reduziu desde 7º dia gestacao filhotes grupo ativo apresentaram maior eixo latero lateral cranio comprimento cauda antecipacao abertura pavilhao conduto auditivo erupcao incisivos i ma apresentaram retardo endireitamento queda livre aversao precipicio colocacao vibrissas contudo maior nivel afv maes capaz promover maior crescimento antecipacao maturacao fisica reflexa filhotes afv nesta fase pode ter papel fundamental plasticidade fenotipica,774,0.9884372193680919
55,"prole, filhotes, lactacao, perinatal, desmame, ocidentalizada, dieta_materna, ratas, dhh, dpn",encapsulacao tecnica pode ser empregada protecao probioticos conferindo resistencia ambiente acido trato gastrintestinal bem viabilizando aplicacao matrizes alimentares presente estudo objetivo avaliar duas tecnicas encapsulacao l rhamnosus utilizando matriz encapsulante alginato quitosana aplicacao capsulas leite po uht inicialmente realizadas analises variancia observacao eficiencia viabilidade encapsulacao metodologias extrusao emulsificacao l rhamnosus longo 21 dias sob condicoes armazenamento temperatura ambiente 280c refrigerada 40c eficiencia encapsulacao 82 89 70 88 l rhamnosus tempo zero metodologias extrusao emulsificacao respectivamente quanto viabilidade microcapsulas temperatura refrigerada observou l rhamnosus ultimo dia armazenamento apresentou eficiencia 69 56 90 13 metodologias extrusao emulsificacao respectivamente avaliacao parametros tecnologicos fisiologicos capsulas satisfatorios mostrando boa viabilidade submetidas tratamentos termicos temperaturas medianas altas alem boa sobrevivencia diferentes condicoes ph sal nacl sais biliares apesar terem apresentado taxas medianas tolerancia enzimas digestivas bacterias microencapsuladas apresentaram boa resistencia condicoes gastrointestinais simuladas qualidades tecnologicas importantes incorporacao microcapsulas matrizes alimentares submetidas tratamentos termicos condicoes baixa acidez quanto analise_sensorial vida_prateleira satisfatorias apresentando altas pontuacoes escala aceitacao intencao compra portanto tecnicas microencapsulacao extrusao emulsificacao podem ser consideradas boas alternativas aplicacao probioticos alimentos especial matrizes leite po uht tecnica emulsificacao merece destaque maior ter obtido melhores resultados quanto analises tecnologicas fisiologicas sensoriais alem apresentar tamanho menor favorece aplicacao alimentos impacto sensorial reduzido,2883,0.9882267421236637
55,"prole, filhotes, lactacao, perinatal, desmame, ocidentalizada, dieta_materna, ratas, dhh, dpn",objetivo deste estudo avaliar repercussoes dieta hipocalorica restricao quantitativa oferecida ratas durante gestacao lactacao sobre crescimento somatico parametros murinometricos perfil_bioquimico prole ratas wistar divididas 4 grupos n=5 cada acordo tipo dieta recebida durante gestacao lactacao c controle dieta normocalorica durante gestacao lactacao h g dieta hipocalorica durante gestacao normocalorica durante lactacao h l dieta normocalorica durante gestacao hipocalorica durante lactacao h gl dieta hipocalorica durante gestacao lactacao durante lactacao filhotes machos avaliados quanto crescimento somatico maturacao caracteristicas fisicas ontogenese reflexos evolucao ponderal apos desmame filhotes receberam dieta padrao 150 dias avaliou indice_massa_corporal imc relacao abdome torax rat apos sacrificio alguns orgaos pesados sangue coletado analise niveis sericos glicose triglicerideo colesterol_total hdl_c vldl c desmame filhotes 3 grupos experimentais mostraram menor peso_corporal cl=46 96+ 1 01 h gl=44 04+ 1 68 h ll=32 70+ 1 31 h gll=36 83+ 1 01 crescimento somatico ontogenese reflexos maturacao fisica alteradas vida adulta grupo h gll apresentou diferencas relacao controle menor peso_corporal cl=417 24+ 11 21 h gl=426 60+ 7 64 h ll=405 76+ 11 37 h gll=376 44+ 9 00 peso relativo figado cl=3 223+ 0 054 h gl=2 805+ 0 048 h ll=3 097+ 0 084 h gll=2 767+ 0 044 menores valores triglicerideo cl=80 88+ 6 94 h gl=52 43+ 2 68 h ll=113 57+ 4 18 h gll=60 00+ 1 86 vldl c cl=16 18+ 1 39 h gl=10 49+ 0 54 h ll=22 71+ 0 84 h gll=12 00+ 0 37 glicemia cl=122 69+ 3 14 h gl=121 25+ 3 91 h ll=77 70+ 3 00 h gll=87 49+ 3 88 grupo mostrou menor peso_corporal imc cl=0 67+ 0 01 h gl=0 72+ 0 02 h ll=0 66+ 0 01 h gll=0 67+ 0 01 glicemia peso relativo gordura cl=2 533+ 0 187 h gl=2 976+ 0 152 h ll=2 766+ 0 259 h gll=2 120+ 0 095 grupo h gl grupos h gl h ll apresentaram maior recuperacao parametros avaliados diferindo apenas quanto bioquimica sangue dieta hipocalorica restricao quantitativa mostrou modelo alternativo desnutricao energetica repercussoes brandas modelos existentes restricao alimentar vez acarreta alteracoes decorrentes privacao alimentar longos periodos dia palavras chave desnutricao dieta gestacao lactacao crescimento desenvolvimento ratos,284,0.9877109237348524
56,"piperina, mdr, ase, especiarias, cpp, capsaicina, linhagens, monocitos, trpv1, endoteliais",indices obesidade_infantil vem crescendo pais obesidade associada alteracoes metabolicas funcionais estruturais consequentemente doencas_cronicas_transmissiveis dcnt literatura mostra individuos excesso_peso presenca obesidade_abdominal oa potencializa riscos cardiometabolicos fatores_risco associados influencias ambientais negativas presentes dias hoje alimentos_industrializados reducao pratica_atividade_fisica contribuem aumento obesidade idades cada vez precoces alem disso podem estar mudando composicao_corporal criancas forma negativa favorecendo presenca oa nesse contexto presente estudo procurou identificar padrao crescimento escolares presenca obesidade total ot oa segundo sexo idade analisar presenca oa criancas excesso_peso amostra composta 1267 escolares 622 meninas 645 meninos idade 6 10 anos incompletos escolas_publicas municipio macae rj dados antropometricos peso estatura perimetro_cintura pc coletados 2013 2014 estado_nutricional classificado segundo indice_massa_corporal imc idade recomendado organizacao_mundial_saude oms presenca oa classificada rcest = 0 50 prevalencia excesso_peso sobrepeso + obesidade obesidade escolares 33 7 16 4 respectivamente sendo similares encontrados ultima pesquisa orcamento familiares 33 5 14 3 pof 2008 2009 prevalencia oa 22 7 amostra prevalencia ot oa semelhante idades sexos porem meninas sobrepeso verificada maior presenca oa comparadas meninos sobrepeso 63 8 vs 36 14 respetivamente p < 0 05 criancas classificadas sobrepeso 37 7 apresentam presenca oa obesas 93 7 apresentam oa sendo presente meninas 8 9 anos total amostra 21 9 apresentaram combinacao excesso_peso obesidade_abdominal sendo 11 5 meninas 10 4 meninos ic 95 conclusao encontramos padrao crescimento atipico elevada prevalencia sobrepeso obesidade oa ambos_sexos todas idades criancas avaliadas demonstrando alto risco individuos podem apresentar complicacoes cardiovasculares metabolicas decorrer vida palavras chave,2713,0.9927117573690724
56,"piperina, mdr, ase, especiarias, cpp, capsaicina, linhagens, monocitos, trpv1, endoteliais",introducao obesidade dislipidemia vem aumentando populacao mundial tornando problema saude_publica ambas relacionam estresse_oxidativo eo reflete desequilibrio sistema antioxidante pro oxidante consequente dano oxidativo tecidos dietas saudaveis aumentam risco obesidade aterosclerose neste contexto destacam alimentos_ultraprocessados cujo consumo cresce paralelamente obesidade dislipidemia dieta hopoenergetica dh associada farinha chia fc pode representar alternativa tratamento mulheres excesso massa_corporal mc dislipidemia pois fc apresenta composicao fibras acidos_graxos serie n 3 ag n3 objetivo avaliar efeito dh associada consumo fc estado mulheres dislipidemicas excesso mc individuos metodos realizou estudo randomizado bloco duplo cego controlado placebo duracao 120 dias primeira etapa 30 dias 91 voluntarias receberam somente dh tendo 79 concluido fase apos iniciou ensaio_clinico 90 dias 58 voluntarias prescreveu alem dh 25 g dia fc dhfc n=30 placebo dhp n=28 avaliadas t0 t90 variaveis antropometricas mc indice mc perimetros cintura pc pescoco pp composicao_corporal massa_gordamg clinicas pressao_arterial dieteticas bioquimicas colesterol_totalct lipoproteina_baixa_densidade ldl_c lipoproteina_alta_densidadehdl_c triglicerideos tg glicemia insulina 8 isoprostano dpph realizou variaveis parametricas teste_t_pareado comparacoes pre pos intervencao teste t student comparacao grupos variaveis parametricas utilizou testes wilcoxon mann_whitney comparacao intra grupo grupos respectivamente valores expressos media desvio padrao utilizou programa estatistico spss versao 21 considerados significativos valores p < 0 05 resultados primeira etapa dh reduziu mc mg imc pp pc pc estatura tg glicose sericos razao tg hdl indice_adiposidade visceral dados dieteticos mostraram reducao consumo energia ags trans aumento fibras magnesio potassio calcio vitamina_c alem reducao consumo sucos industrializados refrigerantes doces acucar adicao segunda etapa reducao mc pc pc estatura ct serico ambos grupos grupo dhp diminuiram mg imc pp ct hdl ldl hdl ldl_c 8 isoprostano comparando dois grupos significancia relacao dpph grupo dhfc indices ct hdl ldl hdl grupo dhp grupo dhfc consumiu ag n3 fibras magnesio zinco reducao consumo acucar adicao grupo dhp reduziu consumo ags saturados conclusao tratamento nutricional dh promoveu reducao medidas_antropometricas bioquimicas analisadas alem melhora lipoperoxidacao lipidica fc apresentou efeito aditivo dh reducao mc dislipidemia entretanto favoreceu melhora dpph plasma aumento consumo alguns nutrientes fibras ag n3 magnesio zinco,1371,0.9923252524332576
56,"piperina, mdr, ase, especiarias, cpp, capsaicina, linhagens, monocitos, trpv1, endoteliais",objetivo associar consumo_alimentos ultraprocessados caracteristicas demograficas clinicas adequacao nutricional marcadores antropometricos bioquimicos pacientes tratamento prevencao terciaria doenca_cardiovascular metodos trata estudo_transversal aprovado protocolos nº 03218512 0 2006 5272 03218512 0 2002 5259 realizado pacientes idade minima 45 anos tratamento prevencao terciaria doenca_cardiovascular oriundos estudo multicentrico sobre dieta cardioprotetora aplicado recordatorio_alimentar 24 horas realizada avaliacao_antropometrica peso estatura perimetro_cintura avaliacao laboratorial colesterol_total fracoes triglicerideos glicemia_jejum estado_nutricional classificado acordo indice_massa_corporal imc risco_cardiovascular conforme perimetro_cintura who 2004 opas 2002 who 2011 consumo_alimentos ultraprocessados avaliado segundo classificacao_nova monteiro et al 2016 calculado fracao energetica valor energetico total distribuicao dados variaveis continuas analisada graficamente atraves histogramas teste normalidade kolmogorov smirnov teste anova utilizado comparacao dados parametricos teste kruskal_wallis utilizado analise dados parametricos adotado nivel significancia 5 resultados avaliados 276 pacientes exceto analises rendimento n=252 escolaridade n=253 maioria participantes genero masculino 169 61 2 idosos 196 71 apresentavam hipertensao 265 96 0 dislipidemias 264 95 7 sobrepeso obesidade 178 64 5 risco complicacoes cardiometabolicas substancialmente aumentado 160 58 observou adequacao nutricional dieta todos macronutrientes contudo destacou ingestao excessiva acidos_graxos_saturados baixa_ingestao acidos_graxos monoinsaturados acido graxo linolenico n 3 fibras inadequacao consumo vitaminas b2 b12 c calcio magnesio selenio zinco sodio potassio observou mediana consumo 1290 2 kcal sendo 68 4 oriundos alimentos_in_natura minimamente processados 0 ingredientes_culinarios processados 9 7 alimentos_processados 16 6 alimentos_ultraprocessados observou associacao direta consumo ultraprocessados ingestao carboidratos acidos_graxos_saturados associacao inversa consumo ultraprocessados ingestao proteinas acidos_graxos monoinsaturados acidos_graxos polinsaturados acido graxo linolenico n 3 acido graxo linoleico n 6 potassio vitamina b2 vitamina_c magnesio zinco selenio conclusao concluiu populacao prevencao terciaria dcv precisa orientacoes sobre importancia consumir alimentos_ultraprocessados garantir adequacao micronutrientes protetores atraves dieta bem variada,2283,0.9911457684980262
56,"piperina, mdr, ase, especiarias, cpp, capsaicina, linhagens, monocitos, trpv1, endoteliais",sindrome_metabolica sm conjunto fatores_risco cardiovasculares aumenta chances ocorrencias doencas_cardiovasculares dcv diabetes_mellitus_tipo_2 dm2 relacionada deposicao gordura regiao central resistencia_insulina crescente prevalencia fatores_risco cardiovasculares adolescentes dislipidemias hipertensao dm2 impactos vida adulta decorrentes doencas_cronicas_transmissiveis associadas sobrepeso obesidade bem aumento custo saude poderiam ser reduzidos intervencoes precoces ressalta importancia identificacao marcadores simples praticos possam ser utilizados ambientes saude triagem sm diante disso objetivo deste trabalho avaliar utilizacao indicadores_antropometricos composicao_corporal marcadores indiretos resistencia_insulina homeostatic model assessment insulin resistance homa_ir indice triglicerideos glicose tyg diagnostico sm adolescentes puberes tal utilizados dados derivados estudo epidemiologico transversal base_populacional realizado 481 adolescentes puberes ambos_sexos 11 15 anos escolas_publicas particulares municipio alegre espirito santo anos 2010 2011 fins analise utilizada definicao sm proposta international diabetes federation idf 2007 definicao harmonizada national cholesterol education program s adult treatment panel iii ncep atp iii idf 2009 modificada idade intuito selecionar avaliar pontos corte indicadores estudados identificacao sm construidas curvas receiver operating characteristic roc apos obtencao pontos corte curva roc indicadores_antropometricos comparados outros pontos corte descritos literatura quanto acuracia diagnostica dicotomizados combinados serie sendo seguida construida curvas roc avaliar capacidade preditiva combinacoes amostra composta 52 9 adolescentes sexo_feminino observada prevalencia sm 2 1 acordo criterios propostos idf 2007 4 segundo definicao harmonizada ncep atp iii idf 2009 utilizando criterios idf ncep idf ajustados idade pontos corte homair tyg amostra total respectivamente >1 98 >8 23 >2 10 >8 21 sendo tyg apresentou capacidade preditiva sm ligeiramente melhor pontos corte indicadores_antropometricos utilizando criterios idf ncep idf percentual gordura_corporal gc > 29 1 >24 1 indice conicidade ic >1 16 >1 37 perimetro pescoco pp >33 80 >33 00 razao cintura estatura rce >0 51 >0 46 respectivamente sendo rce indicador melhor acuracia maioria analises combinacoes serie indicadores_antropometricos apresentaram boa excelente capacidade preditiva sindrome amostra total estratificada sexo destaque combinacao rce gc rce pp concluiu apos analise indices bioquimicos antropometricos testados demonstraram ser bons preditores sm adolescentes puberes destaque tyg marcadores resistencia_insulina rce antropometricos alem acurados facil execucao ambiente ambulatorial combinacao rce gc pp aumenta sensibilidade diagnostico constituindo ferramentas uteis triagem identificacao sm populacao adolescentes puberes,3299,0.9897577352722081
56,"piperina, mdr, ase, especiarias, cpp, capsaicina, linhagens, monocitos, trpv1, endoteliais",2019 surgiram primeiros casos covid_19 doenca respiratoria advinda infeccao virus denominado sars cov 2 caracterizada alta taxa virulencia transmissibilidade mortalidade alguns individuos desenvolvem forma grave doenca demandam atendimento hospitalar alta complexidade vez cursam alteracoes sistemicas influenciam indices mortalidade tempo internacao_hospitalar ventilacao mecanica desnutricao representando risco iminente vida objetivo identificar influencia risco_nutricional evolucao parametros hemodinamicos ventilatorios desfechos_clinicos pacientes_criticos covid_19 internos uti material tnetodos trata estudo campo longitudinal prospectivo abordagem_quantitativa carater descritivo observacional realizado agreste pernambucano analise estatistica realizada meio testes kolmogorov smirnov teste y2 regressao_logistica_multipla feitos ajuda software spsso 20 0 resultados incluidos 60 pacientes idade media 57 7 anos + 15 8 anos sendo 58 3 sexo_masculino cujo quadro clinico caracterizado grave 66 7 via administracao dieta momento admissao enteral 65 media dias terapia nutricional enteral 11dias + 9 dias 68 3 fizeram uso dva apenas 23 3 pacientes necessitaram algum tipo ventilacao mecanica concerne tempo internamento unidade hospitalar 68 4 passaram 15 dias dentre evoluiram desfecho obito periodo hospitalizacao 76 6 individuos escores 2 3 pontos demonstrando valor estatisticamente significativo maior escore icc desfecho mortalidade p 0 007 risco_nutricional associacao maiores valores creatinina p=0 012 ic 95 9 52  30 44 ureia p= 0 029 ic 95 38 39  64 77 hipernatremia p= 0 003 ic 95 1 043 13 92 realizacao hemodialise p= 0 002 lra p <0 001 desfecho obito p< 0 001 conclusao fundamental realizacao triagem_nutricional nesses pacientes principalmente ambito terapia_intensiva identificar possiveis alteracoes carater nutricional impactam negativamente sobrevida evolucao clinica percurso hospitalar assim nortear condutas oportunas direcionadas prevencao reversao risco_nutricional minimizar complicacoes piores prognosticos relacionadas risco_nutricional,4033,0.9896280402546664
57,"depressao, sintomas_depressivos, universitarios, comportamentos, sintomas_ansiedade, estudantes_universitarios, alcool, tmc, sintomas_depressao, transtornos_mentais",introducao universitarios grupo vulneravel comportamentos risco saude podem estar relacionados mudancas inerentes periodo ingresso vida academica nova rotina relacoes sociais tais mudancas podem interferir praticas consumo_alimentar tornando universitarios propensos habitos inadequados prejudicando estado_nutricional consequentemente saude objetivo avaliar fatores_associados praticas_alimentares universitarios ingressos 2019 cursos graduacao universidade federal ouro preto ufop acordo guia_alimentar_populacao_brasileira metodos trata estudo epidemiologico tipo transversal avaliou 356 universitarios idade maior igual 18 anos selecionados quatorze cursos ufop universitarios responderam questionario autoaplicado composto perguntas sobre informacoes academicas condicoes sociodemograficas habitos vida condicoes saude variavel desfecho praticas_alimentares obtida meio escala desenvolvida validada gabe jaime 2019 individuos adultos baseada recomendacoes guia_alimentar_populacao_brasileira 2014 variavel avaliada forma continua onde quanto maior somatorio escore melhores praticas_alimentares variaveis explicativas organizadas tres blocos caracteristicas sociodemograficas habitos vida condicoes saude dados distribuidos acordo frequencia submetidos analise descritiva variaveis apresentaram valor p= 0 20 analise bivariada incluidas regressao_linear_multipla meio metodo backward modelo ajustado renda sexo idade segundo plausibilidade biologica literatura_cientifica permaneceram modelo final variaveis p<0 05 resultados maioria universitarios apresentaram escore abaixo 35 pontos demonstrando possuem praticas_alimentares distantes recomendacoes guia somatorio escore praticas_alimentares maiores praticantes atividade_fisica 3 75 ic95 1 83 5 67 menores universitarios maior exposicao telas 0 40 ic95 0 67 0 13 apresentavam uso internet acentuado extremo 3 05 ic95 5 22 0 88 consumiam bebida alcoolica excesso 2 09 ic95 3 92 0 26 apresentaram pior autoavaliacao saude 3 09 ic95 4 97 1 21 sintomas estresse 2 74 ic95 4 72 0 77 conclusao praticas_alimentares inadequadas associadas comportamentos saude risco resultados podem subsidiar estrategias enfrentamento fatores_risco saude fomentar praticas_alimentares saudaveis estudantes_universitarios promover qualidade_vida futura,3303,0.9866196883726245
57,"depressao, sintomas_depressivos, universitarios, comportamentos, sintomas_ansiedade, estudantes_universitarios, alcool, tmc, sintomas_depressao, transtornos_mentais",internacoes condicoes sensiveis atencao primaria icsap utilizadas indicador indireto avaliacao resolutividade deste nivel atencao trata lista elaborada especialistas permite afirmar elevados numeros internacoes evitaveis podem indicar problemas relacionados atencao primaria objetivo descrever perfil internacoes csap municipios mineiros 100 000 habitantes agrupados regioes ampliadas saude ras periodo 2000 2013 estudo ecologico analitico descritivo utilizou dados sistema informacoes hospitalares datasus analise calculados numero absoluto proporcao icsap relacao total internacoes exceto partos complicados coeficiente icsap 1 000 habitantes baseado estimativas populacionais anuais apresentadas censo objetivo relacionar numero absoluto dessas internacoes populacao estudada variacao percentual grupos icsap longo periodo avaliado cobertura estrategia_saude_familia ras oferta leitos hospitalares verificar possivel associacao destas ultimas variaveis coeficiente icsap utilizada correlacao_pearson pesquisa permitiu conhecer cenario grandes centros mineiros observada reducao icsap periodo 2000 2013 bem identificadas faixas etarias afetadas comportamento principais grupos icsap envolvidos,1583,0.9596268556294203
57,"depressao, sintomas_depressivos, universitarios, comportamentos, sintomas_ansiedade, estudantes_universitarios, alcool, tmc, sintomas_depressao, transtornos_mentais",resumo doencas_cronicas_transmissiveis dcnt principal causa morte global contribuindo mortalidade prematura perda qualidade_vida sobrecarga tanto sistemas saude quanto empresas individuos objetivo geral estimar carga doencas_cronicas_transmissiveis atribuiveis dieta rica carnes processadas populacao adulta brasileira custos financeiros diretos sistema_unico_saude brasil unidades federativas ano 2019 metodos estudo ecologico descritivo utilizados dados_secundarios estudo global burden of disease gbd 2019 brasil unidades federadas 1990 2019 taxas mortalidade dalys anos vidas perdidos ajustados incapacidade metricas utilizadas avaliar relacao espaco temporal dcnt atribuidas consumo carne processada apresentados valores absolutos taxas mortalidade dalys brutas padronizadas idade 100 000 habitantes ambos_sexos metodologia top down adotada realizou estimativa custos atribuiveis dcnt meio multiplicacao fracao atribuivel fap custos hospitalizacoes procedimentos ambulatoriais distribuidos sus tratamento dessas doencas populacao brasileira = 25 anos segundo sexo causa especifica unidades federativas tais informacoes obtidas sistemas informacao saude sus resultados dieta rica carne processada responsavel 2 54 obitos 88 74 dalys cada 100 000 habitantes brasil 2019 taxas mortalidade dalys padronizadas idade apresentaram tendencia queda anos 1990 2019 maiores taxas padronizadas mortalidade dalys estados sudeste sul 1990 estados nordeste 2019 2019 doencas contribuiram carga atribuivel dieta rica carne processada diabetes doenca isquemica coracao cancer colorretal custos hospitalizacoes procedimento ambulatoriais us$ 451 milhoes sendo gastos publico feminino masculino us$ 300 milhoes us$ 150 respectivamente cerca 67 7 us$ 305 milhoes gastos diabetes tipo ii dm2 21 7 us$ 97 milhoes doenca isquemica coracao dic 10 6 us$ 48 milhoes cancer colorretal cc estado santa catarina maior despesa pais us$ 35 977 033 79 conclusao carga dcnt atribuida dieta rica carne processada apresentou tendencia queda 1990 2019 mostrando importancia avancar enfrentamento dcnt relacionadas risco pais brasil gastou us$ 414 bilhoes hospitalizacoes dcnt atribuivel dieta rica carnes processadas 2019 sendo custos maiores mulheres tratamento dm2 populacao residente regioes sul sudeste resultados desse estudo podem nortear intervencoes direcionadas politicas economicas desincentivo consumo carnes processadas brasil,4179,0.9382522841957943
57,"depressao, sintomas_depressivos, universitarios, comportamentos, sintomas_ansiedade, estudantes_universitarios, alcool, tmc, sintomas_depressao, transtornos_mentais",introducao evidencias cientificas produzidas relacao atividade_fisica af consideraveis aumento exponencial ultimos anos forneceu informacoes congruentes concerne importancia beneficios saude rotina regular af sido associada melhor saude fisica controle homeostase glicidica lipidica bem melhor qualidade sono autoavaliacao saude aas contudo pandemia_covid_19 influenciou drasticamente pratica af objetivo avaliar fatores_associados inatividade_fisica if residentes regiao inconfidentes minas gerais durante pandemia_covid_19 metodos estudo_transversal base_populacional adultos realizado outubro dezembro 2020 dois municipios brasileiros ouro preto mariana coletados 1762 individuos meio entrevista face face utilizando questionario estruturado formato eletronico questoes sociodemograficas habitos vida condicoes saude conduzidas coletas sangue avaliacao niveis sericos lipoproteinas concentracao plasmatica hemoglobina_glicada pratica af avaliada autorrelato questao adaptada estudo vigilancia fatores_risco protecao doencas_cronicas inquerito telefonico  vigitel af classificada fisicamente ativos inativos acordo recomendacoes organizacao_mundial_saude oms qualidade sono medida indice qualidade sono pittsburgh iqsp aas avaliada meio pergunta como classificaria estado_saude  respostas agrupadas aas negativa regular ruim ruim aas positiva bom bom alem disso mensurados niveis sericos lipoproteina_alta_densidade hdl_c colesterol_total ct usando metodo enzimatico colorimetrico concentracoes plasmaticas hemoglobina_glicada hba1c avaliadas meio metodo imunoturbidimetria resultados resultados apresentados cinco artigos artigo i observou prevalencia if elevada primeiros meses marco julho 2020 pandemia m1 67 3 comparacao meses outubro dezembro 2020 m2 58 7 periodo anterior inicio pandemia m0 39 7 individuos sobrepeso obesidade baixo nivel_escolaridade apresentaram maior probabilidade serem fisicamente inativos artigo ii 51 9 apresentavam ma qualidade sono 79 8 trabalho partir casa home office if associou ma qualidade sono or 1 73 ic95 1 07 2 79 ausencia home office or 1 86 ic95 1 08 3 23 analise combinada individuos qualidade sono ruim home office chance 4 19 vezes maior serem inativos fisicamente or 4 19 ic 95 1 95 8 95 referente artigo iii 7 1 participantes apresentaram niveis elevados hemoglobina_glicada hba1c analise mediacao revelou if aumentava 2 62 vezes or 2 62 ic95 1 29 5 33 probabilidade niveis elevados hba1c sendo 26 87 desse efeito mediado excesso_peso or 1 30 ic95 1 06 1 57 artigo iv apresentou prevalencia risco_cardiovascular rcv intermediario alto 43 8 participantes 56 0 excesso_peso analise mediacao excesso_peso constatou individuos fisicamente inativos apresentavam 1 90 vezes chance or 1 90 ic95 1 14 3 17 ter rcv intermediario alto sendo 17 18 desse efeito mediado excesso_peso or 1 11 ic95 1 02 1 25 artigo v prevalencia aas negativa 23 0 participantes 15 5 comportamento_sedentario cs = 9 horas modelo multivariado identificou associacoes if aas negativa or 1 72 ic95 1 01 2 93 cs analise simultaneidade revelou individuos afetados destes comportamentos risco saude 1 84 vezes probabilidade apresentar aas negativa or 1 84 ic95 1 06 3 22 dois comportamentos risco saude 2 12 vezes probabilidade ter aas negativa or 2 12 ic95 1 03 4 39 analise conjunta relataram ser fisicamente inativos apresentarem cs = 9 horas prevalencia 2 15 vezes maior aas negativa or 2 15 ic95 1 01 4 56 conclusao estudo revelou elevada prevalencia if durante pandemia_covid_19 alem disso evidenciou associacao if marcadores_bioquimicos alteracoes niveis hemoglobina_glicada maior prevalencia rcv adicionalmente if cs analise conjunta simultanea mostraram associacao aas negativa fim ma qualidade sono estar home office associados if estudo ressalta importancia comprometimento efetivo parte fomentadores politicas_publicas governantes profissionais_saude pesquisadores estabelecer medidas incentivem facilitem adocao estilos vida ativos beneficios inquestionaveis saude bem estar populacao,5179,0.931124317889733
57,"depressao, sintomas_depressivos, universitarios, comportamentos, sintomas_ansiedade, estudantes_universitarios, alcool, tmc, sintomas_depressao, transtornos_mentais",avicultura brasil vem crescendo ultimos anos pais sido considerado maior exportador mundial terceiro maior produtor carne frango consumo desta fonte proteina aumentado significativamente mudanca alimentar populacao busca habitos saudaveis decorrencia deste crescimento tanto mercado nacional quanto internacional tornado exigente relacao qualidade_microbiologica produtos alimentares carne frango pode entanto servir veiculo inumeros microrganismos patogenicos listeria_monocytogenes causadora listeriose doenca grave alta taxa mortalidade pode desenvolver meningite septicemia recem_nascidos idosos imunocomprometidos assim aborto gestantes estudo objetivos caracterizacao fenotipica genotipica cepas l_monocytogenes previamente isoladas processamento carne frango tanto realizadas analises susceptibilidade antimicrobiana determinacao concentracao minima inibitoria cim agentes sanitizantes comerciais sorotipagem molecular genotipagem eletroforese gel campo pulsado pfge alem disso tecnica pcr tempo real q pcr avaliada usando alvo gene hly empregada caldo enriquecimento usado pesquisa l_monocytogenes trinta sete 37 cepas l_monocytogenes estudadas dessas seis 6 mostraram beta hemolise negativas embora detentoras gene hly responsavel expressao listeriolisina proteina responsavel hemolise sanguinea todas cepas identificadas pertencentes sorotipos 1 2a 1 2c pfge revelou 5 clusters diferentes similaridade genetica cepas = 69 73 cepas multidroga resistentes sendo resistentes menos 3 antibioticos classes farmacologicas diferentes 100 sensiveis agentes sanitizantes avaliados acido peracetico cloreto benzalconio clorexidine hipoclorito sodio quaternario amonio q pcr identificou 20 isolados enquanto metodo bacteriologico identificou 14 tendo sensibilidade 64 especificidade 88 acuracia 89 valor p 0 26 comparado metodo padrao valores elevados indicam metodo potencial ser utilizado alternativa metodo padrao triagem pois diminui identificacao incorreta garante qualidade carne frango proporciona deteccao rapida l_monocytogenes produtos alimentares principalmente cepas apresentaram sorotipos comuns casos surtos listeriose humana alta resistencia antimicrobiana representa potencial ameaca saude_publica,2212,0.8956212332458084
58,"sars, pandemia, covid_19, cov, pandemia_covid_19, virus, distanciamento, coronavirus, zika, contemplacao",relacao doencas cronico metabolicas desenvolvimento intrauterino bem documentada literatura academica diversos estudos relacionam transicao nutricional origem desenvolvimentista saude doenca associacao desnutricao materna baixa estatura evidenciada diversos estudos estando associada retardamento desenvolvimento intrauterino hipertensao_arterial doencas_cardiovasculares dcv considerando alta prevalencia dcvs associacao estresse_oxidativo disfuncoes cardiacas objetivo deste estudo investigar efeitos alfa tocoferol tempol sobre modulacao autonomica cardiaca ratos submetidos desnutricao intrauterina avaliar impacto tratamento estresse_oxidativo regulacao atpases transportadores ca2+ ventriculo esquerdo ratos submetidos retardo crescimento intrauterino atraves inducao restricao dietetica maes durante periodo gestacional parte femeas tratada alfa tocoferol tempol idade adulta observado restricao dietetica materna induziu prole adulta aumento pressao_arterial media basal aumento valores oscilacoes frequencia baixa frequencia baixa analise espectral pressao_arterial sistolica analise espectral intervalo pulso animais desnutridos intrauterinamente apresentaram aumento valores oscilacoes frequencia baixa diminuicao oscilacoes frequencia alta alteracoes ocorreram simultaneamente elevacao estresse_oxidativo alteracao funcao atpases cardiacas transportadoras calcio tratamentos tocoferol tempol preveniram alteracoes pressao_arterial media variabilidade pressao_arterial sistolica intervalo pulso induzidas desnutricao intrauterina assim preveniram estresse_oxidativo dados indicam tratamentos alfa tocoferol tempol previnem ativacao sistema_nervoso simpatico induzida desnutricao intrauterina pode ser mecanismos etiologicos favorecem desenvolvimento hipertensao_arterial vida adulta,4598,0.9891760082788448
58,"sars, pandemia, covid_19, cov, pandemia_covid_19, virus, distanciamento, coronavirus, zika, contemplacao",objetivo estudo objetivo principal investigar contribuicao agricultura_familiar compra alimentos_in_natura minimamente processados programa_nacional_alimentacao_escolar especificamente visa determinar media aquisicao alimentos agricultura_familiar brasil classificar alimentos adquiridos municipios conforme grupos guia_alimentar_populacao_brasileira metodos trata estudo_transversal cujo dados_secundarios coletados sistema gestao prestacao compras fnde municipios brasileiros ano 2016 identificados percentual compra af alimentos adquiridos quantidade cada alimento comprado valores pagos reais alem disso incluidas variaveis regioes pais indice desenvolvimento humano municipal cada municipio alimentos classificados 4 grupos conforme preconizado diretrizes guia_alimentar_populacao_brasileira analises estatisticas realizadas programa stata resultados municipios estudados 39 atingiram minimo estabelecido legislacao aquisicao alimentos agricultura_familiar apenas 18 adquiriram generos alimenticios oriundos agricultura_familiar resultados analises participacao energetica quantidade gramas recursos destinados cada grupos alimentos demonstraram maior contribuicao generos grupo alimentos_in_natura minimamente processados entidades cuja aquisicao produtos af superou 30 conclusoes compra_alimentos provenientes agricultura_familiar contribui maiores aquisicoes alimentos_in_natura minimamente processados,5149,0.9849094819897748
58,"sars, pandemia, covid_19, cov, pandemia_covid_19, virus, distanciamento, coronavirus, zika, contemplacao",sobrepeso obesidade aumentado forma epidemica publico pediatrico ultimas decadas tornando problema saude_publica brasil mundo excesso_gordura_corporal durante infancia pode perdurar fase adulta resultar desenvolvimento doencas metabolismo alteracoes diversidade funcoes microbiota_intestinal sido relatadas criancas sobrepeso obesidade presente estudo objetivo avaliar impacto obesidade_infantil sobre supercrescimento bacteriano intestino delgado scbid parametros_bioquimicos inflamatorios escolares desenvolveu estudo epidemiologico quantitativo transversal carater analitico exploratorio recorte projeto treinamento_fisico educacao nutricional estrategias modular microbiota_intestinal parametros metabolicos inflamatorios cardiovasculares escolares obesidade cooperacao estudo multicentrico coletas dados aconteceram maio dezembro 2022 participacao 109 criancas 7 11 anos matriculados rede publica ensino municipio joao pessoa  pb realizadas medidas_antropometricas tais peso estatura circunferencias dobras_cutaneas diagnostico nutricional acordo indicador imc i afericao pressao_arterial alem disso coletadas amostras sangue mensuracao perfil_bioquimico inflamatorio avaliacao scbid realizado teste respiratorio hidrogenio exalado resultados indicaram escolares obesidade apresentaram valores elevados triglicerideos 95 0mg dl + 35 4 creatinina serica 0 62mg dl + 0 13 interleucina 2 8 8pg ml + 3 6 ademais aumento indicadores risco_cardiovascular pas 110 6mmhg + 13 2 pad 65 0mmhg + 10 9 rcq 0 88cm + 0 06 comparado grupo eutrofia respeito scbid maior prevalencia casos participantes obesidade entretanto diferenca significativa relacao grupo eutrofia portanto visto obesidade escolares apresentou relacao algumas alteracoes metabolicas faz necessario ter conhecimento dessas repercussoes realizadas formulacao execucao estrategias combate prevencao atividades educacao nutricional estimulo pratica_atividade_fisica adotados ambiente_escolar social desse publico fim minimizar possiveis complicacoes advindas obesidade longo prazo,4591,0.9845404632034391
58,"sars, pandemia, covid_19, cov, pandemia_covid_19, virus, distanciamento, coronavirus, zika, contemplacao",crenca algum auxilio nutricional possa supostamente melhorar rendimento fisico prevalente meio esportivo muitos atletas acreditam dao enfase uso suplementos dieteticos creatina suplemento estudado literatura_cientifica consumido atletas praticantes exercicio_fisico usuarios esperam obter adaptacoes morfo fisiologicas assim ter influencia positiva desempenho composicao_corporal objetivo deste estudo avaliar efeitos psicobiologicos suplementacao oral creatina desempenho neuromuscular tanto 12 homens treinados 25 2 + 3 4 anos 179 5 + 4 6 cm 84 9 + 8 7 kg selecionados conveniencia todas avaliacoes composicao_corporal desempenho neuromuscular realizadas antes apos tratamentos composicao_corporal realizada utilizando bioimpedancia octapolar forca maxima 1rm resistencia forca 4 series repeticoes maximas 70 1rm determinadas exercicio supino horizontal cada individuo passou todas etapas tratamento sistema cruzado contrabalanceado participantes receberam consumo diario 20 gramas creatina amido milho somados 10 gramas maltodextrina durante 5 dias investigar diferencas efeitos fisiologicos psicologicos placebo suplementacao participantes informados andamento pesquisa receberiam dois tipos creatina objetivo comparar efeitos ambas averiguar superior outra ambos suplementos creatina placebo alocados potes igual aparencia contendo dose diaria horarios consumo quantidade hidrica cada dose padronizado durante todo estudo durante consumo creatina observadas alteracoes significativas peso_corporal massa livre gordura massa_muscular agua corporal total p > 0 05 refere modificacoes manifestacoes forca aumentos significativos forca maxima 1rm ambos tratamentos porem resistencia forca individuos suplementados creatina executaram repeticoes crea pre = 23 8 + 7 9 reps pos = 27 3 + 5 4 reps = +14 7 p =0 036 g = 0 53 vs pla pre = 25 1 + 6 9 reps pos = 25 4 + 7 1 reps = +1 2 p = 0 414 g = 0 06 conseguiram ter volume total maior crea pre = 1791 + 592 4 pos = 1991 + 395 4 = +11 1 p = 0 038 g = 0 52 vs pla pre = 1848 + 422 9 pos = 1875 + 450 1 = +1 4 p = 0 402 g = 0 07 comparados consumiram placebo conclusao resultados desta investigacao amostra especifica condicoes experimentais suplementacao creatina modificou composicao_corporal forca maxima individuos eficiente ergogenica fisiologica resistencia forca contribuindo aumento quantidade trabalho realizado volume total,4453,0.9258109609518232
58,"sars, pandemia, covid_19, cov, pandemia_covid_19, virus, distanciamento, coronavirus, zika, contemplacao",coronavirus disease 19 covid_19 doenca causada virus rna denominado sars cov 19 ingles severe acute respiratory syndrome coronavirus sabe administracao vacinas principais funcoes inducao anticorpos neutralizantes tratando especificamente covid_19 principais imunoglobulinas destacam frente resposta imune sars cov 2 igm igg iga atualmente imunizacao populacao profissionais_saude considerada ferramenta eficaz controle pandemia sendo assim objetivo deste estudo quantificar avaliar associacoes sociodemograficas titulos igg contra sars cov 2 antes apos vacinacao profissionais_saude municipio interior pernambuco presente estudo deu municipio vitoria santo antao pe contou participacao profissionais vinculados diretamente secretaria saude municipio exercicio profissional realizadas coletas sorologicas periodo 16 03 2021 04 05 2021 primeira deu antes recebimento vacina segunda apos recebimento imunizante coleta pos vacina ocorreu 19 79 dias apos administracao imunizante posterior analise sorologica valores referencias classificados negativos proporcoes anticorpos <0 8 inconclusivos = 0 8 <1 1 positivos razao =1 1 participaram pesquisa 20 vinte individuos idade 22 54 anos media 33 2+ 8 5 anos apos 2a dose vacina coronavac sinovac life sciences 95 n=19 participantes produzindo imunoglobulinas especificas contra sars cov 2 apenas 1 individuo apresentou resultado inconclusivo apos receber duas doses imunizante encontrado aumento titulos anticorpos vacina comparados titulos antes vacina todas ocupacoes encontrou diferenca estatistica niveis igg profissionais disseram ter tido sintomas covid_19 n=8 apresentaram media valor igg 2 164 + 1 625 antes vacina 4 708 + 2 420 apos administracao imunizante versus relataram apresentar 0 3825 + 1 015 antes vacina 3 827 + 1 763 apos vacina encontrada diferenca estatistica faixa etaria observada correlacao titulos igg intervalo dias segunda dose imunizante coleta pos vacina observou significancia estatistica niveis igg ps antes apos vacina informaram apresentar comorbidades versus relataram pode concluir frequencia alta profissionais_saude 95 produziu imunoglobulinas especificas contra sars cov 2 apos duas doses vacina achados corroboram estudos publicados respeito inducao resposta imune humoral induzida coronavac infere eficacia vacinas contra covid_19 todos tipos populacoes continua ser avaliada certas duvidas sobre influencia fatores derivados hospedeiro idade comorbidades tempo producao anticorpos neutralizantes pos vacina sendo estudados,4593,0.9251541357168449
59,"secagem, ultrassom, extracao, termossonicacao, vacuo, refrigeracao, impregnacao, temperatura, filmes, temperaturas",apesar relevancia clinica dores musculares cronicas mecanismos subjacentes cronificacao ainda completamente elucidados sabe modulacao dor pode ocorrer nivel sistema_nervoso periferico sistema_nervoso_central sendo medula espinhal local transmissao dor periferia sistema_nervoso superior pode sofrer influencia celulas redor modo modificar comunicacao sinaptica assim podendo induzir potencializacao dor celulas glia principalmente astrocitos microglias corno dorsal medula espinhal desempenham importante papel sistema imunologico sistema_nervoso_central associadas diversas condicoes dolorosas cronicas expressao receptores p2x4 p2x7 neuronios sensoriais microglias sendo amplamente investigados contexto desenvolvimento manutencao dor cronica recentemente grupo pesquisa demonstrou exercicio_fisico capaz ativar receptores pparg celulas sistema imune periferico modo modular desenvolvimento hiperalgesia persistente alem disso receptores pparg medula espinhal envolvidos processo modulacao dores cronicas sendo assim utilizando modelo hiperalgesia persistente mimetiza cenario onde ocorre cronificacao dor investigamos envolvimento astrocitos microglias receptores p2x4 p2x7 ppag fase cronificacao dor presente estudo demonstrou microglias astrocitos participam inducao manutencao dor modelo hiperalgesia muscular persistente relacao participacao receptores purinergicos p2x4 p2x7 encontrado envolvimento desses receptores fase aguda persistente hiperalgesia muscular alem disso visto receptores pparg ativados via exercicio_fisico participam ambas fases hiperalgesia muscular persistente,3986,0.9886980723962933
59,"secagem, ultrassom, extracao, termossonicacao, vacuo, refrigeracao, impregnacao, temperatura, filmes, temperaturas",adolescencia periodo nutricionalmente vulneravel dados atuais demonstram aumento prevalencia excesso_peso nesta faixa etaria associada provavel deficiencia micronutrientes vitaminas lipossoluveis obesidade sido associada quadro inflamatorio cronico baixa intensidade evidencias sugerem maior adiposidade presenca inflamacao pode ocorrer diminuicao concentracao vitaminas lipossoluveis adolescentes neste trabalho investigado prevalencia fatores_associados deficiencia vitaminas d caroteno adolescentes escolares nordeste brasil verificado associacao estado_inflamatorio adiposidade concentracoes vitaminas lipossoluveis adolescentes tal realizado estudo_transversal escolas_publicas cidade recife envolvendo adolescentes faixa etaria 12 19 anos ambos_sexos periodo marco abril 2013 excluidos adolescentes faziam uso farmacologico vitamina_d polivitaminicos ultimos 3 meses coleta dados realizada mediante aplicacao questionario abordando variaveis socio demograficas estilo_vida consumo_alimentar adolescentes seguida realizou avalicao antropometrica coleta sangue analise concentracoes sericas 1 glicoproteina acida aga retinol caroteno tocoferol 25_hidroxivitamina d 25 oh d resultados encontrados indicam adolescentes apresentam inadequacao ingestao vitaminas 50 3 94 0 d 99 8 assim insuficiencia deficiencias niveis sericos tocoferol 88 1 caroteno 74 1 25 oh d 50 9 retinol 46 6 observado maior risco deficiencia tocoferol meninas rp=1 11 maior risco insuficiencia 25 oh d meninos rp=1 41 bem maior probabilidade insuficiencia caroteno rp=1 14 25 oh d rp=1 38 excesso_peso niveis aga maiores presenca obesidade_abdominal adolescentes ambos_sexos segundo avaliacao sexo meninos niveis sericos tocoferol insuficientes expressaram niveis reduzidos aga p=0 03 apresentaram maior risco deficiencia 25 oh d caroteno adiposidade total abdominal enquanto meninas mostraram maior risco insuficiencia caroteno obesidade_abdominal conclui adolescentes apresentam risco potencial inadequacao vitaminas lipossoluveis fatores sexo excesso_peso parecem interferir concentracoes sericas destas vitaminas alem disso adiposidade_abdominal reflete maior risco inflamacao causa alteracoes distintas concentracoes vitaminas lipossoluveis acordo sexo entanto investigacoes futuras necessarias melhor compreensao comportamento dessas vitaminas adolescentes frente adiposidade inflamacao palavras chave vitaminas lipossoluveis adolescentes inflamacao excesso_peso,1698,0.9868993137059895
59,"secagem, ultrassom, extracao, termossonicacao, vacuo, refrigeracao, impregnacao, temperatura, filmes, temperaturas",presente estudo investigamos efeito atividade_fisica dieta_hipoproteica materna sobre nivel expressao_genica bdnf ntf4 nt 4 ntrk2 trkb igf 1 igf 1r diferentes areas cerebro materno hipotalamo hipocampo cortex placenta cerebro fetos ratas linhagem wistar n=20 alojadas individualmente gaiolas atividade_fisica voluntaria contendo roda corrida nessas gaiolas acoplados ciclocomputadores permitiram registro distancia percorrida estimativa gasto calorico tempo atividade ratas passaram periodo adaptacao 30 dias recebendo neste periodo dieta manutencao ain 93m posteriormente classificadas acordo nivel diario atividade_fisica inativas n=11 ativas n=9 apos deteccao prenhez metade cada grupo experimental recebeu dieta normoproteica 18 proteina outra metade recebeu dieta_hipoproteica 8 proteina durante periodo gestacao 20º dia gestacao coletados cortex hipotalamo hipocampo maes placenta cerebro filhotes analise expressao_genica utilizando tecnica pcr quantitativo resultados demonstraram dieta_hipoproteica durante gestacao provocou aumento expressao igf 1r bdnf hipotalamo aumento igf 1r ntrk2 trkb hipocampo aumento bdnf ntrk2 trkb igf 1 igf 1r cortex adicao reducao expressao igf 1 placenta reducao expressao igf 1r ntrk2 trkb cerebro filhotes vimos pratica_atividade_fisica materna capaz atenuar efeitos desnutricao proteica materna sobre expressao igf 1r hipotalamo igf 1r ntrk2 trkb hipocampo igf 1 placenta ntrk2 trkb cerebro filhotes resultados indicam i dieta_hipoproteica atividade_fisica materna podem influenciar expressao_genica alguns fatores neurotroficos cerebro materno placenta cerebro feto ii pratica_atividade_fisica antes durante gestacao capaz atenuar efeitos dieta_hipoproteica materna relacao expressao alguns genes relacionados crescimento prole iii existe interacao importante organismo materno desenvolvimento placentario controle expressao_genes relacionados crescimento fetal,2893,0.9866189735560659
59,"secagem, ultrassom, extracao, termossonicacao, vacuo, refrigeracao, impregnacao, temperatura, filmes, temperaturas",doenca_renal_cronica drc destacado doencas_cronicas_transmissiveis dcnt funcao aumento expressivo taxas incidencia prevalencia terapia renal substitutiva trs torna necessaria muitos casos sendo hemodialise hd tratamento comum embora hd eficaz aumentar taxas sobrevida mortalidade pacientes ainda alta alimentacao papel fundamental tratamento diante disso propomos avaliar associacao consumo_alimentos minimamente processados ultraprocessados fatores_socioeconomicos habitos vida caracteristicas clinicas usuarios servicos hemodialise regiao metropolitana grande vitoria rmgv espirito santo fins desta pesquisa alimentos agrupados segundo criterios classificacao_nova conforme caracteristicas proposito extensao processamento industrial submetidos resultados mostraram apresentaram chances menor consumo_alimentos minimamente processados usuarios menos 8 anos escolaridade or 1 706 ic95 1 125 2 589 p=0 012 renda menor igual dois salarios_minimos or 1 349 ic95 1 007 1 806 p=0 045 relacao ultraprocessados individuos 19 29 anos apresentaram maior chance consumo or 2 857 ic95 1 464 5 576 p=0 002 analisando profissao usuarios aposentados afastados doenca apresentaram 41 1 menos chances apresentarem maior consumo_alimentos ultraprocessados or 0 589 ic95 0 432 0 804 p=0 001 mesma forma exercer atividade laboral reduziu chances individuos consumirem grupo alimentos or 0 566 ic95 0 339 0 945 p=0 029 praticavam atividade_fisica apresentaram 36 2 menos chances consumo_alimentos ultraprocessados or 0 638 ic95 0 459 0 888 p=0 008 relacao tabagismo ser fumante atual aumentou 2 3 vezes risco consumirem alimentos_ultraprocessados or 2 349 ic95 1 237 4 462 p=0 009 relacao fumavam mesma forma possuiam habito consumir bebida alcoolica 1 8 risco consumo desses alimentos or 1 835 ic95 1 122 3 001 p=0 016 finalmente constatou pacientes 6 anos tratamento quase 2 vezes chances consumo_alimentos ultraprocessados or 1 975 ic95 1 227 3 180 p=0 005 relacao menos tempo tratamento torna necessario avaliar consumo_alimentar meio desses grupos alimentares pois permite identificar vulnerabilidade populacao excessos alimentares assim adequar propor medidas intervencao garantam saude usuarios servicos hd,3619,0.9865181457719732
59,"secagem, ultrassom, extracao, termossonicacao, vacuo, refrigeracao, impregnacao, temperatura, filmes, temperaturas",ingestao high fat diet dieta_rica_gordura hfd durante gestacao lactacao sido associada aumento risco desenvolvimento disturbios cardiorrespiratorios prole adulta investigamos enriquecimento dieta_hiperlipidica omega_3 capaz atenuar alteracoes cardiorrespiratorias prole resultantes consumo mesma prole ratos_wistar alimentada dieta controle gc 19 lipidios razao 6 3 = 12 66 hiperlipidica hf 33 lipidios razao 6 3 = 21 22 hiperlipidica enriquecida omega3 hfo3 33 lipidios razao 6 3 = 9 45 durante gestacao lactacao filhotes machos avaliados parametros consumo_alimentar prole medidas murinometricas niveis sericos marcadores metabolicos frequencia respiratoria fr volume corrente vt ventilacao ve avaliados longo vida 1 7 14 21 30 90 300 dias medidas diretas pressao_arterial media pam frequencia_cardiaca fc frequencia respiratoria fr variabilidade respiratoria vr cardiaca vc avaliadas ratos conscientes adultos 90 300 dias comparacao grupos feita atraves anova one way considerado p <0 05 significativo hfd materna aumentou peso_corporal nascimento provocou dislipidemia niveis elevados glicose jejum grupo hf enriquecimento 3 hfd materna reduziu peso_nascer levou melhora perfil_lipidico glicemico bioquimico transaminases grupo hfo3 inicio vida adulta entanto final idade adulta prole melhora nesses parametros_bioquimicos grupo hf apresentou aumento fr 1º 14º dia momento basal bem diminuicao vt 14º diminuicao vt 14º 21º dia resposta hipoxia induzida relacao variabilidade respiratoria grupo hf apresentou menor valor componente sd1 7º dia maior componente sd2 14º dia hfo3 mostrou sd1 aumentado 21º dia alem disso tanto hf quanto hfo3 apresentaram diminuicao banda lf razao lf hf variabilidade frequencia_cardiaca dominio frequencia 90º 300º dia entanto apenas hf apresentou aumento pam 90º dia tanto hf quanto hfo3 apresentaram pam aumentada 300º dia comparados controle achados mostram consumo materno dieta rica 3 capaz atenuar prevenir prejuizos metabolicos induzidos hfd materna prole inicio idade adulta idades tardias hfd materna leva aumento frequencia respiratoria durante periodo maturacao rede neural respiratoria diminuicao variabilidade frequencia_cardiaca inicio precoce hipertensao prole alem disso hfd materna enriquecida 3 capaz mitigar efeitos deleterios 8 sobre parametros ventilatorios durante periodo maturacao rede neural impediu inicio precoce hipertensao prole,3732,0.9861416156530775
60,"snp, snps, polimorfismos, hla, alelo, bsmi, fto, alelos, rs9939609, polimorfismo",desenvolvimento microbiota gastrointestinal primeiras fases vida relacionado saude individuo longo prazo tipo leite leite_materno formula infantil recebido recem_nascidos lactentes pode influenciar composicao rda microbiota estudo meio revisao_sistematica objetivo revisar sistematicamente literatura avaliar consumo formulas infantis suplementadas prebioticos capaz modular composicao_microbiota gastrointestinal infantil menos ano vida protocolo estudo registrado prospero international prospective register of systematic_reviews utilizou sete bases dados pubmed web of science scopus embase fsta cinahal open grey buscar ensaios_clinicos randomizados atendessem determinados criterios inclusao exclusao risco vies avaliado ferramenta risk of bias 2 rob 2 total 3164 resumos identificados 14 estudos elegiveis submetidos extracao dados meio formulario especifico estudo formulas suplementadas galacto oligossacarideos gos capazes estimular colonizacao genero bifidobacterium formulas fruto oligossacarideos fos quatro ensaios observaram aumento genero encontrou diferenca grupos avaliados analisaram suplementacao gos fos dois ensaios observaram aumento genero bifidobacterium enquanto tres trabalhos encontraram diferencas uso polidextrose gos oligofrutose inulina capazes aumentar colonizacao genero filo bacteroidetes apenas ensaio oligofrutose inulina capaz aumentar colonizacao unico ensaio gos capaz aumenar contagens lactobacillus genero clostridium reducao colonizacao observada formulas infantis gos dois estudos polidextrose gos scgos lcfos estudo familia enterobacteriaceae estudo oligofrutose inulina apresentou reducao grupo prebiotico efeito microbiota depende tipo prebiotico utilizado tempo intervencao quantidade prebiotico suplementado formulas metodo analise variou pode ter interferido desfechos estudos clinicos randomizados qualidade patrocinio importantes definir efeitos resposta uso formulas prebioticos desenvolvimento microbiota lactentes,3703,0.9893293561306291
60,"snp, snps, polimorfismos, hla, alelo, bsmi, fto, alelos, rs9939609, polimorfismo",conflito siria levou migracao forcada milhares pessoas brasil poucos paises facilita emissao visto individuos recomecar vida zero refugiados precisam enfrentar novos desafios acostumar mudancas impostas novo contexto vivido inclusive alimentar dissertacao objeto praticas_alimentares refugiados sirios vivem rio janeiro estudo tipo descritivo desenvolvido meio abordagem qualitativa objetivos identificar mudancas permanencias relacionadas praticas_alimentares bem descrever barreiras facilitadores contribuem ruptura continuidade dessas praticas periodo pos refugio dados obtidos meio aplicacao questionario sociodemografico entrevistas_semiestruturadas observacao simples explorar praticas_alimentares participantes estudo transcricoes categorizadas analisadas meio analise conteudo tematica entrevistas refugiados expuseram pontos comum dificultavam impediam permanencia praticas_alimentares comuns vida siria periodo pos refugio barreiras manutencao praticas_alimentares relacionadas dificuldade encontrar produtos caracteristicos cultura alimentar siria comercio local custo elevado desses produtos encontrados falta habilidade tempo cozinhar quanto facilitadores disponibilidade restaurantes alimentos valorizada participantes pois algumas vezes motivados memoria afetiva reafirmacao identidade siria permitem acesso apesar custo elevado manter praticas_alimentares parece aproximar individuo terra natal forma parcial mudancas relacionam necessidade adaptacao contexto envolvidos novas condicoes vida vezes ilustradas insatisfacao quanto monotonia padrao alimentacao brasileira outras apreco alguns alimentos brasileiros adaptacao percebida forma integracao pertencimento novo ambiente,3696,0.9892520565591062
60,"snp, snps, polimorfismos, hla, alelo, bsmi, fto, alelos, rs9939609, polimorfismo",excesso_peso atinge metade populacao adulta mundo sendo forte fator risco doencas_cronicas trasmissiveis principal causa morte principalmente pessoas idade inferior 70 anos refere relacao excesso_peso mortalidade estudos mostrado resultados controversos nesse sentido presente trabalho investigou associacao prevalencias excesso_peso obesidade taxas mortalidade total especifica brasil argentina meio estudo ecologico prevalencias excesso_peso obesidade obtidas inquerito telefonico vigitel vigilancia fatores_risco protecao doencas_cronicas brasil enfr encuesta nacional factores riesgo enfermedades transmisibles argentina enquanto taxas mortalidade geral especificas canceres dependentes hormonios doencas_cardiovasculares obtidas sistema informacoes sobre mortalidade datasus brasil direcao estatisticas informacoes saude ministerio_saude argentina resultados analise regressao_linear mostraram associacoes negativas todas exposicoes desfechos argentina quais atenuadas apos ajuste potenciais fatores confusao brasil analise bruta encontrou associacao prevalencias excesso_peso obesidade taxas mortalidade geral especifica outro lado apos ajuste observou associacao positiva proporcao individuos classificados imc normal taxa mortalidade doencas_cardiovasculares = 5 14 ic95 0 84 9 45 negativa prevalencia excesso_peso taxa mortalidade = 4 03 ic95 8 05 0 02 conclui resultados associacoes prevalencias excesso_peso obesidade taxas mortalidade geral especifica inconsistentes tanto brasil quanto argentina,2131,0.988871054505686
60,"snp, snps, polimorfismos, hla, alelo, bsmi, fto, alelos, rs9939609, polimorfismo",celulas germinativas sofrem danos irreversiveis durante tratamento drogas citotoxicas ciclofosfamida cyp utilizacao reduz drasticamente fertilidade feminina visto farmaco induz maior recrutamento foliculos quiescentes antecipando menopausa cyp promove diversos danos celulares favorecem senescencia celular trabalho primeiro estudo avalia estrategias prevenir senescencia ovariana induzida cyp atraves administracao resveratrol res fisetina fis metformina met primeiro experimento elucidar efeito desses tres compostos intuito preservar reserva ovariana camundongos expostos cyp utilizadas 60 femeas c57bl 6 60 dias vida divididas seis grupos experimentais sendo controle ctl qualquer intervencao alem cinco grupos recebendo cyp destes recebeu nenhum tratamento adicional outros tres grupos receberam tratamentos isolados met fis res enquanto ultimo grupo recebeu combinacao fis+res animais eutanasiados apos duas semanas ovarios coletados analises reserva foliculos primordiais grupo cyp significativamente menor p=0 05 grupo ctl observamos diferenca estatistica relacao foliculos totais embora expressao_genica refletido resultados inconclusivos observamos reducao significativa expressao p16 grupo combinacao fis+ res+cyp p=0 05 maior marcacao lipofuscina grupo cyp demais grupos p=0 05 portanto observamos cyp causou danos celulares promoveram maior senescencia ovarios grupo recebeu somente cyp demonstrando assim intervencoes propostas preveniram danos resultariam formacao celulas senescentes reserva ovariana afetada cyp entanto tratamentos apresentaram apenas efeito protetivo parcial,3861,0.9883012494206684
60,"snp, snps, polimorfismos, hla, alelo, bsmi, fto, alelos, rs9939609, polimorfismo",acao sistemica quimioterapia principais terapias tratamento cancer sendo ciclofosfamida cf antineoplasico utilizado entretanto devido acao toxica associados farmaco inumeros efeitos colaterais imunossupressao alteracao parametros estresse_oxidativo hepatotoxicidade perda_peso administracao probioticos alternativa modulacao sistema imune promocao melhora nesses parametros vem sendo estudada levedura pichia pastoris p pastoris pp comumente usada producao proteinas recombinantes larga escala alguns estudos vem demonstrado levedura possui propriedades probioticas porem efeito sobre imunossupressao estresse_oxidativo induzidos tratamento cf ainda avaliados objetivo presente estudo avaliar efeito suplementacao levedura p pastoris sobre perfil sanguineo estresse_oxidativo desempenho alimentar modelo imunossupressao induzida quimioterapia cf camundongos_swiss tal fim 60 camundongos machos swiss 28 dias idade divididos duas repeticoes contendo 30 animais cada segregados quatro grupos grupo c controle grupo cf imunossuprimido cf dose 150 mg kg peso dia 13 outra 100 mg kg peso dia 16 estudo grupo pp suplementado diariamente 108 ufc animal p pastoris gavagem partir 12 dias antes primeira injecao cf fim estudo pp+cf imunossuprimido cf suplementado levedura analisados hemograma completo marcador renal perfil_lipidico glicose estresse_oxidativo histopatologia variacao peso consumo_alimentar sendo considerado nivel significancia 5 p<0 005 suplementacao levedura alem segura significativamente evitou leucopenia neutropenia sinalizou melhora parametros eritrograma contagem linfocitos reduziu peroxidacao lipidica ocorrencia lesoes rins reduziu estresse_oxidativo encefalo melhorou conversao alimentar grupo recebeu farmaco animais saudaveis alem segura significativamente benefica eficiencia alimentar aumento leucograma eritrograma reducao peroxidacao lipidica rins encefalo conclui levedura apresenta propriedades probioticas segura administracao animais sadios imunossuprimidos,2138,0.9830534285299435
61,"placenta, mir, femeas, placentario, desmame_precoce, let, fetal, mirnas, placentaria, expressao",estudo objetivou analisar diferentes sitios anatomicos regiao abdominal determinar parametro posicional identifica maior concentracao tecido_adiposo visceral tav confere maior risco_cardiometabolico trata estudo metodologico envolvendo profissionais adultos ambos_sexos hospital publico realizado 2020 tav avaliado ultrassonografia tres sitios anatomicos abdominais circunferencia_abdominal ca mensurada utilizando sete protocolos distintos incluidos 106 individuos mediana idade 42 36 8 46 2 anos avaliacao calibracao intra interavaliadores procedimento ultrassonografico analise tav evidenciou alta reprodutibilidade padrao distribuicao gordura_abdominal apresentou diferenca sexos maiores medias tav sexo_masculino p<0 05 maiores medias tas sexo_feminino p<0 005 observou varredura abdominal mulheres maior concentracao tav menor concentracao tas regiao estreita crista iliaca ultima costela p<0 001 sexo_masculino perfil disposicao adiposa longo abdomen mostrou uniforme p>0 05 correlacoes tav mensurado usg parametros cardiometabolicos relativamente fortes regioes superiores abdomen p<0 05 conclusao mulheres concentram tav regiao abdominal estreita homem concentracao tav manteve disposta uniformemente longo abdomen relativa superioridade predicao risco_cardiometabolico regiao superior abdomen ambos_sexos,3719,0.9881446960887003
61,"placenta, mir, femeas, placentario, desmame_precoce, let, fetal, mirnas, placentaria, expressao",parkinson doenca cronica atinge neuronios dopaminergicos levando morte mesmos causando sintomas bradiscinesia rigidez postural tremor repouso doenca ocorre normalmente fase idosa atinge pessoas jovens denominada inicio precoce causalidade maioria mutacoes gene park2 codifica proteina parkin sabe alem sintomas citados sarcopenia pode aparecer decorrer doenca disturbio relacionado desregulacoes turnover proteico disfuncoes mitocondriais nesse sentido enfatizamos processo denominado mitofagia autofagia seletiva mitocondrias disfuncionais pode ocorrer via pink1 parkin estudos confirmam animais parkin possuem mitofagia prejudicada tecido muscular podem ser afetados regeneracao contracao diante disso trabalho apresentado objetivou analisar tecido muscular esqueletico camundongos parkin meia idade 10 meses investigar vias mitofagicas dependente parkin bem biogenese mitocondrial vias sintese proteica,4250,0.9861462135311067
61,"placenta, mir, femeas, placentario, desmame_precoce, let, fetal, mirnas, placentaria, expressao",introducao sonolencia excessiva vigilia prolongada privacao restricao sono condicoes comuns trabalhadores turnos interferem integracao sensorio motora consequentemente performance psicomotora postural objetivo objetivo deste estudo investigar alteracoes desempenho psicomotor controle postural decorrencia turno trabalho tipo atividade ocupacional exercida trabalhadores turnos metodos participaram deste estudo 32 voluntarios 12 motoristas onibus turno rotativo escala trabalho 5x2 dias grupo 01 20 tecnicos polissonografia turno fixo noturno escala 12x36 horas grupo 02 avaliacoes realizadas dois dias primeiro dia avaliacao voluntarios assinaram tcle preencheram ficha identificacao individual alem disso colocado actigrafo punho dominante aferidas massa estatura corporais voluntarios segundo dia antes apos turno trabalho voluntarios responderam escala sonolencia karolinska sleepiness scale kss avaliados quanto desempenho postural mantendo posicao ereta sobre plataforma forca durante 30 segundos condicao olhos abertos fechados assim aplicado psycomotor vigilance task pvt durante 10 minutos avaliacao desempenho vigilancia psicomotora desta populacao nivel significancia considerado neste estudo 5 p 0 05 resultados resultados revelaram apos turno trabalho ambos grupos aumento significativo sonolencia tempo vigilia media tempo reacao assim reducao controle postural condicao olhos abertos condicao olhos fechados apos turno trabalho grupo 01 apresentou maior oscilacao postural comparado grupo 02 ademais ambos grupos media tempo reacao oscilacao postural aumentaram decorrencia aumento sonolencia bem numero lapsos atencao media tempo reacao aumentaram decorrencia aumento tempo vigilia apos turno trabalho modelo regressao_linear evidenciou oscilacao postural condicao olhos abertos pode ser explicada sonolencia indice_massa_corporal outro lado condicao olhos fechados observamos diminuicao oscilacao postural decorrencia aumento tempo vigilia posteriormente curva roc demonstrou alteracoes posturais psicomotoras capazes predizer identificar altos niveis sonolencia kss 7 trabalhadores turnos conclusao desempenho postural psicomotor mensurado meio plataforma forca teste vigilancia psicomotora capaz identificar sonolencia prejuizos vigilancia psicomotora indicando assim turnos rotativo fixo noturno duracao 08 12 horas causaram significantes alteracoes estabilidade postural estado alerta traz preocupacoes relevantes quanto riscos lesoes acidentes relacionados trabalho turnos palavras chave 1 equilibrio postural 2 desempenho psicomotor 3 transtornos transicao sono vigilia 4 trabalho turnos,1308,0.9859655281004228
61,"placenta, mir, femeas, placentario, desmame_precoce, let, fetal, mirnas, placentaria, expressao",brasil segundo ibge 2018 numero idosos 65 anos chegara 58 2 milhoes 2060 equivalente 25 5 estimativa populacao brasileira 2060 intercorrencia saude comum envelhecimento sarcopenia sarcopenia diminuicao massa forca funcionalidade musculatura esqueletica neste estudo associamos exercicio_fisico domiciliar suplementacao gaba neurotransmissor inibitorio sistema_nervoso_central estimulador liberacao fatores crescimento relacionados musculo_esqueletico promovendo protecao neuronios motores inervantes estimulando sintese proteica pesquisa longitudinal base domiciliar corte transversal duplo cego randomizado grupo_controle voluntarios idosos idade acima 65 anos randomizados dois grupos grupo gaba gg n = 13 grupo placebo gp n = 13 todos voluntarios independente suplementacao realizaram programa exercicio_fisico domiciliar intervencao durou 16 semanas sessoes treinamento feitas forma individual casas idosos 3 vezes semana orientacao voluntario ingerisse capsula suplementacao placebo todos dias durante 16 semanas composicao_corporal cada idoso avaliada balanca bioimpedancia tetrapolar testes escolhidos avaliacao funcional testes aptidao fisica idoso voluntarios responderam questionarios sono stress questionarios alimentares,4761,0.9846261680638292
61,"placenta, mir, femeas, placentario, desmame_precoce, let, fetal, mirnas, placentaria, expressao",formacao docente profissionais atuacao ensino superior vem sendo amplamente discutida diante demandas impostas atual realidade educacional brasileira discussao formacao docente universitaria programas pos graduacao stricto sensu possiveis consequencias falta iniciativas insuficiente valorizacao institucional orgaos fomento avaliacao faz necessaria centralidade formacao pesquisador constitui logica nacional estabelecida muitos cursos pos graduacao stricto sensu fato leva descuido formacao pedagogica didatica novas geracoes mestres doutores avaliacao reflexiva sistematica formacao docente pos graduacao stricto sensu pos graduandos professores exercicio oportunizara discussoes sobre formacao futuro professor revelara sob diferentes perspectivas dimensoes papel academico formador compromisso educacional programas pos graduacao stricto sensu universidades brasileiras neste sentido objetivo principal deste estudo tracar painel formacao docente pos graduacao stricto sensu area biologicas saude enfase investigacao principais contribuicoes motivacoes expectativas professores discentes unicamp reconhecem ambito construcao docencia ensino pos graduacao dados coletados duas fases fase 1 aplicacao questionario anonimo semiestruturado questoes abertas fechadas dicotomicas multipla escolha escala likert direcionado 46 estudantes pertencentes programas pos graduacao ciencias farmaceuticas faculdade ciencias farmaceuticas biologia funcional molecular instituto biologia enfermagem faculdade enfermagem ciencias nutricao esporte metabolismo faculdade ciencias aplicadas unicamp fase 2  realizacao entrevista individual semiestruturada remota questoes abertas direcionadas quatro pos graduandos quatro docentes pertencentes programa pos graduacao ciencias nutricao esporte metabolismo fca resultados tanto fase 1 baseada percepcao discente quanto fase 2 apresentados diferentes perspectivas dimensoes formativa didatico pedagogica reflexiva discentes docentes apontam priorizacao formacao pesquisadores detrimento formacao professores revelam informacoes reforcam falta interesse reflexao parte programas pos graduacao stricto sensu sobre formacao docente atuacao ensino superior percepcao pos graduacao comete erros tentar buscar aprimoramento constante formacao academica pos graduandos diante disso entendemos instituicoes ies capes ministerio educacao papel importantissimo acompanhar respaldar programas pos graduacao stricto sensu somente atraves resultados avaliacoes internas externas sistematizadas principalmente elaboracao planejamento pedagogico va encontro planejamento institucional fim verdadeiramente qualificar recursos humanos atuarem docencia,3566,0.9842876792569537
62,"cirurgia_bariatrica, intervencao, cirurgia, operatorio, grupo_intervencao, bgyr, pre_operatorio, roux, reganho, perda_peso",dieta atkins modificada dam mostrado resultados promissores controle crises epilepticas individuos epilepsia farmacorresistente embora perda_peso efeito colateral reconhecido escassez dados sobre mudancas composicao_corporal massa_gorda massa_magra tanto curto quanto longo prazo estudo objetivo avaliar efeitos dam composicao_corporal adultos epilepsia farmacorresistente alem examinar variacoes consumo_alimentar cetose serica numero tipo crises epilepticas longo protocolo metodos recrutamento realizado dois centros referencia tratamento epilepsia santa catarina marco 2022 abril 2024 participantes avaliados quatro momentos fase pre dieta pd semana 4 s4 semana 12 s12 semana 24 s24 totalizando 6 meses acompanhamento consumo_alimentar analisado meio registro_alimentar 3 dias orientacao limitar ingestao carboidratos 20g dia fase pd composicao_corporal avaliada atraves medidas peso altura indice_massa_corporal imc circunferencias braco cb cintura cc alem densitometria absormetria radiologica dupla energia dxa registrados numero tipos crises epilepticas farmacos utilizados niveis cetose serica resultados estudo acompanhou 8 participantes longo 24 semanas igualmente distribuidos homens mulheres idades 23 46 anos media 38 25 + 8 27 observou reducao significativa crises focais pd s24 p = 0 018 enquanto crises bilaterais diminuiram significativamente pd s12 pd s24 p < 0 001 reducoes significativas peso circunferencia_cintura cc pd s4 p = 0 036 p < 0 001 respectivamente enquanto circunferencia_braco cb apresentou reducao significativa pd s12 p = 0 042 imc apresentou reducoes estatisticamente_significativas longo estudo apesar alteracoes medias durante visitas observadas mudancas estatisticamente_significativas composicao massa_gorda massa_magra consumo carboidratos apresentou reducao estatisticamente_significativa todos tempos relacao pd p < 0 001 enquanto ingestao lipideos mostrou alteracao significativa pd s12 s24 p < 0 001 ingestao_calorica proteica apesar oscilacoes medias apresentou alteracoes estatisticamente_significativas entanto observado aumento consumo proteico alguns participantes pd refletiu media geral 92 29 + 9 83 conclusao estudo corrobora resultados preliminares intervencoes dieta_cetogenica dc dieta atkins modificada dam controle crises epilepticas pacientes epilepsia farmacorresistente observadas mudancas significativas parametros_antropometricos peso imc cb cc embora sido identificadas alteracoes significativas composicao_corporal preservacao massa_magra considerada resultado positivo primeira conversa fornecida participantes s 4 parece ter influenciado reducao carboidratos antes previsto alem aumentar consumo proteinas embora orientacao sobre dieta enfatizado reducao 7 carboidratos manutencao niveis normais proteinas aumento ingestao lipidios participantes tenderam aumentar ingestao proteinas vez lipidios estudos futuros devem focar somente controle crises efeitos longo prazo dam composicao_corporal desses individuos alem avaliar protocolo dietetico sendo efetivamente seguido apos prescricao,5097,0.8466529650006726
62,"cirurgia_bariatrica, intervencao, cirurgia, operatorio, grupo_intervencao, bgyr, pre_operatorio, roux, reganho, perda_peso",evidencias sugerem adocao habitos vida saudaveis dentre melhor qualidade_dieta durante gestacao influenciam crescimento desenvolvimento fetal infantil objetivos 1 avaliar efeito protocolo aconselhamento nutricional baseado incentivo consumo alimentos_in_natura minimamente processados ganho_peso saudavel durante gestacao ingestao agua pratica_atividade_fisica gestantes adultas sobrepeso parametros_antropometricos infantis seis meses 2 avaliar efeito qualidade_dieta materna inicio gestacao parametros crescimento infantil nascer seis meses metodos 1 estudo integra atividades ensaio_clinico aleatorizado controlado conduzido 350 gestantes sobrepeso atendidas unidades_basicas_saude ubs ribeirao preto sp participantes alocadas aleatoriamente grupos tratamento intervencao gi controle gc mulheres alocadas gi receberam tres sessoes orientacao nutricional durante pre_natal orientacoes relacao ganho_peso adequado durante gestacao incentivo consumo alimentos_in_natura minimamente processados ingestao agua pratica_atividade_fisica evitando consumo produtos ultraprocessados realizadas duas avaliacoes participantes durante gestacao apos parto onde obtidos dados recem_nascido puerpera dados peso comprimento criancas seis meses obtidos levantamento dados_secundarios sistemas informacao prontuarios indices_antropometricos peso idade p i comprimento idade c i peso comprimento p c indice_massa_corporal_idade imc i calculados classificados acordo curvas organizacao_mundial_saude 2 qualidade_dieta materna inicio gestacao avaliada indice_qualidade_dieta adaptado gestantes iqdag composto nove componentes hortalicas leguminosas frutas frescas porcoes 1000 kcal ferro folato calcio omega_3 fibras percentual energetico proveniente consumo produtos ultraprocessados componente moderador modelos regressao_linear ajustados empregados investigar efeito intervencao qualidade_dieta gestantes valores escore z indices_antropometricos infantis nascer seis meses analises realizadas software spss nivel significancia p< 0 05 adotado resultados medias dp peso g comprimento cm criancas nascer 3234 0g 572 6 48 9cm 2 4 seis meses 7856 1 1 13 67 2 9 respectivamente 1 modelos regressao_linear ajustados observou efeito intervencao crescimento infantil seis meses p c escore z 0 089 ic 95 0 250 0 427 p=0 610 c i escore z 0 032 ic 95 0 299 0 363 p = 0 85 p i escore z 0 070 ic 95 260 0 400 p =0 680 imc i escore z 0 072 ic 95 0 270 0 414 p = 0 680 2 porem observou correlacao positiva consumo_frutas peso_nascer pn 0 166 ic95 0 014 0 236 p = 027 ingestao_calcio escore z peso_nascer pnz 0 151 ic95 0 000 0 002 p = 042 ingestao folato pn 0 171 ic95 0 000 0 001 p = 022 comprimento nascer 0 159 ic95 0 000 0 003 p = 034 ingestao ferro escore z comprimento nascer 0 157 ic95 0 001 0 017 p = 035 seis meses pontuacao iqdag associou positivamente comprimento idade escore z ciz 0 234 ic95 0 011 0 043 p = 001 consumo_frutas ciz 0 154 ic95 0 018 0 470 p= 035 peso idade escore z piz 0 159 ic95 0 027 0 481 p = 029 ingestao_calcio ciz 0 170 ic95 0 000 0 003 p = 019 conclusao 1 presente estudo protocolo aconselhamento nutricional aplicado durante pre_natal gestantes sobrepeso capaz influenciar parametros crescimento infantil seis meses amostra analisada 2 melhor qualidade_dieta inicio gestacao contribui crescimento fetal adequado influenciando positivamente parametros_antropometricos nascer seis meses,5032,0.826152243158767
62,"cirurgia_bariatrica, intervencao, cirurgia, operatorio, grupo_intervencao, bgyr, pre_operatorio, roux, reganho, perda_peso",aumento consumo_alimentos ultraprocessados aup acontece paralelamente aumento prevalencia excesso_peso obesidade alem disso desigualdade social presente brasil impactado situacao nutricional infancia objetivo identificar consumo aup associacao determinantes sociodemograficos excesso_peso escolares rede municipal ensino localizadas entorno abastecidas microbacias rios jundia ostras bioma mata atlantica municipio rio ostras rj metodos estudo_observacional carater transversal composto 420 escolares 6 10 anos dados consumo_alimentar coletados meio questionario alimentar dia anterior dados antropometricos atraves peso estatura dados_sociodemograficos atraves questionario autopreenchido responsavel analise consumo_alimentar utilizado classificacao_nova estado_nutricional classificado segundo imc idade oms analisadas escolaridade_materna renda_familiar beneficio bolsa familia cor_pele resultados observou consumo aup escolares dieta dia anterior 98 2 alimentos citados grupo bolacha pao refrigerantes sucos artificiais achocolatado leite quanto dados_sociodemograficos 67 3 escolaridade_materna > 8 anos estudo 43 3 pais_responsaveis recebiam 1 2 salarios_minimos 48 1 beneficiarios bolsa familia 73 7 autorreferiam pardos pretos apresentaram excesso_peso obesidade 30 1 14 8 escolares respectivamente associacao maior indice_massa_corporal menor consumo iogurte p<0 009 grupo beneficiario bolsa familia apresentou consumo 60 8 achocolatado leite comparado 43 2 grupo beneficiario p<0 045 escolares pardos pretos apresentaram consumo 81 7 bolacha pao comparados 62 2 brancos p<0 025 conclusao consumo_alimentos ultraprocessados elevado escolares considerando variaveis estudo ser beneficiario programa_bolsa_familia ser pardo preto determinantes consumo ultraprocessados enquanto excesso_peso associado grupo alimentos sugere politicas_publicas voltadas ambiente_escolar escolares residentes bioma mata atlantica atividades educativas alimentacao nutricao criancas responsaveis,4109,0.8190219361023441
62,"cirurgia_bariatrica, intervencao, cirurgia, operatorio, grupo_intervencao, bgyr, pre_operatorio, roux, reganho, perda_peso",refeicoes diferem termos combinacao alimentos qualidade nutricional objetivos estudo 1 desenvolver escala avaliar qualidade refeicoes lanches escolares segundo grau_processamento alimentos aplicacao teoria resposta item tri fornecer evidencias validade precisao escala 2 medir qualidade refeicoes amostras representativas escolares cidades tres regioes brasileiras nordeste sudeste sul meio nova escala avaliacao qualidade refeicoes lanches mesa analisar associacao status peso variaveis sociodemograficas comportamentais trata estudo psicometrico baseado modelo desdobramento graduado generalizado ggum tri analise dados_secundarios qualidade refeicao traco latente etapas desenvolvimento escala incluiram definicao traco latente geracao itens analise dimensionalidade estimativa parametros itens definicao niveis escala avaliacao validade precisao escala associacao qualidade refeicoes status peso variaveis sociodemograficas comportamentais investigada meio regressao multinominal onze itens apresentaram parametros adequados funcionamento diferencial sexo idade qualidade refeicoes categorizada tres niveis saudavel mista pouco saudavel pontuacoes altas indicam maior prevalencia alimentos_ultraprocessados refeicoes diarias todos lanches maior frequencia consumo_alimentos ultraprocessados escolares regioes nordeste sudeste sul apresentaram maior proporcao qualidade refeicoes lanches saudavel 41 8 misto 44 4 pouco saudavel 43 4 respectivamente associacao status peso escolares regiao nordeste relataram consumo_alimentar dias semana menor escore atividade_fisica uso dispositivos tela exibiram melhor qualidade refeicoes escolares 10 12 anos relataram consumo_alimentar final semana maior escore uso dispositivos tela menor frequencia_consumo alimentacao_escolar exibiram pior qualidade refeicoes resultados reforcam importancia estrategias promovam incentivem habitos saudaveis desde infancia diretrizes intervencoes voltadas promocao alimentacao_saudavel devem incluir orientacoes sobre refeicoes visto escolhas_alimentares variam refeicao refeicao resultado combinacoes alimentos especificos contribuem diferentes formas ingestao_energia nutrientes longo dia,5098,0.7908130561108523
62,"cirurgia_bariatrica, intervencao, cirurgia, operatorio, grupo_intervencao, bgyr, pre_operatorio, roux, reganho, perda_peso",observado ultimas decadas reducao frequencia preparo refeicoes casa consumo crescente alimentos_industrializados paralelo consumidores demonstrado interesse alimentos menos processados aditivos industriais cientes disso fabricantes alimentos utilizado rotulos alimentos_industrializados termo caseiro expressoes analogas regulamentados legislacao brasileira rotulagem alimentos entanto estudos analisaram lista ingredientes desses alimentos observaram presenca aditivos_alimentares indo desacordo esperado consumidores diante disso presente dissertacao mestrado objetivou identificar comparar similaridades divergencias ingredientes listados rotulos alimentos_industrializados termo caseiro analogos receitas culinarias tradicionais trata estudo_observacional transversal descritivo analitico analisou presenca termo caseiro expressoes analogas rotulos 7 828 alimentos_industrializados compoem censo rotulos conduzido 2020 partir alimentos identificados termo selecionadas receitas culinarias tradicionais correspondentes alimentos disponiveis livros receitas <dona benta comer bem= identificar alimentos analisados apresentavam principais ingredientes aditivos_alimentares listados receitas culinarias empregadas analises estatisticas descritivas termo caseiro analogos presente rotulo 104 alimentos classificados maioria n=55 55 89 ultraprocessados desses alimentos 46 44 23 pertenciam grupo alimentos 1 3 produtos panificacao cereais leguminosas raizes tuberculos derivados estabelecido rdc nº 359 2003 analise comparativa media ingredientes alimentos_industrializados n=51 media ingredientes receitas culinarias equivalentes n=52 mostrou receitas culinarias 6 80 ingredientes dp 2 81 ingredientes apresentaram numero estatisticamente maior p=0 0247 ingredientes alimentos_industrializados 6 14 ingredientes dp 2 53 ingredientes observou maior frequencia ingredientes processados in_natura minimamente processados analisar extensao proposito processamento industrial ingredientes listados receitas culinarias analise comparativa aditivos_alimentares alimentos_industrializados listados receitas culinarias equivalentes mostrou existencia diferenca estatisticamente significante p<0 0001 sendo frequencia maior grupo alimentos_industrializados aditivos_alimentares evidencia declarados rotulos alimentos_industrializados pertenciam classes funcionais conservantes corante fermento quimico aromatizante achados deste estudo enfatizam necessidade criacao regulamento tecnico especifico voltado utilizacao termo caseiro analogos rotulos alimentos_industrializados visto presenca desses termos rotulos alimentos_industrializados podem induzir consumidores equivoco quanto caracteristicas desses alimentos vez comparar ingredientes desses alimentos ingredientes receitas culinarias tradicionais percebe receitas baseadas principalmente alimentos_in_natura poucos aditivos_alimentares diferente encontra alimentos_industrializados comercializados,5095,0.788451194680997
63,"sono, trabalhadores, turno, emocional, turnos, comer, ocupacional, comportamento_alimentar, trabalhador, intuitivo",primeira_infancia periodo crucial desenvolvimento praticas_alimentares poderao permanecer decorrer vida periodo frequentemente surgem dificuldades alimentares resolvidas podem acarretar atrasos crescimento desenvolvimento_infantil estudo objetivo avaliar impacto alimentacao nutricao materna alimentacao infantil bem dificuldades alimentares desencadeadas tres primeiros anos vida fatores determinantes associados procedeu primeira etapa realizacao revisao integrativa embasada estrategia busca pico seguinte questao norteadora evidencias nutricao materna influencia disturbios nutricionais lactente segunda etapa realizada estudo corte transversal utilizacao amostra_representativa criancas menores tres anos municipio lavras sul minas gerais dados coletados meio questionario semi estruturado aplicado responsaveis dias atendimento pediatria unidades_basicas_saude visitas domiciliares avaliacao dificuldades alimentares utilizou escala brasileira alimentacao infantil consumo_alimentar avaliado meio marcadores consumo_alimentar sistema vigilancia_alimentar_nutricional estado_nutricional criancas classificado indicador indice_massa_corporal_idade forca associacao variaveis dependente independentes avaliada pelaodds ratio tanto analise bivariada quanto multipla p<0 05 partir estudo revisao constatou diversidade alimentar materna fatores protecao deficit estatura infantil preditor variedade alimentar filhos influenciando consequentemente consumo_alimentar criancas ademais praticas jejum alimentar motivos culturais religiosos fatores comuns desnutricao infantil determinadas populacoes segunda etapa deste estudo participaram 229 criancas seis 36 meses idade predominancia sexo_feminino 53 7 daquelas cor raca preta parda amarela indigena 70 3 prevalencia dificuldades alimentares 5 2 recebimento familia auxilio governo associou maior chance ocorrencia dificuldades alimentares or 6 237 ic95 1 179 32 992 passo ser sexo feminine configurou fator protecao or 0 115 ic95 0 018 0 722 conclui alimentacao materna fator protetor desenvolvimento disturbios nutricionais primeira_infancia criancas sexo_masculino pertencentes familias receberam auxilio financeiro governo chances apresentarem dificuldades alimentares torna necessaria criacao rede atencao especializada acolhimento conducao casos criancas primeira_infancia dificuldades alimentares bem familia minimizando efeitos negativos ocasionados condicao,4443,0.8598545125119332
63,"sono, trabalhadores, turno, emocional, turnos, comer, ocupacional, comportamento_alimentar, trabalhador, intuitivo",introducao sinalizacao colinergica mediada ativacao receptores muscarinicos nicotinicos sido descrita literatura sinalizacao classica importante regulacao resposta_inflamatoria pesquisas recentes investigado papel acetilcolina agonista fisiologico desses receptores controle homeostase energetica nivel central estudos demonstram camundongos expressam acetilcolina regioes cerebrais reguladoras homeostase energetica apresentam ganho_peso excessivo hiperfagia contudo ainda bem descrito literatura quais subunidades receptores colinergicos envolvidas mecanismo sinalizacao responsavel efeitos observados hipotalamo centro regulador homeostase energetica subunidade 7 receptor nicotinico acetilcolina 7nachr altamente expresso nesta regiao 7nachr ativo recruta proteinas jak2 stat3 sinalizacao mesmos componentes intracelulares requeridos leptina hormonio anorexigeno objetivo presente trabalho avaliar participacao receptor 7nachr hipotalamico controle homeostase energetica metodos trabalho desenvolvido camundongos_swiss sob autorizacao ceua unicamp registrado numero 4787 1 2018 cortes cerebrais utilizando tecnica imunofluorescencia avaliada presenca receptores 7nachr celulas hipotalamicas reguladoras homeostase energetica camundongos submetidos estereotaxia ventriculo lateral estimulo intracerebroventricular icv utilizado administracao agonista pnu antagonista bungarotoxina receptor 7nachr avaliados parametros metabolicos tecido hipotalamico avaliado expressao neuropeptideos real time pcr western blot camundongos tratados icv sirna inibidores proteinas jak2 stat3 ag490 stattic avaliado expressao neuropeptideos hipotalamicos camundongos knockout receptor 7nachr avaliada ingestao_alimentar adicionalmente cultura celular hipotalamica camundongos linhagem mypho pomc gfp verificou expressao neuropeptideos pstat3 apos estimulo pnu resultados resultados imunofluorescencia apontaram co localizacao 7nachr celulas hipotalamicas msh agrp npy ativacao farmacologica 7nachr reduziu ingestao_alimentar aumentou expressao_genica hipotalamica pomc diminuiu conteudo rnam npy agrp conteudo proteico pampk inibicao receptor 7nachr antagonista aumentou conteudo rnam npy agrp inibicao 7nachr sirna culminou supressao expressao pomc aumento niveis rnam agrp camundongos knockout 7nachr apresentaram alteracoes ingestao_alimentar inibicao proteinas via sinalizacao jak2 stat3 reverteu efeitos observados sob estimulo pnu celulas pomc gfp tratadas pnu apresentaram aumento expressao pomc translocacao nuclear pstat3 conclusao ativacao seletiva receptor 7nachr capaz modular marcadores importantes resposta ingestao_alimentar sugerindo ativacao 7nachr pode suprimir expressao marcadores orexigenos favorecer expressao anorexigenos mediados via sinalizacao jak2 stat3,2588,0.851992410208762
63,"sono, trabalhadores, turno, emocional, turnos, comer, ocupacional, comportamento_alimentar, trabalhador, intuitivo",objetivo deste estudo avaliar percepcao risco consumidores relacionada diferentes perdas consequentes doencas transmitidas alimentos motivadores uso aplicativos entrega alimentos durante pandemia_covid_19 brasil estudo caracteriza transversal dividio quatro etapas primeira segunda etapa revisoes integrativas primeira etapa fatores praticas associados consumo refeicoes casa objetivo revisar fatores afetam consumo_alimentos domicilio considerando aspectos crescimento populacional economia varios fatores incluindo sociodemograficos influenciam demanda alimentos casa aspectos contemporaneos pandemia_covid_19 tecnologias pedido alimentos discutidos segunda parte politicas recomendacoes covid_19 reabertura servico alimentacao objetivo apresentar discutir diferentes politicas recomendacoes covid_19 reabertura food service entender perfil cada plano mostrando preocupacoes proeminentes resumindo estrategias etapa realizada meio estrategia revisao integrativa encontrados 17 guias 15 departamentos instituicoes saude paises resultados sugeriram quatro categorias principais refletem principais preocupacoes sobre seguranca relacao retomada servicos_alimentacao durante pandemia 1 distanciamento fisico 2 aspectos ambientais seguranca 3 higiene pessoal saude ocupacional 4 medidas educacionais legais terceira etapa buscou avaliar uso aplicaitivos entrega alimentos food delivery application fda durante pandemia_covid_19 brasil coletados 945 questionarios abrangendo quatro regioes brasileiras sudeste centro oeste nordeste sul dados coletados durante pico segunda onda pandemia questionario 39 itens medicao aplicado meio pesquisa online itens avaliados meio escala likert cinco pontos resultados indicam intencao continuidade consumidores fortemente explicada fatores teoria unificada aceitacao uso tecnologia 2 utaut2 expectativa desempenho influencia social motivacao hedonica valor preco habito solidariedade frequencia uso fda durante pandemia efeito positivo intencao continuidade quarta ultima etapa buscou avaliar conhecimento boas praticas disposicao pagamento percepcao risco consumidores diretamente relacionada seis perdas economica desempenho social fisica psicologica tempo coletados dados 150 participantes meio questionarios face to face resultados indicaram perdas performance fisica tempo significativamente superiores demais perdas,3570,0.8493541836166468
63,"sono, trabalhadores, turno, emocional, turnos, comer, ocupacional, comportamento_alimentar, trabalhador, intuitivo",periodo gestacional caracterizado significativas alteracoes fisiologicas emocionais faz mulher enfrente muitos desafios durante pos_parto objetiva compreender mulheres excesso_peso percebem vivenciam pre_natal apos parto estudo qualitativo envolveu puerperas quatro unidades_basicas_saude fortaleza amostra incluiu 24 mulheres idades 18 45 anos ano apos parto diagnosticadas sobrepeso obesidade doencas pre existentes diabetes hipertensao cancer dados coletados meio entrevistas diretivas onde participantes questionadas sobre experiencia atendimento durante pre_natal entrevistas realizadas outubro 2021 maio 2022 dados estudo analisados partir referencial teorico ricardo ayres foco tema cuidado saude nesse tema trabalhamos duas categorias analiticas cuidado tecnico cuidado vinculo apos analise material discursivo emergiu categoria analitica cuidado tecnico categoria empirica denominada orientacoes alimentares enquanto cuidado tecnico analise metodologica baseou analise tematica apos analise entrevistas emergiram duas categorias empiricas cuidado tecnico cuidado vinculo prestacao cuidado focada execucao procedimentos tecnicos valorizada mulheres estudo mostrou questao importante ser considerada acompanhamento saude pre_natal atividades realizacao exames prescricao medicamentos todo rastreamento pertinente periodo foco procedimentos efetivos assegurasse desfecho favoravel valorizados participantes orientacao alimentar aspecto crucial cuidado tecnico ganhou destaque discussoes mulheres enfatizando percepcao alimentacao vista forma prescricao relacao cuidado vinculo participantes identificaram certo tipo vinculo conexao profunda significativa profissional usuario sim atitude cordial focada executar adequadamente atividades tecnicas pautadas modelo biomedico atendimento pre_natal resultados presente estudo revelaram notavel ausencia relacao dialogica prestadores saude mulheres indicando servicos_saude continuam dar prioridade modelo biomedico,5267,0.8210434852540462
63,"sono, trabalhadores, turno, emocional, turnos, comer, ocupacional, comportamento_alimentar, trabalhador, intuitivo",aproveitamento subprodutos agroindustriais suma importancia industria alimenticia alem contribuir reducao impactos ambientais podem apresentar fontes potenciais compostos_bioativos antifungicos antimicrobianos durante producao pessego calda gerados subprodutos caroco pessego pessego tipo terceirinha geralmente destinados descarte diante falta aproveitamento destes subprodutos existencia poucos relatos disponiveis literatura sobre aproveitamento alimentacao humana objetivou neste estudo caracterizar avaliar propriedades funcionais nutricionais atividade antifungica antimicrobiana subprodutos oriundos processamento pessego calda bem aplicacao formulacao cookies analises realizadas incluiram composicao centesimal ph acidez compostos_bioativos antioxidantes fenois totais carotenoides_totais avaliacao sensorial ordenacao preferencia aceitacao intencao compra alem disso extratos hidroalcolicos pessego amendoa caroco pessego testados quanto potencial antifungico antimicrobiano pessegos desidratados estufa obtencao farinha aplicada formulacoes cookies substituicao parcial farinha trigo sendo fp 0 farinha pessego f1 20 farinha pessego f2 30 farinha pessego resultados demonstraram farinha pessego produto fonte fibras rico conteudo mineral adicao formulacoes cookies proporcionou aumento atividade_antioxidante teor_compostos_fenolicos alem disso cookies elaborados apresentaram boas caracteristicas_sensoriais teste ordenacao preferencia formulacoes f1 f2 apresentaram nivel preferencia consumidores entretanto f1 avaliada apresentou melhores caracteristicas cor sabor textura f1 apresentou indices aceitacao intencao compra maiores 70 tanto pessego quanto amendoa pessego apresentaram teores significativos compostos_bioativos extratos subprodutos pessego apresentaram atividade antifungica somente extrato amendoa pessego fresca apresentou moderada atividade_antimicrobiana frente staphylococcus_aureus estudo demonstrou aproveitamento pessego terceirinha elaboracao farinha aplicacao formulacao cookies constitui alternativa viavel baixo custo relevante importancia nutricional,1428,0.8173917490688534
64,"criancas, crianca, aleitamento_materno, alimentacao_complementar, infantil, aleitamento_materno_exclusivo, ame, amamentacao, maes, filhos",estudo objetivo avaliar composicao fisico quimica compostos_bioativos polpa casca pitomba oriunda estado sergipe brasil determinado rendimento caracterizacao fisico quimica teor minerais vitamina_c carotenoides polpa casca pitomba casca apresentou elevado rendimento 44 60 fruto notou polpa quantidade consideravel vitamina_c 200 68+ 2 93 mg 100g amostra fresca carotenoides 43 56+ 2 04 g ml extrato enquanto casca apresentou elevado teor minerais principalmente potassio 223 00+ 2 00 mg 100g calcio 78 90+ 0 40mg 100g magnesio 47 50+ 0 90 mg 100g conhecimento constituintes casca polpa pitomba in_natura agrega valor fruto pois possibilita melhor aproveitamento deste tendo vista casca descartada apenas polpa consumida,2499,0.9684936821216105
64,"criancas, crianca, aleitamento_materno, alimentacao_complementar, infantil, aleitamento_materno_exclusivo, ame, amamentacao, maes, filhos",introducao relacao vegetarianismo depressao ainda incerta alguns estudos indicam pior saude_mental vegetarianos enquanto outros estudos falham encontrar diferencas significativas brasil america latina apresentam dados sobre associacao objetivo investigar associacao dieta vegetariana depressao adultos estudo_longitudinal saude adulto elsa brasil metodos realizada analise transversal dados linha base coorte elsa brasil onde incluidos 14 216 brasileiros 35 74 anos dieta exclusao carnes definida ingestao carne vermelha frango porco frutos mar peixes embutidos visceras frequencia nunca quase nunca ano anterior relatado questionario_frequencia_alimentar validado questionario clinical interview schedule revised cis r utilizado avaliar episodios depressivos considerando episodios leves moderados graves presentes ultimos sete dias associacao consumidores carnes presenca episodios depressivos variavel dependente expressa razao prevalencias rp regressao_poisson ajustada variaveis potencialmente confundidoras mediadoras sociodemograficas tabagismo alcool atividade_fisica variaveis clinicas saude_mental autoavaliacao saude indice_massa_corporal ingestao micronutrientes vitamina_d b6 b12 magnesio ferro zinco omega_3 proteinas nivel processamento alimentos calorias diarias mudanca alimentacao ultimos 6 meses resultados encontrada associacao significativa indicando prevalencia episodios depressivos consumidores carne cerca dobro prevalencia episodios depressivos consumidores carne variando razao prevalencias modelo bruto 2 05 ic95 1 00  4 18 modelo amplamente ajustado 1 93 ic95 1 03  3 59 conclusoes episodios depressivos prevalentes consome carne associacao independente fatores_socioeconomicos estilo_vida conhecidos ingestao_nutrientes explica plenamente maior frequencia vegetarianismo nutricao saude_mental devem ser vistas forma dissociadas visto ambas relacionadas sabendo direcao necessitando ainda dados longitudinais melhor esclarecer relacao,3612,0.9618374013963962
64,"criancas, crianca, aleitamento_materno, alimentacao_complementar, infantil, aleitamento_materno_exclusivo, ame, amamentacao, maes, filhos",trabalho consiste aproximacao tema representacao felicidade discurso publicitario brasileiro acerca consumo_alimentos tendo objeto estudo pecas publicitarias fazem parte grande campanha grupo pao acucar cujo tema central felicidade publicidade desempenha importante papel atribuicao significados mercadorias contemporaneidade sendo capaz transformar rituais aquisicao bens consumo comunicacao revela discurso acerca objetos surgem carregados valor identitario partir desta compreensao insere tematica deste trabalho abordagem consumo bens tornou mediador relacoes sociais leva problematica central deste trabalho discurso felicidade pecas publicitarias vinculo consumo campo alimentacao nutricao brasil destacam estudos sobre regulamentacao propaganda alimentos entretanto buscam apontar relacao publicidade producao subjetividades constituicao identidade individual partir alimentacao entendida sistema simbolico insuficientes entendendo felicidade contemporaneidade obrigacao objetivo analisar forma retratada pecas publicitarias estudo definimos corpus analise pecas grande campanha grupo pao acucar gpa felicidade tema central constituem conjunto cenas enunciados remetem cotidiano idealizado onde ideia felicidade parece estar desconectada realidade dia dia trabalho reflete resultados pesquisa exploratoria estudo_caso fundamentou abordagem cunho qualitativo embasou teoricamente zygmunt bauman 2008 gilles lipovetsky 2007 realizacao analises utilizou mosaico becker 1994 intuito partir fragmentos pecas publicitarias vislumbrar todo assim dar prosseguimento problematizacao assentada conceitos foucaultianos meio historia constroi pecas publicitarias analisadas publicidade inscreve consumo vida social reproduzir modos vida modos relacionar experimentar cotidiano estipula servicos produtos necessidades suscita desejo classificacao social modos vida apresentados seis pecas analisadas apresenta majoritariamente criancas casais jovens brancos pessoas exercitando dancando destoa mundo real exclui apenas outras formas felicidade dessa felicidade idealizada personagens assemelham fazem parte cenas analisadas negros indios gordos carecas etc acreditamos trabalho contribui campo alimentacao formular reflexao sobre publicidade utiliza subjetividade influenciar consumo_alimentos,3233,0.9459665700818453
64,"criancas, crianca, aleitamento_materno, alimentacao_complementar, infantil, aleitamento_materno_exclusivo, ame, amamentacao, maes, filhos",provavel associacao existente desnutricao cronica infantil transtorno mental comum tmc materno relacao causal estabelecida existem diversas possibilidades quais casos tmc associada reducao capacidade materna realizacao atividades repercussoes estado_nutricional filhos dessa forma objetivo estudo investigar associacao desnutricao infantil incapacidade decorrente tmc materno levando conta possivel interacao algumas variaveis selecionadas incluindo suporte social trata estudo_caso controle realizado centro recuperacao educacao nutricional cren maceio maes criancas desnutridas casos grupo_controle maes criancas eutroficas matriculadas creche proxima cren aplicado self report questionnaire srq20 rastreamento tmc dessas maes alem sheehan disability scale sds avaliar incapacidade decorrente tmc medical outcomes study questions  social support survey mos sss avaliar suporte social aplicado questionario verificar variaveis socio demograficas coleta dados realizada apos assinatura termo consentimento livre esclarecido participantes estudo analise estatistica univariada utilizado teste ² comparacao variaveis categoricas p<0 05 or intervalo confianca 95 verificacao associacao desnutricao crianca incapacidade materna interacao variaveis selecionadas finalmente utilizou regressao_logistica variavel dependente desnutricao infantil variaveis independentes incapacidade materna decorrente tmc suporte social fatores socio demograficos aplicado teste likelihood ratio comparar teste inicial final amostra final composta 125 duplas mae crianca sendo 55 casos 70 controles media idade maes 31 7 anos + 10 05 dp criancas 4 2 anos + 12 9 dp 54 4 criancas sexo_feminino apresentaram tmc incapacidade associada 20 maes 58 8 desnutridos 14 maes 41 2 eutroficos verificou existencia provavel associacao desnutricao infantil incapacidade associada tmc materno or = 2 28 ic 95 1 0  5 1 alem disso observou analise bivariada diferenca estatisticamente significante casos controles variaveis 1 ausencia marido companheiro mae mercado trabalho or = 3 18 ic 95 1 14  9 04 2 numero residentes casa or = 2 67 ic 95 1 17  6 11 3 presenca pai biologico casa or = 3 14 ic 95 1 01  9 95 escore suporte social global apresentou diferenca significativa grupos p= 0 53 regressao_logistica variaveis independentes permanecem modelo final relacao variavel dependente desnutricao infantil incapacidade associada tmc numero pessoas casa presenca pai biologico casa encontrou associacao desnutricao infantil incapacidade materna associada tmc populacao investigada variaveis numero residentes lar presenca pai biologico representaram indicativos maior risco desnutricao infantil enquanto suporte social segue tendencia similaridade casos controles ambos pertencem mesma comunidade baixa_renda estudos prospectivos necessarios reforcar resultados encontrados,69,0.9416324611998108
64,"criancas, crianca, aleitamento_materno, alimentacao_complementar, infantil, aleitamento_materno_exclusivo, ame, amamentacao, maes, filhos",introducao acessibilidade equidade locais aquisicao alimentos desempenham papel crucial seguranca_alimentar_nutricional comercio alimentos bem desenvolvido tende oferecer maior diversidade alimentos_saudaveis contribuindo reduzir inseguranca_alimentar ia outro lado regioes acesso limitado estabelecimentos adequados infraestrutura precaria ia pode ser prevalente objetivo avaliar locais aquisicao alimentos acordo seguranca_alimentar niveis ia familias brasileiras metodos utilizou microdados pesquisa orcamentos familiares pof 2017 2018 analisando amostra_representativa 55 920 domicilios aquisicao alimentos coletada registros caderneta aquisicao coletiva domicilio periodo sete dias locais aquisicao alimentos agrupados acordo caracteristicas supermercados pequenos mercados feiras hortifrutis estimou prevalencias segundo locais aquisicao acordo seguranca_alimentar sa niveis ia domicilio pais regioes resultados feiras hortifrutis apresentaram prevalencias semelhantes domicilios seguranca_alimentar niveis ia relacao macrorregioes familias domicilios sa localizados regiao nordeste realizaram preferencialmente aquisicoes pequenos mercados 43 2 enquanto regioes sul 54 9 sudeste 53 6 centro oeste 52 aquisicao significativamente maior supermercados p valor lt 0 001 regioes norte nordeste pequenos mercados locais maior aquisicao alimentos familias ia leve 48 3 49 5 respectivamente p valor lt 0 001 enquanto regioes sul sudeste centro oeste supermercados locais maior aquisicao alimentos familias mesma condicao ia 51 51 4 47 5 respectivamente p valor lt 0 001 todas macrorregioes familias formas severas ia pequenos mercados principais locais aquisicao sendo significativo regioes norte nordeste p valor lt 0 001 conclusao resultados ressaltam importancia considerar disponibilidade acessibilidade diferentes locais aquisicao alimentos analisar acesso alimentacao_adequada captada indicador ia alem disso enfatizam necessidade politicas programas visem melhorar acesso alimentos_saudaveis qualidade especialmente familias situacao ia moderada grave tendem depender pequenos mercados,4541,0.9005587065918857
65,"paes, textura, aceitabilidade, tecnologicas, analise_sensorial, aceitacao, farinhas, biscoitos, sabor, formulacoes",combate doencas transmitidas alimentos verifica necessidade ampliar acesso informacao diferentes grupos principalmente vulneraveis nesse sentido acoes educacionais projetadas importante avaliar grupo pretende atingir considerando realidade desafios particulares estudo objetivou construir validar instrumento identificar conhecimento praticas percepcao risco relacionados seguranca_alimentos criancas_adolescentes contexto ensino publico distrito federal seguintes etapas adotadas i busca literatura_cientifica sobre tema ii realizacao analise grupos_focais iii desenvolvimento instrumento iv analise instrumento v teste piloto analises confiabilidade apos rodada analise semantica duas rodadas analise construto juizes criterio permanencia minimo 80 concordancia especialistas valores ivc = 0 80 chegou versao final 11 itens conhecimento 11 itens praticas cinco itens percepcao risco evidencias validade procedimentos empiricos estatisticos realizados amostra 40 individuos indicaram instrumento bons indices estabilidade porem baixa consistencia interna construtos conhecimento pratica metodologia adotada possibilitou desenvolver instrumento validado aplicacao estudantes 10 14 anos podera ser aplicado subsidiar acoes educacionais seguranca_alimentos considerando aspectos proprios publico alvo,2961,0.9901657045665664
65,"paes, textura, aceitabilidade, tecnologicas, analise_sensorial, aceitacao, farinhas, biscoitos, sabor, formulacoes",introducao doencas_cronicas_transmissiveis dcnt principal problema saude_publica mundo excesso_peso principais causas fator risco modificavel acoes prevencao controle desse problema fazem parte agenda promocao_saude varios paises inclusive brasil onde metade populacao adulta excesso_peso objetivo avaliar atencao nutricional prestada adultos excesso_peso atencao basica media complexidade municipio sudeste brasileiro perspectiva integralidade saude metodos trata estudo censitario identificou avaliou acoes atencao nutricional adultos excesso_peso sob otica integralidade saude meio entrevistas_semiestruturadas junto gestores profissionais totalidade servicos atencao basica media complexidade santos paulo brasil resultados identificadas acoes restritas atendimento clinico individual detrimento acoes promocao protecao saude baixa insercao nutricionista praticas normatizadoras desarticuladas contextos territoriais servicos dialogo limitado diferentes niveis atencao_saude ausencia acoes intersetoriais consideracoes finais existem varios fatores limitantes atencao nutricional adulto excesso_peso dois niveis atencao_saude investigados configurados importantes criticos realizacao integralidade saude,1729,0.988560030741432
65,"paes, textura, aceitabilidade, tecnologicas, analise_sensorial, aceitacao, farinhas, biscoitos, sabor, formulacoes",introducao relacao manipulador alimentos ambiente intrinseca processo trabalho profissional pode ser responsavel surtos doencas transmitidas alimentos conhecer habitus manipuladores maneira influencia percepcao risco pode ter impacto positivo qualidade higienico sanitaria alimentos objetivo identificar habitus trabalhadores comercio ambulante alimentos influencia pratica manipulacao alimentos entendimento sobre doencas transmitidas alimentos metodo trata pesquisa empirica qualiquantitativa meio triangulacao metodos utilizando tecnicas etnografia aliada aplicacao escala percepcao risco possibilitaram construir estudo baseado trajetorias individuais manipuladores_alimentos analisadas diante perspectiva bourdiesiana cenario investigacao cidade santos abril dezembro 2015 interlocutores seis manipuladores resultados discussao amostra caracterizou cinco trabalhadores genero masculino feminino idade 43 67 anos idade relacao escolaridade tres possuiam ensino fundamental incompleto apenas concluiu ensino superior verificou apenas dois trabalhadores realizaram treinamento tema boas praticas manipulacao verificou agentes utilizam capitais cultural simbolico construcao espaco bem capitais preditores praticas observadas analise global respostas trabalhadores mostrou percepcao risco relacionada pratica envolvido baixa tres ambulantes percepcao risco fortemente influenciada habitus primario agentes trajetorias sociais demonstram falta oportunidade ascensao escolar insercao atividades laborais forma precoce ter oportunidade colocacao mercado formal trabalho conclusao trabalhadores perpetuaram condicoes vida pais avos diz respeito capital cultural descendentes ascenderam relacao capital analise praticas manipulacao alimentos revelou falta adequacao legislacao vigente pode ser explicada dificuldades entendimento dessas praticas parte ambulantes diversas inadequacoes derivadas rotina propria exigida trabalho percepcao risco dta trabalhadores influenciada nivel_escolaridade crencas religiosidade habitus familiar trabalhadores apresentaram maior tendencia vies otimista sobre situacoes tangem risco dta ocasionado relacionado familiares amigos praticas desses ambulantes relacionadas apreendidas familiares instituicao escolar emergiu campo responsaveis continuidade dessas distincoes condicoes sociais cada agente bem escolha profissional maneira manipulam alimentos fortemente influenciadas habitus,1739,0.9864184976465626
65,"paes, textura, aceitabilidade, tecnologicas, analise_sensorial, aceitacao, farinhas, biscoitos, sabor, formulacoes",falta opcao produtos gluten qualidade sensorial individuos celiacos favorece monotonia alimentar pode contribuir inseguranca_alimentar_nutricional mesmos devido preferencia celiacos pao gluten presente trabalho objetivo desenvolver caracterizar pao gluten tipo frances apos definicao formulacao basica pao gluten tipo frances realizado delineamento experimental tendo variaveis farinha arroz polvilho doce onde elaboradas sete formulacoes tres pontos centrais realizacao analise_sensorial formulacoes julgadores selecionados meio teste pareado escala ideal teste triangular treinamento mesmos utilizado metodo rede fim elencar atributos analise descritiva quantitativa adq aplicada criterio selecao final julgadores posterior avaliacao sensorial formulacoes realizado teste aceitacao intencao compras 126 consumidores habituais pao criterio seguranca realizadas analises microbiologicas coliformes 45°c salmonella sp composicao centesimal analises fisicas paes dez julgadores apresentaram reprodutibilidade resultados treinamento selecionados realizar adq nesta diferenca estatistica p<0 05 atributos abertura pestana aroma fermento teste aceitacao diferenca significativa p<0 05 atributo textura demais iguais estatisticamente qualidade global medias acima 6 0 demonstra aceitacao pao gluten tipo frances perante consumidores teste intencao compras indicou avaliacao positiva formulacoes analises microbiologicas conformidade legislacao vigente composicao centesimal formulacoes pao gluten tipo frances apresentou media 38 35 1 75 4 14 3 12 5 00 47 65 520 50mg umidade cinzas extrato etereo proteina fibra_alimentar carboidrato sodio respectivamente analises fisicas demonstraram diferenca estatistica formulacoes acidez atividade agua volume volume especifico largura altura desta forma formulacao 1 menor custo preferida teste intencao compras obteve resultados satisfatorios adq teste aceitacao apresenta viabilidade producao comercial potencial mercado consumo celiacos celiacos,614,0.9849829678462069
65,"paes, textura, aceitabilidade, tecnologicas, analise_sensorial, aceitacao, farinhas, biscoitos, sabor, formulacoes",menopausa confirma fim vida reprodutiva feminina caracterizado importantes alteracoes hormonais alteracoes hormonais contribuem aumento redistribuicao gordura_corporal perda massa_ossea muscular favorece desenvolvimento doencas obesidade osteoporose sarcopenia alem disso presenca simultanea dessas condicoes pode ser observada embora prevalencia populacao pos menopausada ainda desconhecida habitos estilo_vida relacionados consumo_alimentar atividade_fisica consumo alcool tabagismo relacionados desenvolvimento obesidade osteoporose sarcopenia estudo dois objetivos principais 1 investigar relacao consumo_alimentar composicao_corporal microarquitetura ossea mulheres pos menopausadas 2 verificar prevalencia obesidade osteopenica fatores_associados mulheres pos menopausadas estudo_transversal realizado junho 2019 marco 2020 mulheres pos menopausadas menos 12 meses idade igual superior 50 anos atendidas ambulatorio climaterio osteoporose hospital_universitario coletadas informacoes_sociodemograficas estilo_vida condicoes clinicas consumo_alimentar meio aplicacao questionarios realizada avaliacao_antropometrica bioquimica composicao_corporal densidade_mineral_ossea dmo analisadas absorciometria raios_x dupla energia dxa variaveis composicao_corporal avaliadas percentual gordura_corporal gc indice massa_gorda img kg m² gordura_visceral abdominal gva cm² indice massa_muscular esqueletico apendicular immea kg m² escore trabecular osseo tbs utilizado avaliar indiretamente microarquitetura ossea obesidade osteopenica diagnosticada considerando perimetro_cintura pc dmo aplicados testes comparacao variaveis exposicao covariaveis categorias variavel desfecho microarquitetura ossea artigo 1 obesidade osteopenica artigo 2 analises regressao_logistica binaria ajustada 3 modelos conduzidas verificar associacao variaveis exposicao estudo microarquitetura ossea obesidade osteopenica considerado nivel significancia 5 todos testes mulheres avaliadas maioria idosas companheiro pretas pardas baixa_escolaridade faziam uso bebidas_alcoolicas fumantes suficientemente ativas faziam uso suplementacao calcio vitamina_d usavam medicamentos alteram metabolismo osseo microarquitetura ossea parcialmente degradada degradada positivamente associada massa_corporal or 1 19 ic95 1 05  1 36 p = 0 007 inversamente associada gc or 0 72 ic95 0 57  0 91 p = 0 005 immea or 0 24 ic95 0 07  0 80 p = 0 021 consumo proteina animal or 0 86 ic95 0 75  0 98 p = 0 024 magnesio or 0 96 ic95 0 93  0 99 p = 0 020 identificada prevalencia 47 1 obesidade osteopenica mulheres avaliadas presenca obesidade osteopenica associada positivamente niveis proteina_c_reativa pcr or 1 21 ic95 1 01  1 43 p = 0 035 mulheres menores indices gva or 0 96 ic95 0 93  0 99 p = 0 006 immea or 0 11 ic95 0 01  0 83 p = 0 032 menos provaveis apresentar obesidade osteopenica menor consumo proteico or 1 07 ic95 1 02  1 13 p = 0 009 provaveis apresentar condicao sintese analise abrangente saude_ossea considerando parametros massa_corporal gc immea consumo proteina animal magnesio emerge abordagem fundamental avaliar microarquitetura ossea alem disso elevada incidencia obesidade osteopenica mulheres pos menopausadas enfatiza necessidade identificacao atencao precoce fatores gva immea pcr consumo proteico,4611,0.9849212538892356
66,"has, dm2, hipertensao_arterial_sistemica, diabetes, mellitus, hipertensao_arterial, hipertensao, aps, rcv, hipertensos",marolo annona crassiflora fruta tipica cerrado brasileiro fonte diferentes compostos_bioativos estudos recentes demonstraram relacao direta poliaminas especial espermidina longevidade humana trabalho objetivo determinar bioacessibilidade compostos_bioativos polpa marolo potencial longevidade humana teores compostos_fenolicos totais flavonoides totais potencial_antioxidante determinados metodos espectrofotometricos dez aminas bioativas investigadas cromatografia_liquida_alta_eficiencia pareamento ionico fase reversa sendo putrescina cadaverina agmatina espermidina espermina 2 feniletilamina serotonina triptamina histamina tiramina bioacessibilidade realizada seguindo protocolo infogest polpa marolo apresentou 66 15 mol et g potencial_antioxidante abts 65 94 mol et g dpph 9 16 mg eag g fenolicos totais 7 26 mg ec g flavonoides totais indices potencial_antioxidante apos digestao in vitro metodos abts dpph 35 3 47 6 respectivamente indices bioacessibilidade 21 8 17 6 fenolicos flavonoide totais apenas putrescina espermidina tiramina detectadas polpa marolo teores 20 65 6 32 31 96 mg kg indice bioacessibilidade 59 4 36 8 89 6 respectivamente pesquisa contribui informacoes ineditas acerca bioacessibilidade compostos_bioativos polpa marolo caracterizada baixa bioacessibilidade compostos_fenolicos flavonoides totais moderada putrescina espermidina elevada tiramina ensaio abts sobre efeito digestao potencial_antioxidante igual fases gastrica intestinal enquanto dpph teor antioxidantes fase intestinal maior fase gastrica sugere realizacao pesquisas futuras avaliar efeito diferentes processamentos polpa marolo bioacessibilidade compostos_bioativos potencial_antioxidante,4088,0.9782307839370081
66,"has, dm2, hipertensao_arterial_sistemica, diabetes, mellitus, hipertensao_arterial, hipertensao, aps, rcv, hipertensos",hipertensao_arterial_sistemica has condicao cronica altamente prevalente principais fatores_risco desenvolvimento progressao doenca_renal_cronica drc considerada problema saude_publica todo mundo prevalencia drc vem aumentando mundialmente incremento anual 8 16 maior crescimento populacional geral drc definida presenca lesao renal associada diminuicao taxa filtracao glomerular tfg < 60 ml min 1 73m² periodo 8805 3 meses diagnostico drc baseia identificacao grupos risco idosos obesos portadores has diabetes presenca lesao renal reducao tfg pratica clinica funcao_renal pode ser avaliada dosagem creatinina depuracao creatinina estimativa tfg meio formulas entanto estudos mostram consenso sobre metodo deteccao drc ser utilizado neste contexto drc geral sido subdiagnosticada tratada inadequadamente culminando alto custo tratamento sobretudo implementacao medidas preventivas assim destaca importancia atencao_primaria_saude aps meio estrategia_saude_familia esf diagnostico precoce encaminhamento pacientes especialistas sendo assim objetivo presente estudo avaliar diferentes metodos diagnostico drc prevalencia oculta portadores has cadastrados esf municipio porto firme mg enfase papel estrategico aps prevencao agravos enfermidades trata estudo_transversal portadores has acompanhados esf municipio cuja coleta dados deu meio entrevistas avaliacoes antropometrica clinica bioquimica diagnostico drc realizado meio dosagem creatinina serica depuracao creatinina avaliacao tfg estimada partir formulas cg cg corrigido mdrd 6 mdrd 4 ckd epi vez identificada alguma alteracao testes realizados mesmos repetidos apos tres meses confirmacao diagnostico analise dados utilizou software spss nivel significancia adotado rejeicao hipotese nulidade 945 = 0 05 projeto pesquisa submetido analise aprovado comite etica pesquisa seres_humanos universidade federal vicosa ufv protocolo 044 2012 avaliados 293 individuos media idade 65 8 anos 76 0 sexo_feminino 60 8 casados 74 1 aposentados 90 0 possuiam baixa_renda baixa_escolaridade 66 9 apresentavam sobrepeso maior concordancia depuracao real segundo kappa ponderado deu formula ckd epi kappa = 0 362 menor concordancia formula cg kappa = 0 311 observou correlacao significante p<0 001 porem moderada depuracao real todas formulas avaliadas sendo maior correlacao formula ckd epi r = 0 612 formula ckd epi apresentou menor numero individuos abaixo limite inferior concordancia analise bland altman relacao prevalencia 38 6 ic 95 33 0 44 2 populacao estudada apresentavam drc sendo aproximadamente 14 estagio avancado doenca tfg < 45 ml min 1 73m² variaveis comparadas diferentes estagios observou relacao estatisticamente significante drc idade escolaridade uso alcool sobrepeso risco_cardiovascular creatinina microalbuminuria avaliada razao prevalencia observou associacao estatisticamente significante idade creatinina visto tais resultados recomenda juntamente valor creatinina serica servicos patologia clinica fornecam estimativa tfg permitira visualizacao imediata drc sugere divulgacao utilizacao tabelas fornecem tfg sendo ferramenta baixo custo facil utilizacao podera ser aplicada rotina aps estudo reforca papel estrategico aps diagnostico prevencao agravos enfermidades visto porta entrada individuos servicos_saude fim achados deste estudo ratificam necessidade capacitacao equipe saude envolvida tratamento desses pacientes fomentando prevencao diagnostico drc estagios iniciais,629,0.9630364745533847
66,"has, dm2, hipertensao_arterial_sistemica, diabetes, mellitus, hipertensao_arterial, hipertensao, aps, rcv, hipertensos",resistencia_insulina ri possui forte relacao obesidade torna fator risco desenvolvimento doencas_cardiovasculares sindrome_metabolica sm alteracoes cardiometabolicas infancia aumentam risco doencas_cronicas vida adulta sendo importante diagnostica las precocemente fazendo necessario estabelecimento pontos corte metodos preditivos adequados criancas sendo assim objetivo desse estudo avaliar capacidade preditiva indice triglicerideos glicose tyg ri estimar pontos corte partir indices tyg homeostasis model of assesment adponectin homa ad ri avaliar associacoes risco_cardiometabolico criancas vicosa mg trata estudo_transversal base_populacional 372 criancas 8 9 anos matriculadas todas escolas_publicas privadas area urbana municipio vicosa minas gerais provenientes pesquisa avaliacao saude escolar pase algumas analises utilizados dados 141 criancas 4 7 anos idade provenientes analise transversal coorte retrospectiva nascimento realizada programa apoio lactacao prolac vicosa realizada avaliacao_antropometrica peso estatura perimetro_cintura pc perimetro pescoco pp composicao_corporal absorciometria raio x dupla energia dxa gordura_corporal_total androide ginoide pressao_arterial pa avaliadas concentracoes sericas glicemia insulina jejum colesterol_total ct fracoes lipidicas hdl_c ldl_c tg apolipoproteinas apo a1 b homocisteina adiponectinae leptina calculados indice_massa_corporal imc razao cintura estatura rce razao gordura androide ginoide rag bem razoes ct hdl_c ldl_c hdl_c tg hdl_c apo b a1 fenotipos cintura hipertrigliceridemica rce hipertrigliceridemica avaliados partir dados bioquimicos calculados metodos predicao ri tais homeostasis model of assessment insulin resistance homa_ir utiliza glicemia insulina jejum indice_tyg utiliza glicemia_jejum triglicerideos homa ad utiliza glicemia insulina jejum adiponectina realizou teste t student mann_whitney anova one way comparacao medias medianas 2 3 grupos independentes teste_exato_fisher teste_qui_quadrado_pearson avaliar associacoes variaveis categoricas calculou razao prevalencia rp intervalo confianca 95 ic 95 regressao_poisson avaliar relacao indice_tyg fatores_risco_cardiometabolico regressao_linear realizada avaliar associacao homa ad fatores_risco_cardiometabolico curva receiver operating characteristic roc tendo homa_ir metodo referencia estabeleceu pontos corte indice_tyg homa ad estratificados sexo pontos corte apresentaram valores satisfatorios sensibilidade especificidade alem areas sob curva auc acima 0 70 pontos corte propostos indice_tyg identificacao ri 7 9 meninos 8 1 meninas enquanto homa ad pontos corte propostos 95 6 meninos 58 9 meninas observou 42 2 19 8 criancas consideradas risco desenvolver ri segundo pontos corte estimados tyg homa ad respectivamente valores aumentados tyg associados maior risco_cardiometabolico tais excesso_peso adiposidade_corporal total central hipertensao perfil_lipidico alterado relacao homa ad associacao direta marcadores adiposidade central encontrada associacao direta maiores valores tyg homa ad acumulo fatores_risco_cardiometabolico conclui utilizacao indice_tyg predicao risco ri parece ser vantajosa relacao outros metodos indiretos ser metodo invasivo utiliza componentes comuns pratica clinica tornando acessivel baixo custo indices tyg homa ad podem tornar importantes identificacao risco_cardiometabolico fases precoces tanto pratica clinica quanto estudo epidemiologicos serem metodos uteis detectar monitorar risco resistencia_insulina alteracoes metabolicas associadas infancia,2622,0.9203665664467199
66,"has, dm2, hipertensao_arterial_sistemica, diabetes, mellitus, hipertensao_arterial, hipertensao, aps, rcv, hipertensos",excesso_peso fatores_risco doenca_renal_cronica torna importante avaliacao_nutricional populacao associada avaliacao marcadores funcao_renal fim monitorar controlar aumento prevalencia insuficiencia renal objetivo deste trabalho avaliar associacao indicadores estado_nutricional marcadores funcao_renal adultos_idosos trata estudo_transversal realizado 279 adultos_idosos atendidos oito unidades atencao basica saude_familia regiao leste goiania meio visitas domiciliares coletados dados_socioeconomicos estilo_vida clinicos utilizando questionario padronizado avaliacao estado_nutricional considerado indice_massa_corporal circunferencia_cintura diagnostico doenca_renal_cronica considerada taxa filtracao glomerular <60 ml min 1 73m² deteccao presenca microalbuminuria considerada relacao albumina creatinina urinaria > 30mg g prevalencia doenca_renal_cronica encontrada 8 9 enquanto albuminuria 34 8 excesso_peso detectado 57 populacao associacao significativa indice_massa_corporal circunferencia_cintura taxa filtracao glomerular caracterizando quadro hiperfiltracao glomerular quanto albuminuria associacao encontrada somente indice_massa_corporal aumentado mulheres amostra apresentou alta prevalencia doenca_renal_cronica excesso_peso sendo indicadores_antropometricos apresentaram associacao positiva taxa filtracao glomerular sugere indice_massa_corporal metodo barato facil aplicabilidade usado indicador precoce deteccao alteracoes funcao_renal grupos risco doenca_renal_cronica,1076,0.9095760092531586
66,"has, dm2, hipertensao_arterial_sistemica, diabetes, mellitus, hipertensao_arterial, hipertensao, aps, rcv, hipertensos",doencas_cardiovasculares principais causas mortalidade doencas_cronicas transmissives mundo fatores_risco relacionados risco_cardiometabolico habitos_alimentares consumo dieta proinflamatoria fatores geneticos fat mass and obesity associated fto receptores melanocortinas tipos 4 mc4r proteina relacionada miotubularina mtmr9 genes responsaveis controle preferencias ingestao_alimentar consequencia peso_corporal outras desordens metabolicas entender relacao fatores_ambientais geneticos grande importancia intervencoes efetivas diante disso objetivo deste estudo avaliar associacao polimorfismos genes fto mc4r mtmr9 risco_cardiometabolico perfil_inflamatorio dieta criancas trata estudo_transversal criancas 4 9 anos avaliadas programa apoio lactacao prolac pequisa avaliacao saude escolar pase material genetico coletado swab bucal realizada genotipagem porlimorfismos rs9939609 gene fto rs17782313 proximo gene mc4r rs2293855 gene mtmr9 realizada avaliacao_antropometrica peso altura composicao_corporal gordura_corporal_total risco aterogenico avaliado meio marcadores dislipidemias tais colesterol_total hdl_c ldl_c triglicerideos indices castelli i ct hdl_c ii ldl_c hdl_c coeficiente aterogenico ca indice combinacao lipoproteina lci indice aterogenico plasma aip aplicado questionario_semiestruturado contendo questoes referentes dados_sociodemograficos estilo_vida alem recordatorios_24_horas r24h registros alimentares dias consecutivos partir inqueritos alimentares realizado calculo indice inflamatorio dieta infantil iid i observou alelo risco gene mtmr9 negativamente associado hdl_c positivamente relacionado marcadores dislipidemias tc hdl_c ldl_c hdl_c ac criancas menos polimorfismo escore genetico negativamente associadas hdl_c positivamente associadas ct hdl_c ac lci aip iid i alelo risco gene fto associado maiores valores iid i resultados desse estudo apontam genes associados maior risco_cardiometabolico dieta proinflamatoria infancia alelo risco gene mtmr9 escore genetico associados maior risco aterogenico alelo risco gene fto associado consumo dieta pro inflamatoria,3001,0.8965689877999632
67,"adiponectina, leptina, iid, inflamatorio, il_6, adipocinas, inflamatorios, pcr, terapia_interdisciplinar, plasmaticas",objetivos compreender significado alimentacao idosos longevos moram sozinhos bem conhecer perfil alimentacao destes metodos pesquisa qualitativa utilizando metodo estudo_caso aplicacao entrevista semiestruturada entrega registro_alimentar 3 dias preenchimento entrevistas transcritas integra informacoes agrupadas categorias analiticas analisadas modalidade conteudo tematica registros alimentares analisados seguindo dez passos alimentacao_saudavel pessoa idosa presentes guia alimentar populacao_idosa ministerio_saude resultados participaram estudo 16 idosos 80 anos atendidos ambulatorio longevos digg identificamos 5 nucleos tematicos arte culinaria alimento vida independencia conservadorismo genetica verificamos idosos conhecimento alimentacao_saudavel diversidade alimentar atribuindo sentido saude vida porem motivos suficientes modificar habitos_alimentares sido orientados profissionais especializados registros alimentares demostraram baixo consumo alimentos_in_natura baixa_ingestao hidrica presenca industrializados bebidas_alcoolicas conclusao idosos alimentacao significa saude vida sentem necessidade muda la apesar alimentacao incluir todas recomendacoes alimentacao_saudavel,3279,0.9195408581494782
67,"adiponectina, leptina, iid, inflamatorio, il_6, adipocinas, inflamatorios, pcr, terapia_interdisciplinar, plasmaticas",brasil atualmente segundo maior produtor primeiro exportador carne_bovina sendo mato grosso primeiro estado ranking abates bovinos pais 15 4 participacao nacional manter crescente producao exportacao carne_bovina brasileira necessario qualidade produto dentro padroes legislacoes estabelecidos principalmente refere contaminacao patogenos alimentares dentre principais microrganismos envolvidos surtos doencas transmitidas alimentos dta´s destaca salmonella_spp estando frequentemente associada contaminacao carne_bovina todo mundo provocando muitos casos salmonelose surtos dta s fato combinado uso antibioticos producao animal tratamento terapeutico cria novos desafios prevenir controlar infeccao salmonella_spp resistentes multiplos medicamentos pode dificultar tratamento doencas ocasionadas patogeno nesse contexto presente estudo objetivou estimar ocorrencia salmonella_spp carne_bovina in_natura avaliar perfil resistencia antimicrobiana isolados total 107 amostras carne_bovina produzidas mato grosso submetidas analise microbiologica pcr isolamento identificacao salmonella_spp caracterizacao perfil susceptibilidade antimicrobiana perfil genotipico cada cepa ocorrencia salmonella_spp verificada 5 6 6 107 amostras todas cepas apresentaram resistentes multiplas drogas mdr perfis genotipicos distintos evidencias podem trazer dificuldades tratamento doencas causadas salmonella_spp gerando impactos negativos saude_publica alem prejuizos economicos embargo carne_bovina contaminada patogeno,2219,0.9125337132577891
67,"adiponectina, leptina, iid, inflamatorio, il_6, adipocinas, inflamatorios, pcr, terapia_interdisciplinar, plasmaticas",introducao desenvolvimento aterosclerose nivel endotelial pode iniciar idades precoces parece estar associado obesidade comorbidades objetivos verificar efeitos tratamento interdisciplinar obesidade sobre espessura intima media carotidea eimc marcadores_inflamatorios adolescentes obesidade associada resistencia insulinica ri esteatose_hepatica alcoolica ehna hiperleptinemia hl metodos adolescentes pos puberes obesidade recrutados submetidos ano tratamento composto terapia clinica nutricional psicologica fisioterapeutica treinamento_fisico grupo analisado acordo presenca ausencia ri ehna hl composicao_corporal avaliada pletismografia deslocamento ar enquanto eimc tecido_adiposo visceral subcutaneo presenca ehna determinados ultrassonografia glicemia insulinemia perfil_lipidico concentracoes adipocinas leptina adiponectina inibidor ativador plasminogenio 1 pai 1 analisados antes apos tratamento ri avaliada calculo homa_ir homa ad resultados todos grupos apresentaram reducoes significativas massa_corporal total massa gordura_corporal gordura_visceral eimc alem aumento significativo valores quicki reducoes significativas valores homa_ir homa ad grupo ri apresentou valores significativamente maiores eimc final tratamento pares ri apenas grupo ehna apresentou reducao significativa razao ldl_c hdl_c aumento concentracoes plasmaticas hdl_c reducao significativa leptina pai 1 concomitante aumento concentracao adiponectina grupos ri ehna grupo hl reducao significativa concentracao leptina aumento adiponectina apos tratamento interdisciplinar eimc correlacionou positivamente homa_ir homa ad grupos ehna hl respectivamente conclusoes ano tratamento interdisciplinar obesidade contribuiu reducao significativa eimc melhora composicao_corporal sensibilidade insulinica adolescentes obesidade independente presenca ri ehna hl embora ehna hl possam parcialmente prejudicar melhora perfil_lipidico aterogenico atenuacao inflamacao respectivamente porem grupo ri apresentou eimc significativamente maior apos terapia pares ri enquanto grupos ehna hl apresentaram correlacao positiva eimc marcadores ri sugerindo alteracao possa ser link comorbidades associadas obesidade aqui estudadas desenvolvimento subclinico precoce aterosclerose,441,0.9001503604787754
67,"adiponectina, leptina, iid, inflamatorio, il_6, adipocinas, inflamatorios, pcr, terapia_interdisciplinar, plasmaticas",objetivo presente trabalho avaliar interacao escore risco genetico grs consumo_alimentos ultraprocessados aup alteracoes perfil_lipidico adultos jovens tratou estudo analitico tipo transversal envolvendo 199 adultos jovens 19 24 anos ambos_sexos diagnostico doencas consumo_alimentar estimado recordatorios_24_horas categorizado acordo classificacao_nova analisados seguintes marcadores_bioquimicos perfil_lipidico triacilglicerois tg colesterol_total ct contido lipoproteinas baixa densidade ldl_c alta densidade hdl_c hdl_c n hdl_c apolipoproteinas apoa1 apob genotipagem realizada reacao cadeia polimerase pcr alelo especifica oito polimorfismos scarb1 rs4765623 apob rs693 rs1367117 lipc rs2070895 rs1800588 ldlr rs5925 rs688 fabp rs1799883 quais compuseram grs associacoes testadas modelo linear generalizado teste_qui_quadrado_pearson regressao_logistica dependendo variavel desfecho analisada associacao positiva grs elevado = 6 alelos risco concentracoes ldl_c p=0 015 hdl_c p=0 028 apob p=0 029 indices castelli i ii p=0 028 p=0 014 apos ajuste idade sexo imc sessenta oito cento participantes apresentaram alteracoes perfil_lipidico serico total apolipoproteinas frequencia significativamente maior p<0 001 observada grupo alto grs = 6 alelos risco 72 comparacao baixo grs < 6 alelos risco 28 alto grs positivamente associado concentracoes ldl_c comparacao baixo grs =0 099 ic95 =0 008 0 19 p=0 033 alem disso interacao alto grs baixo consumo_alimentos ultraprocessados aumento significativo disturbios perfil_lipidico serico total apolipoproteinas or=3 094 ic95 =1 17 8 17 pinteracao=0 022 resultados sugerem mudancas perfis lipidicos adultos jovens associadas variacoes geneticas tanto isoladamente quanto interacao consumo_alimentar estudos necessarios confirmar achados,5123,0.8313478176902177
67,"adiponectina, leptina, iid, inflamatorio, il_6, adipocinas, inflamatorios, pcr, terapia_interdisciplinar, plasmaticas",historicamente nutricao constituiu ciencia base biomedica influencia perfil formacao nutricionista dias atuais pode negar importancia necessidade conteudos biomedicos formacao nutricionista entanto partindo nocao profissional generalista defendida diretriz curricular nacional dcn curso nutricao entende formacao deste profissional exige dialogo diversas areas conhecimento ciencias sociais humanas csh tese insere linha pesquisa politicas saberes praticas alimentacao nutricao saude visou investigar bases epistemologicas curriculos cursos nutricao rio janeiro tendencias teoricas desenvolvidas elementos formacao nutricionista vem sendo priorizados curriculos projetos pedagogicos cursos forma csh sido incorporadas cursos graduacao nutricao realizada coleta documentos diretamente universidades participantes estudo assim levantamento fontes secundarias compuseram analise utilizou metodo materialismo historico dialetico dessa forma adotamos epistemologia dialetica opcao abordagem instrumentalizar pesquisa epistemologica construido modelo esquematico base acumulo teorico sanchez gamboa 1998 chamado esquema paradigmatico pesquisa formacao nutricao norteou analise material estudo foco especial deste trabalho investigar articulacao formacao nutricao ciencias sociais buscou compreender articulacao curriculo formal atraves ppcs cursos documentos orientadores formacao dcns nutricao documentos entidades cfn crn4 enen opsan analises documentos universidades rio janeiro assim fontes secundarias permitiram verificar discurso sobre necessidade aproximacao csh ainda colocado esfera teorica contemplado abordagens teorico metodologicas adotadas projetos politicos cursos identificou disciplinas cursos investigados aproximacao mesmas conteudos csh ainda timida pontual pouco interdisciplinar importante constatacao chegou estudo relacionada reducao qualificacao profissional nocao competencias documentos apresentam critica modelo formacao tecnicista disciplinar enquadrante mantem discussoes teoricas marcos competencias habilidades,1297,0.8217417759521057
68,"catd, hdl_c, ldl_c, ldl, hdl, colesterol_total, hemoglobina_glicada, perfil_lipidico, triglicerideos, indice_tyg",deficiencia vitamina dve associada diversos achados clinicos recem_nascidos broncodisplasia pulmonar retinopatia prematuridade hemorragia intracraniana intercorrencias estudadas recem_nascidos pre termos rnpt < 37 semanas recem_nascidos termos rnt encontrados baixos niveis circulantes vitamina inadequacao vitamina fase neonatal pode comprometer saude cognitiva infancia necessarios estudos avaliem diferenca estado_nutricional vitamina recem_nascidos segundo idade_gestacional parto fornecer subsidios protocolos monitoramento saude neonatal assim objetivo desse estudo comparar estado_nutricional vitamina recemnascidos pre termo termo trata revisao_sistematica metanalise baseada preferred reporting items systematic review and metaanalysis incluiu estudos originais tipo transversal caso_controle coorte todos idiomas adotaram criterios elegibilidade analise concentracao alfa tocoferol serico plasmatico recem_nascidos incluindo rnpt rnt tipo estudo_observacional bases dados utilizadas pesquisa pubmed medline embase web of science scielo periodicos capes pra tese dissertacao todos dados analisados extraidos dois revisores independentes avaliacao qualidade metodologica realizada meio ferramenta newcastle otawa scale diferencas medias intervalos confianca ic95 calculados software r revisao registrada prospero sob registro crd42021165152 revisao_sistematica encontrados 1809 artigos sendo final busca 13 elegiveis revisao populacao recem_nascidos 14 235 avaliados 07 estudos coortes 05 estudos transversal 01 caso_controle apenas 03 estudos incluidos metanalise utilizarem metodo padronizado determinacao analitica alfa tocoferol conterem informacao media desvio alfa tocoferol terem feito analise tanto rnpt quanto rnt estudos apresentaram alta heterogeneidade explicada tamanho amostra niveis sericos medios vitamina risco vies 90 casos classificados dve ambos grupos modelo final incluidos 166 rnpt 194 rnt sendo encontradas diferencas significativas medias concentracao alfa tocoferol grupos 0 15 ic 95 0 72 0 42 p = 0 61 apesar necessidade serem realizados estudos tema tais resultados demonstram independentemente idade_gestacional nascimento ambos recem_nascidos podem apresentar status semelhante vitamina sendo necessario avaliar baixos niveis mantem durante fase pos natal transitorios devido maior utilizacao vitamina durante parto,3408,0.9799245466804022
68,"catd, hdl_c, ldl_c, ldl, hdl, colesterol_total, hemoglobina_glicada, perfil_lipidico, triglicerideos, indice_tyg",introducao doenca_renal_cronica considerada problema saude_publica global patogenese progressao doenca sido relacionadas inflamacao estresse_oxidativo fatores relacionados estilo_vida intervencoes_nutricionais podem apresentar efeitos anti pro inflamatorios assim contribuir respectivamente reducao aumento complicacoes associadas processos oxidativo inflamatorio objetivo comparar efeito suplementacao oral curcuma curcuma associada piperina aumento capacidade_antioxidante diminuicao estresse_oxidativo inflamacao pacientes hemodialise material metodos ensaio_clinico_randomizado duplo cego pacientes hemodialise pacientes idade 20 75 anos recrutados apos preencherem criterios inclusao grupo curcuma n=25 recebeu 3 g dia grupo curcuma associada piperina n=24 recebeu 3 g curcuma + 2 mg piperina dia 12 semanas coletados dados_demograficos clinicos bioquimicos ingestao_alimentar estado_nutricional avaliadas concentracao plasmatica malondialdeido bem atividade enzimas antioxidantes catalase glutationa_peroxidase glutationa redutase concentracao proteina_c_reativa ultrassensivel concentracao ferritina resultados media idade 52 49 + 13 61 anos mediana tempo hd 49 18 72 meses analise intragrupo observada reducao malondialdeido p=0 021 ferritina p<0 001 grupo curcuma associada piperina reducao atividade enzima glutationa_peroxidase p=0 029 grupo curcuma final intervencao grupo curcuma piperina apresentou maior reducao malondialdeido p=0 003 ferritina p=0 005 menor reducao atividade enzima glutationa_peroxidase p<0 001 comparado grupo curcuma diferenca estatistica avaliacao intergrupos catalase glutationa redutase proteina_c_reativa ultrassensivel conclusao achados deste estudo sugerem efeito curcuma associada piperina potencialmente superior curcuma isolada preservacao capacidade_antioxidante reducao estresse_oxidativo inflamacao pacientes hemodialise considerando escassez estudos nessa tematica outros estudos devem ser realizados diferentes dosagens tempo intervencao,3757,0.8621491237291664
68,"catd, hdl_c, ldl_c, ldl, hdl, colesterol_total, hemoglobina_glicada, perfil_lipidico, triglicerideos, indice_tyg",efeito dieta nivel genetico materno_infantil sido registrado literatura danos dna associados dieta presenca micronucleos mn podem estar relacionados risco aumentado desenvolver doencas_cronicas cancer preocupacao particular danos durante gravidez pois podem afetar recem_nascido rn assim revisao pretende resumir evidencias primarias impacto dieta frequencia mn populacao maternoinfantil revisao registrada international prospective register of systematic_reviews prospero sob numero registro crd42022302401 elaboracao consideradas diretrizes itens preferred reporting items systematic_reviews and meta analyses protocol prisma p utilizadas bases dados pubmed embase web of science scopus science direct pesquisar estudos observacionais google academico busca manual necessarios realizar pesquisa literatura cinzenta criterios inclusao estudos observacionais avaliaram dieta consumida gestantes restricao idade cronologica gestacional utilizando questionario frequencia consumo_alimentar qfa investigaram frequencia mn nessas mulheres recem_nascidos aplicadas restricoes quanto ano publicacao idioma analise extracao dados realizada tres revisores forma independente qualidade metodologica estudos avaliada escala newcastle otawa verificado co ocorrencia termos incluidos artigos realizado sintese principais achados selecionados estrategia busca recuperou 4558 registros destes 13 lidos integra 5 incluidos revisao maioria estudos tipo coorte n= 4 realizados regiao europeia avaliadas total 875 gestantes 238 recemnascidos apesar evidencias insuficientes constatar dieta altera frequencia mn estudos incluidos encontraram possiveis efeitos diante consumo carne vermelha frita carnes processadas consumo adequado vegetais gorduras polinsaturadas pesquisas futuras necessarias possamos entender efeitos dieta sob estabilidade genetica dispor evidencias auxiliem planejamento politicas_publicas alimentacao nutricao reforcem padroes dieteticos protetivos proximas geracoes,4558,0.8404593695981663
68,"catd, hdl_c, ldl_c, ldl, hdl, colesterol_total, hemoglobina_glicada, perfil_lipidico, triglicerideos, indice_tyg",indice inflamatorio dieta iid avalia potencial inflamatorio alimentacao pode estar relacionado desenvolvimento doencas_cardiovasculares dcv objetivo deste estudo analisar associacao iid fatores_sociodemograficos risco_cardiovascular adultos_idosos participantes brazilian usual consumption assessment  brazuca natal estudo delineamento_transversal realizado 411 adultos_idosos ambos_sexos domiciliados cidade natal rn consumo_alimentar avaliado meio dois recordatorios_24_horas utilizando software globodiet R sendo primeiro entrevista presencial segundo inquerito telefonico potencial pro anti_inflamatorio dieta avaliado meio iid variaveis sociodemograficas estilo_vida avaliadas sexo fase vida raca cor estado_civil escolaridade renda per capita domiciliar tabagismo consumo alcool nivel atividade_fisica risco_cardiovascular identificado considerando analise cluster incluiu medidas pressao_arterial sistolica pas hg mm pressao_arterial diastolica pad hg mm indice_massa_corporal imc kg m2 perimetro_cintura pc cm estatistica incluiu analise descritiva conforme natureza variaveis estimativas ponderadas base amostra complexa teste mann_whitney utilizado comparar valores iid geral componentes iid cluster menor maior risco_cardiovascular razoes prevalencia brutas ajustadas partir modelos regressao_poisson calculadas avaliar associacao clusters risco_cardiovascular iid variaveis sociodemograficas estilo_vida evidenciamos maior parte participantes 79 6 consumiam dieta pro inflamatoria resultados analise cluster resultaram dois agrupamentos cluster 1 denominado cluster menor risco_cardiovascular observados seguintes valores centros desvios padrao pas 0 580 pad 0 507 imc 0 519 pc 0 473 cluster 2 denominado cluster maior risco_cardiovascular identificouse seguintes valores centros desvios padrao pas 0 665 pad 0 605 imc 0 568 pc 0 587 observou valores iid geral maior cluster 2 maior risco_cardiovascular p=0 007 analise multipla verificado individuos 1 9 anos estudo apresentaram 53 maior probabilidade pertencer cluster maior risco_cardiovascular rp=1 53 p=0 018 conclui individuos maior risco_cardiovascular apresentaram dieta potencialmente inflamatoria evidenciamos dieta populacao estudada alto potencial inflamatorio pessoas baixa_escolaridade apresentam maior prevalencia fatores_risco dcv,4550,0.8280358592338959
68,"catd, hdl_c, ldl_c, ldl, hdl, colesterol_total, hemoglobina_glicada, perfil_lipidico, triglicerideos, indice_tyg",introducao consumo_alimentar anti_inflamatorio apresenta propriedades dieta antioxidante sendo considerado estrategia prevencao combate estresse_oxidativo metodo avaliacao desse potencial_antioxidante consumo_alimentar atraves capacidade_antioxidante_total dieta dcat objetivo avaliar dcat associacao estado_nutricional risco desnutricao inflamacao criancas_adolescentes hospitalizados metodologia estudo_transversal realizado criancas_adolescentes admitidos setor pediatria hospital filantropico vicosa  mg brasil 2014 2019 risco_nutricional avaliado atraves screening tool risk on nutritional status and growth strongkids medidas peso comprimento estatura aferidas indices_antropometricos avaliados dcat obtida atraves planilha microsoft excel R considerava valores dcat cada alimento baseado consumo_alimentar dia anterior realizacao triagem_nutricional recordatorio_24_horas r24h dados bioquimicos coletados prontuario medico testes kolmogorovsmirnov qui_quadrado pearson teste_exato_fisher analises regressao_logistica realizadas adotando p<0 05 resultados participaram estudo 403 pacientes 54 8 sexo_masculino idade mediana 3 4 1 14 anos prevalencia risco_nutricional 80 1 medio alto risco deficit nutricional 6 0 7 4 acordo indice antropometrico avaliado anemia 59 7 pcr alterada 75 6 dcat correlacionou inversamente pontuacao strongkids diretamente hemoglobina maiores tercis dcat apresentaram menores chances deficits antropometricos indices p i i imc i parametro inflamatorio avaliado pcr demonstrou qualquer associacao conclusao maior dcat associou menor risco_nutricional melhor estado_nutricional criancas_adolescentes hospitalizados indicando necessidade diagnostico nutricional precoce incluindo analise consumo_alimentar bem promocao alimentacao_adequada saudavel ambiente hospitalar,3523,0.7730274962762365
69,"equacoes, tmb, ger, equacao, altman, bland, mlg, equacoes_preditivas, dxa, predicao",dentre problemas saude idoso destaca deficiencia micronutrientes relaciona variados tipos doencas neste contexto hipovitaminose_d sido achado frequente idosos especialmente naqueles institucionalizados objetivo presente estudo avaliar status vitamina_d fatores_associados idosos_institucionalizados natal rn estudo_transversal realizado 153 idosos residentes nove instituicoes longa permanencia idosos ilpi cidade natal rn 2012 2015 modelo teorico construido conforme determinantes sociais saude dss avaliar associacoes elegendo variavel dependente concentracao 25_hidroxivitamina d 25 oh d soro variaveis independentes tipo ilpi tempo institucionalizacao escolaridade camadas distal idade sexo cor_pele indice_massa_corporal perimetro panturrilha abdominal pratica_atividade_fisica mobilidade ingestao_dietetica vitamina_d calcio uso suplemento vitamina_d uso antiepileticos camadas proximais estacao ano camada transversal concentracao 25 oh d soro determinada quimioluminescencia idosos diagnosticados status insuficiente apresentavam valores menor igual 29ng ml consumo_alimentar avaliado registro_alimentar pesagem direta alimentos teste_qui_quadrado_pearson utilizado averiguar associacoes variaveis idade media idosos 81 7 9 2 anos predominio sexo_feminino 78 4 maioria residia instituicao fins lucrativos 68 brancos 54 7 observada elevada inadequacao dietetica vitamina_d 95 4 calcio 79 7 71 2 populacao apresentou hipovitaminose_d 23 9ng ml ic 22 81 26 13 dentre outras caracteristicas 70 2 praticavam atividade_fisica 86 9 possuia algum grau mobilidade 66 7 apresentava incapacidade cognitiva grave concentracoes 25 oh d significativamente associadas dss atencao_saude idoso deve ter foco fatores_risco modificaveis intervencao vitamina_d considerando processo envelhecimento,2335,0.9875153978542601
69,"equacoes, tmb, ger, equacao, altman, bland, mlg, equacoes_preditivas, dxa, predicao",alimentacao dois primeiros anos vida determinante construcao comportamento_alimentar refletirao habitos_alimentares idade adulta mudancas importantes habitos_alimentares populacao brasileira aumento consumo_alimentos ultraprocessados aup introducao alimentos complementares maioria vezes maneira inadequada precoce criancas sido evidenciadas escolaridade_materna associada consumo_alimentar infantil aup porem resultados relacao direcao desta associacao conflitantes objetivo estimar associacao escolaridade_materna consumo aup criancas brasileiras menores cinco anos metodos trata recorte inquerito nacional populacional base domiciliar denominado estudo nacional alimentacao nutricao infantil enani 2019 dados consumo aup coletados meio questionario fechado referente alimentacao criancas dia anterior dados escolaridade_materna categorizados <7 8 11 >12 anos estudo calculadas medias numeros itens aup consumidos caracteristicas amostra acordo grupos escolaridade_materna associacao escolaridade_materna consumo aup testada regressao_logistica contagem variaveis ajuste modelo selecionadas grafico aciclico direcionado dag  ingles directed acyclic graph teste razao verossimilhanca resultados prevalencia consumo aup 81 criancas menores cinco anos media consumo menos aup 10 6 criancas < 6 meses 97 0 criancas 24 60 meses idade escolaridade_materna parece estar fortemente associada consumo aup criancas menores 6 meses modelo interacao criancas nessa faixa etaria cuja escolaridade_materna >12 anos escolaridade apresentaram risco relativo consumo aup cinco vezes menor comparadas criancas filhas maes <7 escolaridade valores preditos consumo mostram parece haver inversao efeito escolaridade_materna consumo aup criancas criancas aproximadamente 60 meses idade cuja escolaridade_materna 0 7 anos valores preditos consumo aup inferiores mae autodeclarou branca parda conclusao conclui escolaridade_materna associada consumo aup criancas brasileiras menores 5 anos afetando forma diferente cada grupo raca cor materna idade crianca,4108,0.9849150396262002
69,"equacoes, tmb, ger, equacao, altman, bland, mlg, equacoes_preditivas, dxa, predicao",objetivos 1 realizar revisao_sistematica literatura acerca evidencias sobre associacao assistencia pre_natal apn resultado perinatal gestantes diabetes mellitus dm 2 analisar relacao apn desfechos inadequacao controle_glicemico ganho_peso_gestacional gpg mulheres hiperglicemia gestacao hg decorrente diabetes mellitus gestacional dmg dm pre gestacional metodos 1 revisao_sistematica desenvolvida acordo diretrizes prisma 2020 conduzida meio estrategia pico busca realizada bases pubmed scopus bireme qualidade metodologica estudos avaliada meio ferramentas national heart lung and blood institute  national institutes of health 2 estudo_observacional longitudinal fatores confundimento identificados direct acyclic graphic dag incluidos regressao_logistica_multipla indice_massa_corporal pre gestacional imc pg escolaridade ocupacao idade materna numero consultas apn realizadas estimativas odds ratio or intervalos confianca 95 ic 95 nivel significancia adotado p<0 05 analises realizadas software spss 25 0 resultados 1 identificados 5 972 registros quais 15 n=47 420 gestantes atenderam criterios elegibilidade desfechos analisados controle_glicemico 14 estudos n= 9 096 participantes prematuridade 6 n=40 163 recem_nascidos grandes idade_gestacional 4 n=1 556 macrossomia fetal peso_nascer >4kg 6 n=2 980 internacao unidade_terapia_intensiva neonatal 4 n=2 022 2 analisadas 773 gestantes dmg = 606 dm pre gestacional = 167 gestantes dmg variaveis preditoras inadequacao controle_glicemico 2º trimestre  idade materna > 31 anos or ajustada = 1 68 ic 95 1 15  2 44 3º trimestre  numero consultas apn oito or ajustada = 1 71 ic 95 1 04  2 81 assistencia nutricional pre_natal quatro or ajustada = 2 20 ic 95 1 49  3 22 gestantes dm pre gestacional variaveis preditoras inadequacao controle_glicemico 2º trimestre  imc pg sobrepeso obesidade or ajustada = 2 10 ic 95 1 02  10 33 numero consultas apn oito or ajustada = 9 29 ic 95 1 02  84 29 3º trimestre  idade materna > 31 anos considerada fator protecao or ajustada = 0 33 ic 95 0 12  0 83 inadequacao gpg variavel preditora imc pg sobrepeso obesidade dmg or ajustada = 2 59 ic95 = 1 70  3 39 dm pre gestacional or ajustada = 4 84 ic 95 2 07  11 30 conclusoes achados sugerem apn incluindo acompanhamento_nutricional interfere resultado obstetrico perinatal sendo capazes reduzir riscos complicacoes associadas hg especialmente adequacao controle_glicemico gpg meio intervencao precoce especializada realizada equipe multiprofissional,5004,0.9847528567846212
69,"equacoes, tmb, ger, equacao, altman, bland, mlg, equacoes_preditivas, dxa, predicao",universidade federal rio janeiro comporta campus chamados servicos_alimentacao permissionarios analise estrategica desses servicos permite diagnostico funcionamento mesmos identificacao eventuais distorcoes visando melhoria assim minimizando possiveis maleficios saude consumidores objetivo deste estudo analisar estrategicamente servicos_alimentacao permissionarios localizados centro ciencias saude campus cidade universitaria ilha fundao metodo pesquisa estudo campo matriz swot instrumento relaciona condicoes internas externas servico utilizada realizacao analise estrategica alimentar matriz inseridos dados coletados tres eixos distintos seguintes focos consumidores servicos n=300 gestores servicos_alimentacao caracteristicas funcionamento servicos n=14 membros administracao universitaria coleta dados utilizados subsequentes instrumentos questionarios aplicados consumidores gestores lista checagem desenvolvida base rdc 216 2004 grupo focal junto gestores servicos questionarios entrevistas funcionarios instancias superiores universidade gestores servicos avaliados maioria sexo_masculino 73 ensino medio completo 43 consumidores entrevistados 24 72 73 realizam desjejum almoco lanche servicos permissionarios respectivamente destacando intensa dependencia parte comunidade relacao servicos apesar existir nenhuma forma controle funcionamento servicos_alimentacao importancia fiscalizacao mesmos garantia qualidade consumidores reconhecida instancias superiores universidade grau conformidade servicos relacao itens legislacao vigente variou zero 66 preenchimento matriz swot dados coletados entao classificados ameacas oportunidades provenientes avaliacao ambiente externo fraquezas pontos fortes originados ambiente interno fraquezas servicos ressaltadas pouca comunicacao servicos administracao universidade ausencia controle gestores servicos relacao satisfacao consumidores ameacas destacou ausencia investimentos servicos agrava percepcao consumidores distanciamento administracao universitaria servicos_alimentacao matriz swot resultado positivo relacao aplicacao analise desses servicos evidenciando inovacao area posicionamento servicos avaliados quadrantes matriz swot area risco acentuado evidenciando critica situacao funcionamento servicos analise estrategica permitiu visualizar lacuna gestao servicos tanto parte gestores universidade reforca necessidade implementacao medidas emergenciais fraquezas corrigidas ameacas impacto minimizado bem elaboracao programa intervencao capacitacao gestores servicos_alimentacao permissionarios situados ccs ufrj,1010,0.9824965836181758
69,"equacoes, tmb, ger, equacao, altman, bland, mlg, equacoes_preditivas, dxa, predicao",introducao 30 anos percentual idosos longevos ira triplicar entretanto idosos vivencias particulares cada fase envelhecimento nutricao adequada pilar fundamental envelhecimento saudavel cobre zinco associados indicadores qualidade_muscular composicao_corporal contudo associacoes carecem maior elucidacao contexto pessoas_idosas longevas saudaveis ademais razao cobre zinco rcz sido apontada preditor declinio funcional mortalidade objetivo estudar relacao biomarcadores zinco cobre rcz indicadores qualidade_muscular parametros composicao_corporal pessoas_idosas longevas saudaveis metodos estudo_transversal idosos 80 anos frageis composicao_corporal avaliada antropometria bioimpedancia consumo_alimentar tres registros alimentares dias consecutivos indicadores qualidade_muscular testes forca_preensao_palmar short physical performance battery sppb angulo_fase af avaliado marcador integridade muscular biomarcadores plasmaticos eritrocitarios urinarios avaliados partir amostras sangue urina 24 horas rcz calculada participantes divididos quartis acordo valor desta relacao dicotomizados dois grupos sendo primeiro composto tres quartis iniciais distribuicao segundo quarto quartil analises multivariadas regressao_poisson realizadas resultados incluidos 71 idosos saudaveis mediana idade 84 82 87 anos sendo 55 sexo_feminino inadequacao ingestao zn cu observada 53 4 42 3 amostra respectivamente relacao zn 43 7 7 57 1 idosos apresentaram adequacao biomarcadores plasmaticos eritrocitarios urinarios respectivamente quanto cu adequacao encontrada 100 100 3 17 amostra respectivos compartimentos 76 idosos apresentaram bom desempenho sppb 82 1 apresentaram forca_preensao_palmar adequada entretanto nenhum destes indicadores qualidade_muscular consumo_alimentar bem variaveis antropometricas significativamente associado biomarcadores cu zn encontramos rcz media 1 51 + 0 16 diferenca sexos associacao inversa significativa encontrada rcz af p = 0 026 razao prevalencia 0 62 ic 95 0 47 0 81 p = 0 001 ajustepara idade conclusao contexto envelhecimento saudavel observamos alta incidencia inadequacao biomarcadores zn encontrado estado_nutricional cu excecao apenas biomarcador urinario idosos longevos saudaveis biomarcadores estudados associados indicadores qualidade_muscular variaveis antropometricas rcz inversamente associada af parametro reflete integridade celular sido associado sarcopenia fragilidade mortalidade diferentes populacoes geriatricas mecanismos quais aumento cu diminuicao zn plasma favoreceriam dano celular ainda necessitam elucidacao,4712,0.9812858136350875
70,"cancer_mama, recidiva, neoplasia, sobreviventes, wcrf, adjuvante, tercil, aicr, sobrevida, research",consumo_alimentar populacao sido influenciado fatores menor tempo disponivel preparo consumo refeicoes aumento refeicoes realizadas casa acrescimo ingestao alimentos_industrializados prontos consumo dentre alimentos_industrializados consumidos populacao brasileira produtos panificacao salgados fritos assados biscoitos salgados pizzas sanduiches podem apresentar elevado teor energia gorduras incluindo gordura_trans consumo desta gordura pode ocasionar maleficios saude desenvolvimento doencas_cardiovasculares diabetes mellitus obesidade depressao cancer desta forma enfatiza importancia acoes possam analisar melhorar qualidade nutricional desses alimentos objetivo deste estudo implementar controle gordura_trans produtos panificacao fabricante fornecedor lanchonetes campus sede universidade federal santa catarina trata pesquisa qualitativa atraves estudo_caso realizado tres etapas primeira contou identificacao produtos panificacao comercializados lanchonetes universidade passiveis conter gordura_trans informacao obtida analise informacoes presentes rotulos alimentos meio informacao_nutricional lista ingredientes segunda etapa contou identificacao selecao maior fornecedor salgados gordura_trans campus terceira etapa implementacao metodo controle gordura_trans processo produtivo refeicoes cgtr processo produtivo fabricante selecionado 120 produtos pesquisados lanchonetes 76 7 continham ingredientes passiveis conter gordura_trans sendo comercializados todas lanchonetes campus fabricante selecionado fabrica localizada cidade jose sc comercializava produtos tres lanchonetes campus oferta sete diferentes produtos panificacao durante implementacao metodo cgtr identificado todos 39 produtos panificacao fabricados fornecedor passiveis conter gordura_trans industrial proveniente uso caldo galinha industrializado presente 59 produtos gordura vegetal hidrogenada 54 margarina industrial 44 requeijao cremoso 13 requeijao cremoso sabor cheddar 3 desenvolvidas testadas receitas massas isentas gordura_trans todos produtos panificacao fornecedor selecionado utilizacao apenas oleos vegetais seguindo logica produtiva vigente setor panificacao massas utilizados percentuais oleo vegetal proporcionais total farinha trigo 5 calzones 30 empanadas massa branca integral 50 empadas 10 salgados fritos alem massa salgado frito isenta oleo implementacao metodo cgtr possivel promoveu controle gordura_trans produtos panificacao recomendacoes desenvolvidas testadas podem ser utilizadas fabricantes produtos panificacao ainda utilizam gordura_trans ingrediente processo produtivo contribuindo assim reduzir oferta alimentos gordura_trans consumidores,1360,0.9897884999372835
70,"cancer_mama, recidiva, neoplasia, sobreviventes, wcrf, adjuvante, tercil, aicr, sobrevida, research",indices qualidade_dieta sido frequentemente utilizados avaliar padrao_alimentar relacao desenvolvimento progressao cancer objetivou atraves deste estudo avaliar qualidade_dieta mulheres cancer_mama tratamento adjuvante caracteriza ensaio_clinico_randomizado realizado dois momentos pre cirurgico basal pos tratamento indice_qualidade_dieta revisado iqd r brasileiro calculado partir questionario_frequencia_alimentar contendo 112 itens_alimentares iqd r estratificado tercis classificando mulheres dieta inadequada 1º tercil dieta necessitando modificacoes 2º tercil dieta saudavel 3º tercil pontuacao iqd r inicio estudo 78 participantes 75 2 pontos dieta inadequada 75 7 81 8 pontos dieta necessitando modificacoes 82 0 pontos dieta saudavel observou 26 mulheres classificadas dieta inadequada durante tratamento 10 38 mantiveram classificacao 16 62 melhoraram dieta sendo 38 passaram classificacao dieta necessitando modificacoes 24 categoria dieta saudavel mulheres classificadas dieta necessitando modificacoes inicio estudo alteraram significativamente qualidade_dieta durante tratamento embora diminuicao significativa pontuacao componente frutas totais sido observada apesar disso verificou nesta categoria 26 mulheres 46 melhoraram dieta durante tratamento passando ter dieta saudavel enquanto 30 mantiveram nivel qualidade 24 passaram ter dieta inadequada pacientes classificadas categoria dieta saudavel reduziram significativamente pontuacao media iqd r 7 3 pontos durante tratamento verificou 26 mulheres dieta saudavel 42 alteraram dieta mantendo nesta classificacao enquanto 58 diminuiram qualidade_dieta sendo 38 passaram ter dieta necessitando modificacoes 20 dieta inadequada mulheres dieta saudavel reduziram significativamente qualidade global dieta principalmente reducao significativa pontuacao cinco componentes iqd r frutas totais vegetais totais vegetais verdes escuros alaranjados leguminosas cereais totais componente computa calorias provenientes gorduras solidas calorias alcool acucar adicao  gord aa reducao pontos componentes frutas vegetais cereais totais durante tratamento preocupantes pois pesquisas alertam reducao consumo consumo diario menor 400 gramas frutas_hortalicas amido alimentos ricos antioxidantes fibras pode aumentar risco ocorrencia recidiva cancer_mama segundo guia world cancer research fund outro componente contribuiu reducao qualidade_dieta destas mulheres gord aa visto aumento consumo miscelanea alimentos densamente caloricos baixo valor_nutricional computado neste componente sendo assim resultados confirmam mudancas dieta apos diagnostico cancer_mama alteram significativamente qualidade_dieta desta forma mulheres devem ser estimuladas melhora la partir estrategias educacao nutricional direcionadas todas repercussoes tratamento,455,0.9888324219340123
70,"cancer_mama, recidiva, neoplasia, sobreviventes, wcrf, adjuvante, tercil, aicr, sobrevida, research",introducao desnutricao disturbios nutricionais prevalentes pacientes hemodialise hd mesma forma inflamacao ingestao_proteica insuficiente comuns nessa populacao objetivos primeira etapa avaliar uso impedancia_bioeletrica bioelectrical impedance analysis bia pode identificar estado hidratacao pacientes diferentes situacoes clinicas verificar associacao hiper hidratacao mortalidade segunda etapa avaliar marcadores_inflamatorios parametros estado_nutricional impedancia_bioeletrica pacientes submetidos hd antes apos suplementacao proteinas soro_leite vitaminas c metodos primeira etapa realizada revisao_sistematica metanalise 29 estudos segunda etapa realizado ensaio_clinico_randomizado ecr placebo controlado duplo cego amostra randomizada dois grupos grupo suplementacao recebeu 20 g proteinas soro_leite 250 mg vitamina_c 600 ui vitamina placebo recebeu 20 g farinha arroz capsulas celulose microcristalina dois grupos receberam intervencoes imediatamente apos sessao hd 3 vezes semana durante 8 semanas realizadas avaliacoes marcadores_inflamatorios interleucina il il 12p70 il_10 il_6 il 8 fator necrose_tumoral alfa razao neutrofilo linfocito albumina serica estado_nutricional diferentes indicadores avaliacao meio parametros bia resistencia altura reatancia altura impedancia altura analise vetorial impedancia_bioeletrica bioelectrical impedance vector analysis biva angulo_fase utilizados testes qui_quadrado t student mann_whitney analise variancia medidas repetidas duas vias two way rm anova t pareado wilcoxon correlacao_spearman testes t2 hotelling analise univariada teste f nivel significancia estatistica p <0 05 resultados primeira etapa observada associacao direta hiper hidratacao mortalidade or 4 38 ic 95 2 76 6 94 estratificada condicao clinica or 4 37 ic 95 1 15 6 92 equipamento bia or 4 37 ic 95 2 75 6 92 segunda etapa finalizaram estudo 23 pacientes encontrada diferenca significativa marcadores_inflamatorios nutricionais comparacao grupos apos intervencao relacao mudancas relativas desfechos reducao il_6 810 95 grupo suplementado placebo aumento 732 8 apos intervencao vetor medio biva grupo suplementado deslocado regiao central dentro elipse 50 vetor medio grupo placebo deslocado elipse 95 elipse 75 conclusao primeira etapa impacto prognostico hiper hidratacao pode ser devidamente avaliado bia relacao ecr suplementacao proteinas soro_leite vitaminas c oito semanas promoveu alteracoes significativas marcadores_inflamatorios parametros estado_nutricional bia intragrupos entanto apos intervencao nutricional deslocamento vetores biva sugerindo mudancas integridade membrana celular aumento massa celular corporal pacientes,3800,0.9886566392764813
70,"cancer_mama, recidiva, neoplasia, sobreviventes, wcrf, adjuvante, tercil, aicr, sobrevida, research",pacientes tratamento cancer_mama suscetiveis alteracao comportamento_alimentar ganho_peso desenvolvimento estresse_oxidativo fatores podem influenciar recidiva doenca assim controle desses meio alimentacao torna relevante baseado exposto presente estudo objetivou avaliar efetividade intervencao nutricional educativa promovendo aumento consumo frutas_legumes_verduras flv reducao consumo carnes vermelhas processadas sobre fatores nutricionais biomarcadores estresse_oxidativo realizado ensaio_clinico_randomizado controlado avaliacao basal apos 12 meses intervencao municipio florianopolis santa catarina  brasil populacao composta mulheres recem diagnosticadas cancer_mama divididas grupo_intervencao gi n=18 grupo comparacao gc n=75 gi submetido intervencao orientando consumo minimo 400 g diarias frutas_legumes_verduras flv ingestao maximo 500 g semanais carnes vermelhas processadas conforme recomenda documento alimentos nutricao atividade_fisica prevencao cancer perspectiva global organizado world cancer research found american institute cancer research intervencao nutricional educativa ocorreu principalmente atraves orientacao telefone materiais impressos via correspondencia encontros presenciais palestras aula culinaria avaliacao basal apos tratamento ambos grupos avaliados quanto consumo gramas porcoes flv carnes vermelhas processadas alem energia macronutrientes acidos_graxos obtidos partir questionario_frequencia_alimentar peso_corporal indice_massa_corporal imc avaliados acordo recomendacao organizacao_mundial_saude biomarcadores estresse_oxidativo sanguineos determinados atraves oxidacao lipidica proteica hidroperoxidos lipidicos proteinas carboniladas marcadores antioxidantes glutationa reduzida potencial_antioxidante dados basais utilizada analise qui_quadrado variaveis categoricas test t mann_whitney dados continuos acordo simetria dados avaliacoes desfechos intragrupo utilizou test t pareado wilcoxon acordo simetria dados modelos complementares regressao_linear utilizados ajustes energia valores basais resultados destaca analises ajustadas demonstraram aumento significativo 50 consumo flv reducao 60 consumo carnes vermelhas processadas gi relacao gc relacao peso_corporal alteracao gi enquanto gc aumentou significativamente dois periodos avaliacao quanto marcadores_estresse_oxidativo observou aumento significativo 30 glutationa reduzida gi sobre gc analises referente diferenca 2 periodos avaliacao gc aumentou significativamente marcadores oxidantes enquanto gi alterou porem reduziu marcador avaliou potencial_antioxidante significativamente sendo assim pode concluir intervencao nutricional educativa durante tratamento cancer_mama mostrou importante estimulacao habitos_alimentares_saudaveis manutencao peso_corporal alem possivel reflexo desses aumento glutationa reduzida possui papel central defesa celulas contra estresse_oxidativo,461,0.9851031082393008
70,"cancer_mama, recidiva, neoplasia, sobreviventes, wcrf, adjuvante, tercil, aicr, sobrevida, research",processo envelhecimento traz consigo mudancas fisiologicas envolvem alteracao gradativa composicao_corporal resultando perda massa_muscular esqueletica ganho massa_gorda alteracoes fisiologicas caracteristicas envelhecimento conjunto mudancas habitos_alimentares nessa fase contribuem inadequacoes ingestao micronutrientes especialmente vitamina estudos demonstraram associacao positiva adequada ingestao vitamina parametros_antropometricos pessoal jovens entretanto idosos brasileiros apresentam alta prevalencia inadequacao consumo desta vitamina pode contribuir elevados percentuais gordura_corporal idosos diante exposto objetivo deste estudo analisar relacao ingestao habitual vitamina composicao_corporal idosos comunidade lavras minas gerais tratase estudo_transversal aprovado comite etica pesquisas seres_humanos universidade federal lavras realizado homens mulheres idade = 60 anos frequentadores centros apoio convivio moradores cidade avaliou consumo_alimentar aplicacao dois recordatorios_24_horas realizada avaliacao_antropometrica peso altura circunferencia_cintura panturrilha composicao_corporal impedancia_bioeletrica resultados identificada eutrofia 41 8 voluntarios segundo indice_massa_corporal 88 7 amostra apresentou percentual gordura_corporal excessiva identificada alta inadequacao consumo vitaminas b6 >90 minerais calcio magnesio sodio potassio cobre selenio >80 encontrada correlacao ingestao vitamina composicao_corporal voluntarios conclui amostra estudada idosos comunidade elevada inadequacao consumo_alimentar vitamina correlacao ingestao habitual vitamina dados composicao_corporal possivel baixa_ingestao desta vitamina permita estabelecer demais correlacoes parametros composicao_corporal,3433,0.9772937389114424
