topic,FREX,DS_RESUMO,document
1,"osseo, massa_ossea, pth, dmo, ossea, ingestao_calcio, densidade_mineral_ossea, femur, saude_ossea, coluna",expansao massa_ossea acumulo diario calcio osseo variam conforme estagio puberal sendo maiores estagios puberais iii iv nesses periodos retencao diaria calcio osseo atinge maximo correspondendo 290 360mg dia meninos ingestao_calcio superior 1000mg dia pouco sabe sobre retencao diaria calcio osseo meninos baixa ingestao_calcio objetivo desse estudo avaliar retencao diaria calcio ossos meninos pre puberes puberes fisicamente ativos baixa ingestao_calcio participaram estudo 27 meninos estagios puberais i 8 5 + 0 6 anos n=9 ii 10 8 + 0 7 anos n=9 iii 13 0 + 1 0 anos n=9 coletas amostras sangue avaliacoes massa_ossea composicao_corporal utilizando dxa realizadas inicio estudo apos 6 meses dados ingestao_alimentar obtidos atraves 3 recordatorios 24h analises pth i 25 oh d igf i soro determinadas imunoensaio quimioluminescente retencao diaria calcio osseo estimada assumindo calcio representa 32 2 cmo corpo inteiro considerando diferenca conteudo calcio osseo duas avaliacoes dividido intervalo dias avaliacoes valores z score dmo corpo inteiro femur proximal total adequados duas avaliacoes ingestao_calcio semelhante grupos 684+ 265mg d 618+ 406mg d 597+ 332mg d estagios i ii iii respectivamente representou 55 atuais recomendacoes dieteticas calcio retencao diaria calcio osseo menor p <0 05 meninos estagio i 110 + 38mg dia comparado ii 189 + 64 mg dia iii 225 + 102 mg dia 75 meninos apresentaram 25 oh d inferior 50nmol l n=6 n=8 n=7 estagios i ii iii respectivamente primeira avaliacao 25 oh d correlacionou positivamente dmo cmo corpo inteiro femur duas avaliacoes igf 1 maior estagio iii comparado ii 288+ 135 vs 193+ 79 ng ml p<0 05 grupo todo igf i correlacionou positivamente area ossea corpo inteiro femur r>0 49 p<0 05 duas avaliacoes unica variavel bioquimica associar positivamente retencao calcio diaria r=0 40 p=0 04 apesar baixa ingestao_calcio estado insuficiente vitamina_d meninos apresentaram adequada massa_ossea idade retencao diaria calcio observada similar meninos habituados elevada ingestao_calcio exceto meninos estagio iii somente nesses meninos ingestao_calcio associada retencao diaria calcio r=0 80 p<0 01 sugerindo estagio iii demanda calcio mineralizacao ossea elevada baixa ingestao_calcio aliada estado insuficiente vitamina_d parece ser ter sido capaz limitar aquisicao ossea menos diminuir velocidade acumulo massa_ossea,388
1,"osseo, massa_ossea, pth, dmo, ossea, ingestao_calcio, densidade_mineral_ossea, femur, saude_ossea, coluna",background constipation is highly prevalent among patients undergoing hemodialysis hd alternatives the treatment of this gastrointestinal disorder have been poorly investigated therefore we aimed to evaluate the effects of olive oil and flaxseed oil compared with mineral oil the treatment of constipation in patients undergoing hd methods 4 week double blind randomized controlled trial was conducted fifty constipated patients diagnosed by the rome iii criteria were randomly assigned to receive mineral oil n=17 olive oil n=16 or flaxseed oil n=17 the initial oil dose was 4 ml day and was adjusted needed the impact of the intervention was assessed by the rome iii criteria scores results the most frequent symptoms of constipation at baseline were comparable among the groups and included incomplete evacuation 92 lumpy or hard stools 72 and anorectal obstruction 70 the rome iii score improved significantly in patients receiving mineral oil 10 5+ 5 0 to 4 1+ 4 0 p<0 01 olive oil 10 3+ 4 2 to 3 2+ 3 8 p=0 01 and flaxseed oil 9 6+ 4 2 to 6 0+ 5 1 p<0 01 with significant group by time interaction p=0 15 except manual maneuvers the score all other symptoms was reduced similarly in the mineral oil and olive oil groups whereas only the frequency of evacuation and lumpy or hard stools improved in the flaxseed oil group conclusion we demonstrated that the daily use of olive oil or flaxseed oil was effective the treatment of constipation in patients undergoing hd the effect observed was similar to that obtained with mineral oil,987
1,"osseo, massa_ossea, pth, dmo, ossea, ingestao_calcio, densidade_mineral_ossea, femur, saude_ossea, coluna",estudos recentes sugerido massa_gorda exerce efeito protetor sobre massa_ossea populacoes heterogeneas entanto pouco sabe sobre efeito individuos obesos morbidos alguns mecanismos propostos explicar potencial efeito negativo massa_gorda sobre massa_ossea sustentam hipotese individuos obesos morbidos possam constituir grupo particularmente susceptivel perda ossea informacoes nesse grupo entanto escassas parte devido limitacoes metodologicas primeira geracao densitometros absorciometria dupla emissao raios_x dxa avaliacao massa_ossea destes individuos neste estudo utilizamos equipamento dxa recente capaz avaliar maior area massa_corporal total permitindo avaliacao adequada objetivo deste estudo avaliar saude_ossea individuos obesos morbidos subdivididos funcao sexo periodo fisiologico tres grupos homens mulheres menacme mulheres pos menopausa participaram estudo 72 individuos obesos morbidos imc>40 kg cm2 divididos tres grupos mulheres menacme n=37 mulheres pos menopausa n=22 homens n=13 composicao_corporal area conteudo cmo densidade dmo mineral ossea total sitios especificos coluna lombar femur proximal antebraco avaliados dxa lunar idxa realizadas medidas_antropometricas exames_bioquimicos metabolismo osseo comparacao grupos realizada analise variancia anova seguida pos teste fischer lsd associacoes variaveis estudadas avaliadas correlacao_pearson correlacao parcial utilizado nivel significancia 95 participantes estudo apresentaram media valores t z score adequados todos sitios estudados tal populacao geral homens apresentaram maior cmo maior area ossea p<0 001 mulheres menacme pos menopausa todos sitios avaliados entanto homens apresentaram menor z score coluna lombar femur total antebraco p<0 05 diferente esperado observamos diferenca significativa mulheres menacme mulheres pos menopausa nenhum parametro osseo avaliado media concentracoes 25 hidoxivitaminad 25 oh d paratormonio pth osteocalcina telopeptideo carboxiterminal colageno tipo i ctx adequadas diferenca grupos estudados considerando 3 grupos conjunto varios parametros osseos apresentaram correlacao positiva r>0 30 p<0 05 gordura_corporal_total apos ajuste massa_corporal total correlacao parcial gordura_corporal_total kg passou apresentar correlacao negativa area ossea corpo total p<0 001 r= 0 51 coluna lombar p<0 01 r= 0 40 femur total p<0 001 r= 0 57 cmo total p<0 001 r= 0 51 femur total p<0 001 r= 0 47 grupos avaliados separadamente apenas mulheres pos menopausa observadas associacoes negativas massa_gorda kg area conteudo mineral osseo cmo densidade_mineral_ossea dmo femur total r< 0 47 p<0 05 resultados sugerem descontado efeito massa_corporal gordura parece influenciar negativamente massa_ossea especialmente mulheres pos menopausa entanto havendo evidencia inadequacao massa_ossea pacientes estudados possivel efeito mecanico benefico massa_corporal sobre massa_ossea sido capaz sobrepor efeito prejudicial gordura sobre mesma,691
2,"sarcopenia, massa_muscular, fpm, sarc, obesidade_sarcopenica, dinapenia, qualidade_muscular, imm, esqueletica, forca_preensao_manual",pacientes_idosos hemodialise hd altamente suscetiveis desenvolvimento sarcopenia devido processo natural envelhecimento catabolismo induzido procedimento hd objetivo deste estudo primeiro avaliar prevalencia sarcopenia dinapenia atrofia muscular grupo pacientes_idosos hd segundo avaliar criterios aplicados diagnostico sarcopenia propostos sociedades internacionais capazes distinguir pacientes pior condicao clinica estado_nutricional qualidade_vida estudo multicentrico transversal incluiu 94 pacientes_idosos hd > 60 anos cinco centros dialise todos participantes submetidos avaliacao_antropometrica composicao_corporal forca_preensao_manual fpm laboratorial avaliacao condicao nutricional atraves avaliacao_subjetiva_global 7 pontos ags 7p adicionalmente participantes responderam questionario qualidade_vida diagnostico sarcopenia adotados criterios propostos sociedades internacionais englobam parametros indicativos baixa massa_muscular baixa funcao muscular massa_muscular adotouse indice massa_magra imm < percentil 20 genero faixa etaria populacao referencia avaliado partir massa_magra obtida somatorio dobras_cutaneas criterio baixa funcao muscular adotou fpm < percentil 10 genero faixa etaria braco utilizado populacao referencia pacientes classificados sarcopenicos baixo imm associado baixa fpm dinapenicos baixa fpm atrofia muscular baixo imm sarcopenia presente 13 8 pacientes enquanto dinapenia observada 37 2 atrofia muscular 35 1 sarcopenia capaz distinguir pacientes possuiam maior comprometimento estado_nutricional composicao_corporal criterio funcao muscular isoladamente combinacao massa_muscular identificou pacientes pior qualidade_vida conclusao prevalencia sarcopenia observada 13 8 grupo entretanto usar apenas criterios indicam reducao forca massa_muscular prevalencia aumentou 30 condicao sarcopenia distinguiu pacientes pior estado_nutricional qualidade_vida,389
2,"sarcopenia, massa_muscular, fpm, sarc, obesidade_sarcopenica, dinapenia, qualidade_muscular, imm, esqueletica, forca_preensao_manual",introducao pacientes cancer sofrem alteracoes metabolicas contribuem reducao integridade celular desidratacao intracelular aumento fluido extracelular angulo_fase af derivado analise impedancia_bioeletrica bia considerado bom indicador saude celular integridade membrana celular funcao celular proporcao liquidos compartimento extra intracelular pacientes cancer prejuizos estado_nutricional podem contribuir efetivamente desenvolvimento sintomas debilitantes fadiga tendo vista af bom parametro avaliacao integridade hidratacao intracelular objetivos desse estudo i verificar associacao af fadiga ii verificar associacao af fadiga apos ajuste acumulo liquido extracelular iii avaliar prevalencia fadiga metodologia estudo_transversal realizado 124 pacientes ambos_sexos tratamento cancer quimioterapia cirurgico coletados dados peso_corporal altura indice_massa_corporal imc forca_preensao_manual fpm performance status presenca caquexia adicionalmente composicao_corporal avaliada meio bia obter dados sobre nivel hidratacao extracelular af ponto corte utilizado classificar pacientes baixo af definido <4o identificar fadiga aplicado questionario functional assessment of cancer therapy fatigue fact f resultados 124 pacientes avaliados n=98 79 homens total 26 apresentaram fadiga prevalencia fadiga maior pacientes af <4o 65 63 analises regressao_logistica observamos pacientes af> 4 apresentaram menor risco fadiga or 0 92 ic95 0 86 0 99 p = 0 03 porem apos ajustes percentual perda_peso 6 meses idade sexo hidratacao extracelular perdeu associacao or 0 94 ic 95 0 85 1 04 p = 0 26 conclusoes aproximadamente 26 pacientes cancer apresentavam fadiga sendo prevalencia maior pacientes af <4 65 63 entanto encontrada associacao af fadiga visto pode sofrer influencia acumulo liquido extracelular comum nesses pacientes,3166
2,"sarcopenia, massa_muscular, fpm, sarc, obesidade_sarcopenica, dinapenia, qualidade_muscular, imm, esqueletica, forca_preensao_manual",sarcopenia consiste sindrome caracterizada reducao massa_muscular capacidade_funcional presente enfermidades cronicas inflamatorias cancer independente faixa etaria prevalencia reducao massa_muscular pacientes oncologicos elevada pode variar 20 70 diversos estudos demonstraram utilidade imagens tomografia computadorizada tc avaliacao massa qualidade_muscular pacientes cancer desta forma presente estudo objetivo avaliar massa qualidade_muscular atraves tc pacientes cancer colorretal primeiro artigo gerado partir desta tese objetivo explorar determinantes mioesteatose associacao componentes fragilidade pacientes cancer colorretal estudo apresentou principais achados gordura_corporal velocidade marcha determinantes significantes independentes mioesteatose mioesteatose associada fragilidade pacientes obesos segundo artigo desta tese objetivo avaliar massa_muscular pacientes cancer colorretal atraves tecnica tc regiao terceira vertebra lombar metodos alta aplicabilidade clinica sendo tc considerada metodo referencia ademais estabeleceu objetivos especificos avaliar 1 concordancia tecnica tc metodos substitutivos utilizados pratica clinica avaliacao massa_muscular area muscular braco corrigida circunferencia_panturrilha massa_muscular esqueletica obtida impedancia_bioeletrica exame fisico massa_muscular obtido partir avaliacao_subjetiva_global produzida paciente 2 associacao reducao massa_muscular avaliada diferentes metodos parametros clinicos estado_nutricional 3 identificar metodo substitutivo apresenta maior valor prognostico mortalidade diagnostico reducao massa_muscular principais achados mostram exame fisico metodo maior concordancia tc avaliar massa_muscular grupo reducao massa_muscular avaliada diferentes metodos apresentou maior prevalencia desnutricao menores valores indice_massa_corporal gordura_corporal angulo_fase modelo regressao cox ajustado idade sexo estadiamento mostrou exame fisico apresentou maior valor preditivo mortalidade metodos investigados ademais notou prevalencia reducao massa_muscular variou 9 6 54 3 depender metodo utilizado avaliar massa_muscular estudos sugerem importancia avaliar massa qualidade_muscular pacientes cancer considerando necessidade diagnostico sarcopenia prevencao alteracoes estado_nutricional possibilidade iniciar intervencoes terapeuticas precoces alem disso metodos acessiveis pratica clinica exame fisico apresentaram boa concordancia metodo ouro tc avaliacao massa_muscular pacientes cancer colorretal,2280
3,"mthfr, hipertensas, c677t, metilacao, citrulina, metabolitos, malato, metabolomica, homocisteina, adrb3",hipertensao_arterial_sistemica doenca multifatorial condicao complexa interferem diretamente perfil metabolomico metabolomica tecnica altamente reprodutivel permite analise amostras biologicas intactas necessidade preparacao extensiva reduzindo potencial variabilidade analitica proporcionando identificacao metabolitos desconhecidos tornando valioso perfil abrangente misturas metabolicas complexas alem ser considerada abordagem funcional atividades organismo vem sendo observado fibra_alimentar reduz pressao_arterial pa colesterol circulante apresenta associacao hipertensao sendo mecanismos quais fibras dieteticas reduzem niveis pa ainda elucidados momento logo ainda existem recomendacoes quantitativas fibras diretrizes nacionais internacionais quanto tratamento prevencao hipertensao diante exposto objetivo presente tese avaliar base metabolomica efeito intervencao fibras dieteticas mistas metabolitos hdl hdl_c soro valores pressoricos mulheres hipertensas normotensas excesso_peso trata estudo matriz intervencao duplo cego placebo controlado realizado 60 mulheres adultas faixa etaria 20 60 anos inicialmente amostra selecionada conveniencia aleatoriamente formados quatro grupos grupos 1 g1 hipertensas 3 g3 normotensas receberam doze gramas fibras dieteticas mistas grupos 2 g2 hipertensas 4 g4 normotensas placebo realizadas avaliacao_antropometrica analises_bioquimicas pre pos intervencao colesterol serico triglicerideos hdl_c ldl vldl glicemia_jejum pcr us assim analise perfil metabolomico meio tecnica ressonancia magnetica nuclear 1h rmn 1h relacao resultados primeiro artigo observou g3 diferencas significativas principais tipos metabolitos referentes aumento areas relativas tres picos metabolitos hdl 4 94 ppm 0 0086 hdl 1 28 ppm 0 0337 hdl 0 88 ppm 0 0224 metabolito glicose 4 90 ppm 0 0106 reducao pressao_arterial sistolica pas 0 0292 7 mmhg faixa referencia g4 ocorreu reducao pas 0 0118 4 mmhg metabolito colina 3 65 ppm 0 0266 poe causa validade desses resultados literatura quanto resultados segundo artigo g1 observou relacao aumento hdl_c total soro aumento areas relativas picos metabolitos hdl 0 84 ppm 0 88 ppm relacao negativa hdl_c total soro hdl 1 24 ppm quanto g3 relacoes positivas hdl_c total soro dois metabolitos hdl 0 88 ppm 1 24 ppm alem reducao pas pressao_arterial diastolica pad g1 reducao pas g3 g4 base resultados encontrados metabolitos hdl podem ser alvos prevencao fatores_risco_cardiovascular destaque aumento hdl_c total soro reducao colesterol_total reducao pressao_arterial amostra analisada neste estudo partir intervencao fibras dietetica mistas,4969
3,"mthfr, hipertensas, c677t, metilacao, citrulina, metabolitos, malato, metabolomica, homocisteina, adrb3",hipertensao_arterial_sistemica has considerada maior fator risco_cardiovascular atribuivel mortalidade fatores interferem prevalencia desse problema dieta porque vem sendo observado consumo fibras_alimentares reduz pressao_arterial sistemica embora ainda consenso dieta pode alterar dna expressao_genica logo objetivo deste estudo avaliar efeito complementacao fibras alimentar pressao_arterial metabolitos score risco_cardiovascular mulheres adultas polimorfismo c677t gene mthfr excesso_peso trata estudo_clinico intervencao duplo cego placebo controlado tema ainda pesquisado cuja amostra composta 60 mulheres 30 hipertensas 30 normotensas realizadas avaliacoes antropometricas estimativa risco_cardiovascular rcv analises_bioquimicas genotipagem polimorfismo c677t gene mthfr analises sobre concentracao metabolitos inicialmente amostra selecionada conveniencia aleatoriamente formados quatro grupos grupos 1 g1 hipertensas 3 g3 normotensas receberam saches doze gramas fibras dieteticas mistas grupos 2 g2 hipertensas 4 g4normotensas placebo relacao resultados primeiro artigo observou g1 genotipo ct tt reducoes valores pressao_arterial sistolica feita intervencao fibras 147 87 + 22 48 mmhg x 129 67 + 19 69 seguido genotipo cc 143 33 + 15 05 mmhg x 129 67 + 14 99 p = 0 0145 g1 genotipo ct tt apresentou reducao pressao_arterial sistolica 15 5 mmhg p = 0 0026 grupo cc g1 reducao 15 0 mmhg p = 0 0115 estudo mostrou efeito fibra sobre valores pressoricos aconteceu independentemente genotipos c677t pronunciado portadores alelo t quanto resultados segundo artigo relacao intervencao fibras dieteticas constataram alteracoes valores referentes reducao risco_cardiovascular grupo 1 grupo 3 portadoras genotipos cc genotipos ct tt referentes polimorfismo c677t gene mthfr embora diferencas sido significativas alem disso aumento significativo valores hdl_c grupo 1 classificacao genotipos resultados encontrados deram evidencias significativas polimorfismo c677t gene mthfr exerce influencia valores pas intervencao fibra dietetica mulheres hipertensas embora reducao rcv aumento hdl_c sido significativos base resultados encontrados observou comparar resultados genotipos grupos grupos utilizando diferentes testes estatisticos encontrou influencia polimorfismo apos intervencao fibras utilizar teste comparacao conover ocorreu influencia genotipo dependente grupo hipertensos suplementados fibras porem distribuir grupos genotipos ocorreu diferenca quanto score risco_cardiovascular valores ldl_c hdl_c embora observou reducao significativa desses valores,3014
3,"mthfr, hipertensas, c677t, metilacao, citrulina, metabolitos, malato, metabolomica, homocisteina, adrb3",l citrulina malato sido usado aumentar vascularizacao niveis efeitos reflexos sinalizacao metabolica oxidativa efeitos agu musculo_esqueletico composto diferentes tipos fibras musculares relatados objetivo deste trabalho compreender efeitos suplementa cao aguda l citrulina malato vs l citrulina metabolismo oxido nitrico regulacao genes angiogenicos musculos extensor longo dedos edl soleo ratos adultos quarenta oito ratos_wistar_machos 210 dias idade 390 + 29 g randomizados controle suplementado veiculo gavagem agua l citrulina 170 mg kg peso animal l citrulina malato 170 mg l citrulina 86 mg malato kg peso animal nitrito nitrato medidos plasma enquanto niveis nitrito nitrato compostos nitrosilados expressao_genes nos1 nos3 hif 1 vegf medidos edl soleo todos parametros avaliados 90 minutos 270 minutos apos ingestao plasma 90 min l citrulina l citrulina malato aumentaram niveis plasmati cos nitrito p = 0 0214 musculo metabolitos alterados edl 90 min l citrulina l citrulina malato aumentaram metabolitos l citrulina malato superior todos outros grupos nitrito p = 0 0146 nitrato p = 0 0004 270 min l citrulina l citrulina malato aumentaram niveis compostos nitrosilados p < 0 0001 expressao gene nos1 p = 0 0001 soleo 90 min apenas aumentou niveis hif 1 p < 0 0001 270 min apenas l citrulina malato nos3 p < 0 05 tanto l citrulina l citru lina malato aumentaram hif1 p < 0 0001 vegf afetado nenhuma suplementacao nenhum momento adicao malato l citrulina potencializou aumento metabolitos expressao nos1 musculo edl soleo ambos suplementos aumentam expressao gene hif 1 porem l citrulina malato aumenta hif 1 rapidamente l citrulina isolada l citrulina malato aumenta expressao gene nos3,5246
4,"criancas, crianca, infantil, alimentacao_complementar, infancia, escolaridade_materna, escolares, indice_massa_corporal_idade, estatura, meses",estudos apontado correlacao intra familiar positiva quanto estado_nutricional maes filhos compartilharem tanto informacoes geneticas quanto condicoes_socioeconomicas ambientais assim objetivou avaliar associacao estado_nutricional criancas maes moradoras assentamentos subnormais maceio al caracterizando populacao estudo segundo variaveis demograficas socioeconomicas trata estudo_transversal envolvendo amostra_probabilistica 1137 maes 1365 criancas 0 10 anos dados_socioeconomicos demograficos antropometricos coletados atraves inquerito domiciliar avaliacao_nutricional maes utilizado indice_massa_corporal imc criancas indices altura idade i imc idade imc i escores z idade media maes 38 5 anos dp=14 27 criancas 4 85 anos dp=2 86 analise variaveis_socioeconomicas domicilio constatou populacao baixa_renda contudo 46 8 maes 18 0 criancas apresentaram excesso_peso encontrou deficit estatural maes criancas 20 8 7 respectivamente associacao excesso_peso materno estado_nutricional criancas menores 10 anos p>0 05 portanto apesar compartilharem contexto socioeconomico ambiental relacao estado_nutricional maes criancas deficit estatural excesso_peso significativos prevalecem tanto maes criancas descritores crianca maes estado_nutricional fatores_socioeconomicos populacao baixa_renda,29
4,"criancas, crianca, infantil, alimentacao_complementar, infancia, escolaridade_materna, escolares, indice_massa_corporal_idade, estatura, meses",introducao aleitamento_materno am recomendado forma exclusiva sexto mes vida apos periodo deve ser complementado alimentos_saudaveis menos 2 anos metodos analise longitudinal microdados sistema vigilancia_alimentar_nutricional 2015 2019 selecionadas duas populacoes pesquisa 1 criancas informacao consumo 4 5 meses menos medida peso comprimento 6 23 meses 2 criancas informacao consumo 10 11 meses menos medida peso comprimento 12 23 meses partir marcadores consumo_alimentar dia anterior criancas classificadas quanto praticas aleitamento aleitamento_materno_exclusivo ame predominante misto complementado ausencia am diversidade alimentar minima numero grupos alimentos_ultraprocessados calculados indice_massa_corporal_idade imc i comprimento idade c i peso idade p i escore z acordo curvas organizacao_mundial_saude utilizados modelos regressao longitudinal efeitos mistos ajustados idade macrorregioes participacao programa_bolsa_familia resultados populacao pesquisa 1 maioria criancas 4 5 meses ame 66 4 final segundo ano vida 13 23 meses 2 1 criancas classificadas baixo_peso idade 33 18 excesso_peso 10 7 baixo comprimento idade criancas classificadas am misto interacao am idade =0 19 p<0 001 complementado interacao am idade = 0 09 p<0 001 ausencia am interacao am idade = 0 21 p<0 001 apresentaram trajetorias imc i 6 23 meses maior incremento escore z idade comparadas criancas ame observada associacao semelhante relacao c i criancas classificadas am misto interacao am idade = 0 12 p<0 001 complementado interacao am idade = 0 03 p<0 020 ausencia am interacao am idade = 0 10 p<0 001 apresentaram maior incremento escore z c i 6 23 meses comparadas criancas ame quanto p i observadas trajetorias diferentes criancas classificadas am misto interacao am idade = 0 22 p<0 001 complementado interacao am idade = 0 08 p<0 001 ausencia am interacao am idade = 0 22 p<0 001 comparadas ame criancas populacao pesquisa 2 10 11 meses observado 45 1 ic95 = 44 9 45 3 criancas consumiram algum alimento grupo alimento ultraprocessado dia anterior dam apresentaram media menores valores escore z imc i interacao dam idade=0 06 p= 0 002 c i interacao dam idade=0 82 p<0 001 longo tempo criancas consumiram 3 4 grupos ultraprocessados apresentaram media maiores valores imc i ic95 = 0 64 1 28 p <0 001 c i ic95 = 1 05 0 36 p <0 001 longo tempo conclusao praticas amamentacao alimentacao_complementar associadas trajetorias crescimento menores_dois_anos resultados reforcam importancia alimentacao primeiro ano vida forma adequada saudavel crescimento infantil adequado,4543
4,"criancas, crianca, infantil, alimentacao_complementar, infancia, escolaridade_materna, escolares, indice_massa_corporal_idade, estatura, meses",objetivo estudo identificar fatores_associados excesso_peso criancas brasileiras menores cinco anos estudadas pesquisa nacional demografia saude pnds brasil 2006 estudo recorte pnds estudo_transversal base domiciliar prevalencia excesso_peso criancas descrita segundo variaveis_socioeconomicas demograficas antropometricas comportamental realizadas analises bruta ajustada atraves regressao_poisson populacao estudada constituiu 4 388 criancas apos analise ajustada peso_nascer manteve diretamente associado excesso_peso criancas nascidas 4 000g apresentaram 6 5 vezes probabilidade excesso_peso relacao nascidas <3 000g alem disso excesso_peso mostrou associado indice_massa_corporal materno trabalho lar meninos cor_pele materna meninas enfatiza necessidade implementacao politicas_publicas atuem precocemente possivel principais determinantes excesso_peso,212
5,"pubmed, scopus, lilacs, medline, revisao_sistematica, embase, bases, science, systematic_reviews, artigos",objetivo investigar associacao consumo_alimentos ultraprocessados risco desenvolvimento doenca alzheimer adultos_idosos protocolo revisao registrado prospero crd42022375944 metodos trata revisao_sistematica relatada conforme prisma incluidos estudos observacionais restricao idioma ano publicacao excluidos estudos avaliaram desfecho apenas outros tipos demencias considerando doenca alzheimer pesquisa realizada bases medline embase lilacs consulta literatura cinzenta abril maio 2023 alem busca citacao estudos incluidos extracao dados realizada dois revisores independentes risco vies qualidade metodologica estudos incluidos avaliados meio checklist instituto joanna briggs estudos coorte resultados total 4 estudos envolvendo 614 502 adultos_idosos incluidos todos estudos apresentaram desenho coorte considerados alta qualidade metodologica estudos incluidos 3 estudos evidenciaram associacao risco consumo_alimentos ultraprocessados desenvolvimento doenca alzheimer enquanto 1 estudo apresentou associacao risco apenas desenvolvimento declinio cognitivo discussao associacao consumo aup risco desenvolvimento tema recente estudos cientificos visto estudo antigo identificado revisao 2017 quatro estudos incluidos tres demonstraram associacao significativa consumo aup risco desenvolvimento,4336
5,"pubmed, scopus, lilacs, medline, revisao_sistematica, embase, bases, science, systematic_reviews, artigos",estudo objetivo revisar sistematicamente resultados estudos observacionais avaliaram relacao riscos ocupacionais qualidade_vida trabalho hospitais metodologia revisao desenvolvida seguindo recomendacoes guia preferred reporting items systematic_reviews and meta analyses prisma registro international prospective register of systematic_reviews prospero sob numero crd2019127865 todo processo busca selecao avaliacao qualidade estudos realizada dois revisores independentes bases dados busca medline pubmed embase scopus lilacs psycoinfo cinahl biblioteca digital brasileira teses dissertacoes ovid estrategia busca estruturada acordo sigla peco populacao trabalhadores adultos hospitais exposicao riscos ocupacionais comparacao adequado controle riscos ocupacionais resultado nivel qualidade_vida trabalho fases selecao seguiram exclusao duplicados leitura titulos resumos exclusao artigos irrelevantes leitura integra artigos selecionados avaliados segundo criterios elegibilidade listas referencias artigos selecionados pesquisadas artigos incluidos lidos integra informacoes extraidas registradas planilha padronizada qualidade metodologica avaliada escala newcastle ottawa risco vies research triangle institute item bank resultados total 49 911 artigos identificados apos todo processo selecao seis atenderam criterios elegibilidade majoritariamente realizados profissionais_saude 83 33 mulheres 66 70 paises asiaticos 66 66 todos estudos apresentaram uso diferentes instrumentos modos categorizar qualidade_vida trabalho riscos ocupacionais apenas estudo avaliou ruido ocupacional todos apresentaram relacao risco ocupacional qualidade_vida trabalho apontaram necessidade medidas melhorem vida destes profissionais ambiente laboral conclusao necessidade desenvolvimento estudos sobretudo homogeneos uso instrumentos conceituacao categorizacao qualidade_vida trabalho alem estudos avaliem relacao causal risco ocupacional qualidade_vida trabalho,3117
5,"pubmed, scopus, lilacs, medline, revisao_sistematica, embase, bases, science, systematic_reviews, artigos",inseguranca_alimentar ia consiste indisponibilidade acesso_alimentos seguros nutritivos sendo condicao sido associada ocorrencia sindrome_metabolica sm assim presente estudo objetivou realizar sintese quantitativa metanalise resumir evidencias estudos_epidemiologicos sobre associacao ia sm metodos busca sistematica realizada bases pubmed embase web of science lilacs resgatar estudos_epidemiologicos publicados junho 2022 todo processo selecao extracao dados avaliacao qualidade artigos realizados forma independente dois revisores qualidade estudos avaliada criterios intrumento proposto national institutes of health nih modelo efeitos aleatorios utilizado relatar sintese quantitativa dados combinados teste q indice i² utilizados avaliar heterogeneidade testes egger begger usados avaliar vies publicacao resultados total nove 9 artigos contemplaram criterios elegibilidade selecionados incluidos nesta metanalise verificado alta heterogeneidade estudos i2 > 70 assim baixo risco vies publicacao estudos considerando todos nove 9 estudos incluidos verificou associacao positiva ia sm porem significancia estatistica or odds ratio = 1 24 ic 95 intervalo confianca 95 0 93  1 64 i2 = 79 4 contudo considerar seis 6 estudos incluiram individuos ambos_sexos observou resultado estaticamente significativo associacao ia sm individuos ia seguranca_alimentar baixa apresentaram probabilidade 47 maior or = 1 47 ic 95 1 05  2 07 i2 = 73 2 terem sm comparado individuos seguranca_alimentar total conclusoes achados desta metanalise apontaram possivel presenca associacao ia sm indicando maior ocorrencia sm individuos ia contudo novos estudos tornam necessarios ampliar evidencia cientifica sobre relacao,4349
6,"jogos, jogadores, jogo, sessao, treinar, treino, exercicio, imediatamente, equipes, bola",analise cinematica meio videogrametria sido utilizada descricao movimentos jogadores basquetebol sob vertente tecnica tatica fisica cargas treinamento_fisico devem ser planejadas termos volume intensidade modo proximo possivel demandas solicitadas durante jogos forma geral volume deslocamentos realizados pode ser caracterizado distancia percorrida intensidade velocidades alcancadas ocorrencia sucessivos periodos esforcos alternados intervalos recuperacao faz obtencao manipulacao variaveis duracao esforcos numero repeticoes tempo recuperacao grande importancia preparacao fisica desta modalidade caracterizada intermitente estudo propoe analise velocidades deslocamento durante tres partidas oficiais basquetebol classificando faixa velocidade definindo esforcos cada faixa velocidade maxima descrevendo cada faixa frequencia destes esforcos duracao intervalos tempo distancia percorrida posicoes armador ala armador ala ala pivo pivo tanto tres jogos novo basquete brasil filmados utilizando quatro cameras video sequencias imagens jogos total doze jogadores mesma equipe rastreados coordenadas 2d posicao funcao tempo reconstruidas utilizando sistema dvideo calculadas velocidades deslocamento cada jogador analise estatistica utilizado teste friedman resultados obtidos parametricos anova parametricos significancia adotada p < 0 01 velocidades classificadas tempo cronometrado parado tempo cronometrado ativo mostrando diferenca variaveis todas posicoes exceto alas armadores ala armadores armadores medias desvios padrao frequencias esforcos tempo duracao intervalos distancias percorridas calculadas tres diferentes faixas velocidades v2 0 3m s v3 3 1 6 9 m s v4 acima 7 0 m s media tempo cronometrado ativo 46 7 + 5 2 armadores deslocaram outras posicoes 6592 2 + 422 3 m permaneceram tempo faixa v2 apresentaram tempo medio duracao cada esforco 3 9 + 0 s terceira categoria 3 0 6 9 m s alas armadores obtiveram medias maiores frequencias esforco 133 3+ 2 0 intervalo esforcos 1578 3+ 75 8 tempo duracao 5 3+ 0 3s acima 7 0 m s novamente alas armadores obtiveram maiores medias todas variaveis frequencia esforcos 1 6+ 1 5 tempo duracao 6 9+ 6 7s distancia percorrida 20 4+ 15 1m pivos obtiveram medias menores frequencia esforcos 1 0+ 1 0 tempo duracao 5 2+ 4 81s intervalo esforcos 931 6+ 1450 6 distancia percorrida 721 2+ 36 1m v4 novamente alas armadores obtiveram maiores medias variaveis fe = 1 6 + 1 5 t = 6 9 + 6 7 s d = 20 4 + 15 1 m mostra importante caracteristica alas armadores sujeitos maiores esforcos velocidades 3 1 7 0 m s sugere indicacao intensidade treino posicao pivos obtiveram medias menores fe = 1 0 + 1 0 t = 5 2 + 4 81 s dt = 931 6 + 1450 6 d = 721 2+ 36 1 m indicando jogadores necessitam maior nivel condicionamento aerobico permanecem categorias menor intensidade tempo aplicacao reconstrucao bidimensional tracking manual utilizando dvideo possivel modelo experimental sugere diferenca quanto perfil velocidade deslocamento diferentes posicoes bem relacao variaveis estudadas observadas valores obtidos tres jogos analisados tais informacoes uteis prescricao treinamento levando consideracao especificidades cada funcao quadra,544
6,"jogos, jogadores, jogo, sessao, treinar, treino, exercicio, imediatamente, equipes, bola",objetivo presente estudo investigar elevada sinalizacao induzida exercicio realizado reduzido conteudo glicogenio muscular pode ser atribuida baixo conteudo glicogenio muscular si realizacao duas sessoes exercicio demasiada proximidade neste cenario dois diferentes regimes exercicio manipulando duracao recuperacao primeiro segundo exercicio treinar duas vezes dia versus treinar diariamente desenhados presente estudo outra condicao experimental composta somente exercicio realizada controle qualquer possivel influencia exercicio previo reduzido conteudo glicogenio muscular hipotese presente estudo metodologia treinar duas vezes dia potencializara transcricao genes relacionados biogenese mitocondrial comparacao metodologia treinar diariamente ensaio treinar diariamente participantes realizaram exercicio deplecao glicogenio muscular noite anterior inicio tarde dia seguinte realizaram sessao exercicio intervalado alta intensidade eiai manha ensaio treinar duas vezes dia participantes realizaram exercicio deplecao glicogenio muscular seguido duas horas sessao eiai inicio tarde durante ensaio controle participantes realizaram somente sessao eiai inicio tarde biopsias musculo vasto lateral amostras sangue venoso coletadas antes imediatamente apos 3h apos realizacao sessoes eiai antes sessao eiai concentracao glicogenio muscular similar condicoes treinar duas vezes dia treinar diariamente p > 0 05 ambas menores condicao controle p < 0 05 concentracao muscular glicogenio diminuiu apos eiai tres condicoes p < 0 05 manteve menor condicoes treinar duas vezes dia treinar diariamente comparacao condicao controle 3h apos eiai p = 0 001 rnam pgc 1 total isoforma 4 pgc 1 maiores condicao treinar duas vezes dia comparado condicoes treinar diariamente controle p < 0 05 alem disso rnam ppar maior condicao treinar duas vezes dia comparado condicoes treinar diariamente controle p < 0 05 rnam ppar maior condicao treinar duas vezes dia comparado condicao controle pos eiai maior comparado condicoes treinar diariamente controle 3h apos eiai p < 0 05 ademais treinar duas vezes dia aumentou fc v v o2 diminuiu glicose plasmatica comparado condicoes treinar diariamente controle p < 0 05 portanto evidencias indicam realizacao duas sessoes exercicio demasiada proximidade potencializa transcricao genica pgc 1 ppar ppar forma independente niveis iniciais glicogenio muscular resultados sugerem treinar duas vezes dia talvez estrategia eficiente induzir adaptacoes relacionadas biogenese mitocondrial devido realizacao duas sessoes exercicio demasiada proximidade propriamente reduzido conteudo glicogenio muscular,2496
6,"jogos, jogadores, jogo, sessao, treinar, treino, exercicio, imediatamente, equipes, bola",aspectos importantes estudos recentes basquetebol descricao movimentacao jogadores dada posicao funcao tempo permite obter distancias percorridas caracterizar volume deslocamentos realizados jogadores durante jogos objetivos desse trabalho analisar distancias percorridas jogadores periodo jogo jogo velocidades medias jogadores bola viva cronometro ativo bola morta cronometro parado periodo jogo jogo b analisar distancias percorridas diferentes funcoes equipe verificar distancias percorridas jogadores separados funcao equipe situacoes ataque defesa transicoes ataque defesa c realizar analise_componentes_principais jogadores separados funcao situacoes ataque defesa transicoes ataque defesa sistema dvideo fef unicamp campinas brasil usado obter distancias percorridas jogadores cinco equipes basquetebol b c d quatro jogos novo basquete brasil 2011 2012 alas pivos pivos equipe percorreram menor distancia comparados outros jogadores durante quatro jogos analisados jogo 2 apresentou menor valor distancia percorrida comparado outros tres jogos pois duracao inferior outros ultimo periodo quarto jogo apresenta valores distancias percorridas superiores relacao outros periodos quartos jogo pois duracao maior tanto equipe casa equipes adversarias b c d encontradas diferencas significativas valores distancia percorrida situacoes jogo ataque defesa comparadas transicoes tanto ataque defesa jogadores maior deslocamento transicoes situacao defesa todas equipes apresentaram diferenca significativa variavel excentricidade indica jogadores situacao defesa deslocam direcoes latero laterais quadra situacao defesa direcoes eixos principais proximas direcoes transversais quadra resultados apresentados ferramentas importantes tecnicos viii preparadores fisicos equipes basquetebol porque ajudam definir detalhar perfil fisico tatico individual coletivo jogadores equipe,810
7,"inguinal, adipocitos, tam, mesenterico, kaempferol, tecido_adiposo_branco, epididimal, marrom, tab, mastigacao",objetivo presente estudo avaliar numero foliculos primordiais primarios secundarios terciarios bem diametro nucleo oocito foliculo niveis proteinas forkhead box o3a foxo3a forkhead box o3a fosforilada p foxo3a ovarios animais ames dwarf df df deficiencia secrecao hormonio crescimento gh tratamento gh exogeno animais superexpressam gh endogeno bgh grupos receberam gh exogeno submetidos tratamento hormonio suino injecao via subcutanea dado duas vezes dia comecando idade quatorze meses durante seis semanas apos eutanasia ovarios retirados realizada analise histologica contagem foliculos ovarianos diametros oocitarios nucleares foliculares analise imunohistoquimica avaliar presenca proteinas foxo3a p foxo3a grupos animais df df apresentaram quantidade foliculos primordiais transicao totais maiores animais normais p<0 0001 p=0 0002 p<0 0001 respectivamente grupos receberam tratamento gh apresentaram menor quantidade foliculos primordiais totais p=0 009 p=0 018 respectivamente grupo animais bgh apresentou quantidade foliculos primordiais transicao primarios totais menores grupo_controle p=0 0001 p=0 0037 p=0 0006 p=0 0009 respectivamente imunohistoquimica observado foliculos primordiais grupos animais normais quantidade proteinas foxo3a p foxo3a menor comparado grupos animais df df p=0 009 p=0 01 respectivamente grupos tratamento gh apresentaram quantidade proteina foxo3a menor p=0 03 p foxo3a maior p=0 01 foliculos primordiais comparado grupos controles grupo animais bgh apresentou foliculos primarios maior quantidade p foxo3a comparada grupo_controle p=0 006 animais df df apresentam maior reserva ovariana tratamento gh vida adulta capaz ativar reserva tanto animais normais quanto df df contrario observado animais bgh apresentaram reserva ovariana menor animais normais ainda presenca p foxo3a parece estar diretamente relacionada ativacao crescimento folicular estar sobre controle gh,1441
7,"inguinal, adipocitos, tam, mesenterico, kaempferol, tecido_adiposo_branco, epididimal, marrom, tab, mastigacao",paralisia cerebral pc definida grupo condicoes neurodesenvolvimentais progressivas heterogeneas incluindo desordens posturais movimento modelos experimentais animais apresentam menor crescimento corporal alteracoes neuro motoras atrofia muscular leucina considerada aminoacido importante ganho manutencao massa_muscular alem atuar melhora resposta motora dessa forma objetivou avaliar repercussoes uso leucina sobre crescimento somatico desenvolvimento neuro motor animais submetidos modelo paralisia cerebral pc experimental projeto aprovado comissao etica uso animais ceua nº 0025 2017 animais divididos seguintes grupos controle salina controle leucina pc salina pc leucina onde receberam suspensao leucina 1 35g kg solucao salina 0 9 nacl 10° 28° dia vida sendo submetidos protocolo inducao pc asfixia restricao sensorio motora realizadas medidas peso comprimento eixos corporais cranianos avaliacao neuro motora peso orgaos comprimento ossos animais pcs apresentaram menores peso_corporal eixos corporais cranianos relacao controles p<0 0001 avaliacao neuro motora grupos pcs apresentaram atraso maturacao preensao palmar p<0 01 recuperacao decubito p<0 01 colocacao vibrissas p<0 01 geotaxia negativa p<0 05 relacao controles animais pc salina apresentaram atraso teste marcha p<0 01 menor tempo apoio patas dianteiras relacao grupo_controle salina 14° dia p<0 0001 17° dia p<0 01 grupo pc leucina apresentou atraso maturacao resposta susto p<0 001 menor tempo apoio patas dianteiras 14° dia p<0 05 relacao grupo_controle leucina grupo pc salina apresentou menor peso relativo musculos soleo p<0 01 edl p<0 001 menor comprimento relativo femur p<0 0001 umero p<0 001 comparacao controle salina grupo pc leucina apresentou maiores valores relativos peso figado p<0 0001 rim p<0 0001 soleo p<0 05 comprimento femur p<0 05 umero p<0 001 comparacao controle leucina grupo pc leucina apresentou maiores valores relativos figado p<0 0001 rim p<0 05 edl p<0 05 comprimento femur p<0 001 relacao pc salina pc gerou atraso desenvolvimento somatico neuro motor prole entretanto suplementacao leucina capaz reverter alteracoes contudo leucina animais pc capaz aumentar peso comprimento relativos alguns tecidos,2918
7,"inguinal, adipocitos, tam, mesenterico, kaempferol, tecido_adiposo_branco, epididimal, marrom, tab, mastigacao",paralisia cerebral pc caracterizada lesao cerebral periodo critico desenvolvimento sistema_nervoso_central consequencia deficits motores comportamentais aprendizado observados individuos acometidos dentre estrategias intervencao nutricionais farmacologicas sendo estudadas atualmente flavonoides kaempferol destacado propriedades anti_inflamatorias neuroprotetoras nesse contexto objetivo desse estudo avaliar efeitos tratamento neonatal kaempferol sobre desenvolvimento neuro musculoesqueletico ratos submetidos pc estudo aprovado comissao etica uso animais nº 0058 2018 universidade federal pernambuco composicao grupos experimentais ratos_wistar_machos alocados forma randomizada apos nascimento quatro grupos acordo modelo pc controle tratamento neonatal kaempferol veiculo sendo c = controle  veiculo k = controle  kaempferol pc = paralisia cerebral  veiculo pck = paralisia cerebral  kaempferol modelo paralisia cerebral consistiu anoxia perinatal associada restricao sensorio motora patas posteriores durante infancia p2 p28 tratamento kampeferol 1 mg kg realizado via intraperitoneal durante periodo neonatal p2 p21 prole avaliados caracterizacao somatica parametros maturacao fisica ontogenese reflexos desenvolvimento atividade locomotora coordenacao motora forca_muscular parametros cineticos temporais espaciais marcha 36º dia vida pos natal animais divididos realizacao analises experimentais cerebro musculo_esqueletico apos perfusao intracardiaca encefalo dissecado submetido procedimentos imuno histoquimica analise proliferacao celular giro denteado hipocampo densidade perfil microglias proliferacao microglias giro denteado hipocampo analises musculo_esqueletico animais eutanasiados decaptacao dissecacao musculos soleo musculos processados atraves tecnica atpase miofibrilar tipagem fibras musculares quantificacao proteinas miofibrilares atraves western blot tratamento neonatal kaempferol atenuou deficits sobre desenvolvimento atividade locomotora maturacao caracteristicas fisicas ontogenia reflexos coordenacao motora ratos pc tratamento neonatal kaempferol preveniu impacto sobre proliferacao celulas progenitoras aumento perfil microglias ativadas proliferacao microglial giro denteado hipocampo animais pc alem disso observouse reducao efeitos deleterios pc sobre fenotipo corporal atenuando deficits forca_muscular marcha adicionalmente tratamento mitigou impacto sobre fenotipo muscular prevenir reducao proporcao fibras oxidativas medidas histomorfometricas musculo soleo ratos pc resultados demonstram tratamento neonatal kaempferol atenuou deficits desenvolvimento locomotor maturacao sistema neuro musculo_esqueletico ratos submetidos pc,4142
8,"cho, prova, enxague, caf, exercicios, desempenho, motor, atletas, atleta, ciclismo",tenis campo esporte raquete praticado mundo cresceu popularidade brasil ultimas decadas principalmente apos jogador brasileiro figurar melhores mundo gustavo kuerten tenis praticado quadra 23 78 metros comprimento 8 23 metros largura 6 40 metros area saque jogos contra federacao internacional tenis jogo tenis caracterizado movimentos alta intensidade intercalados baixa intensidade pausas pontos 20 segundos games 90 segundos sets 120 segundos duracao partida indefinida media partida 3 sets duracao 1 5 hora porem partidas 5 sets podem durar 5 horas kovacs 2007 dessa forma jogadores permanecem atividade dias consecutivos longo semanas agravado alguns atletas participam jogos duplas dificultando manutencao desempenho longo competicao gallo salazar et al 2017 gescheit et al 2015 evitar efeitos deleterios alguns recursos ergogenicos veem sendo utilizados tentar retardar fadiga devido formato competitivo estudos vem utilizando carboidrato gomes aoki 2010 creatina op t eijnde vergauwen hespel 2001 pluim et al 2006 bicarbonato sodio wu et al 2010 cafeina klein et al 2011 reyner horne 2013 dentre cafeina vem demonstrando eficiencia aumentar desempenho exercicios baixa moderada intensidade ainda controversos exercicios alta intensidade cafeina estrutura quimica 1 3 7 trimetilxantina alcaloide derivado xantinas atua sobre aspectos centrais perifericos relacionados desempenho dentre mecanismos acao centrais antagonismo receptores adenosina principal pois leva aumento impulso nervoso mantendo alto grau contracao estimulacao placa motora graham rush soeren 1994 dentro exercicios alta intensidade estudos demonstrado efeito controverso desempenho porem maiores doses cafeina 6 9 mg kg obtiveram resultados positivos tornando relevante uso entanto partir 9 mg kg efeitos colaterais tendem inverter efeito ergogenico pallares et al 2013 esportes raquete poucos achados sobre cafeina ocorrem estudos verificaram efeitos cafeina sobre desempenho atletas tenis amplos diversificados alguns utilizaram bebidas energeticas contendo cafeina conjunto carboidrato brink elfegoun et al 2014 ferrauti weber struder 1997 gallo salazar et al 2015 outros forma isolada capsulas klein et al 2011 reyner horne 2013 estudos utilizaram 3 mg kg isolado bebida esportiva diferentes metodologias brink elfegoun et al 2014 gallo salazar et al 2015 klein et al 2011 suplementacao cafeina dentro bebidas energeticas dificultam criar relacao melhora desempenho cafeina devido acao outras substancias contidas bebidas inclusao testes correlacionados desempenho comparacao dificultam aplicacao pratica devido grande variabilidade partida tenis baiget et al 2014 considerando potencial cafeina sobre desempenho tenis dose atual melhora desempenho atividades alta intensidade situa torno 6 ml kg presente projeto objetivo verificar efeitos cafeina 6 mg kg sobre desempenho atletas tenis testes especificos partida simulada tal dissertacao dividida artigo revisao sobre tenis cafeina seguida artigo original titulo efeito cafeina sobre desempenho atletas tenis testes especificos jogo simulado,2644
8,"cho, prova, enxague, caf, exercicios, desempenho, motor, atletas, atleta, ciclismo",utilizacao avaliacoes fisiologicas modalidade esportivas ascensao faz necessaria promocao monitoramento melhor controle treinamento entretanto nesse processo especificidade modalidade questao necessita ser preservada sendo metabolismo anaerobio extremamente requisitado durante provas canoagem slalom aplicacao sistemas atados determinacao parametros acerca dessa via energetica pode ser extremamente interessante desse modo objetivo presente projeto aplicar teste especifico atado determinacao parametros anaerobios canoistas slalom estudar relacao resultados obtidos nesse teste desempenho esportivo modalidade atletas elevado rendimento nesse esporte submetidos teste all out 30 s atado piscina avaliacao desempenho corredeira todas realizadas sob caique sistema canoagem atado sca utilizado teste all out canoistas remaram atado utilizando corda elastica atada caiaque celula carga fixada borda piscina conectada sistema aquisicao dados sinais sendo coletados 1000 hz teste all out anaerobio atado 30 s aplicado determinacao valores absolutos relativos r forca pico fpico media fmed minima fmin indice fadiga if impulso simulacao prova contendo 24 portas aplicada objetivando aquisicao variaveis tempo prova tp distancia velocidade media respostas acerca frequencia_cardiaca durante esforco testes all out simulacao prova coletas sangue 25ul visando analise concentracao lactato sanguineo realizadas antes testes 2° 4° 6° 8° 10° minuto apos testes aplicacao provas simuladas analise respostas fisiologicas desempenho atletas permitiu observar existencia correlacoes pronunciadas rendimento alguns parametros obtidos diversos tipos testes anaerobios dentre destacadas significantes viii inversas correlacoes visualizadas tp 109 1+ 15 0 s fpico 170 29+ 35 36 n r= 0 60 r fpico 2 50+ 0 39 nkg r= 0 71 fmed 121 12+ 23 58 n r= 0 61 r fmed 1 78+ 0 26 nkg r= 0 73 impulso 3634 73+ 707 26 n s r= 0 61 r impulso 53 46+ 7 72 n skg r= 0 73 desse modo possivel apos conclusao projeto diagnosticar quais parametros fato atrelados rendimento propondo direcionamentos concretos relacionados monitoramento intensidade esforco treinamento objetivando desempenho esportivo,808
8,"cho, prova, enxague, caf, exercicios, desempenho, motor, atletas, atleta, ciclismo",treinamento resistido tr comumente praticado sociedade entretanto notada carencia avaliacoes metodos monitoramento movimentos especificos pensando nisso avaliacao potencia critica mensura parametros aerobio potencia critica pc anaerobio capacidade trabalho anaerobio cta poderia vir ser investigada adaptada aplicada tr meio sistema robusto mensuracao variaveis fisicas investigar melhor sistema aplicacao mensuracao variaveis fisicas criado presente pesquisa sistema celula carga elastico atado sistema dispositivos embarcados placas micro controladoras ambos sistemas demonstraram apenas moderada concordancia mensuracao variavel distancia mensuracao forca segundo sistema dispositivos embarcados placas micro controladoras utilizou analise cinetica apresentou confiavel mensuracao forca potencia mensurar variavel aceleracao maneira direta nesse sentido objetivo presente estudo aplicar modelo potencia critica respectivas adaptacoes forca critica levantamento critico tr meio analise movimentos efetuadas dispositivos embarcados placas micro controladoras sendo assim presente pesquisa 10 individuos treinados efetuaram 9 esforcos exaustivos sob cadencias 2 4 8 segundos pesos massas referentes 19 36 28 78 38 76 kg aplicacao avaliacao potencia critica realizadas regressoes meio seguintes modelos matematicos referentes hiperbolico y = cta x pc linear y = cta + pc x linear 1 x y = pc + cta 1 x adaptados forca critica levantamento critico levantamento critico utilizou numero repeticoes inves tempo esforcos mensuraram respetivamente parametros aerobio forca critica fc levantamento critico lc parametros aerobios capacidade impulso anaerobio cia capacidade levantamento anaerobio cla notado todas regressoes obteve r² = 0 85 alta correlacao intraclasse intensidades convertidas kg pc fc lc obtidas esforcos 4 segundos modelo linear 1 x,2174
9,"ilhotas, restricao_proteica, ovx, lphc, ratas, dieta_hipoproteica, prenhez, prenhes, ovariectomia, sham",introducao prenhez restricao_proteica associadas alteracoes morfofuncionais antagonicas ilhotas pancreaticas mudancas expressao_genes conteudo proteinas envolvidas exocitose granulos insulina sido observadas ambas situacoes genes associados exocitose granulos insulina regulados micrornas mir mecanismos pos transcricionais objetivo avaliar participacao mir 124a regulacao genes envolvidos exocitose insulina efeitos sobre cinetica secrecao ilhotas pancreaticas ratas prenhes submetidas restricao_proteica metodos avaliadas ratas wistar 90 dias prenhes prenhes submetidas dieta_hipoproteica hpp hpnp controle cp cnp 1º 15º dia prenhez 15 dias ilhotas isoladas determinacao cinetica secrecao insulina ca2+ intracelular resposta glicose determinacao expressao_genes conteudo proteico elementos envolvidos exocitose granulos insulina mir 124a confirmar efeito modulatorio mir 124a sobre expressao_genes interesse celulas ins1e transfectadas mimetico mir resultados prenhez aumentou ingestao_alimentar peso_corporal insulinemia basal interferiu sensibilidade periferica insulina reduziu glicemia basal dieta_hipoproteica prenhez reduziram percentual aumento relacao valor basal durante primeira fase secrecao insulina apos estimulo 16 7 mmol l glicose percentual aumento durante segunda fase secrecao insulina similar ilhotas grupos hpp hpnp grupo cp menor grupo cnp amplitude ca2+ i menor ilhotas ratas submetidas restricao_proteica assim ilhotas ratas prenhes area_sob_curva ca2+ i menor ilhotas grupo hpp relacao demais grupos expressao mir 124a reduzida restricao_proteica expressao rnam conteudo proteico snap 25 bem conteudo proteico rab3a menores ilhotas ratas lpp relacao ilhotas ratas cp expressao rnam sintaxina 1a kir6 2 diminuida ilhotas ratas submetidas restricao_proteica relacao ilhotas ratas controles enquanto conteudo proteico reduzido ilhotas ratas prenhes superexpressao mir 124a aumentou rnam conteudo proteico snap 25 bem niveis rnam rab3a diminuiu expressao rnam sintaxina 1a celulas ins1e conclusao perda padrao bifasico secrecao insulina ilhotas grupo hpp parece ter resultado reduzido ca2+ i devido subexpressao kir6 2 bem mudancas elementos maquinaria exocitotica influenciado direta indiretamente mir 124a,940
9,"ilhotas, restricao_proteica, ovx, lphc, ratas, dieta_hipoproteica, prenhez, prenhes, ovariectomia, sham",restricao_proteica imposta fases criticas desenvolvimento associada alteracoes permanentes secrecao insulina vida adulta recuperacao nutricional dependendo fase vida ocorre pode restaurar parcialmente secrecao insulina avaliamos padrao secrecao insulina mecanismos envolvidos modulacao ilhotas ratos machos adultos submetidos dieta normoproteica 17 proteina_c restricao_proteica 6 proteina d durante vida fetal lactacao apos desmame ratos submetidos restricao_proteica durante vida fetal recuperados desde nascimento vida adulta dieta normoproteica r peso corporeo albuminemia insulinemia menores grupo d restaurados grupo r curva dose resposta secrecao insulina estimulada glicose deslocada direita grupo r relacao grupo c grupo d relacao grupo r conteudo proteico glut2 glicoquinase hexoquinase diferiram grupos ilhotas grupos d r apresentaram padrao secrecao insulina dinamica semelhante durante primeira fase menor comparadas ilhotas grupo c durante segunda fase secrecao insulina final periodo estimulatorio glicose ilhotas grupo d continuaram exibindo menor secrecao relacao grupo c entanto ilhotas grupo r mostraram padrao semelhante ilhotas grupos c d grupos c r apresentaram mesmos valores area_sob_curva concentracao calcio intracelular durante primeiros minutos estimulo maiores comparados grupo d entretanto avaliou area_sob_curva durante todo periodo estimulatorio observou nenhuma xvi diferenca grupos amplitude oscilacoes calcio igual grupos c r maiores observadas grupo d avaliou frequencia oscilacoes verificou ilhotas grupo r apresentaram valores menores comparadas grupo c conteudo proteico adenilato cilclase 3 fosfolipase c 3 diferiu grupos conteudo adenosina monofosfato ciclica ampc maior ilhotas grupo d r expressao proteina quinase pka menor comparados grupo c conteudo proteina quinase c pkc ilhotas grupo r menor grupos c d assim restricao_proteica durante fases iniciais desenvolvimento produziu danos permanentes cinetica secrecao insulina devido menos parte alteracoes manejo calcio intracelular vias ampc pka plc pkc,216
9,"ilhotas, restricao_proteica, ovx, lphc, ratas, dieta_hipoproteica, prenhez, prenhes, ovariectomia, sham",secrecao insulina estimulada glicose apresenta padrao bifasico sendo perda primeira fase alteracoes iniciais diabetes_mellitus_tipo_2 desnutricao ocorre perda padrao bifasico enquanto prenhez aumento 60 primeira fase secrecao insulina primeira fase liberacao insulina reflete exocitose granulos insulina dependente calcio portanto presente estudo objetivo investigar ilhotas ratas prenhes desnutridas vida intrauterina lactacao recuperadas apos desmame cinetica secrecao insulina induzida glicose relacao concentracao calcio intracelular expressao proteinas maquinaria exocitose granulos avaliados seis grupos ratas prenhes prenhes alimentadas dieta controle cnp cp respectivamente dieta restrita proteina lpnp lpp respectivamente ratas sofreram restricao_proteica durante vida intrauterina lactacao recuperadas dieta controle apos desmame rnp rp respectivamente glicose induziu padrao bifasico secrecao insulina caracterizado liberacao rapida seguida segundo prolongado periodo grupos rp cp grupo lpp apresentou padrao monofasico caracterizado pequeno aumento seguido diminuicao secrecao tendo atingido valores constantes quantidade insulina secretada primeira fase similar grupos rp rnp assim grupos lpp lpnp maior grupo cp relacao grupo cnp concentracao calcio intracelular menor ilhotas grupos lpp lpnp comparacao grupos cnp cp quatro grupos menores relacao grupos rnp rp concentracao proteina snap 25 maior ilhotas grupos prenhes independentemente estado_nutricional conteudo sintaxina 1a reduzido ilhotas grupo rp relacao grupo rnp concentracao vamp 2 diferiu grupos portanto restricao_proteica durante vida intrauterina lactacao aumentou conteudo calcio citoplasmatico prejudicou aumento classico primeira fase secrecao insulina durante prenhez possivelmente devido menor expressao sintaxina 1,478
10,"catd, vegetarianos, onivoros, vegetarianismo, craving, vegetariana, stress, anacardium, vegetarianas, enfermagem",ions trivalente 3+ hexavalente 6+ estados oxidacao estaveis metal transicao cromo enquanto forma cr3+ micronutriente essencial adequada regulacao homeostase glicemica cr6+ reconhecidamente toxico carcinogenico estudos previos indicado entretanto ambas especies cromo podem ter comum expressiva capacidade gerar especies_reativas_oxigenio eros assim procurou aprofundar estudo formacao eros partir interacao ions cromo h2o2 in vitro caracteristicas dessa producao fim contribuir discussao mecanismos quimicos desse processo alem disso efeito oxidativo proteinas isoladas albumina serica bovina 946 lactoglobulina estudado presenca radical hidroxil 61599 oh apos incubacao cr3+ h2o2 identificada forma direta epr formacao caracteristica aduto dmpo 61599 oh reiterada resultados degradacao oxidativa 2 desoxirribose 2 dr hidroxilacao acido tereftalico tpa oxidacao dimetilsulfoxido dmso formacao 61599 oh cr3+ mostrou dependente tempo incubacao producao continua 10 dias experimento oxidacao 2 dr temperatura ambiente cr3+ 0 1 mm h2o2 1 mm 2 dr 5 mm tampao fosfato 5 mm ph 7 2 descartada experimentalmente influencia significativa propria 2 dr metais contaminantes durante producao continua concentracao cr3+ h2o2 manteve relacao direta formacao 61599 oh sugerido producao concomitante h2o2 durante formacao 61599 oh processo reciclagem h2o2 ocorre porem decomposicao espontanea niveis h2o2 longo tempo observada producao significativa proteinas carboniladas partir oxidacao albumina 946 lactoglobulina induzida cr3+ 0 1 mm presenca h2o2 cromo hexavalente mostrou capaz gerar 61599 oh sendo neste caso processo extremamente rapido inferior 10 min possivelmente segundos concentracao cr6+ h2o2 influencia diretamente producao 61599 oh interferencia significativa metais contaminantes mesma forma sugere mecanismo reciclagem h2o2 oxidacao proteinas cr6+ significativa mostrou independente adicao h2o2 resultados sugerem ainda mecanismos geracao 61599 oh mediados cr3+ cr6+ independentes oxidacao reducao outra forma estavel metal mecanismos sugeridos compreendem formacao 61599 oh partir reacao similar fenton classico envolvendo formas cr3+ cr6+ compostos intermediarios possivelmente radical superoxido o2 interacao h2o2 dessa forma atribui peso evidencia capacidade toxica cr6+ alerta quanto utilizacao terapeutica cr3+ especialmente forma cronica,570
10,"catd, vegetarianos, onivoros, vegetarianismo, craving, vegetariana, stress, anacardium, vegetarianas, enfermagem",intolerancia lactose il desenvolvimento sintomas gastrointestinais gi dor distensao abdominal borborigmos nauseas vomitos diarreia portadores ma absorcao lactose ml apos ingestao carga lactose apesar ser sindrome clinica real relevante prevalencia il ainda desconhecida objetivo trabalho buscou determinar prevalencia il fatores_associados grupo populacional regiao nordeste brasil metodos participaram estudo 91 estudantes funcionarios universidade federal bahia ufba previamente higidos idade superior 18 anos selecionados conveniencia realizado teste hidrogenio expirado the dose 25 gramas lactose 10 coleta amostra basal jejum 12 horas amostras consecutivas 60 90 120 150 180 minutos apos administracao lactose aumento concentracoes hidrogenio superior 20 partes milhao ppm amostra basal considerado resultado positivo individuos the positivo presenca menos sintomas indicativos il considerados intolerantes lactose aplicado questionario semi estruturado informacoes sobre dados_demograficos genero idade etnia clinicos queixas gi il auto percebida dieteticos restricoes alimentares laticinios consumo produtos lacteos resultados prevalencia il populacao estudada 34 1 sendo significativamente maior individuos auto declararam pardos p = 0 005 concordancia pobre il auto relatada il diagnosticada indice kappa 0 1615 intolerantes lactose apresentaram tendencia reduzir consumo lactose consequentemente produtos lacteos conclusao frequencia il intermediaria associou etnia populacao multirracial discrepancia il percebida il diagnosticada ingestao lactose abaixo limiar recomendado individuos intolerantes compreender real numero individuos acometidos transtorno propicia manejo adequado dieta reduzindo riscos desnecessarios saude,1242
10,"catd, vegetarianos, onivoros, vegetarianismo, craving, vegetariana, stress, anacardium, vegetarianas, enfermagem",vegetarianismo vem tornando pratica alimentar cada vez comum brasil mundo tipos dietas vegetarianas bem motivacoes adocao desse padrao_alimentar variam consideravelmente individuos adotam pratica apesar haver estudos demonstrando beneficios vegetarianismo saude humana bem estudos avaliam qualidade dietas vegetarianas outros paises questoes relacionadas influencia vegetarianismo qualidade alimentar perfil_nutricional brasil ainda precisam ser respondidas tendo vista escassez dados possivel aumento risco deficiencias nutricionais causado restricao alimentar presente estudo objetivo portanto avaliar qualidade alimentar perfil_nutricional vegetarianos adultos brasil realizada pesquisa transversal quantitativa meio questionario especifico populacao brasileira autoaplicado forma virtual amostra conveniencia posteriormente feita analise dados partir comparacao dados populacao brasileira avaliados instrumento alem comparacao diferentes variaveis associadas dieta vegetariana tipo dieta tempo adocao motivacao adocao dieta convivio outras pessoas vegetarianas parametros avaliados indice_massa_corporal imc calculado base peso altura referidos b consumo regular frutas vegetais crus cozidos considerada adequada frequencia minimo cinco vezes semana c consumo diario adequado frutas vegetais determinado ingestao menos cinco porcoes furtas vegetais diariamente acordo recomendacoes organizacao_mundial_saude d consumo regular refrigerantes cinco dias semana usado marcador negativo qualidade_dieta consumo alimentos_in_natura alimentos_processados dia anterior avaliado acordo recomendacoes guia_alimentar_populacao_brasileira dados analisados meio analise variancia anova seguida teste post hoc tukey b teste_qui_quadrado_pearson analises diferentes variaveis associadas dieta vegetariana comparacao intervalos confianca analises comparativas resultados estudo dados populacao geral brasileira todas analises consideraram nivel significancia 5 p <0 05 amostra obtida 1369 individuos quais 90 mulheres representatividade todo territorio nacional imc medio 22 64kg m2 quanto tipo dieta prevalente vegetariana adotada 50 5 individuos seguida vegana adotada 36 0 amostra principal motivacao adocao vegetarianismo etica moral relatada 66 4 amostra seguida saude relatada 12 0 participantes comparados dados populacao geral brasileira resultados pesquisa demostraram vegetarianos apresentam melhores niveis imc alem melhores marcadores qualidade alimentar observou prevalencia excesso_peso obesidade 20 2 5 6 respectivamente amostra estudo valores baixos observados populacao brasileira 54 0 18 9 respectivamente quanto qualidade alimentar observouse maior proporcao individuos ingestao semanal regular frutas vegetais comparacao populacao brasileira 66 5 versus 34 6 ingestao_diaria adequada frutas vegetais 34 6 versus 23 7 encontrada menor ingestao semanal regular refrigerantes considerado marcador negativo qualidade alimentar estar associado outros parametros baixa qualidade_dieta amostra estudo 2 9 individuos relataram consumo regular refrigerantes passo populacao brasileira 14 6 apresentam consumo regular meio analise consumo_alimentos dia anterior observou participantes atendem principais recomendacoes guia_alimentar_populacao_brasileira maior proporcao consumo alimentos_in_natura menor alimentos_processados subgrupos vegetarianos veganos tenderam apresentar maior proporcao individuos marcadores positivos qualidade nutricional vegetarianos pescovegetarianos semivegetarianos naqueles relataram adotar dieta motivos saude observada maior proporcao individuos ingestao semanal regular ingestao_diaria adequada frutas vegetais comparados adotam dieta motivos eticos morais partir estudo concluiu portanto vegetarianos apresentam melhor adequacao dieta comparados populacao geral brasileira veganos apresentando melhores resultados comparacao outros tipos vegetarianos,2682
11,"fermentacao, xique, probioticas, casei, colonica, fermentado, paracasei, probiotica, fermentum, plantarum",frutas amplamente conhecidas potencial funcional recentemente coprodutos frutas ganhado destaque especial devido composicao_nutricional riqueza compostos_bioativos coprodutos derivados industria processamento frutas constituidos basicamente cascas sementes talos geralmente descartados lixo podendo ser aproveitados bioprocessamentos estudo objetivo avaliar potencial utilizacao coprodutos processamento frutas acerola malphigia glabra l cace caju anacardium occidentale l ccas goiaba psidium guayaba l cgua meios crescimento fermentacao manutencao viabilidade lactobacillus_acidophilus la 05 lacticaseibacillus paracasei l 10 durante liofilizacao armazenamento digestao gastrointestinal simulada efeitos abundancia relativa diferentes grupos bacterianos intestinais microbianos durante 48 h fermentacao fecal usando inoculo fecal humano resultados mostraram utilizados meios cultivo cace ccas cgua resultaram contagem celulas viaveis lactobacillus =8 8 log ufc g apos 24 h fermentacao alem capacidade reducao fase lag longo fermentacao reducao concentracao acucares glicose frutose concomitante aumento producao acidos organicos reducao ph 3 46  3 99 fermentacao coprodutos lactobacillus promoveu aumento concentracao compostos_fenolicos contribuiu aumento atividade_antioxidante final processo fermentativo apos processo liofilizacao cepas lactobacillus coprodutos fermentados observaram altas taxas sobrevivencia > 86 demonstrando meios poderiam proteger cepas durante liofilizacao final armazenamento l acidophilus la 05 l paracasei l 10 liofilizados cace ccas cgua apresentaram reducoes 2 3 ciclos logaritmicos significativamente menores liofilizados meio controle ainda cace ccas cgua capazes reduzir tamanho subpopulacoes injuriadas mortas durante etapas digestao simulada meios coprodutos frutas aumentaram abundancia relativa grupos bacterianos beneficos tempo diminuiram mantiveram abundancia relativa grupos bacterianos beneficos indicando efeitos estimuladores supostamente seletivos populacoes intestinais bacterianas beneficas concomitante estimulo atividade microbiana alteracao perfil_metabolico resultando diminuicao ph consumo acucar producao acidos_graxos_cadeia_curta aumento compostos_fenolicos capacidade_antioxidante durante fermentacao fecal resultados sugerem cace ccas cgua podem atuar meios cultivo eficientes crescimento l acidophilus la 05 l paracasei l 10 efeito protetor destas cepas durante liofilizacao armazenamento exposicao digestao gastrointestinal simulada alem disso podem induzir mudancas beneficas abundancia relativa varios grupos bacterianos bem atividade metabolica microbiota_intestinal humana sendo candidatos circulares novos sustentaveis uso ingredientes simbioticos,4970
11,"fermentacao, xique, probioticas, casei, colonica, fermentado, paracasei, probiotica, fermentum, plantarum",processamento industrial frutas gera elevadas quantidades subprodutos constituidos principalmente cascas sementes subproduto processamento jabuticaba myrciaria jaboticaba vell berg apresenta destacavel valor nutritivo elevada concentracao fibras dieteticas compostos_fenolicos quais podem atuar modulacao microbiota_intestinal estimulando aumento populacao bacterias beneficas producao diferentes metabolitos nesse contexto estudo objetivo avaliar potencial prebiotico subproduto jabuticaba sj utilizando sistemas fermentacao in vitro inicialmente realizada liofilizacao sj caracterizacao quanto composicao_nutricional parametros fisico quimicos seguida sj liofilizado submetido digestao gastrointestinal in vitro utilizado unica fonte carbono meio cultivo avaliar capacidade estimular crescimento atividade metabolica cepas probioticas lactobacillus_acidophilus la 05 lacticaseibacillus casei l 26 bifidobacterium animalis subsp lactis bb12 avaliado efeito sj sobre abundancia relativa grupos bacterianos intestinais selecionados usando tecnica fluorescencia hibridizacao in situ acoplada citometria fluxo multiparametrica durante 48 horas fermentacao colonica in vitro determinacao indices prebioticos atividade metabolica microbiota colonica monitorada durante 48 horas meio determinacao valores ph consumo acucares producao acidos organicos perfil compostos_fenolicos longo fermentacao colonica sj liofilizado apresentou elevada concentracao fibra_alimentar principalmente fibra soluvel presenca acucares variedade compostos_fenolicos apos cultivo 48 horas meio sj digerido 20 g l cepas probioticos apresentaram contagens >8 log ufc ml quais semelhantes encontradas meio cultivo frutooligossacarideos cultivo probioticos meio sj resultou diminuicao ph aumento producao acido latico acidos_graxos_cadeia_curta consumo glicose frutose longo tempo indicando intensa atividade metabolica sj aumentou abundancia relativa bifdobacterium spp lactobacillus spp enterococcus spp durante 48 horas fermentacao colonica alem diminuir abundancia relativa bacteroides spp prevotella spp eubacterium rectale clostridium coccoides c histolyticum obtencao valores escores prebioticos positivos aumento atividade metabolica microbiota evidenciado reducao ph producao acido succinico aumento producao acidos_graxos_cadeia_curta consumo acucares meio durante fermentacao colonica sj compostos_fenolicos disponiveis sj extensivamente metabolizados durante periodo fermentacao colonica resultados mostraram sj pode contribuir modulacao positiva grupos bacterianos formam microbiota_intestinal humana producao metabotitos relacionados melhoria saude_intestinal podendo ser explorado ingrediente propriedades prebioticas formulacoes produtos_alimenticios funcionais,3688
11,"fermentacao, xique, probioticas, casei, colonica, fermentado, paracasei, probiotica, fermentum, plantarum",padroes dieteticos incluam consumo regular compostos prebioticos capazes modular composicao metabolismo microbiota_intestinal humana exercendo papel importante saude hospedeiro beterraba vermelha beta vulgaris l importante especie olericola destacavel aporte nutrientes compostos_bioativos destaque fibras dieteticas compostos_fenolicos betalainas trabalho objetivo avaliar potencial prebiotico liofilizados obtidos diferentes porcoes beterraba vermelha meio verificacao efeitos sobre crescimento metabolismo cepas probioticas lactobacillus_acidophilus la 05 lacticaseibacillus casei l 26 limosilactobacillus fermentum 296 microbiota colonica humana condicoes in vitro ensaios realizados liofilizados porcoes raiz fdbr talos folhas fdbsl beterraba vermelha cultivar early wonder fdbr fdbsl submetidos analises determinacao composicao_nutricional parametros fisico quimicos seguida cepas lactobacillus expostas condicoes simuladas trato_gastrointestinal presenca fdbr fdbsl avaliados aspectos relacionados viabilidade celular functionalidade fisiologica capacidade_antioxidante_total compostos_fenolicos totais durante tres fases principais digestao boca estomago intestino segunda etapa novas amostras fdbr fdbsl submetidas digestao gastrointestinal simulada produto digestao avaliado ensaios fermentacao usando unica fonte carbono cultivo cepas probioticas avaliacao modulacao microbiota colonica utilizando inoculo fecal calculado escore atividade prebiotica atividade metabolica microbiana monitorada meio determinaao ph conteudos acucares acidos organicos diferentes sistemas cultivo monitorados perfil fenolicos capacidade_antioxidante_total durante fases digestao simulada fermentacao inoculo fecal fdbr fdbsl apresentaram altos teores fibras soluveis 5 25 11 10 g 100 g insoluveis 21 43 37 03 g 100 g pectinas 8 45 9 51 g 100 g betalainas 3 3628 99 g 100 g variedade compostos_fenolicos fdbr fdbsl estimularam crescimento cepas probioticas testadas altas contagens celulas viaveis >9 log ufc ml aumento producao acidos acetico butirico latico propionico alteracoes teores compostos_fenolicos durante 72 h cultivo ainda apresentaram valores positivos indices prebioticos =0 17 durante exposicao digestao simulada fdbr fdbsl aumentaram sobrevivencia manutencao funcoes fisiologicas ativas cepas probioticas indicado alta contagem celulas viaveis =3 5 log ufc ml percentual celulas fisiologicamente ativas >25 2 fdbr 23 1> fdbsl fdbr fdbsl aumentaram abundancia lactobacillus spp enterococcus spp 3 64 7 60 bifidobacterium spp 2 76 5 78 diminuiram abundancia bacteroides spp prevotella spp 9 56 4 18 clostridium histolyticum 1 62 1 15 eubacterium rectale clostridium coccoides 2 33 1 49 durante 48 h fermentacao colonica resultando indices prebioticos positivos > 3 61 fdbr fdbsl promoveram intensa atividade metabolica evidenciada diminuicao ph aumento producao acido latico acetico butirico propionico consumo glicose frutose longo tempo cultivo probioticos ensaios fermentacao colonica alteracoes conteudo compostos_fenolicos alta capacidade_antioxidante durante fermentacao colonica observados fbrd fdbsl mostraram potenciais propriedades prebioticas podendo ser explorados formulacao produtos_alimenticios suplementos dieteticos funcionais,4481
12,"asg, glim, uti, internacao, admissao, obito, desfechos_clinicos, hospitalizados, risco_nutricional, hospitalar",triagem risco_nutricional trn primeiro passo sistematizacao cuidado nutricao deve ser realizada partir ferramenta validacao previa ser destinada populacao aplicada baixo custo rapida aplicabilidade composta questionamento simples plano acao possa ser facilmente aplicado adaptado dentre ferramentas existentes apenas malnutrition universal screening tool must nutritional risk screening nrs 2002 modified nutrition risk in critically ill mnutric previamente estudadas pacientes_criticos ferramentas malnutrition screening tool mst nutritional risk in emergency nre 2017 parecem ser faceis acessiveis considerarem peso altura aferidos porem validade mesmas unidade_terapia_intensiva investigada acordo diretrizes nacionais internacionais paciente critico recomenda utilizar ferramentas nutric nrs 2002 trn entanto ambas ferramentas apresentam limitacoes sendo assim etapa cuidado_nutricional paciente critico requer maior investigacao objetivos avaliar validade criterio cinco diferentes ferramentas triagem risco_nutricional pacientes_criticos adultos desenvolver nova ferramenta maior factibilidade identificacao risco_nutricional ambiente terapia_intensiva metodos realizamos estudo_coorte coleta dados prospectiva pacientes adultos_idosos admitidos seis unidades terapia_intensiva utis complexo hospitalar sul brasil periodo julho 2019 maio 2022 ferramentas triagem risco_nutricional aplicadas mnutric nrs 2002 mst must nre 2017 realizar analise concorrente ferramentas utilizamos mnutric nrs 2002 metodos referencia curva caracteristica operacao receptor roc coeficiente avaliaram acuracia concordancia ferramentas regressao_logistica verificou associacao risco_nutricional tempo internacao uti prolongada regressao cox utilizada verificar associacao risco_nutricional mortalidade uti ambas ajuste confundidores realizamos analise secundaria desenvolvimento nova ferramenta trn pacientes_criticos escore screenic screening of nutritional risk in intensive care realizadas quatro etapas desenvolvimento ferramenta variaveis diferentes ferramentas trn diagnostico_desnutricao mnutric nrs 2002 mst must nre 2017 avaliacao_subjetiva_global asg criterios global leadership initiative on malnutrition glim consideradas nortear construcao ponto corte classificacao risco_nutricional definido atraves construcao curva roc utilizando mnutric referencia calculada sensibilidade especificidade valor preditivo positivo negativo validade preditiva avaliada regressao_logistica tempo internacao uti hospital readmissao uti desfechos pos alta regressao cox utilizada avaliar associacao risco_nutricional screenic mortalidade uti hospital resultados avaliados 450 pacientes 64 aiq 54 71 anos 52 2 homens risco_nutricional variou 36 4 nrs 2002 > 5 50 2 nrs 2002 > 3 nrs 2002 > 5 apresentou melhor acuracia 0 63 ic95 0 580 69 mnutric mst nrs 2002 > 5 0 76 ic95 0 710 80 embora nenhuma ferramenta metrica satisfatoria todas ferramentas apresentaram concordancia fraca mnutric k=0 0190 268 concordancia moderada nrs 2002 > 5 k=0 4740 503 must hr=2 26 ic95 1 403 63 mst hr=1 69 ic95 1 092 60 preditores obito uti nrs 2002 > 5 or=1 56 ic95 1 02 2 40 mnutric or=1 86 ic95 1 262 76 permanencia prolongada uti construcao screenic partir 14 variaveis pre selecionadas seis questoes possibilidade respostas sim incluidas ferramenta estarem associadas alto mnutric escore idade > 65 anos dias pre uti > 1 numero comorbidades > 2 sepse perda moderada grave massa_muscular exame fisico ventilacao mecanica vm admissao ponto corte classificacao risco_nutricional 4 0 pontos definido partir equilibrio maior sensibilidade 88 5 especificidade 68 8 escore screenic identificou 57 6 pacientes alto risco_nutricional apresentou concordancia moderada k=0 564 acuracia alta 0 896 ic95 0 867 0 925 mnutric escore screenic preditor independente internacao prolongada uti or=1 81 ic95 1 14 2 85 hospital or=2 15 ic95 1 37 3 38 conclusao nenhuma ferramenta trn apresentou validade concorrente satisfatoria mnutric nrs 2002 apenas must mst preditoras obito uti nrs 2002 > 5 mnutric associados independentemente internacao prolongada uti desenvolvido escore screenic trn pacientes_criticos composta seis questoes respostas sim variaveis necessitam anamnese podem ser obtidas prontuario partir exame fisico realizado beira leito nova ferramenta apresentou concordancia moderada alta sensibilidade mnutric preditora independente permanencia prolongada uti hospital aplicabilidade reprodutibilidade validade preditiva escore screenic identificar pacientes beneficiarao terapia nutricional precoce plena deve ser avaliada estudos futuros,4077
12,"asg, glim, uti, internacao, admissao, obito, desfechos_clinicos, hospitalizados, risco_nutricional, hospitalar",embora exista metodo universalmente aceito diagnostico_desnutricao avaliacao_subjetiva_global asg considerada referencia avaliacao_nutricional ambiente hospitalar contudo depende habilidade avaliador ultima decada sociedades internacionais nutricao clinica propuseram novas ferramentas diagnostico_desnutricao academy of nutrition and dietetics american society of enteral and parenteral nutrition and aspen european society clinical nutrition and metabolism espen global leadership initiative on malnutrition glim ferramentas validadas brasil uso pacientes hospitalizados criticos poucos estudos avaliaram desempenhos predizer morbimortalidade acuracia mesma amostra parece ainda ter sido comparada objetivo avaliar validade concorrente preditiva ferramenta and aspen pacientes hospitalizados comparar acuracia demais ferramentas integrativas diagnostico_desnutricao metodos coorte prospectiva pacientes hospitalizados > 18 anos coleta dados realizada primeiras 48 horas admissao dados_sociodemograficos clinicos laboratoriais obtidos prontuario gravidade clinica pacientes classificada partir indice comorbidades charlson icc ferramentas asg and aspen espen glim aplicadas diagnostico_desnutricao pacientes acompanhados alta_hospitalar coleta desfechos tempo internacao_hospitalar tih obito intra hospitalar bem contatados telefone apos seis meses alta coleta desfechos readmissao hospitalar obito estudo aprovado comite etica pesquisa hospital todos pacientes assinaram termo consentimento resultados avaliados 600 pacientes 55 7 + 14 8 anos 51 3 homens 78 2 etnia autodeclarada branca tih mediano 10 0 5 0 18 0 dias 2 7 amostra obito durante internacao pacientes contatados apos seis meses n= 566 35 3 readmissao 8 3 obito frequencia desnutricao 34 0 asg 34 6 and aspen 5 7 espen 41 7 glim desnutricao ferramenta and aspen apresentou concordancia substancial asg kappa=0 690 assim preditora maior risco tih prolongado rr= 1 4 ic 95 1 2 1 6 mortalidade hospitalar hr=5 0 ic 95 1 3 18 8 readmissao rr=1 4 ic 95 1 2 1 8 maior chance obito seis meses or=5 1 ic 95 2 6 9 9 apos ajuste icc and aspen glim apresentaram acuracia satisfatoria identificar pacientes desnutridos auc= 0 846 ic 95 0 810 0 883 auc= 0 842 ic 95 0 807 0 877 respectivamente significativamente superior acuracia espen satisfatoria auc= 0 572 ic 95 0 522 0 622 and aspen testada criterio forca aperto mao fam apresentando boa validade concorrente preditiva conclusao desnutricao avaliada and aspen preditora pior prognostico clinico pacientes hospitalizados alem disso and aspen avaliacao fam glim metodos acurados identificar pacientes desnutridos ambiente hospitalar enquanto uso ferramenta espen deve ser desencorajado,3070
12,"asg, glim, uti, internacao, admissao, obito, desfechos_clinicos, hospitalizados, risco_nutricional, hospitalar",desnutricao frequente pacientes hospitalizados associada aumento mortalidade piora desfechos_clinicos pacientes cirurgicos risco_nutricional desnutricao associados aumento complicacoes pos operatorias mortalidade internacao prolongada custos elevados objetivos verificar desempenho ferramenta triagem_nutricional nutritional risk emergency 2017 nre 2017 predizer desfechos_clinicos tempo internacao obito presenca complicacoes pos operatorias reinternacao hospitalar complicacoes pos operatorias apos alta_hospitalar pacientes submetidos cirurgias eletivas ademais objetivou verificar validade concorrente ferramenta referencia avaliacao_subjetiva_global asg metodos estudo_coorte prospectivo realizado pacientes admitidos hospital publico terciario realizacao cirurgia eletiva idade = 18 anos ambos_sexos internados cirurgia seguintes especialidades cirurgia digestiva oncologia cabeca pescoco proctologia acompanhados alta coleta desfechos readmissao hospitalar complicacoes obito realizado contatado telefone 6 18 meses apos alta_hospitalar anamnese nutricional contemplou itens triagem risco_nutricional meio ferramenta triagem nre 2017 definicao presenca desnutricao partir asg regressao_poisson realizada avaliar associacao risco desnutricao desfechos_clinicos internacao uti complicacoes pos operatorias severas obito atraves modelo ajustado modelo ajustado idade sexo oncologia classificacao asa resultados incluidos estudo 162 pacientes media idade 59 7 anos + 14 anos sendo composta 51 9 homens resultados obtidos meio aplicacao nre 2017 demonstraram 48 8 pacientes apresentaram risco_nutricional mediana tempo internacao total 14 dias risco_nutricional identificado ferramenta nre 2017 preditivo maior tempo internacao_hospitalar pacientes risco apresentaram mediana 18 dias 10 0 36 0 versus 13 0 dias 7 0 23 0 pacientes risco p = 0 006 assim tempo internacao pos cirurgico pacientes risco obtiveram mediana 6 dias 2 14 0 versus 3 5 dias 1 0 7 0 pacientes risco p = 0 02 encontrada associacao significativa pacientes risco_nutricional desfechos_clinicos p=0 039 entretanto apos ajuste sexo idade oncologia classificacao american association of anaesthesia asa risco manteve rr= 1 52 ic 95 0 32 7 18 p=0 60 tendencia associacao nre obito intrahospitalar geral 4 32 obitos porem pacientes risco_nutricional 7 6 p= 0 059 dados seguimento apos alta_hospitalar observou associacao significativa risco_nutricional obito reinternacao p= 0 194 validade concorrente ferramentas nre asg avaliada concordancia substancial ferramentas nre 2017 versus asg sendo valor kappa 0 75 p<0 001 performance ferramenta obteve acuracia 87 7 sensibilidade especificidade 90 4 85 4 respectivamente conclusao risco desnutricao prevalente pacientes cirurgicos hospitalizados avaliados ferramenta triagem nre 2017 significativamente associado tempo internacao_hospitalar media 5 dias maior desfechos_clinicos naqueles pacientes risco_nutricional entretanto associacao mortalidade reinternacao pos alta_hospitalar nre 2017 apresentou concordancia substancial alta sensibilidade especificidade comparada asg pode ser opcao segura eficaz capaz simplificar rastreio pacientes cirurgicos rapida intervencao,3066
13,"anemia, hepcidina, deficiencia, hipovitaminose_d, hemoglobina, ferro, vitamina_d, ferropriva, falciforme, ferritina",mendonca juliana omena braga alteracoes metabolismo ferro pessoas doenca falciforme 2016 82 f dissertacao mestrado alimentacao nutricao saude  instituto nutricao universidade estado rio janeiro rio janeiro 2016 introducao doenca falciforme df hemoglobinopatia caracterizada inflamacao hemolise cronicas intensa eritropoiese anemia inerentes doenca fatores potencialmente ocasionariam reducao producao hepcidina  hormonio responsavel homeostase ferro  acarretando aumento absorcao intestinal deste micronutriente contrapartida quadro inflamatorio caracteristico bem sobrecarga ferro observada alguns pacientes capazes induzir transcricao deste hormonio reduzindo absorcao ferro lacuna conhecimento respeito comportamento hepcidina gera dificuldades elaboracao protocolo nutricional especifico pessoas assim objetivo deste trabalho avaliar comportamento hepcidina serica individuos doenca falciforme metodos estudo_transversal realizado 115 adultos divididos grupos df presenca sobrecarga ferro n=13 41 0 + 11 6 anos df sobrecarga n=59 30 9+ 10 7 anos individuos doenca n=43 29 4+ 8 9 anos amostras sangue coletadas avaliacao seguintes parametros hematocrito hemoglobina hemoglobinas s fetal hepcidina serica ferritina ferro serico capacidade total ligacao ferro ctlf lactato desidrogenase ldh resultados concentracao hepcidina serica apresentou significativamente maior participantes doenca falciforme sobrecarga ferro relacao grupo df sobrecarga 12 0 ng ml versus 4 2 ng ml respectivamente grupo referida doenca 12 0 ng ml versus 7 2 ng ml respectivamente contrapartida grupo df sobrecarga ferro apresentou menores concentracoes hepcidina serica comparado outros grupos estudados exceto grupo df sobrecarga ferro ferritina correlacionou fortemente hepcidina apresentando principal variavel capaz influenciar variabilidade deste hormonio demais grupos hemoglobina s ldh sexo_feminino idade apareceram variaveis capazes influenciar variabilidade concentracao hepcidina porem menor intensidade conclusao hepcidina serica apresentou elevada individuos doenca falciforme sobrecarga ferro sugerindo aumento concentracao deste hormonio poderia diminuir absorcao deste micronutriente havendo entao necessidade restricao alimentos ricos ferro neste grupo,1486
13,"anemia, hepcidina, deficiencia, hipovitaminose_d, hemoglobina, ferro, vitamina_d, ferropriva, falciforme, ferritina",anemia falciforme af hemoglobinopatia caracterizada inflamacao fenomenos vaso oclusao hemolises cronicas fatores intrinsecos doenca podem influenciar forma positiva negativa sintese hepcidina hormonio responsavel homeostase ferro eritropoiese intensa anemia hemolitica podem ocasionar reducao deste hormonio acarretando aumento absorcao intestinal deste micronutriente entanto sobrecarga ferro transfusional observada alguns pacientes assim quadro inflamatorio poderiam levar aumento producao hepcidina consequentemente reduzir absorcao intestinal ferro estudos clinicos realizados adultos observaram concentracoes sericas deste hormonio diferiram funcao carga ferro tendo participantes sobrecarga deste mineral af apresentado maiores concentracoes hepcidina comparados participantes af sobrecarga controles doenca dados sugerem individuos expostos carga excessiva ferro precisariam reduzir ingestao_alimentos ricos neste micronutriente orientacao comumente prescrita profissionais_saude contudo resultados ainda suficientes estabelecer abordagem nutricional segura individuos visto estimativa capacidade absorcao ferro precisa ser melhor compreendida informacoes importantes especialmente criancas porque reducao consumo determinadas fontes alimentares carnes feijoes pode levar deficiencia micronutrientes fundamentais crescimento desenvolvimento assim objetivo deste estudo avaliar capacidade absorcao ferro criancas anemia falciforme estudo_experimental realizado 14 criancas idade mediana 8 0 anos intervalo interquartil 7 9 anos divididas seguintes grupos pareadas sexo cor raca idade controle composto individuos doenca n=2 af sobrecarga ferro n=8 af sobrecarga ferro n=4 avaliacao capacidade absorcao ferro realizada meio marcacao alimento padronizado 100 ml suco laranja isotopo estavel 57fe 5 mg amostras sangue obtidas tempo basal 14 dias apos ingestao isotopo sendo relacao isotopica 56fe 57fe determinada espectrometria massa plasma indutivamente acoplado icp ms percentual absorcao 57fe estatisticamente diferente tres grupos estudados 3 9 criancas af sobrecarga ferro 18 2 criancas af sobrecarga ferro 12 7 criancas respectiva doenca grupo criancas af sobrecarga ferro encontrada correlacao positiva grau moderado ferritina hepcidina r = 0 762 p < 0 05 correlacao negativa grau forte ferritina percentual absorcao 57fe r = 0 962 p < 0 05 grupo percentual hbs fortemente correlacionado percentual absorcao ferro r = 0 976 p < 0 05 percentual absorcao 57fe correlacionou hepcidina concentracao hepatica ferro nenhum grupos possivelmente devido pequeno numero amostral grupo sobrecarga encontrada correlacao absorcao ferro ferritina percentual absorcao ferro intestinal encontrado criancas af sobrecarga ferro sugere talvez necessarias recomendacoes restricao alimentos fontes ferro quais individuos frequentemente submetidos,3219
13,"anemia, hepcidina, deficiencia, hipovitaminose_d, hemoglobina, ferro, vitamina_d, ferropriva, falciforme, ferritina",anemia principais doencas carenciais mundo deficiencia vitamina dva usualmente determinada concentracoes sericas retinol importantes deficiencias nutricionais paises desenvolvimento acredita deficiencia ferro principais causas anemia porem pode ser determinada diversos fatores possivel deficiencia funcional ferro desenvolva alteracoes homeostase reservas ferro adequadas forma sistemica homeostase ferro controlada hormonio hepcidina atua reduzindo mobilizacao tecidual absorcao intestinal deste mineral sintese hepcidina ativada inflamacao mecanismo ativacao pouco investigado criancas adicionalmente sabe dva sido associada inflamacao objetivo estudar associacao vitamina anemia concentracoes sericas hepcidina criancas menores cinco anos estudo_transversal 312 criancas 6 59 meses usuarias sistema_unico_saude rio janeiro brasil realizada regressao_logistica_multipla testando anemia desfecho retinol proteina_c_reativa pcr variaveis preditivas associacao hepcidina retinol sericos parametros hematologicos ferritina hemoglobina hematocrito vcm hcm chcm indice_massa_corporal_idade imc i analisada modelo linear generalizado glm ajuste pcr alem disso analise regressao_logistica usada testar anemia desfecho retinol serico variavel preditiva usando funcao razao chance analises ajustadas sexo idade escolaridade_materna renda_familiar incluidas estudo 312 criancas destas aproximadamente 67 24 meses 52 sexo_masculino prevalencia anemia 14 6 anemia ferropriva 5 8 deficiencia vitamina 9 6 aumento concentracoes sericas retinol serico reduziu chances anemia or = 0 13 intervalo confianca = 0 29 0 59 ajustado pcr glm retinol preditor hepcidina serica juntamente ferritina imc i = 3 36 0 14 1 02 respectivamente p= 0 032 retinol serico associou inversamente pcr = 0 025 p= 0 000 indicadores socioeconomicos incluidos influenciaram niveis hepcidina populacao estudada sugerindo associacao determinada fatores biologicos associacao observada niveis retinol hepcidina pode explicar porque estrategias controlar anemia baseadas apenas suplementacao ferro impacto limitado prevalencia geral anemia amostra estudada anemia deficiencia ferro presente aproximadamente dois tercos criancas anemia poderia ser explicado anemia inflamacao necessidade melhorar compreensao relacao vitamina niveis hepcidina anemia criancas onde sabemos primeiro estudo avaliar associacao retinol serico hepcidina criancas 6 59 meses conclusoes associacao concentracoes sericas retinol hepcidina criancas 6 59 meses parece ser dependente inflamacao tomados conjunto resultados reforcam necessidade desenvolvimento novos estudos melhor compreender relacao vitamina anemia inflamacao,3487
14,"entorno, ambiente_alimentar, estabelecimentos, desertos, cantinas, venda_alimentos, pantanos, epsan, disponibilidade, comercios",introducao termos desertos alimentares pantanos alimentares terminologias surgem classificar ambiente_alimentar considerando acesso fisico alimentos condicoes_socioeconomicas desertos alimentares caracterizados vizinhancas socialmente vulneraveis possuem acesso fisico limitado alimentos_saudaveis enquanto pantanos alimentares vizinhancas acesso fisico facilitado alimentos_saudaveis objetivo descrever ambiente_alimentar comunitario identificar vizinhancas desertos pantanos alimentares metropole brasileira metodos estudo ecologico realizado cidade belo_horizonte unidades analises utilizadas setores censitarios buffers circulares 400 800 4000 metros variaveis ambiente social adotadas renda numero domicilios populacao alfabetizacao raca disponibilidade servicos essenciais fornecimento agua energia eletrica coleta lixo indice vulnerabilidade saude ivs variaveis ambiente_alimentar comunitario provenientes duas fontes dados governamentais estabelecimentos comercializam alimentos classificados estabelecimentos comercializam predominantemente alimentos_in_natura estabelecimentos comercializam predominantemente alimentos_ultraprocessados estabelecimentos mistos selecionadas quatro metodologias avaliar desertos alimentares pantanos alimentares considerando frequencia apareciam literatura possibilidade reproduzilas analise dados realizada softwares qgis 2 14 9 spss 15 0 resultados estabelecimentos mistos ultraprocessados frequentes cidade belo_horizonte corresponderam 42 90 46 92 respectivamente lanchonetes 25 36 restaurantes 24 52 tipos frequentes aproximadamente 25 setores censitarios possuem estabelecimentos comercializam alimentos 77 52 possuem estabelecimentos comercializam predominantemente alimentos_in_natura avaliar disponibilidade_alimentos estratificada renda per capita setor censitario verificou setores menor renda possuem menor disponibilidade todos tipos estabelecimentos identificacao desertos alimentares metodologia proposta caisan 37 70 cdc 39 10 identificaram setores censitarios enquadravam nesta classificacao apenas metodologia proposta caisan identificou desertos alimentares frequentes setores menor renda relacao pantanos alimentares metodologia adaptada caisan 58 50 cdc 66 58 identificaram maior percentual setores recebiam classificacao estratificar renda metodologia proposta hager colaboradores identificou pantanos alimentares frequentes setores menor renda demais metodologias mostraram inverso setores classificados desertos alimentares apresentaram piores condicoes_socioeconomicas pior acesso servicos essencias conclusao acesso fisico estabelecimentos comercializam alimentos ocorre maneira homogenea cidade sendo regioes menores rendas apresentaram pior acesso fisico todos tipos estabelecimentos metodologia identificacao desertos pantanos alimentares proposta realidade brasileira apresentou resultados satisfatorios alem disso presente estudo verificou domicilios localizados vizinhancas desertos alimentares piores condicoes_socioeconomicas disponibilidade servicos essenciais,3360
14,"entorno, ambiente_alimentar, estabelecimentos, desertos, cantinas, venda_alimentos, pantanos, epsan, disponibilidade, comercios",introducao equipamentos publicos seguranca_alimentar_nutricional estruturas fisicas criadas promover acesso alimentos_saudaveis atraves fortalecimento circuitos locais producao abastecimento distribuicao comercio alimentos acesso alimentos_saudaveis mensurado investigacao cinco dimensoes disponibilidade acessibilidade fisica financeira aceitabilidade conveniencia disponibilidade_alimentos amplamente associada consumo acessibilidade financeira proeminencia contextos elevadas desigualdades sociais conveniencia pode evidenciar quais locais fato acessiveis individuos porem pouco explorada objetivo investigar disponibilidade acessibilidade financeira frutas_hortalicas conveniencia estabelecimentos comerciais alimentos entornos equipamentos publicos seguranca_alimentar_nutricional metodos estudo_transversal realizado belo_horizonte brasil conduzida auditoria estabelecimentos comerciais alimentos consumo domicilio localizados entornos amostra_representativa equipamentos publicos seguranca_alimentar_nutricional n=10 equipamentos selecionados bem setores censitarios correspondentes influencia equipamentos n=10 locais auditados agrupados estabelecimentos comerciais alimentos_in_natura alimentos mistos disponibilidades frutas_hortalicas comparadas areas equipamentos qui_quadrado exato fisher precos alimentos comparados areas utilizando diferencial preco estabelecimentos in_natura mistos teste mann_whitney medias horas funcionamento comparadas estabelecimentos in_natura mistos teste t student funcionamento estabelecimentos dividido status considerar funcionamento alem horarios comerciais usuais comparado tipos estabelecimentos qui_quadrado exato fisher fim comparadas medias horas funcionamento estabelecimentos segundo areas teste t student resultados auditados 148 estabelecimentos comerciais estabelecimentos in_natura disponibilidade hortalicas maior areas epsan p<0 05 estabelecimentos mistos disponibilidades frutas_hortalicas baixas ambas areas 34 0 vs 26 2 p>0 05 somente areas equipamentos estabelecimentos in_natura apresentaram precos inferiores observados estabelecimentos mistos p<0 001 estabelecimentos mistos ficavam abertos horas estabelecimentos in_natura p<0 001 quantidade estabelecimentos mistos abertos apos 18 horas superior quantidade estabelecimentos in_natura p<0 001 funcionamento semanal estabelecimentos in_natura menor areas equipamentos p<0 05 conclusao presenca epsan associada disponibilidade hortalicas fh comercializadas estabelecimentos in_natura precos inferiores praticados estabelecimentos mistos apenas areas epsan porem estabelecimentos mistos convenientes in_natura inclusao epsan reduziu media horas funcionamento estabelecimentos in_natura,4704
14,"entorno, ambiente_alimentar, estabelecimentos, desertos, cantinas, venda_alimentos, pantanos, epsan, disponibilidade, comercios",introducao seguranca_alimentar_nutricional consiste realizacao direito acesso permanente alimentacao_saudavel equilibrada sendo acesso ditado fatores_socioeconomicos comportamentais culturais ambientais escolhas_alimentares influenciadas fatores disponibilidade variedade qualidade preco publicidade alimentos dentro estabelecimentos fortalecer acesso alimentacao_saudavel implementados equipamentos publicos seguranca_alimentar_nutricional epsan entanto sabe presenca desses equipamentos altera disponibilidade variedade promocao alimentos ofertados estabelecimentos proximos epsan objetivo investigar ambiente_alimentar consumidor areas epsan metodos estudo_transversal realizado areas epsan belo_horizonte mg brasil definicao area investigada tracado buffer 500m entorno epsan centroides setores censitarios areas epsan considerando distancia minima 1000m total dez areas epsan dez areas epsan investigados auditados in loco partir questionario validado duran et al 2013 todos estabelecimentos venda_alimentos consumo domiciliar avaliadas variaveis disponibilidade variedade propaganda promocao alimentos compuseram indice avaliacao acesso_alimentos estabelecimentos comercializacao consumo domicilio hfsi atributos descritos meio medidas tendencia central dispersao comparados areas utilizando anova teste_tukey resultados epsan selecionados sacolao abastecer n=2 feira livre n=3 organica n=1 mercado municipal n=2 direto roca n=2 todo participaram 131 estabelecimentos 17 epsan sendo 72 48 6 areas epsan 76 51 3 areas epsan media indice acesso 7 0 16 sendo maiores indices encontrados sacoloes hfsi=13 7 16 epsan hfsi=12 1 16 menores indices acesso observados lojas conveniencia padarias hfsi=1 0 9 mercados locais hfsi=2 0 12 diferenca significativa hfsi areas epsan media disponibilidade variedade frutas_hortalicas fh maior epsan sacoloes supermercados p<0 001 media disponibilidade alimentos_ultraprocessados propaganda promocao destes maior lojas conveniencia padarias mercados locais supermercados p<0 001 variedade alimentos_ultraprocessados maior supermercados conclusao sacoloes epsan apresentaram maiores indices acesso alimentos_saudaveis devido maior disponibilidade variedade fh indice acesso alimentos_saudaveis variou segundo areas epsan refletindo baixa influencia epsan dinamica comercializacao,3649
15,"padroes_alimentares, aup, ultraprocessados, doces, cafe_manha, consumo_alimentos, alimentos_in_natura, processados, padrao_alimentar, alimentos_ultraprocessados",estudo dinamica padroes refeicoes longo tempo auxilia identificacao mudancas alimentares subsidia intervencoes especificas refeicoes estudo objetivo identificar padroes refeicoes escolares avaliar estabilidade longo tres anos 2013 2014 2015 trata estudo paineis transversais realizado 2013 2014 2015 6353 escolares 2º 5º ano escolas_publicas municipais florianopolis sc dados consumo_alimentar dia anterior coletados utilizando questionario validado web caafe consumo_alimentar atividade_fisica escolares permite obtencao dados consumo partir seis refeicoes predefinidas cafe_manha lanche manha almoco lanche tarde jantar lanche noite derivacao padroes refeicoes realizada analise classe latente manutencao escolares padroes refeicoes longo anos analisada meio regressao_logistica_multinomial calculando posteriormente probabilidades pertencer cada padrao acordo ano analisado identificados tres padroes cafe_manha quatro padroes lanche manha almoco lanche tarde jantar lanche noite todas refeicoes identificados padroes incluiram alimentos tradicionalmente consumidos brasil padroes compostos alimentos_ultraprocessados principalmente lanches manha tarde relacao estabilidade maioria padroes refeicoes mostrou estavel longo tres anos avaliados mudancas observadas apenas lanche tarde onde aumento probabilidades alocacao padrao frutas mingau reducao padrao predominancia alimentos tradicionais almoco arroz feijao legumes_verduras carnes resultados podem subsidiar intervencoes reducao padroes_alimentares saudaveis principalmente lanches manha tarde estimular manutencao aumento padroes saudaveis todas refeicoes,3184
15,"padroes_alimentares, aup, ultraprocessados, doces, cafe_manha, consumo_alimentos, alimentos_in_natura, processados, padrao_alimentar, alimentos_ultraprocessados",ultimas decadas habitos_alimentares adolescentes sofreram modificacoes aumento consumo_alimentos industrializados reducao consumo_alimentos naturais tais mudancas refletem estado_nutricional nesta faixa etaria implicando aumento excesso_peso ultimos anos brasil ser pais grandes dimensoes diversidades culturais apresenta diferencas consumo_alimentar regioes objetivo deste estudo avaliar evolucao padroes_alimentares adolescentes residentes regiao nordeste brasil 2008 2018 utilizou bases dados inqueritos nacionais alimentacao ina realizados pesquisas orcamentos familiares 2008 2009 2017 2018 instituto brasileiro geografia estatistica ibge avaliados dados consumo_alimentar adolescentes residentes regiao nordeste brasil idade 10 19 anos sendo amostra final representada 2951 3015 adolescentes 2008 2009 2017 2018 respectivamente consumo_alimentar obtido registros alimentares dois dias consecutivos primeira edicao dois recordatorios_24_horas segunda edicao ina analises padroes_alimentares utilizados dados obtidos primeiro dia consumo analise_fatorial componentes principais acp seguido rotacao ortogonal tipo varimax 2008 2009 identificados meninos tres principais padroes_alimentares ocidental bolo salgadinhos leites doces lanches bebidas doces tradicional brasileiro arroz feijoes verduras carnes ovo cafe_manha paes oleos cafe bebidas doces meninas identificados quatro padroes ocidental tuberculos bolo salgadinhos doces lanches bebidas doces nordeste brasileiro tuberculos carnes processadas cafe alimentos_regionais tradicional brasileiro arroz feijoes verduras carnes ovo cafe_manha pao oleos cafe 2017 2018 identificados tres padroes_alimentares meninos nordeste brasileiro tuberculos alimentos_regionais tradicional brasileiro arroz feijoes cafe carnes ovo ocidental bolo salgadinhos lanches bebidas doces meninas principais padroes identificados nordeste brasileiro tuberculos alimentos_regionais tradicional brasileiro arroz feijoes verduras carnes ovo ocidental bolo salgadinhos doces lanches bebidas doces conclui padroes_alimentares adolescentes apresentaram mudancas 2008 2018 sendo consumo padrao ocidental reduziu padroes compostos alimentos tradicionais regionais aumentaram,3439
15,"padroes_alimentares, aup, ultraprocessados, doces, cafe_manha, consumo_alimentos, alimentos_in_natura, processados, padrao_alimentar, alimentos_ultraprocessados",objetivo identificar padroes_alimentares adolescentes escola publica goiania alguns fatores_associados material metodos estudo_transversal 446 adolescentes 10 19 anos idade matriculados escola publica goiania goias consumo_alimentar obtido meio recordatorio_alimentar habitual padroes_alimentares identificados empregando analise_fatorial componentes principais rotacao ortogonal varimax calcularam escores fatoriais utilizados modelos regressao_linear verificar associacoes padroes_alimentares variaveis_socioeconomicas antropometricas estilo_vida resultados identificaram quatro padroes conjunto explicaram 38 8 variancia total consumo_alimentar padroes denominados 1 refeicao tradicional composto cereais tuberculos leguminosas carnes hortalicas bebidas_acucaradas 2 lanche tradicional incluiu lanches farinaceos manteiga margarina lacteos doces inversamente associado consumo carnes processadas 3 lanche processado carnes processadas queijos amarelos lanches farinaceos 4 junk food composto balas lanches gordurosos bebidas_acucaradas massas inversamente associado ingestao frutas padrao refeicao tradicional inversamente associado indice_massa_corporal sexo_feminino padrao lanche tradicional inversamente associado indice_massa_corporal positivamente associado maior tempo sentado finais semana padrao junk food associou positivamente maior tempo diario frente televisao apenas ultimo padrao apresentou associacao inversa deslocamento escola meio automovel conclusao padroes_alimentares adolescentes associaram variaveis antropometricas estilo_vida modo recomenda alimentacao baseada alimentos tradicionais brasileiros pois parece favorecer menores indices massa_corporal,1923
16,"hiperalgesia, parkin, p2x3, dor, ferida, contracao, feridas, cicatrizacao, regeneracao, persistente",dores cronicas origem musculoesqueletica problema saude_publica mundial importante impacto socioeconomico atualmente conhecidos diferentes mecanismos moduladores dores musculares agudas entretanto pouco sabe sobre mecanismos subjacentes transicao dor aguda cronica assim manutencao condicoes dolorosas cronicas terapeutica farmacologica sempre mostra eficiente tanto refratariedade alguns pacientes quanto inumeros efeitos colaterais algumas hipoteses apontam neuroplasticidade via nociceptiva sendo crucial processo cronificacao dolorosa treinamento_fisico pode ser alternativa prevencao dores cronicas bastante eficiente pode regularizar atividade via nociceptiva meio acao canais ionicos receptores purinergicos objetivo elucidar mecanismos subjacentes dor muscular cronica presente estudo dividido duas partes sendo realizada brasil outra alemanha primeira objetivo especifico pesquisar receptores p2x3 p2x7 envolvidos desenvolvimento dor muscular aguda cronificacao manutencao camundongos machos bem treinamento_fisico previne desenvolvimento manutencao dor cronica meio modulacao receptores p2x3 segunda parte avaliar pacientes dor muscular portadores sindrome fibromialgia apresentavam maior quantidade fibras nervosas tecido muscular comparados pacientes dor primeira parte carragenina administrada musculo gastrocnemio camundongos inducao hiperalgesia inflamatoria 10 dias prostaglandina e2 administrada local induzir hiperalgesia persistente hiperalgesia mecanica avaliada analgesimetro randall selitto diferentes periodos hiperalgesia aguda persistente envolvimento receptores p2x3 p2x7 avaliado meio antagonistas seletivos a317491 a438079 respectivamente agonista seletivo p2x3 meatp expressao receptores p2x3 p2x7 proteina pkc total proteina pkc fosforilada ganglios raizes dorsais l4 s1 avaliada durante hiperalgesia aguda persistente tecnica western blotting treinamento_fisico realizado meio natacao volume 50min dia 5dias semana 3 semanas antes carragenina segunda parte biopsias musculares utilizadas marcadas meio tecnica imunofluorescencia anticorpo pan neuronal protein gene product pgp 9 5 resultado presente estudo demonstrou tanto receptores p2x3 p2x7 perifericos quanto medulares envolvidos desenvolvimento hiperalgesia muscular aguda entretanto somente receptores p2x3 medulares receptores p2x7 perifericos envolvidos hiperalgesia muscular persistente ambos casos envolvimento receptores purinergicos ocorreu meio modulacao via pkc treinamento_fisico modulou atividade receptores p2x3 alem disso condicoes dolorosas cronicas sindrome fibromialgia pacientes dor muscular apresentaram maior presenca fibras nervosas comparados pacientes relataram dor muscular,2583
16,"hiperalgesia, parkin, p2x3, dor, ferida, contracao, feridas, cicatrizacao, regeneracao, persistente",tecido muscular caracteriza tecido multinucleado altamente organizado complexo dedicado conversao energia quimica energia fisica atividade contratil tecido muscular altamente suscetivel ocorrencia lesoes devido trabalho muscular nesse sentido fundamental aparato eficiente voltado regeneracao desse tecido processo regenerativo ocorre basicamente duas fases fase inflamatoria fase regenerativa junto atividade celulas satelites celulas extremamente importantes restauracao tecidual sendo responsivas fatores miogenicos celulas satelites localizadas lamina basal sarcolema fibra muscular estado quiescencia sofrem ativacao proliferacao diferenciacao objetivos regenerar formar novas fibras musculares tal evento necessita maior aporte energetico advinda rede mitocondrias saudaveis eficientes contudo organela apresenta deficiencia deve ser direcionada sistema proteolitico degradacao reciclagem acumulos mitocondrias disfuncionais podem prejudicar processo regenerativo mitofagia mecanismo direcionado controle qualidade mitocondrial proteina parkin responsavel ubiquitinacao proteinas membrana externa mitocondrial direcionando degradacao pensando otimizacao desses processos envolvem regeneracao leucina sido reportada literatura diversos efeitos tecido muscular sintese proteica pi3k akt mtor reducao proteolise muscular foxo biogenese mitocondrial pgc1 trabalho objetivo investigar efeito suplementacao leucina sobre marcadores processo mitofagico durante regeneracao musculo_esqueletico utilizamos camundongos selvagens wt parkin nocaute total ko submetidos processo regenerativo atraves inoculacao cloreto bario bacl2 musculo gastrocnemio gas suplementados leucina 8 mg kg 3 10 dal dias apos lesao animais separados grupos intacto + agua intacto + leucina 3 10 dal + agua 3 10 dal + leucina procedimentos aprovados registrados ceua 5623 1 2020 dados mostram leucina capaz alterar peso_corporal muscular ambas linhagens 10 dal ambas linhagens apresentaram maior diametro animais lesionados suplementados leucina animais wt leucina atenuou aumento parkin contribuiu aumento pax7 animais ko encontramos modulacao processo fissao mitocondrial atraves atenuacao aumento proteina drp1 ambas linhagens wt ko leucina capaz atenuar autofagia impedindo aumento p62 lc3ii concluimos suplementacao leucina afetou positivamente ambas linhagens animais atraves atenuacao proteinas fluxo autofagico 10 dias regeneracao animais wt suplementacao atuou comportamento celulas satelites musculares animais ko leucina capaz modular fatores miogenicos contudo dados sugerem atuacao atraves atenuacao fissao mitocondrial,4793
16,"hiperalgesia, parkin, p2x3, dor, ferida, contracao, feridas, cicatrizacao, regeneracao, persistente",dores cronicas representam grande problema saude_publica sendo sexo_feminino afetado estrategia farmacologica controle dor ligantes receptores ativados peroxissoma gama pparg vem sendo estudados diversos modelos experimentais ligantes pparg prostaglandina 15d pgj2 pioglitazona ligantes diminuem hiperalgesia mecanica termica atraves diminuicao marcadores processo_inflamatorio atividade neuronal nociceptiva periferia sistema_nervoso_central entanto efeito desses ligantes diferentes modelos hiperalgesia hiperalgesia muscular acao forma sexo dependente hiperalgesia pos operatoria neuropatica induzida modelo lesao nervosa neuropatica associada diabetes tipo ii sido pouco explorada ainda desconhecida portanto objetivo geral presente estudo avaliar efeito analgesico agonistas pparg diferentes modelos hiperalgesia especificamente avaliado 1 administracao intramuscular 15d pgj2 reduziria hiperalgesia muscular mecanica induzida carragenina contracao estatica caso positivo processo modulado opioides 2 administracao sistemica intratecal pioglitazona diminuiria resposta nociceptiva mecanica induzida hiperalgesia pos operatoria administracao pioglitazona via sistemica diminuiria resposta nociceptiva mecanica termica hiperalgesia neuropatica induzida seccao nervosa maneira sexo dependente ambos modelos 3 pioglitazona administrada sistemicamente cronicamente via dieta reduziria hiperalgesia mecanica termica induzida neuropatia diabetica maneira sexo dependente teste randall selitto utilizado avaliar hiperalgesia mecanica muscular enquanto teste von frey filamentos utilizado avaliar hiperalgesia mecanica demais modelos experimentais hiperalgesia termica avaliada teste acetona modelo hiperalgesia neuropatica induzida seccao nervosa testes coldplate hotplate modelo hiperalgesia neuropatica diabetica resultados demonstram 1 15d pgj2 via receptores pparg bloqueou hiperalgesia muscular induzida carragenina contracao estatica especificamente hiperalgesia muscular induzida carragenina processo modulado receptores opioides 2 pioglitazona intratecal sistemica diminuiu resposta nociceptiva mecanica induzida hiperalgesia pos operatoria enquanto pioglitazona sistemica diminuiu resposta nociceptiva mecanica termica hiperalgesia neuropatica induzida seccao nervosa diferenca sexos ambos modelos hiperalgesia 3 pioglitazona diminuiu hiperalgesia termica induzida neuropatia diabetica diferenca sexos administrada cronicamente diminuiu hiperalgesia mecanica termica induzida neuropatia diabetica especificamente nesse caso efeito potencializado femeas juntos dados indicam 15d pgj2 possui efeito anti hiperalgesico modulado sistema opioide pioglitazona reduz hiperalgesia neuropatica induzida lesao nervosa pos operatoria apresentar diferenca sexos hiperalgesia neuropatica associada diabetes forma sexo dependente fim sugerimos receptores pparg importante alvo futuros estudos visando controle diferentes condicoes dolorosas,1815
17,"paes, textura, analise_sensorial, aceitabilidade, aceitacao, sensorial, sabor, formulacoes, tecnologicas, sensoriais",consumo_alimentos gluten crescido industria buscado ampliar producao finalidade contemplar nova necessidade mercado produzir paes gluten mesma qualidade similares gluten sido desafio pesquisadores pois ausencia gluten afeta elasticidade massa impactando caracteristicas_sensoriais produto farinha tuberculo amorphophalus konjac rico fibra soluvel chamada glucomannan sido utilizada literatura aditivo melhorar estrutura produtos gluten encontra descrito literatura fibra compoe 70 90 desta farinha trabalho objetivos produzir paes gluten farinha amorphophallus konjac ingrediente caracterizar quimicamente paes produzidos avaliar textura cor volume especifico avaliar aceitabilidade produtos preparados trata estudo_experimental dividido quatro etapas elaboracao formulacoes fichas tecnicas preparacao analise fisico quimica paes analise_sensorial analise estatistica elaboracao formulacoes testada adicao farinha konjac formulacao pao gluten proporcao 12 5 25 37 5 50 teor farinhas formulacao determinados teores proteinas lipidios umidade fibra_alimentar residuos minerais posteriormente carboidratos determinados diferenca conduzida analise amido_resistente todas formulacoes paes avaliacao aceitabilidade metodo check all that apply cata realizados 110 provadores 43 consumidores 67 consumidores paes gluten analise_sensorial aceitabilidade realizada meio escala hedonica 9 pontos atributos cor aroma textura sabor aparencia aceitacao global analise estatistica dados composicao textura cor volume especifico realizada meio software spss analise_sensorial utilizado programa xlstat farinha konjac influenciou composicao caracteristicas_sensoriais paes deste estudo quantidade fibras umidade amido_resistente volume especifico aumentados medida aumentou farinha formulacoes teor fibra dietetica encontrado paes variou 1 07 36 93 amido_resistente variacao 0 84 1 45 paes 0 50 konjac observada relacao inversa calorias adicao farinha konjac paes obtida diferenca estatistica volume especifico pao controle volume especifico encontrado todos paes konjac volume positivamente influenciado adicao farinha konjac formulacoes pao konjac 12 5 apresentou maior media firmeza pao caracteristicas proximas encontradas pao gluten 12 5 farinha konjac tanto analise aceitabilidade quanto atributos levantados meio mapa descritivo cata check all that apply possivel observar pao controle localizado proximo caracteristicas aparencia ressecada textura seca granulosa casca cor escura salgado demais paes 25 37 5 50 encontram localizados proximos caracteristicas aroma peixe aroma fermento miolo escuro borrachudo sabor fermento sabor desagradavel portanto pao 12 5 encontra proximo caracteristicas desejaveis paes cor casca clara cor miolo claro textura macia umida coesa agradavel brilhante pao maior percentagem aceitacao global consumidores consumidores paes gluten 12 5 farinha konjac 93 96 aceitacao respectivamente,2963
17,"paes, textura, analise_sensorial, aceitabilidade, aceitacao, sensorial, sabor, formulacoes, tecnologicas, sensoriais",trabalho visa melhorar simultaneamente qualidade tecnologica sensorial nutricional paes gluten psg meio utilizacao psyllium planejamento fatorial 22 utilizado investigar efeitos psyllium p 2 86 17 14 base farinha bf agua 82 14 117 86 bf interacoes propriedades fisicas aceitabilidade psg sete formulacoes elaboradas quatro correspondentes pontos fatoriais tres repeticoes ponto central modelos obtidos r2= 95 8 99 8 p 0 02 mostraram interacao p aumentou volume especifico maciez aceitabilidade aparencia cor aroma textura sabor global psg definidas quatro formulacoes promissoras otimizacao simultanea todos atributos aceitabilidade meio funcao desejabilidade global d=0 99 denominada formulacao composta 2 86 p 82 14 bf escores aceitabilidade 8 escala hedonica hibrida 10 cm outras tres selecionadas grafico sobreposicao curvas contorno aceitabilidade objetivo encontrar formulacoes aceitas escores 7 apresentassem maiores teores p formulacoes b 7 14 p 91 10 c 15 35 p 117 86 d 17 14 p 117 86 bf formulacoes c d apresentaram 7 8 9 2 fibra_alimentar respectivamente representa aumento tres quatro vezes teor fibra relacao formulacao controle formulacoes apresentaram 3 9 4 6 g p porcao 50g quantidades fisiologicamente relevantes desta fibra_alimentar propriedades funcionais realizado ensaio vida_prateleira formulacoes  d meio monitoramento propriedades fisicas seguranca microbiologica aceitabilidade durante 96h armazenamento comparacao formulacao controle psg duas formulacoes paes elaborados farinha trigo ft1 ft2 resultados mostraram dentre psg formulacao d apresentou menor taxa envelhecimento unica manteve aceitabilidade durante 72h armazenamento mesmos escores aceitabilidade aroma textura sabor ft1 ft2 avaliacao resposta glicemica mostrou psg controle 0 p apresentou elevado indice_glicemico ig = 67 carga glicemica cg = 14 utilizacao 17 14 p bf elaboracao psg formulacao d ocasionou reducao significativa resposta glicemica resultou produto baixo ig 50 baixa cg 9 psyllium pode ser considerado melhorador tecnologico nutricional psg tornar possivel sovar moldar massa gluten melhoria estrutura textura aparencia aceitabilidade vida_prateleira paes tempo possibilitou incremento teor fibra_alimentar reducao resposta glicemica deste produto pode oferecer beneficios nutricionais funcionais pessoas necessitam dieta isenta gluten,1731
17,"paes, textura, analise_sensorial, aceitabilidade, aceitacao, sensorial, sabor, formulacoes, tecnologicas, sensoriais",consumo tilapia nilo forma file sido excelente medida incentivar uso porem processo filetagem gerados grande quantidade subprodutos representando cerca 65 70 quais cerca 50 composto materia prima excelente valor_nutricional historicamente subutilizada pode ser aproveitada elaboracao carne mecanicamente separada cms conseguinte diversos produtos processados dentro desta perspectiva objetivou i elaborar mortadelas carne mecanicamente separada cms tilapia nilo adicionadas tres diferentes concentracoes gordura animal avaliar caracteristicas tecnologicas nutricionais sensoriais ii realizar estudo vida_prateleira melhor formulacao mortadela base resultados caracteristicas tecnologicas nutricionais sensoriais primeiro experimento elaboradas tres formulacoes m1 cms 89 5 gordura suina m2 cms 84 10 gordura suina m3 cms 79 15 gordura suina produtos elaborados testados quanto parametros tecnologicos fisicos fisico quimicos microbiologicos sensoriais resultados demonstraram mortadelas apresentaram estaveis microbiologicamente textura propria embutido emulsionado cor atraente sabor caracteristico todas formulacoes atenderam requisitos identidade qualidade previstas indice peroxido teores umidade proteinas lipidios calcio alem ter conseguido boa aceitacao parte julgadores destacando formulacao m1 apresentou estabilidade emulsao 97 maior teor proteinas 18 09 menor lipidios 16 31 ademais exibiu escores medios superiores atributos textura intencao compra segundo experimento elaboradas duas formulacoes mortadela sendo m1 94 cms adicao gordura m2 89 cms 5 gordura suina refinada submetidas estudo vida_prateleira observou ambos produtos teor reduzido gordura atenderam requisitos legais tecnologicos esperados podendo ser inseridos mercado validade estendida 90 dias mantendo caracteristicas_nutricionais sensoriais microbiologicas alem apresentar baixos teores colesterol excelente perfil acidos_graxos viu portanto possivel elaborar mortadelas partir cms tilapia adicao gordura animal utilizando baixo teor 5 deste ingrediente formulacao outrossim proposta visa ampliar oferta produtos saudaveis base pescado industria alimenticia especializada aumentando consumo minimizando danos poluicao ambiental resultante descarte deste subproduto industrias processamento pescados,2483
18,"rotulos, rotulagem, alimentos_industrializados, ingredientes, aditivos, consumidores, marketing, informacao_nutricional, aditivos_alimentares, vendedores",presente tese objetivou analisar presenca produtos subprodutos derivados organismos geneticamente modificados ogm alimentos comercializados brasil alimentos consumidos populacao conformidade rotulagem regulamentacoes brasileiras atender objetivos propostos conduzidas quatro etapas pesquisa inicialmente realizou estudo_transversal tipo censo descritivo analitico analisados todos alimentos embalados disponiveis venda supermercado pertencente dez maiores redes supermercados brasil coletadas informacoes sobre identificacao alimento bem registro fotografico posterior obtencao lista ingredientes todos alimentos alimentos categorizados grupos acordo divisao estabelecida legislacao brasileira rotulagem alimentos rdc nº 359 2003 sendo posteriormente divididos tres conjuntos alimentos declaravam presenca ogm b alimentos continham ingredientes identificados gm conjunto declaravam rotulo c alimentos continham nenhum ingrediente possivelmente gm identificado conjunto declaravam rotulo informacoes disponiveis rotulo alimentos conjunto analisadas segundo regulamentacoes brasileiras rotulagem ogm decreto 4 680 2003 portaria 2 658 2003 identificados ingredientes gm contidos nestes alimentos verificou presenca ingredientes passiveis serem gm alimentos similares declaravam presenca ogm etapa 2 analises frequencia ingredientes gm listas ingredientes alimentos conjuntos b utilizou tecnica mineracao texto software r terceira etapa estudo buscou identificar partir literatura_cientifica ingredientes provenientes produtos subprodutos derivados culturas gm aplicacao industria_alimentos nomenclaturas podem ser encontradas rotulos alimentos fim buscou analisar presenca ingredientes possivelmente gm alimentos consumidos populacao brasileira meio dados consumo pesquisa orcamentos familiares pof realizados brasil 2008 09 total alimentos embalados analisados n 5048 4 7 n 238 conjunto declaravam presenca ogm rotulo sendo 2 8 conformidade legislacao brasileira rotulagem identificados 20 ingredientes gm conjunto maioria derivados milho n 15 total alimentos analisados 52 5 continham ingredientes possivelmente gm alimentos declaravam presenca ogm conjuntos b c 50 1 n 2410 continham menos 20 ingredientes gm identificados anteriormente conjunto conjunto b todos grupos alimentos continham ingredientes gm maior frequencia grupo molhos temperos prontos caldos sopas pratos prontos consumo 77 3 produtos doces 69 6 panificacao 59 9 observou presenca maxima 13 ingredientes possivelmente gm alimento meio revisao_literatura busca sistematica identificados 28 produtos subprodutos culturas gm soja milho algodao levedura aplicacoes industria alimenticia partir listagem ingredientes 5048 alimentos analisados censo supermercado tais produtos subprodutos identificados 101 nomenclaturas distintas presenca menos ingrediente possivelmente gm observada metade variedade 63 8 quantidade 64 5 alimentos consumidos brasileiros estudo destaca necessidade acoes garantam direito consumidor informacao sobre consumo produtos subprodutos possivelmente gm presentes alimentos ressalta importancia acoes fiscalizacao cumprimento legislacao rotulagem ogm vigente industrias alimentos necessidade revisao legislacao rotulagem modo quaisquer percentuais presenca produtos subprodutos gm identificados rotulo necessidade padronizacao terminologias utilizadas indicando origem alimento exemplo gordura vegetal soja forma consumidor informado sobre composicao alimentos possa exercer direito fazer escolhas_alimentares informadas,2403
18,"rotulos, rotulagem, alimentos_industrializados, ingredientes, aditivos, consumidores, marketing, informacao_nutricional, aditivos_alimentares, vendedores",aditivos_alimentares substancias adicionadas intencionalmente alimentos fins tecnologicos consumo regular pode estar relacionado maleficios saude especialmente criancas objetivo tese caracterizar notificacao aditivos_alimentares rotulos alimentos_industrializados direcionados criancas brasil investigar pais compreendem notificacao aditivos rotulagem fase 1 tese realizada revisao escopo discutir lista ingredientes informacao_nutricional saude rotulagem alimentos visto lista ingredientes unico meio verificar quais aditivos adicionados alimentos resultados observou tanto ambito codex alimentarius quanto estudos cientificos lista ingredientes abordada discutida fonte informacao sobre saude nutricao rotulos alimentos entretanto item compoe formalmente rotulagem nutricional recomendacoes codex alimentarius legislacoes mundo sugere assim lista ingredientes inserida escopo rotulagem nutricional somente conteudo nutrientes todos ingredientes incluindo aditivos considerados analise qualidade nutricional alimentos fase 2 visou identificar uso aditivos alimentos_industrializados direcionados criancas comercializados brasil meio notificacao rotulos partindo banco dados censo rotulos nuppre foodswitch 2020 n = 7 828 analisados 1 118 alimentos_industrializados direcionados criancas considerando alimentos destinados alimentacao lactentes criancas primeira_infancia alimentos continham embalagens estrategias marketing direcionadas publico infantil encontrou 86 alimentos notificaram aditivo lista ingredientes 80 notificaram aditivo chegando numero maximo 20 aditivos alimento classes frequentes aromatizantes 70 7 emulsificantes 43 6 corantes 33 8 mesmas classes funcionais coocorreram outras alimento assim pode ser frequente consumo aditivos_alimentares criancas brasil fase 3 buscou avaliar pais compreendem aditivos rotulagem alimentos direcionados criancas substancias influenciavam escolhas alimentos filhos realizadas entrevistas_semiestruturadas forma on line 20 pais criancas 2 5 anos utilizando roteiro previamente testado numero entrevistas definido saturacao ideias dados analisados utilizando tecnica analise tematica encontrou palavra aditivos_alimentares pouco conhecida pais entrevistados contudo classes aditivos conhecidas outras corantes conservantes alem disso maioria pais considerou aditivos ingredientes artificiais portanto podem fazer mal saude entretanto questionados sobre criterios escolha alimentos filhos aditivos pareceram ser importantes ressalta parceria contribuicao dois grupos internacionais relevantes contexto rotulagem alimentos programa foodswitch the george institute global health australia fase 2 tese grupo professor gaston ares supervisor doutorado sanduiche universidad la republica uruguai fases 2 3 tese conclusao resultados dessa tese demonstraram elevada prevalencia notificacao aditivos alimentos direcionados criancas comercializados brasil cenario indica consumo aditivos_alimentares criancas pode ser frequente entretanto aditivos parecem influenciar escolhas_alimentares pais filhos apesar percepcoes negativas maioria pais entrevistados sobre tema destaca contribuicao teorica tese discussao inedita sobre papel lista ingredientes informacao saude nutricao rotulagem alimentos resultados desta tese podem contribuir discussoes tecnicas cientificas saude_publica nutricao qualidade nutricional alimentos_industrializados saude criancas alem disso dados podem instrumentalizar profissionais_saude fomentar discussoes sobre consumo aditivos_alimentares notificacao dessas substancias rotulagem ainda escassos talvez marginais ambito saude nutricao,4091
18,"rotulos, rotulagem, alimentos_industrializados, ingredientes, aditivos, consumidores, marketing, informacao_nutricional, aditivos_alimentares, vendedores",observado ultimas decadas reducao frequencia preparo refeicoes casa consumo crescente alimentos_industrializados paralelo consumidores demonstrado interesse alimentos menos processados aditivos industriais cientes disso fabricantes alimentos utilizado rotulos alimentos_industrializados termo caseiro expressoes analogas regulamentados legislacao brasileira rotulagem alimentos entanto estudos analisaram lista ingredientes desses alimentos observaram presenca aditivos_alimentares indo desacordo esperado consumidores diante disso presente dissertacao mestrado objetivou identificar comparar similaridades divergencias ingredientes listados rotulos alimentos_industrializados termo caseiro analogos receitas culinarias tradicionais trata estudo_observacional transversal descritivo analitico analisou presenca termo caseiro expressoes analogas rotulos 7 828 alimentos_industrializados compoem censo rotulos conduzido 2020 partir alimentos identificados termo selecionadas receitas culinarias tradicionais correspondentes alimentos disponiveis livros receitas <dona benta comer bem= identificar alimentos analisados apresentavam principais ingredientes aditivos_alimentares listados receitas culinarias empregadas analises estatisticas descritivas termo caseiro analogos presente rotulo 104 alimentos classificados maioria n=55 55 89 ultraprocessados desses alimentos 46 44 23 pertenciam grupo alimentos 1 3 produtos panificacao cereais leguminosas raizes tuberculos derivados estabelecido rdc nº 359 2003 analise comparativa media ingredientes alimentos_industrializados n=51 media ingredientes receitas culinarias equivalentes n=52 mostrou receitas culinarias 6 80 ingredientes dp 2 81 ingredientes apresentaram numero estatisticamente maior p=0 0247 ingredientes alimentos_industrializados 6 14 ingredientes dp 2 53 ingredientes observou maior frequencia ingredientes processados in_natura minimamente processados analisar extensao proposito processamento industrial ingredientes listados receitas culinarias analise comparativa aditivos_alimentares alimentos_industrializados listados receitas culinarias equivalentes mostrou existencia diferenca estatisticamente significante p<0 0001 sendo frequencia maior grupo alimentos_industrializados aditivos_alimentares evidencia declarados rotulos alimentos_industrializados pertenciam classes funcionais conservantes corante fermento quimico aromatizante achados deste estudo enfatizam necessidade criacao regulamento tecnico especifico voltado utilizacao termo caseiro analogos rotulos alimentos_industrializados visto presenca desses termos rotulos alimentos_industrializados podem induzir consumidores equivoco quanto caracteristicas desses alimentos vez comparar ingredientes desses alimentos ingredientes receitas culinarias tradicionais percebe receitas baseadas principalmente alimentos_in_natura poucos aditivos_alimentares diferente encontra alimentos_industrializados comercializados,5095
19,"tocoferol, agpi, caroteno, folico, dha, acidos_graxos, ags, monoinsaturados, vitamina, gasosa",sorgo sorghum bicolor l cereal utilizado alimentacao humana paises africa asia america central ainda pouco consumido brasil outros paises ocidente cereal possui elevado valor_nutricional potencial funcional quais podem ser alterados durante processamento graos entanto ainda escassos literatura dados sobre efeitos principais tipos processamento concentracao vitaminas compostos_bioativos sorgo neste contexto presente pesquisa objetivo avaliar estabilidade vitaminas carotenoides flavonoides graos sorgo desenvolvidos alimentacao humana forma in_natura processada genotipo brs 330 avaliado efeito processamento diferentes condicoes extrusao industrial maceracao germinacao estalamento pipoqueira convencional estalamento micro ondas coccao agua concentracao vitaminas complexo b tiamina riboflavina piridoxina vitamina g tocoferois tocotrienois carotenoides luteina zeaxantina flavonoides 3 desoxiantocianidinas 3 dxas flavonas flavanonas compostos analisados cromatografia_liquida_alta_eficiencia clae sendo vitaminas complexo b vitamina detectadas fluorescencia carotenoides flavonoides utilizando deteccao arranjo diodos dad maceracao germinacao reduziram concentracoes tiamina piridoxina retencao 3 8 50 2 respectivamente concentracao riboflavina afetada maceracao aumentou germinacao p<0 05 concentracao vitamina total influenciada maceracao p>0 05 sendo germinacao reduziu concentracao total deste composto p<0 05 concentracao carotenoides afetada maceracao germinacao comparada controle p>0 05 3 dxas sensiveis maceracao germinacao retencao 69 7 70 0 respectivamente concentracao flavonas influenciada vmaceracao p>0 05 reduziu germinacao p<0 05 concentracao flavanonas aumentou graos macerados reduziu graos germinados p<0 05 ambos estalamentos coccao agua reduziram concentracoes tiamina comparados controle p<0 05 influenciaram riboflavina estalamento micro ondas afetou concentracao piridoxina p>0 05 sendo estalamento pipoqueira coccao agua reduziram concentracoes desta vitamina p<0 05 estalamento pipoqueira afetou concentracao total vitamina p>0 05 forma geral perfis vitamina apos estalamentos graos similares si excecao tocoferol g tocotrienol concentracoes influenciadas apos estalamento micro ondas reduziram apos estalamento pipoqueira coccao agua coccao graos agua afetou concentracao total vitamina perfil similar apresentado apos estalamento graos pipoqueira ambos estalamentos coccao apresentaram comportamento similar vez reduziram concentracoes somas carotenoides bem zeaxantina influenciaram luteina 3 dxas estalamentos coccao apresentaram efeitos similares retencoes variaram 0 04 22 4 relacao concentracoes iniciais estalamentos resultaram retencoes apenas 1 4 13 7 tempo reduziram concentracao flavanonas retencao 2 7 17 7 relacao extrusao graos sorgo pontos centrais temperatura rotacoes parafuso influenciaram concentracoes tiamina piridoxina diferentes temperaturas rotacoes parafuso influenciaram concentracoes luteina zeaxantina total carotenoides maiores temperaturas rotacoes 161 182 c 292 348 rpm aumentaram concentracao tocoferol menores temperaturas 98 119 c maiores rotacoes parafuso 292 348 rpm aumentaram concentracao tocotrienol valores medios rotacoes parafuso 178 292 rpm baixos valores temperatura 98 119 c aumentaram concentracao tocotrienol total 3 dxas influenciado temperaturas rotacoes utilizadas extrusao concentracoes apigeninidina 7 metoxi apigeninidina aumentaram condicoes alta temperatura baixa rotacao parafuso temperaturas rotacoes influenciaram concentracoes flavonas flavanonas totais eriodictiol aumentaram valores altos rotacoes parafuso resultados indicam temperaturas rotacoes parafuso apresentaram comportamentos diferentes frente cada classe compostos sendo maiores valores rotacoes menores valores temperatura ocasionaram menores perdas vitaminas carotenoides flavonoides conclusao recomenda ingestao sorgo especialmente formas macerada cozida agua bem condicoes extrusao incluam altos valores rotacao parafuso menores valores temperatura,1797
19,"tocoferol, agpi, caroteno, folico, dha, acidos_graxos, ags, monoinsaturados, vitamina, gasosa",ora pro nobis planta alimenticia convencional panc amplamente distribuida facil cultivar devido consumo regional embrapa investido desenvolvimento clones ampliacao producao definido avaliacao composicao termos nutrientes compostos_bioativos fundamental permitir selecao genetica forma produtores consumidores vantagem producao consumo respectivamente sabemos tecnica coccao aplicada preparo alimentos pode contribuir favorecendo disponibilidade nutrientes compostos_bioativos objetivo deste estudo avaliar compostos_bioativos presentes diferentes clones pereskia aculeata produzidos embrapa hortalicas brasilia df avaliar efeito tecnicas preparo micro ondas vapor refogado teores compostos_bioativos pereskia aculeata cultivada amparo sp quantificacao carotenoides compostos_fenolicos vitaminas determinada cromatografia_liquida_alta_eficiencia clae atividade_antioxidante metodos orac roo clones apresentaram melhores resultados 20 28 compostos_fenolicos 2 71+ 0 05mg gae 100g 2 29+ 0 10 mg gae 100g respectivamente clone 20 melhor resultado acido_ascorbico 33 26+ 8 87mg 100g carotenoides_totais clones 01 25 apresentaram maiores teores 25889 40+ 12 14 g 100g 26346 15+ 14 39 g 100g respectivamente identificados 13 carotenoides sendo majoritarios all trans luteina all trans caroteno avaliadas tecnicas preparo maior quantidade carotenoides_totais detectada ora pro nobis crua 4647 82+ 122 1 g 100g cozida micro ondas 5556 32+ 245 3 g 100g coccao sob micro ondas gerou melhor resposta ambas analises atividade_antioxidante orac roo 89 82+ 4 34 mol g 7 28 mol tocoferol respectivamente identificados 14 compostos_fenolicos ora pro nobis sendo coccao sob vapor melhor manteve presenca destes compostos 11 46+ 0 54 mg gae 100g vitaminas apresentaram respostas diferentes cada tecnica coccao aplicada acido_ascorbico tiamina melhor resultado analisada hortalica crua 0 83+ 0 14mg 100g 1 18+ 0 37mg 100g respectivamente refogada vitaminas piridoxina acido pantatenico biotina apresentaram maiores teores 0 08+ 0 03mg 100g 2 55+ 0 35mg 100g 78 7+ 11 8mg 100g coccao sob vapor apresentou valor superior acido pantotenico 1 23+ 0 32mg 100g comparado outras tecnicas preparo cozimento microondas teor piridoxina 0 06+ 0 01mg 100g aproxima valor encontrado folha refogada 0 08+ 0 03 maneira geral possivel concluir clone melhor resposta termos compostos_bioativos 20 especialmente compostos_fenolicos acido_ascorbico enquanto carotenoides clones 01 25 mostraram maiores teores melhor tecnica coccao aplicada ora pro nobis cozimento micro ondas manteve maiores teores compostos_bioativos atividade_antioxidante,2090
19,"tocoferol, agpi, caroteno, folico, dha, acidos_graxos, ags, monoinsaturados, vitamina, gasosa",investigou ocorrencia concentracao nutrientes compostos_bioativos ervas alecrim salvia rosmarinus manjericao ocimum basilicum hortela mentha spicata frescas desidratadas infusoes quente gelada analise composicao centesimal fibras feita acordo aoac 2012 vitamina_c vitamina carotenoides flavonoides analisados cromatografia_liquida_alta_eficiencia minerais metais pesados determinados espectrofotometria absorcao atomica plasma indutivamente acoplado compostos_fenolicos totais capacidade_antioxidante analisados espectrofotometria analise estatistica utilizou software spss versao 23 0 adotando nivel significancia 5 alecrim fresco apresentou elevada umidade 63 18 baixa concentracao proteina 1 27 mg 100g 1 boa concentracao fibras totais 19 15 g 100g 1 sendo destaque insoluvel 15 86 g 100g 1 concentracoes carotenoides_totais vitamina_c vitamina total flavonoides totais alecrim fresco mg 100g 1 28 48 8 09 12 55 422 89 respectivamente observadas diferencas p>0 05 quanto concentracoes vitamina_c carotenoides vitamina flavonoides compostos_fenolicos capacidade_antioxidante erva fresca desidratada infusoes alecrim desidratado destacaram concentracoes cromo 430 00 g 100g 1 ferro 30 76 mg 100g 1 magnesio 270 00 mg 100g 1 potassio 2943 33 mg 100g 1 cobre 960 00 g 100g 1 observou reduzida concentracao chumbo alta concentracao aluminio sendo encontrados niquel cadmio alecrim desidratado mostrou fonte potassio cobre vitamina boa fonte ferro magnesio excelente fonte cromo alem boa capacidade_antioxidante 77 18 concentracoes vitamina_c infusoes reduzidas manjericao fresco apresentou elevada umidade 94 12 baixa concentracao lipidios 0 20 g 100 1 carboidratos 5 25 g 100g 1 fibras 2 33 g 100g 1 verificou excelente retencao caroteno erva desidratada 101 24 concentracoes carotenoides vitamina_c vitamina total flavonoides totais manjericao fresco mg 100g 1 77 13 4 01 16 45 211 5 respectivamente luteolina naringenina flavonoides encontrados maior concentracao manjericao fresco desidratado diferenca concentracoes vitamina_c fenolicos totais capacidade_antioxidante manjericao fresco desidratado infusoes p>0 05 potassio calcio minerais encontrados maior quantidade manjericao desidratado 4170 00 1786 67 mg 100g 1 respectivamente manjericao desidratado mostrou fonte cobre manganes calcio boa fonte ferro potassio cromo vitamina concentracoes vitaminas c infusoes reduzidas hortela fresca apresentou elevada concentracao umidade 90 17 baixa proteina 0 88 g 100g 1 lipidios 0 33 g 100g 1 fibras 4 59 g 100g 1 observadas diferencas p>0 05 quanto concentracoes vitamina_c flavonoides fenolicos totais capacidade_antioxidante erva fresca desidratada infusoes gelada quente concentracoes carotenoides_totais vitamina_c vitamina total flavonoides totais hortela fresca mg 100g 1 40 74 1 11 1 77 150 09 respectivamente hortela desidratada apresentou menor concentracao luteina p<0 05 baixo percentual retencao real 11 8 infusoes hortela apresentaram quantidades reduzidas vitaminas c erva desidratada destacou fonte magnesio boa fonte potassio vitamina excelente fonte ferro cromo manganes assim ervas aromaticas frescas desidratadas podem contribuir ingestao_nutrientes compostos_bioativos importantes saude humana sendo infusoes forma consumo relevante atingir recomendacoes vitaminas c,2164
20,"inseguranca_alimentar, familias, pbf, capita, domicilios, escala_brasileira_inseguranca_alimentar, programa_bolsa_familia, situacao, seguranca_alimentar, domicilio",presente estudo propos identificar fatores contribuem situacao inseguranca_alimentar trata estudo_coorte prospectivo base_populacional entrevistadas familias residentes municipios jose ramos nova floresta paraiba participaram estudo 2005 questionario utilizado continha mesmos modulos pesquisa realizada anteriormente descricao caracteristicas socio demograficas familias ebia variaveis estudadas tipo moradia numero comodos domicilio numero comodos dormir tipo abastecimento agua esgotamento sanitario destino lixo total moradores quantidade criancas renda_familiar per capita participacao programa_bolsa_familia relacao dependencia caracteristicas chefe familia cor_pele escolaridade atividade ocupacao diagnostico seguranca_alimentar_nutricional realizou categorizacao destas variaveis analise comparativa dois momentos atraves teste_qui_quadrado mcnemar considerando nivel significancia 5 populacao geral cada grupo mudanca situacao san periodo manteve san manteve ia melhorou situacao piorou criadas variaveis mudanca criacao quatro situacoes cada variavel consolidando informacoes cada variavel dois periodos procedimento possibilitou analise retrospectiva variacoes sa ia necessario agrupar variavel dependente passou ter duas categorias saber manteve san dois periodos melhorou situacao san 2011 manteve ia dois periodos piorou situacao san 2011 realizada regressao_logistica binaria analise efeito variaveis sobre mudancas perfil sa familias cada municipio modelo final estima razoes chances nivel significancia 5 respectivos intervalos 95 confianca ic95 haver transcorrido longo periodo tempo duas visitas estudo apresentou perda seguimento 208 familias 33 8 prevalencia ia encontrada 62 2 observou 80 5 familias melhoraram situacao san periodo apresentou participacao pbf menos dois periodos analisados apenas variavel participacao pbf apresentou significancia atraves modelo regressao utilizado grupo piorou situacao san manteve ia grave quase duas vezes chances melhorar situacao san auxilio pbf or=1 98 entretanto incluido grupo ia moderada grupo ia grave observou renda principal variavel responsavel melhoria situacao san or=2 14 resultados deste estudo indicam participacao pbf apresentou efeito positivo levando melhora situacao san periodo estudado especialmente familias niveis graves inseguranca_alimentar incremento renda_familiar favorece consumo_alimentar adequado reduzindo chances familias apresentarem agravamento situacao san,684
20,"inseguranca_alimentar, familias, pbf, capita, domicilios, escala_brasileira_inseguranca_alimentar, programa_bolsa_familia, situacao, seguranca_alimentar, domicilio",apesar esforcos longo anos combate inseguranca_alimentar ia ainda problema frequente especial trata populacoes vulneraveis caso indigenas brasil estudo objetivou conhecer prevalencia fatores_associados inseguranca_alimentar familias indigenas estado alagoas trata estudo_transversal base_populacional buscou avaliar 11 etnias indigenas estado planejamento amostral utilizou prevalencia 50 fim obter maior tamanho amostral possivel assim universo 8 575 familias nivel significancia 5 0 erro amostral 3 0 intervalo 95 confianca necessaria amostra 950 familias variavel dependente ia definida escala_brasileira_inseguranca_alimentar realizada analise bivariada seguida analise multivariada meio modelo hierarquizado variaveis independentes caracteristicas demograficas socioeconomicas ambientais atraves regressao_poisson ajuste robusto variancia resultados apontaram 1270 familias avaliadas prevalencia 69 06 ia algum grau classificacao sendo quase 30 formas moderada grave variaveis independentes associadas ia sexo rp=1 38 ic95 1 16 1 63 tipo casa rp=1 69 ic95 1 25 2 28 numero comodos rp=1 47 ic95 1 18 1 84 escolaridade chefe 5 8 anos rp=1 80 ic95 1 38 2 34 menos 4 anos estudo rp=2 02 ic95 1 61 2 53 quanto condicoes trabalho chefes domicilio aposentados pensionistas rp=1 73 ic95 1 10 2 73 desempregados rp=1 62 ic95 1 03 2 54 renda total menor salario dois salarios_minimos rp=1 69 ic95 1 22 2 33 zero salario_minimo rp=2 00 ic95 1 44 2 76 situacao ia indigenas alagoanos elevada mostrou associada fatores demograficos socioeconomicos ambientais evidenciam vulnerabilidade necessidade acoes politicas_publicas garantia direitos desses povos melhora qualidade_vida,4882
20,"inseguranca_alimentar, familias, pbf, capita, domicilios, escala_brasileira_inseguranca_alimentar, programa_bolsa_familia, situacao, seguranca_alimentar, domicilio",discussoes envolvendo seguranca_alimentar_nutricional san intensificaram brasil desde inicio governo lula meio recriacao consea realizou 2004 ii conferencia nacional seguranca_alimentar_nutricional nesta ocasiao sistematizou conceito san entendida acesso todos cidadaos alimentos qualidade quantidade suficiente maneira regular permanente modo demais necessidades comprometidas garantia deste direito respeitando diversidade cultural sendo sustentaveis ponto vista social ambiental economico programa_bolsa_familia pbf criado ambito estrategia fome zero intuito combater fome miseria promover seguranca_alimentar_nutricional trabalho objetivo avaliar impacto pbf superacao inseguranca_alimentar_nutricional ia adotou criterio selecao familias entrevistadas inquerito previo ano 2005 desde residindo jose ramos nova floresta pb inicialmente avaliados 609 domicilios porem sendo retiradas perdas seguimento 2011 encontradas entrevistadas 406 familias utilizou teste_qui_quadrado mcnemar analisar mudancas longitudinais variaveis categoricas analisar variaveis continuas comparando dois anos utilizou teste_t_pareado assumiu 0 05 significancia estatistica aumento san ia leve detrimento niveis moderado graves diagnosticou melhoria indicadores refletissem positivamente padrao economico entrevistados renda per capita aumento cobertura valor beneficio pbf observou melhoria significativa situacao san apenas domicilios conseguiram superar situacao pobreza permitindo inferir relacao causalidade aumento renda seguranca_alimentar situacao san ia leve aumentou familias inclusas pbf ambos momentos bem deixaram receber beneficio posteriormente 2005 programa impacta positivamente aumento renda corroborando elevacao niveis san porem unico fator influencia melhorias perfil economico desta populacao decorrer destes 6 anos investimentos programa cumprido metas medida incrementa renda individuos contribui superacao pobreza retirada beneficio corrobora retorno individuo realidade economica vivenciada previamente ocasionando aumento san ia leve detrimento ia moderada grave alem disso familias permaneceram inclusas programa ambos momentos conseguido superar inseguranca_alimentar decorrer anos tempo constitui medida carater emergencial meio transferencia direta renda programa_bolsa_familia representa medida capaz contribuir reducao miseria pobreza longo prazo combate inseguranca_alimentar_nutricional necessarias outras politicas programas ajam demais determinantes,274
21,"sobrepeso, obesidade, leptina, adiponectina, adipocinas, obesas, obesos, eutrofia, terapia_interdisciplinar, hormonios",excesso consumo_alimentos palataveis alem prazer hedonico fator risco desenvolvimento vicio alimentar doencas_cronicas_transmissiveis obesidade pratica ligada modificacoes hormonios tireoidianos cuja disfuncao impacta regulacao metabolismo termogenese gasto_energetico adipogenese podendo resultar alteracoes apetite peso_corporal nesse contexto presente estudo objetivo avaliar hormonios tireoidianos sintomas vicio alimentar mulheres obesidade vivem situacao vulnerabilidade_social trata estudo_transversal inserido escopo pesquisa perfil_nutricional endocrino saude bucal mulheres vivem aglomerados subnormais maceio al sendo amostra composta 61 mulheres idade reprodutiva apresentam indice_massa_corporal imc maior 30kg m² quais 47 incluidas pesquisa base domiciliar utilizados questionarios adaptados validados caracterizacao demografica socioeconomica avaliacao_antropometrica feita afericao peso altura calculo imc avaliacao vicio alimentar utilizada escala dependencia alimentar yale 2 0 modificada myfas 2 0 triagem baseada criterios dsm 5 transtornos uso substancias avaliacao sistema endocrino feita meio coleta amostra sangue determinar concentracoes t3 t4 livre tireoglobulinas hormonio tiroestimulante tsh anticorpos anti tireoperoxidase posteriormente enviado analise laboratorio conveniado dados tabulados dupla digitacao validados programa excel analise estatistica utilizado software estatistico jamovi versao 2 3 the jamovi project sydney australia realizado estatistica descritivas analise diferenca medianas hormonios tireoidianos avaliados sintomas vicio alimentar adotado nivel significancia 5 constatou atraves resultados 44 7 mulheres apresentam obesidade grau 3 17 vicio alimentar avaliacao hormonios tireoidianos tireoglobulina t4 livre obtiveram maior menor mediana concentracao 20 9 18 6 0 76 0 12 respectivamente casos positivos vicio alimentar associacao niveis hormonios seguintes sintomas abstinencia menor concentracao tireoglobulinas p<0 035 tolerancia maior concentracao t3 p<0 049 desejo maiores concentracoes tsh p<0 011 antitireoperoxidase p<0 019 insucesso reducao desistencia maior concentracao tsh p<0 024 menor antitireoperoxidase p<0 025 perigo maiores concentracoes t3 0 043 tsh p<0 048 menor t4 livre p<0 038 casos positivos vicio alimentar presente estudo observou associacao alteracoes hormonios tireoidianos sintomas vicio abstinencia tolerancia desejo persistente insucesso reducao desistencia perigo alem maior prevalencia mulheres grau elevado obesidade,4877
21,"sobrepeso, obesidade, leptina, adiponectina, adipocinas, obesas, obesos, eutrofia, terapia_interdisciplinar, hormonios",objetivo avaliar relacao fase vida desenvolvimento obesidade perfil_inflamatorio mulheres obesidade severa metodos estudo_transversal analitico descritivo realizado goiania 48 mulheres obesidade severa imc > 40kg m 2 idade 20 59 anos recrutadas pacientes fila espera realizar cirurgia_bariatrica hospital estadual geral goiania dr alberto rassi apos assinatura termo consentimento livre esclarecido conforme resolucao 466 12 coletados dados antropometricos peso altura circunferencia pescoco cp cintura cc quadril cq amostras sangue analise perfil_metabolico glicose insulina homa_ir homa beta hemoglobina_glicada gme pcr inflamatorio leptina adiponectina utilizado metodo ensaios imunoenzimaticos elisa analise adipocinas razoes leptina adiponectina adiponectina leptina calculadas normalidade dados definida meio teste shapiro_wilk voluntarias agrupadas quanto fase vida desenvolveram obesidade precoce < 20 anos tardio = 20 anos correlacoes pearson amostra total spearman grupo realizadas verificar associacao leptina adiponectina razoes lep adipo adipo lep demais variaveis qui_quadrado feito estabelecer frequencias patologias grupos fim modelo linear generalizado glzm distribuicao gama realizado comparar medias grupos analise ajustada idade assumido nivel significancia p = 0 05 resultados todas voluntarias apresentavam medias exames_bioquimicos valores medios cp cc compativeis risco_cardiovascular inflamacao resistencia_insulina encontrada correlacao positiva leptina imc r= 0 311 p=0 036 correlacao positiva razao lep adipo homa_ir r=0 460 p=0 002 hemoglobina_glicada r=0 382 p=0 014 metade voluntarias 56 25 relatou ter desenvolvido obesidade fase adulta grupo apresentou correlacao positiva razao lep adipo imc r=0 460 p=0 021 cp r= 0 478 p=0 016 cc r= 0 535 p= 0 006 adiponectina apresentou correlacao negativa cp r= 0 418 p=0 038 cc r= 0 437 p=0 029 hemoglobina_glicada r= 0 485 p=0 019 grupo desenvolveu obesidade precoce apresentou correlacao positiva razao lep adipo marcadores glicidicos insulina r= 0 647 p=0 004 homa beta r=0 564 p=0 015 apresentou marcadores antropometricos conclusao fase vida desenvolvimento obesidade parece influenciar perfil_inflamatorio mulheres obesidade severa dados sugerem perfil_inflamatorio correlacionado marcadores antropometricos apenas mulheres desenvolveram obesidade fase adulta outro lado marcadores_inflamatorios correlacionados perfil glicemico apenas mulheres desenvolveram obesidade infancia adolescencia,3907
21,"sobrepeso, obesidade, leptina, adiponectina, adipocinas, obesas, obesos, eutrofia, terapia_interdisciplinar, hormonios",introducao numero crescente pessoas acometidas sobrepeso obesidade aumenta demanda desenvolvimento modelos intervencoes adequacoes estilo_vida pautadas fatores_risco sindrome_metabolica comorbidades associadas frequentemente colidem problemas motivacao barreiras ambientais pessoais dificultando sucesso implementacao adesao programas nesta perspectiva meios eletronicos facil acesso internet podem ser aliados programas emagrecimento estruturados embasados cientificamente agregar inumeras ferramentas educacionais saude controle comunicacao objetivos objetivo principal deste estudo verificar influencia modelo intervencao semipresencial multidisciplinar orientacoes mudancas estilo_vida associado processo educacao_saude online sobre parametros sindrome_metabolica hormonios pro antiinflamatorios leptina adiponectina mulheres adultas obesas especificamente estudo 1 objetivo avaliar efeito abordagem marcadores risco_cardiometabolico inflamatorios estudo 2 avaliar efeitos terapia prevalencia sindrome_metabolica leptina adiponectina podem modular resposta mulheres obesidade metodos selecionadas 303 mulheres adultas obesidade artigos separadas subamostras artigo 1 selecionadas 28 mulheres artigo 2 32 idade 32 + 6 26 anos indice_massa_corporal imc 34 01 + 4 58 kg m² terapia_interdisciplinar consistiu acompanhamento endocrinologista nutricionista fisiologista exercicio associado educacao_saude videos semanais baseados web sobre exercicios nutricao promover mudancas estilo_vida 12weeks R suporte atraves facebook R whatsapp R encontro inicial final realizadas avaliacoes antropometricas composicao_corporal bioimpedancia_eletrica bioquimica perfil_lipidico glicemia analise perfil_inflamatorio leptina adiponectina composicao_corporal bioimpedancia_eletrica analise bioquimica glicose perfil_lipidico enzimas hepaticas adiponectina leptina realizadas ensaio imunoabsorcao enzimatica elisa diagnostico sindrome_metabolica realizado segundo criterios federacao internacional diabetes international diabetes federation idf resultados artigo 1 final intervencao reducao parametros_antropometricos incluindo massa_corporal circunferencia_cintura pescoco abdomen quadril relacao_cintura_quadril reducao biomarcadores risco_cardiometabolico fatores inflamatorios incluindo melhora perfil_lipidico glicemia triglicerideos concentracao leptina verificou adiponectina apresentou correlacoes negativas razao cintura quadril fracao ldlcolesterol triacilglicerol adiponectina correlacionou positivamente hdlcolesterol artigo 2 inicio terapia 21 8 mulheres obesidade apresentam diagnostico sindrome_metabolica sm terapia_interdisciplinar eficaz reducao peso_corporal imc circunferencias gordura_corporal colesterol_total vldl dois grupos analisados grupo sm observou reducao concentracao leptina gama glutamil transferase ggt transaminase glutamico oxaloacetica tgo grupo sm melhora glicose insulina homa_ir comparacao delta observou diferencas grupos vez grupo sm apresentou maiores valores peso_corporal circunferencia_cintura gordura_corporal colesterol_total hdl_c enzima tgo prevalencia sm reduziu 21 8 3 condicoes basais correlacoes positivas homair circunferencia_cintura 0 99 p=0 04 correlacoes negativas adiponectina circunferencia_abdominal 0 99 p=0 04 ggt 1 000 p =0 002 hdl_c anp 0 99 p=0 014 alem disso comparacao valores delta encontrada correlacao positiva razao leptina adiponectina circunferencia_cintura 0 99 p=0 04 homa ad 0 91 p<0 001 conclusoes abordagem clinica interdisciplinar associada educacao_saude recursos digitais efetiva reduzir risco_cardiometabolico prevalencia sindrome_metabolica mediada leptina adiponectina estado_inflamatorio mulheres obesidade evitando desenvolvimento comorbidades,3278
22,"prandial, ccm, wpc, ages, voluntarias, glicacao, amendoim, curcumina, refeicao, prandiais",avaliar influencia solucao frutose glicose glicemia glucagon trigliceridemia uricemia malondialdeido pos prandial individuos diabetes mellitus tipo 1 dm1 metodos trata ensaio_clinico simples cego randomizado delineamento 2x2 crossover periodo washout 2 7 semanas intervalo incluindo dezesseis individuos dm1 sendo sete mulheres nove homens media idade 25 1 + 8 8 anos tempo medio diagnostico dm1 14 8 + 4 7 anos indice_massa_corporal medio 24 7 + 3 6 kg m2 media hemoglobina_glicada 8 1 + 1 8 complicacoes dm outras doencas_cronicas cada dia estudo voluntarios receberam solucao teste 75g glicose frutose dissolvidas agua via_oral ordem aleatoria responderam escala quanto palatabilidade mesmas amostras sangue venoso colhidas apos 8h jejum noturno 180 min apos solucao avaliacao glicemia glucagon trigliceridemia acido_urico lactato malondialdeido analises estatisticas realizadas software spss versao 17 0 nivel significancia 5 resultados apesar glicose apresentar menor diluicao p<0 01 palatabilidade solucoes mostrou semelhante solucao glucose resultou maior glicemia pos prandial comparada frutose 12 9 + 4 1 mmol l 4 4 + 5 5 mmol l respectivamente p<0 01 concentracoes acido_urico elevaram apos solucao frutose 0 4 + 0 8 mol l p<0 01 reduziram apos solucao glicose 0 2 + 0 1 mol l p<0 01 p<0 01 solucao contendo frutose aumentou malondialdeido 1 4 + 1 6 mol l p<0 01 solucao glicose alterou concentracoes deste marcador estresse_oxidativo 0 2 + 1 6 mol l p=0 40 outras variaveis diferiram solucoes conclusao ambas solucoes demonstram palatabilidade semelhante frutose resultou menor glicemia pos prandial comparada glicose porem elevou concentracoes acido_urico malondialdeido ingestao destes monossacarideos individuos dm1 alterou trigliceridemia glucagon lactato pos prandiais,1381
22,"prandial, ccm, wpc, ages, voluntarias, glicacao, amendoim, curcumina, refeicao, prandiais",consumo amendoim sido relacionado inumeros beneficios saude frequencia_consumo amendoim associado inversamente indice_massa_corporal imc risco obesidade objetivo deste estudo avaliar efeitos consumo dieta hipocalorica contendo amendoim permeabilidade_intestinal concentracao lipopolissacarideo lps plasmatico homens excesso_peso imc 26 35 kg m2 idade 18 50 anos aleatoriamente alocados tres grupos experimentais amendoim convencional ac amendoim rico acido graxo oleico controle ct prescrita dieta hipocalorica 250 kcal dia incluia ac ct porcao diaria 56 g amendoim torrado pele intervencao dietetica duracao quatro semanas consecutivas primeiro ultimo dia intervencao oferecida tres refeicoes teste compostas shake sabor morango porcao 56 g amendoim convencional amendoim rico acido graxo oleico biscoito refeicoes teste forneciam 25 necessidade calorica cada voluntario avaliada meio calorimetria_indireta referidas refeicoes continham 35 carboidrato 16 proteina 49 lipidio primeiro ultimo dia intervencao avaliados seguintes paramentros concentracoes lps triacilglicerois insulina glicose jejum pos prandiais 1 2 3 h apos consumo refeicao teste adicionalmente jejum determinados seguintes parametros_bioquimicos proteina_c_reativa aspartato aminotransferase ast alanina aminotransferase alt gama glutamil transferase ggt fosfatase alcalina colesterol_total vldl ldl hdl urina coletada laboratorio durante periodo 6 h apos ingestao solucao contendo lactulose manitol verificar permeabilidade_intestinal medidas_antropometricas peso circunferencia_cintura diametro abdominal sagital composicao_corporal avaliadas antes apos intervencao resultados obtidos estudo apresentados tres artigos sendo dois primeiros dados transversais terceiro dados intervencao artigo 1 higher plasma lipopolysaccharide concentrations are associated with less favorable phenotype in men with similar bmi and total adiposity sessenta sete homens imc medio 29 7 + 0 3 kg m2 incluidos voluntarios valores lps plasmatico 8805 0 9 ml apresentaram maior percentual_gordura tronco percentual_gordura androide massa gordura androide maiores concentracoes insulina alt maiores indices homeostasis model assessment of insulin resistance homa_ir homa beta relacao homens menor concentracao lps lps correlacionou positivamente percentual_gordura tronco percentual_gordura androide massa gordura androide insulina ast fosfatase alcalina homa_ir homa b resultados sugerem maior concentracao lps associa fenotipo menos favoravel caracterizado maior adiposidade central menor sensibilidade_insulina comprometimento funcao celulas beta pancreaticas artigo 2 high fat meal containing conventional or high oleic peanuts is associated with delayed triglyceridemia and lower 3h postprandial lipopolysaccharide concentrations in overweight obese men sessenta cinco homens participantes alocados seguintes grupos ac n=21 n=23 ct n=21 apos ingestao aguda refeicoes teste verificou concentracoes lps menores grupos ac 0 7 + 0 5 ml 1 0 + 0 9 ml comparados grupo ct 1 6 + 1 2 ml 3 h pos prandiais niveis triacilglicerois insulina aumentaram todos grupos entretanto verificou grupos ac triacilglicerois elevaram partir 2 h pos prandiais enquanto grupo ct aumento ocorreu partir 1 h pos prandial correlacao positiva niveis lps triacilglicerois grupos ac niveis insulina avaliados 3 h pos prandiais semelhantes valores jejum assim consumo agudo amendoim atrasou aumento triacilglicerois favoreceu retorno rapido insulina concentracoes basais especialmente grupo ac resultados sugerem consumo amendoim convencional amendoim rico acido graxo oleico pode reduzir risco endotoxemia efeitos metabolicos artigo 3 effect of hypocaloric diet containing peanut cultivars differing in oleic acid content on intestinal permeability and endotoxemia cinquenta cinco homens incluidos estudo_intervencao sendo alocados seguintes grupos ac n=19 n=18 ct n=18 consumo dieta hipocalorica incluindo cultivares amendoim diferentes teores acido graxo oleico alterou permeabilidade_intestinal concentracoes plasmaticas lps jejum respostas pos prandiais lps apos ingestao refeicao hiperlipidica final intervencao verificou reducao medidas_antropometricas massa gordura_corporal_total todos grupos reducao massa livre gordura apenas grupo ct resultados sugerem consumo dietas hipocaloricas adicao amendoim contribui perda_peso melhora composicao_corporal efeitos associados alteracoes permeabilidade_intestinal concentracao lps plasmatico,632
22,"prandial, ccm, wpc, ages, voluntarias, glicacao, amendoim, curcumina, refeicao, prandiais",desenvolvimento hipertrofia adipocitos subjacentes obesidade doencas metabolicas associadas diabetes_mellitus_tipo_2 dm2 vez produtos finais glicacao avancada chamados ages ingles advanced glycated end products tendem ser abundantes condicoes hiperglicemia excesso_peso objetivo desse estudo avaliar efeito consumo regular castanha brasil associado dieta restrita calorias sobre produtos finais glicacao avancada mulheres adultas excesso_peso trata ensaio_clinico controlado paralelo randomizado mulheres adultas excesso_peso risco_cardiometabolico quarenta seis participantes alocadas grupo_controle grupo castanha brasil cb grupo teste ambos grupos receberam plano alimentar reducao calorias 500 kcal entanto apenas grupo teste recebeu 2 unidades castanha brasil 8 g dia castanha 347 2 g dia selenio dia durante oito semanas marcadores antropometricos peso altura perimetros cintura quadril pescoco panturrilha composicao_corporal gordura_corporal massa livre gordura consumo_alimentar media tres recordatorios alimentar 24 horas avaliadas inicio final estudo laboratorio metabolismo_energetico composicao_corporal marcadores_bioquimicos avaliados amostras sangue coletadas manha apos jejum noturno 10 12h armazenadas 80°c consumo ages dieta dages estimado partir banco dados contendo 549 alimentos valores ages 100g alimento estimados acordo conteudo carboximetillisina cml expressos ages equivalentes eq dia determinacao quantitativa cml metilglioxal mgo srage receptores soluveis produtos finas glicacao acavncada utilizados kits elisa analise produtos precoces glicacao egps realizada partir tecnica nitroblue tetrazolium nbt anova dois fatores medidas repetidas anova rm seguida teste_tukey kramer aplicada verificar efeito tratamento tempo interacao tempo tratamento variaveis todas analises realizadas software spss adotado nivel significancia estatistica =5 metilglioxal diminuiu grupo castanha brasil srage reduziu grupo_controle alem disso mgo negativamente associado concentracao selenio grupo cb r= 0 459 p= 0 028 enquanto srage correlacionou positivamente variacao gordura_corporal kg grupo_controle r= 0 466 p= 0 025 insulina grupo cb r= 0 459 p= 0 028 ages dieta apresentaram reducao significante dieta restricao_calorica 500 kcal associada consumo 8g castanha brasil diminuiu concentracao plasmatica mgo enquanto apenas restricao_calorica capaz diminuir concentracoes srage alteracoes marcadores glicacao associados diferentes marcadores antropometricos bioquimicos,4365
23,"drc, hemodialise, doenca_renal_cronica, dialise, dhgna, transplante, creatinina, funcao_renal, gpid, fibrose",define doenca_renal_cronica drc presenca alteracao renal funcional estrutural periodo tempo igual superior tres meses 1 prevalencia drc brasil mundo vem aumentando proporcoes epidemicas doenca_renal considerada principais problemas saude_publica atualidade contudo dados fidedignos sobre incidencia prevalencia drc referentes morbimortalidade desta populacao escassos insuficientes indicar real magnitude problema estima brasil aproximadamente 15 milhoes individuos apresentem algum tipo disfuncao renal 2 dados censo brasileiro dialise realizado sociedade brasileira nefrologia 2012 revelaram principais causas primarias entrada terapia dialitica populacao hipertensao_arterial_sistemica 35 diabetes mellitus 28 3 causas menos frequentes compreendem rins policisticos pielonefrites lupus eritematoso sistemico doencas congenitas 3 estadiamento drc baseia alteracoes ritmo filtracao glomerular rfg associadas presenca alteracoes estruturais renais 1 desta forma estagio 1 doenca_renal corresponde fase inicial lesao renal rfg ainda encontra preservado 90 ml min 1 73m² superficie corporal algum tipo lesao estrutural renal estagio 2 observa reducao funcao_renal rfg 60 89 ml min 1 73m² encontra ainda reduzida estagio 3 subdividido 3a rfg 45 59 ml min 1 73m2 3b rfg 30 44 ml min 1 73m² 18 partir estagio 4 rfg 15 29 ml min 1 73m² alteracoes laboratoriais evidentes sendo possivel observar presenca sintomas uremicos progredir doenca queda ainda acentuada ritmo filtracao glomerular < 15 ml min 1 73m² paciente atinge estagio 5 anteriormente denominado estagio terminal sintomatologia uremica torna ainda evidente faz necessario maioria vezes inicio terapia renal substitutiva meio dialise transplante renal progressao drc excrecao toxinas organicas reduz gradualmente havendo aumento concentracao serica catabolitos toxicos consequente desenvolvimento disturbios hidroeletroliticos hormonais inflamatorios metabolicos quais podem direta indiretamente influenciar estado_nutricional neste sentido demonstrou existencia relacao direta diminuicao rfg piora estado_nutricional tal forma alteracoes parametros nutricionais tornam ainda acentuadas rfg encontra abaixo 20ml min m2 4 5 cascata alteracoes hormonais inflamatorias metabolicas observadas evolucao drc terminam desencadear estado progressiva reducao reservas corporais proteina energia culminam desenvolvimento desnutricao energetico proteica dep 6 7 fato dentre varios fatores afetam adversamente pacientes dep importantes 7,1306
23,"drc, hemodialise, doenca_renal_cronica, dialise, dhgna, transplante, creatinina, funcao_renal, gpid, fibrose",esclerose multipla doenca inflamatoria cronica desmielinizante sistema_nervoso_central componente autoimune degenerativo patogenia envolve alteracoes permeabilidade barreira hematoencefalica acredita zinco capaz migrar sistema_nervoso_central junto celulas imunes cerebro pode concentrar zinco niveis toxicos induzindo alteracoes capazes mediar neurodegeneracao objetivo investigar status zinco relacao esclerose multipla estudo analitico observacional transversal grupos caso n=50 controle n=50 coletados dados_sociodemograficos antropometricos composicao_corporal zinco plasmatico eritrocitario analisado espectrofotometria absorcao atomica chama atividade superoxido_dismutase eritrocitaria espectrofotometria pacientes caso 90 possuiam subtipo remitente recorrente apresentaram sintomas incapacidade funcional peso apresentou correlacao negativa valores zinco eritrocitario p=0 03 superoxido_dismutase p=0 01 grupo caso apresentou percentual_gordura maior relacao controle p=0 03 ingestao zinco esclerose multipla 5 7mg dia menor controle 8 0mg dia p<0 01 participantes caso 100 apresentaram consumo inadequado desse mineral apresentaram niveis zinco plasmatico 94 6 l dl sod 2298 9u ghb significativamente maiores comparados controle p=0 02 zinco eritrocitario apresentou correlacao negativa peso positiva tempo doenca grau incapacidade funcional p<0 01 pacientes caso apresentaram ingestao_dietetica zinco inadequada relacao recomendacao consumo zinco influenciou peso parece alterar acordo tempo doenca zinco eritrocitario caracterizou excessivo excesso zinco eritrocitario mostrou relacao duracao progressao esclerose multipla acordo escala incapacidade funcional,1591
23,"drc, hemodialise, doenca_renal_cronica, dialise, dhgna, transplante, creatinina, funcao_renal, gpid, fibrose",insuficiencia cardiaca ic sindrome complexa duas etiologias predominantes isquemica isquemica existem lacunas sobre exato impacto etiologia outros fatores_associados ic sobre status zinco cobre objetivou investigar status zinco cobre individuos ic isquemica isquemica associacoes parametros biodemograficos clinicos bioquimicos nutricionais trata estudo_transversal incluiu 80 individuos ic atendidos ambulatorialmente distribuidos grupos ic isquemica n=36 isquemica n=44 avaliou dados biodemograficos clinicos bioquimicos nutricionais investigados biomarcadores zinco zinco plasma zinco urina zinco dieta cobre cobre plasma ceruloplasmina cobre dieta razao cobre zinco comparacao grupos utilizados testes_t student mann_whitney qui_quadrado teste_exato_fisher regressao_linear_multipla metodo stepwise empregada avaliar associacoes observou menor ingestao_dietetica zinco maior cobre grupo ic isquemica ambos p=0 02 maior inadequacao ingestao zinco menor cobre nesse grupo identificadas diferencas zinco cobre plasma razao cobre zinco ceruloplasmina zinco urina grupos todas p=0 05 valores mediana desses biomarcadores encontravam dentro faixa referencia ambos grupos associacoes inversas registradas idade = 0 001 p=0 005 uso diuretico = 0 047 p=0 013 zinco plasma saturacao transferrina =0 002 p=0 014 cobre plasma =0 001 p<0 001 albumina =0 090 p<0 001 etiologia isquemica =0 038 p=0 012 diretamente associadas zinco plasma identificou associacao direta ceruloplasmina =0 011 p<0 001 ggt =0 001 p<0 001 albumina =0 077 p=0 001 pcr us =0 001 p=0 024 calcio dieta =0 000 p=0 015 cobre plasma outro lado variaveis independentes etilismo pregresso = 0 070 p<0 001 fibra dieta = 0 016 p=0 008 inversamente associadas cobre plasma resultados sugerem existem alteracoes expressivas status zinco cobre independentemente etiologia ic atenta importancia monitoramento variaveis relacionadas contexto ic preditoras zinco cobre plasma especial associadas estresse_oxidativo inflamacao,2776
24,"il_6, tnf, il_10, inflamatorio, inflamatorios, citocinas, pro, inflamacao, pcr, resposta_inflamatoria",introducao disfagia orofaringea pode ocorrer alteracao disfuncao degluticao relacao conducao alimentos cavidade oral estomago alteracoes decorrentes doencas base podem afetar consumo_alimentar estimular producao especies_reativas_oxigenio eros ocasionar estresse_oxidativo alem disso doencas base podem estimular resposta_inflamatoria contribui aumento producao eros estresse_oxidativo provoca oxidacao membrana lipidica vez atenuada caroteno diminui concentracoes sericas deste antioxidante devido aumento utilizacao desses antioxidantes objetivo relacionar estresse_oxidativo metabolitos oxido nitrico nox mieloperoxidase mpo resposta_inflamatoria proteina_c_reativa pcr interleucina il 8 il 1beta il 1 fator necrose_tumoral alfa tnf interferon gama ifn g valores sericos sscaroteno adultos_idosos sujeitos metodos estudo_transversal abril 2014 dezembro 2018 realizado hospital_universitario universidade federal santa catarina adultos_idosos submetidos exame videofluoroscopia degluticao participaram estudo 72 sujeitos distribuidos grupo gdo n = 51 grupo_controle gc n = 21 gdo distribuido conforme categorizacao valores sericos caroteno gruponormovitaminose gdo normo caroteno grupo hipovitaminose gdo hipo caroteno avaliou estado_nutricional indice_massa_corporal imc composicao_corporal dual energy x ray absorptiometry dxa medida independencia funcional mif degluticao clinica exame videofluoroscopia ingestao_alimentar questionario_frequencia_alimentar qfa alem variaveis clinicas nutricionais avaliados marcadores sericos nox mpo pcr il 8 il 1 tnf ifn g caroteno dados apresentados mediana intervalo interquartil iiq associacao valores sericos inflamatorios estresse_oxidativo hipovitaminose caroteno avaliada regressao_logistica bruta ajustada resultados testes estatisticos expressos odds ration or intervalo confianca ic 95 significancia estatistica resultados considerado valor p < 0 05 resultados grupo gdo 54 9 sexo_masculino mediana idade 62 anos iiq 19 86 maioria sujeitos apresentavam leve moderada 54 9 p < 0 001 maioria classificada independencia completa 56 8 p = 0 011 hipovitaminose caroteno prevalente sujeitos gdo comparacao gc 29 p = 0 005 sujeitos gdo hipo caroteno apresentaram nivel maior mediana marcador estresse_oxidativo nox comparacao gc 61 3 vs 28 1 mol l p = 0 004 respectivamente assim maior valor marcadores resposta_inflamatoria observado gdo hipo caroteno relacao gc pcr 3 0 vs 0 7 mg l p < 0 001 il 8 24 3 vs 11 4 pg ml p < 0 001 regressao_logistica bruta ajustada identificada associacao marcadores_estresse_oxidativo resposta_inflamatoria hipovitaminose caroteno grupos gdo contrapartida marcadores_estresse_oxidativo resposta_inflamatoria nox or 10 46 p = 0 036 pcr or 3 98 p = 0 014 il 8 or 3 00 p = 0 028 associados hipovitaminose caroteno comparados sujeitos regressao_logistica bruta ajustada conclusoes identificado menor nivel caroteno sujeitos alem maior nivel marcadores_estresse_oxidativo nox resposta_inflamatoria pcr il 8 maior concentracao marcadores nox pcr il 8 parecem aumentar chance hipovitaminose caroteno entretanto estudos longitudinais devem ser conduzidos maior tamanho amostral fim confirmar tal achado,4501
24,"il_6, tnf, il_10, inflamatorio, inflamatorios, citocinas, pro, inflamacao, pcr, resposta_inflamatoria",introducao infeccoes vias respiratorias ativacao processos inflamatorios promovem deplecao nutricional declinio funcao pulmonar representando principais consequencias fibrose cistica fc objetivo avaliar relacao resposta_inflamatoria estado_nutricional funcao pulmonar criancas_adolescentes fc sujeitos emetodos estudo_clinico transversal realizado 86 sujeitos distribuidos grupo_controle gc n= 31 grupo fc gfc n= 55 redistribuido gfc bacteriologia negativa gfcb gfc bacteriologia positiva gfcb+ gfc pseudomonasaeruginosanegativa gfcpa gfc pseudomonasaeruginosapositiva gfcpa+ funcao pulmonar avaliada volume expiratorio forcado primeiro segundo vef1 estado_nutricional z escore peso idade zp i estatura idade ze i indice_massa_corporal_idade zimc i area muscular braco zamb area gordurosa braco zagb percentual gordura_corporal gc resposta_inflamatoria avaliada dosagem mieloperoxidase mpo interleucina 1beta il 1 fator necrose_tumoral alfa tnf proteina_c_reativa pcr metabolitos oxido nitrico nox adenosina deaminase ada contagem leucocitos neutrofilos linfocitos monocitos analise bacteriologica avaliada secrecao cavidade orofaringea adotado nivel significancia p< 0 05 resultados vef1 significativamente maior gc 88 57 comparado gfc 66 77 p=0 001 gfcb+ 57 87 p<0 001 gfcpa+ 54 82 p<0 001 comparados gc apos analise ajustada variaveis confusao observou reducao zimc i zamb gfc p=0 030 p=0 019 gfcb+ p=0 030 p=0 029 gfcpa+ p=0 047 p=0 026 aumento mpo p<0 001 todos subgrupos il 1 p<0 001 todos subgrupos pcr gfc p=0 002 gfcb p=0 007 gfcb+ p=0 009 gfcpa p=0 004 gfcpa+ p=0 020 gfcb+ gfcpa+ nox p=0 001 p<0 001 leucocitos p=0 002 p=0 001 neutrofilos p=0 003 p<0 001 aumentados gfc observada correlacao positiva vef1 zp i p=0 009 ze i p=0 006 zimc i p=0 028 zamb p=0 027 negativa leucocitos p=0 008 neutrofilos p=0 031 correlacao negativa zamb nox p=0 028 conclusao sujeitos fc independente tipo infeccao acometida apresentam resposta_inflamatoria importante caracterizada aumento mpo il 1 pcr bacteriologia positiva apresentou efeito aditivo resposta_inflamatoria levando aumento nox leucocitos neutrofilos desnutricao leucocitose neutrofilia correlacionadas reducao funcao pulmonar,447
24,"il_6, tnf, il_10, inflamatorio, inflamatorios, citocinas, pro, inflamacao, pcr, resposta_inflamatoria",introducao fibrose cistica fc doenca origem genetica resultante mutacoes gene cystic fibrosis transmembrane regulator cftr complicacoes fc relacionadas tipo mutacao proteina cftr sendo mutacao f508 conhecida intestino consequencias fc afetar microbiota_intestinal evidencias mostram pacientes fc padrao microbiota_intestinal diferencia comparado grupo_controle fc objetivo avaliar relacao microrganismos rectale f prausnitzii p aeruginosa presenca mutacao df508 resposta_inflamatoria intestinal medida calprotectina clp fecal criancas_adolescentes fc metodos estudo_clinico transversal pacientes fc realizado marco 2016 dezembro 2016 hospital infantil joana gusmao estado santa catarina hijg sc florianopolis inscritos associacao catarinense assistencia mucoviscidotico acam 120 sujeitos compostos criancas_adolescentes distribuidos grupo_controle gc n = 48 fc atendidos ambulatorio puericultura grupo fc gfc n = 72 atendidos ambulatorio fibrose cistica dados distribuicao normal apresentados media + desvio padrao assimetricos mediana intervalo interquartil 25° 75° teste t student mann_whitney utilizados apropriado verificar diferenca medias analise regressao_linear univariada multivariada realizada gc gfc gfcdf508 homo gfcdf508 hetero variaveis ajuste idade sexo avaliar tamanho efeito destes dados aplicada estatistica cohen resultados microbiota_intestinal avaliada tecnica fish revelou diferenca estatisticamente 12 significativa microrganismos rectale f prausnitzii p aeruginosa p < 0 05 bacterias rectale f prausnitzii concentracao aumentada gc comparadas grupos fc passo p aeruginosa mostrou elevada grupos fc comparada gc destaque gfcdf508 hetero apresentou maior mediana concentracao p aeruginosa 1 77x109ml fezes gfcdf508 homo apresentou menor mediana concentracao f prausnitzii 0 0x109ml fezes nivel intestinal comparados gc relacao inflamacao intestinal avaliada clp fecal significativamente maior todos grupos fc p<0 05 gfc apresentou mediana concentracao clp fecal 231 3 maior relacao mediana concentracao gc sendo maior aumento 325 8 gfcdf508 homo conclusao fc pode contribuir comprometimento estado_nutricional alteracao microbiota_intestinal presenca inflamacao intestinal pacientes fc apresentam mutacao df508homozigoto todas alteracoes parecem estar exacerbadas,2424
25,"comensalidade, significados, sentidos, discurso, saberes, discursos, sisan, habitus, concepcoes, narrativas",tese debruca sobre tematica comida rua intuito compreender contexto acepcoes respeito praticas circundam formas fazer comida comercializa las vias publicas partir estudo etnografico trabalhadores deste comercio santo antonio jesus reconcavo bahia ainda comida rua represente relevante constructo socioeconomico internacional constitua objeto estudo transdisciplinar parte expressiva analises sobre tematica brasil america latina concentra campo biomedico muitas vezes desconsidera protagonismo trabalhadores pesquisas distintamente presente tese analisa microcosmo social comida rua insere agentes sociais implicados neste comercio tradutores desse fenomeno pesquisa lancando mao dialogo ciencias saude nutricao ciencias sociais humanas compreender objeto elementos resultados alcancados buscam contribuir oferecer outras perspectivas investigativas sobre comida rua brasil produtos tese contemplam assim capitulo livro ensaio remontam estado arte dois artigos cientificos originarios pesquisa empirica etnografica capitulo apresenta revisao_literatura objetivou analisar abordagens teoricas metodologicas fundamentam producao saberes campo comida rua brasil analisar distintas dimensoes evidenciou respeito implicacao replicante ciencias biomedicas perspectiva microscopica abordagens analitico compreensivas ambos podem atuar paralelos complementares pensar formacao campo saberes comida rua agrupe perspectiva multidisciplinar embebida saberes empiricos historicos primeiro artigo cunho ensaistico traz reflexao teorica acerca processo institucionalizacao comida rua tessituras modernidade ocidental nesta discussao problematizou comercio comida espaco urbano expresso descritor comida rua emergiu antiguidade adquirindo contornos institucionais estruturar social economica culturalmente advento sociedade moderna sob atua elemento ressignificador tempo remodela recorrentes transformacoes dessa modernidade dois artigos seguintes derivam incursao etnografica cidade santo antonio jesus reconcavo bahia territorio eleito conveniencia tempo importancia economica regiao fase campo durou sete meses 2018 2019 material empirico produzido uso tecnicas entrevistas estruturadas observacoes sistematicas participantes diario campo acolhido meio gravacoes audio fontes secundarias jornais livros sites tratado acordo procedimentos descritos poupart et al 2014 kaufman 2018 corpus empirico reunido propiciou descricoes etnograficas cuja analise interpretativa seguiu escritos clifford geertz 2008 2014 apreciacao desse material emergiram categorias analiticas reconfiguraram direcionamento tese saber microempreendedor comida rua interpretado transicao ambulante empreendedor comida rua saj discutida segundo artigo partir implementacao ressonancias torno estrategia intervencao programa saj legal reproduziu ideologia neoliberal multiplicacao mecanismos precarizacao trabalho formalizados regular comida rua terceiro artigo vislumbrou analogia ambulantes artifices sennett 2015 desvelada desenvoltura fazeres manuais complexos envolviam habilidades saberes herdados tecnicas apreendidas outrossim astucias estrategias engajamento social incutidos trabalho executado rede familiar nesta demarcou precarizacao trabalho ambulante incluindo familiares subempregados bem contradicao implicada responsabilidade produzir comida permeada san tempo encontrar lugar invisibilidade social perante outras politicas_publicas brasileiras desses percursos analiticos tese reuniu elementos desvelar processo trabalho invisibilizado torno comida rua cujas praticas transitavam espaco domestico urbe etapas aquisicao pre preparo coccao comida praticas agregadoras saberes fazeres multiplos articulavam mente corpo amoldando artifices ambulantes comercio comida rua saj permeado mecanismos ideologicos regulacao estatal reproduziu cenario precarizacao mundo trabalho descortinar contexto enredado fazer comer comida rua tese desvelou ainda embora colecione rede complexa fazeres trabalho ambulantes familias ressoam entes excluidos regime trabalhista legal desassistidos termos saude seguranca_alimentar_nutricional enquanto politicas_publicas voltadas segmento marcadamente priorizam suposta ordem inocuidade seguranca comida consumidor tais compreensoes conclui comida rua requer politicas estrategias inclusivas quais ambulantes possam atuar participes ativos processo,3777
25,"comensalidade, significados, sentidos, discurso, saberes, discursos, sisan, habitus, concepcoes, narrativas",estudo analisa praticas saberes agroecologia soberania alimentar vivenciadas mulheres assentadas reforma agraria traz atuacao territorios destaque conhecimentos tradicionais empregados sistemas producao cultivam proposito quais praticas manejo usos destinos dados producao vislumbrando praticas agroecologicas promotoras soberania alimentar empoderamento abordagem pesquisa baseia metodologia qualitativa fundamenta triangulacao metodos associando observacao participante b entrevista semiestruturada c registros caderno campo audiovisuais relacao analise conteudo levantadas cinco categorias tematicas aprioristicas primeira apresenta quais motivacoes conduzem conduziram mulheres camponesas desenvolvimento praticas saberes agroecologicos segunda figura significados percepcoes mudancas incorporadas mulheres quanto agroecologia pontuam paradigma viavel alternativo producao consumo sustentavel assimilam promotora soberania alimentar saude quanto mudancas fazem referencia melhorias alimentacao saude qualidade_vida agroecossistema ganhos economicos transformacoes modos viver pensar ver mundo vida relacao natureza terceira categoria referenciam agroecologia enquanto criadora fortalecedora processos empoderamento construcao autonomias medida ocupam espacos sociais politicos educativos outros fomentados agroecologia passam redefinir posicao importancia sociedade limitando espaco domestico privado quarta categoria apresenta dinamica producao agroecologica destinos sendo primeira fundamentada policultivos sistemas agroflorestais equilibrio producao articulado preservacao meio_ambiente agrobiodiversidade respeito natureza segunda autoconsumo excedente destinado comercializacao trocas doacoes alimentacao animal compostagem destaca nesta categoria protagonismo posicao guardias participantes concernem sementes plantas medicinais ultima categoria revela realidades familiares partir agroecologia experimentam vivenciam principios equidade relacoes genero relacionados tomadas decisoes sobre producao processamento alimentacao comercializacao portanto evidencia mediante praticas construcao mudancas significativas transformadoras caminham convivencias igualitarias compartilhamento decisoes identifica conseguinte protagonismo mulheres camponesas agroecologia convoca profunda mudanca paradigmas direcao sustentabilidade vida bem viver reaprender enxergar abrir troca saberes descobrir nova forma olhar estar mundo denunciando ficou historia oficial reconhecendo emerge partir praticas falas olhares subjetividades racionalidades,2806
25,"comensalidade, significados, sentidos, discurso, saberes, discursos, sisan, habitus, concepcoes, narrativas",objetivo deste estudo interpretar sentidos significados homens atribuem comer corpo saude contexto feira livre cidade salvador bahia tratase pesquisa qualitativa cunho etnografico realizadas entrevistas oito homens frequentadores feira sete portas dois informantes chave resultados buscou descrever cotidiano feira situada mediacao casa rua bem cidade campo espaco comensalidade universo masculino expressao particular deste modo feira constitui ponto confraternizacao masculina alimento trabalho feijoada emblematica neste processo destacou ainda bebida alcoolica outro importante elemento socializacao homens relacao sinergica consumo denominadas comidas pesadas tais modos comer fazem parte construcao identidade masculina marcada construcao corpo forte viril coaduna relacoes comer voraz sobre ideia comer comida pesada recompor forcas debilitadas desgaste fisico provocado excessivo uso corpo exemplo trabalho refere discursos sobre alimentacao_saudavel sendo aceitos homens havendo contextos resistencia assim contextos compartilhamento dessas logicas saude aparentam serem fundamentais propiciarem reformulacoes inclusive significados saudavel esfera masculina incorporacao implique perda elementos masculinidade buscam sentir bem atraentes fortes elementos considerados masculinidade tradicional entanto dialogado configuracoes masculinidade contemporanea cuidado aparencia respaldado discurso higiene saude seducao,889
26,"kefir, treinamento_fisico, resistido, treinado, msg, treinamento, sedentario, treinados, obeso, sal",obesidade apresenta etiologia multifatorial caracterizada excesso adiposidade inflamacao_cronica baixo grau recentemente vem sendo relacionada alteracoes neurocomportamentais terapeutica obesidade envolve diversas intervencoes especialmente dietetica impulsiona estudo alimentos podem ser adjuvantes tratamento prevencao doenca mel abelha apresenta potencial funcional especificamente mel malicia mimosa quadrivalis l apresenta propriedades antioxidante hipolipemiante atua melhora saude_intestinal ratos dislipidemicos considerando aspectos supracitados execucao deste trabalho objetivo avaliar potenciais efeitos consumo mel malicia mimosa quadrivalis l produzido abelha jandaira melipona subnitida d sobre parametros somaticos neurocomportamentais inflamatorios ratos obesos mel adquirido diretamente meliponicultores abelha jandaira melipona subnitida d semiarido nordestino brasileiro utilizou quarenta ratos_wistar + 50 dias idade randomizados inicialmente dois grupos sadio cs n = 20 consumiram dieta controle obeso co n = 20 consumiram dieta cafeteria 8 semanas apos ratos randomizados quatro grupos sadio gs n = 10 obeso go n = 10 receberam gavagem 2 ml agua destilada grupos sadio gsm n = 10 obeso gom n = 10 tratados mel malicia 1000 mg kg peso_corporal permanecendo consumo respectivas dietas oito semanas monitorados parametros somaticos consumo preferencia alimentar ultima semana coletadas fezes ratos quantificacao acidos organicos consumo preferencia alimentar avaliados diariamente massa_corporal semanalmente testes comportamentais relativos ansiedade depressao realizados antes 8 semana apos periodo intervencao mel 16 semana realizadas analises_bioquimicas retirou tecido_adiposo cerebro analise histologica incluindo fator nuclear kappa b nf b mel malicia apresenta procianidina b1 19 24 mg 100g procianidina b2 15 90 mg 100g epicatequina 14 34 mg 100g naringenina 11 99 mg 100g outros fenolicos tratamento mel malicia gom ocasionou reducao peso 14 diminuicao imc 6 adiposidade 30 relacao grupo go consumo_alimentar ratos tratados mel gom menor ingestao_calorica 18 relacao og apresentaram preferencia alimentar carnes processadas hamburgueres salsichas presunto mortadela doces guloseimas alem disso melhorou tolerancia_glicose resistencia_insulina perfil_lipidico niveis hormonais tratamento mel melhorou comportamento ansioso depressivo apresentou diminuicao neuronios isquemicos alem reduzir area marcacao nf b 58 08 cerebro aumentar concentracao acidos organicos fecais intestinais cerebrais resultados mostram mel malicia melhorou parametros metabolicos comportamentais ratos obesos torna adjuvante natural tratamento_obesidade,4196
26,"kefir, treinamento_fisico, resistido, treinado, msg, treinamento, sedentario, treinados, obeso, sal",recente atencao sido dada papel atividade_fisica espontanea afe representa todas atividades fisicas voluntarias vida diaria tais manutencao postura deambulacao tonus muscular inegavel importancia obter entendimento acerca afe relacoes respostas metabolicas conta forte influencia afe sobre gasto_energetico diario estrategias capazes aumentar afe manipulacoes farmacologicas geneticas extrema importancia indicios associacao treinamento_fisico aerobio manutencao animais gaiolas espaco habitacional amplo possa provir interessante modelo experimental capaz estimular afe dessa forma objetivo inicial desenvolver aparatos mensurar afe roedores mantidos diferentes condicoes alojamento apos desenvolvimento aparatos objetivo investigar efeitos treinamento_fisico aerobio espaco habitacional sobre afe respostas metabolicas camundongos_c57bl 6j desse modo quarenta camundongos machos distribuidos dois tipos alojamento espaco padrao ep 1320 cm2 espaco amplo ea 4800 cm2 cada tipo alojamento camundongos separados dois grupos controle co treinado tr camundongos grupos tr submetidos programa treinamento aerobio corrida executado esteira intensidade equivalente 80 velocidade critica determinada individualmente cada sessao treinamento composta volume diario 40min frequencia semanal cinco dias durante todo experimento avaliado comportamento_alimentar animais bem afe meio sistema gravimetrico ambos tipos alojamento registros executados animais alojados coletivamente 10 camundongos cada gaiola antes apos 4ª semana termino experimento 8ª semana capacidades aerobia anaerobia obtidas protocolo velocidade critica final 8ª semana camundongos eutanasiados retirada amostras biologicas todos dados apresentados media erro padrao media camundongos mantidos ea ativos camundongos mantidos ep considerando todos valores afe obtidos periodo 8 semanas animais ea exibiram maior ingestao_alimentos agua durante todo periodo 8 semanas camundongos ea apresentaram menor conteudo massa_gorda carcaca eviscerada comparados camundongos ep reducao depositos gordura epididimal retroperitonial massa_corporal camundongos ea observada comparacao animais mantidos ep efeito pronunciado roedores treinados grupos ea tr ep tr apresentaram velocidade critica capacidade aerobia significativamente maior grupo ep co oitava semana achados demonstram oito semanas confinamento gaiola espaco amplo aumenta afe camundongos_c57bl 6j pode ser razoes quais camundongos ea tornaram resistentes acumulo gordura assim apresentam elevada capacidade aerobia importante ressaltar presente investigacao sugere gaiolas espaco padrao limitam afe estudo indica gaiolas amplo espaco podem ser empregadas abordagem estimular afe roedores,2581
26,"kefir, treinamento_fisico, resistido, treinado, msg, treinamento, sedentario, treinados, obeso, sal",estudo objetivo investigar efeitos treinamento natacao sobre adiposidade pressao_arterial tolerancia_glicose sensibilidade_insulina modelo animal sindrome_metabolica sm utilizados 46 ratos espontaneamente hipertensos shr 2 dias vida peso inicial 6 496 + 0 177 g media + dp segundo oitavo dia vida 23 ratos receberam injecoes subcutaneas solucao glutamato monossodico msg vez dia dose 4 mg g peso_corporal grupo msg animais restantes receberam injecoes subcutaneas mesma dosagem solucao salina grupo sal n=23 apos 20 semanas vida grupos redivididos msg b sal b grupos baseline msg c sal c grupos controle msg t sal t grupos treinados animais grupos treinados submetidos treinamento natacao 5x semana 1 hora dia 80 capacidade aerobica 8 semanas ganho peso_corporal consumo_alimentar pressao_arterial tolerancia_glicose sensibilidade_insulina insulinemia jejum adiposidade visceral area adipocitos viscerais composicao carcaca eviscerada avaliados antes apos treinamento tratamento msg aumentou p<0 05 adiposidade visceral area adipocitos viscerais percentual_gordura carcaca reduziu p<0 05 percentual proteina agua carcaca tolerancia_glicose treinamento natacao reduziu p<0 05 consumo_alimentar msg t sal t pressao_arterial msg t sal t adiposidade visceral msg t aumentou p<0 05 percentual agua carcaca sal t percentual proteina carcaca msg t tolerancia_glicose msg t sal t sensibilidade_insulina msg t concluiu treinamento natacao eficiente melhorar pressao_arterial adiposidade visceral metabolismo_glicose modelo experimental sm,143
27,"pre_natal, idade_gestacional, gpg, trimestre, gestantes, pos_parto, iodo, parto, gestacional, gestante",introducao assistencia pre_natal objetivo assegurar desenvolvimento gestacao permitindo parto recem_nascido saudavel impacto saude materna ganho_peso_gestacional inadequado pode ocasionar desfechos gestacionais indesejaveis diabetes gestacional sindromes hipertensivas gestacao baixo_peso_nascer macrossomia neonatal controle ganho_peso_gestacional necessaria assistencia pre_natal eficaz captacao precoce gestantes numero adequado consultas objetivo avaliar efeito assistencia pre_natal sobre ganho_peso_gestacional gestantes adultas baixa_renda atendidas maternidade publica baixada fluminense rio janeiro metodologia estudo tipo transversal incluindo 281 mulheres adultas brasileiras baixa_renda ganho_peso_gestacional adequado insuficiente excessivo definidos ganho_peso dentro abaixo acima recomendacoes institute of medicine respectivamente numero consultas pre_natal categorizado 1 nenhuma consulta 2 tres consultas 3 quatro seis consultas 4 7 consultas inicio pre_natal avaliado forma continua indice assistencia pre_natal apcui desenvolvido combinando inicio pre_natal numero visitas acordo kotelchuck modelos regressao_logistica_multinomial ajustados fatores confusao realizados estimar associacoes assistencia pre_natal ganho_peso_gestacional resultados media assistencia pre_natal iniciou 12 6 + 6 9 semanas gestacao total 8 2 mulheres n = 23 < 4 visitas pre_natal 38 4 n =108 apresentaram inicio pre_natal inadequado 38 4 n = 108 apcui inadequado gpg medio 12 9 kg + 6 2 prevalencia gpg adequado insuficiente excessivo 36 5 31 0 32 5 respectivamente apos ajuste fatores confusao apcui inadequado or=2 01 p valor=0 041 ic 95 =1 03 3 90 apresentou associacao significativa gpg insuficiente inicio pre_natal or=1 05 p valor=0 056 ic 95 =1 00 1 10 numero consultas or=0 59 p valor=0 051 ic 95 =0 34 0 70 apresentaram associacao limitrofe gpg insuficiente conclusao estudo destaca importancia assistencia pre_natal adequada durante gestacao controle ganho_peso_gestacional,1651
27,"pre_natal, idade_gestacional, gpg, trimestre, gestantes, pos_parto, iodo, parto, gestacional, gestante",ganho_peso_gestacional gpg tanto insuficiente excessivo importantes preditores desfechos obstetricos adversos embora recomendacoes especificas gpg grupos maior risco mulheres diabetes mellitus gestacional dmg aplicacao classificacoes gpg grupo mostrado relacoes distintas desfechos materno infantis estudo avaliou relacao gpg desfechos materno_infantil mulheres dmg comparando classificacoes institute of medicine iom ministerio_saude brasil ms brasil metodos estudo_observacional dados retrospectivos prontuarios medicos servicos publicos especializados dados prospectivos mulheres dmg gpg avaliado classificacoes iom ms brasil relacoes gpg desfechos maternos pre eclampsia intercorrencias gestacao parto parto cesariana retencao peso pos_parto depressao pos_parto amamentacao infantis prematuridade hipoglicemia neonatal tocotraumatismo baixo_peso_nascer macrossomia pequeno idade_gestacional grande idade_gestacional indice apgar problemas neonatais admissao unidade intensiva neonatal avaliadas modelos regressao_logistica_multipla 27 resultados 147 mulheres dmg gpg iom 42 2 insuficiente 24 5 adequado 33 3 excessivo ms brasil 25 9 insuficiente 13 6 adequado 60 5 excessivo gpg excessivo aumentou risco retencao peso pos_parto or 3 96 ic95 1 22  12 86 hipoglicemia neonatal or 2 79 ic95 1 00 7 78 admissao utin or 4 08 ic95 1 04 15 90 classificacao gpg excessivo iom permitiu identificar riscos desfechos gestacionais negativos relacao classificacao ms brasil conclusao gpg excessivo dmg associado desfechos materno infantis desfavoraveis gpg insuficiente associou classificacao iom pode ser adequada avaliacao riscos gestacionais entanto faz necessario estabelecimento faixas gpg especificas mulheres dmg,4926
27,"pre_natal, idade_gestacional, gpg, trimestre, gestantes, pos_parto, iodo, parto, gestacional, gestante",objetivo avaliar associacao ganho_peso_gestacional gpg desfechos perinatais mulheres brasileiras adultas diagnostico diabete mellitus gestacional dmg metodos estudo analitico transversal realizado gestantes adultas diagnostico dmg recem_nascidos atendidos maternidade publica rio janeiro periodo 2011 2014 amostra estudo dividida tres grupos representavam gpg insuficiente adequado excessivo recomendacoes institute of medicine iom 2009 dados maternos recem_nascidos analisados alem riscos desfechos perinatais desfavoraveis relacionados inadequacao gpg parto cesareo shg prematuridade macrossomia recem_nascidos pequeno grande idade_gestacional pig gig associacao variaveis verificada testes x² pearson comparacao medias aplicou analise variancia teste t student anova pos hoc tukey alem estimativa modelos regressao_logistica simples multipla avaliar efeito adequacao gpg desfechos perinatais resultados amostra final representada 545 gestantes filhos gpg total adequado apenas 35 8 mulheres incluidas maior parte amostra ganho ponderal excessivo 37 inadequacao gpg associada resultados adversos ganho abaixo associado maior risco prematuridade or ajustada 2 57 ic95 1 06 6 19 enquanto ganho acima aumentou chance shg or ajustada 2 62 ic95 1 54 4 45 recem_nascidos gig or ajustada 1 88 ic95 1 08 3 29 ocorrencia macrossomia recem_nascido pig entretanto apresentaram resultados significativos associados ganho_peso inadequado or ajustada 1 79 ic95 0 66 4 86 or ajustada 1 96 ic95 0 78 4 97 respectivamente conclusao mulheres dmg gpg insuficiente associado maior chance prematuridade gpg excessivo associado maior chance shg recem_nascido gig palavras chave gestantes ganho_peso diabetes gestacional resultado gravidez cuidado pre_natal,2710
28,"sod, gpx, estresse_oxidativo, peroxidacao, glutationa, oxidativo, catalase, cat, shr, superoxido_dismutase",d glucanas levedura polissacaridivasoros constituidas esqueleto linear central unidades glicose ligadas posicao 1 3 cadeias laterais unidas ligacoes 1 6 polimeros importantes modificadores resposta biologica possuem diversos efeitos biologicos beneficos saude grande interesse derivados principalmente forma carboximetilada demonstra acao antioxidante imunoestimulante antiplaquetaria moduladora funcao vascular entretanto acao sobre funcao cardiovascular ainda pouco compreendida principalmente hipertensao diante disso estudo buscou investigar quais efeitos carboximetilglucana cmg saccharomyces cerevisiae sobre pressao_arterial funcao vascular modulacao autonomica atividade plaquetaria estresse_oxidativo animais espontaneamente hipertensos shr ratos machos shr controles normotensos wistar kyoto wky distribuidos grupos wky controle wky ct wky cmg 60 mg kg shr controle shr ct shr cmg 20 mg kg shr cmg 60 mg kg animais tratados durante quatro semanas doses 20 60 mg kg via_oral controles receberam solucao salina final tratamento avaliados ganho_peso parametros_bioquimicos niveis pressoricos sensibilidade barorreflexo participacao tonus simpatico seguida animais eutanasiados testes reatividade vascular avaliacao agregacao plaquetaria analises histologica morfometrica capacidade_antioxidante resultados mostraram tratamento cmg reduziu ganho_peso grupo shr cmg 60 mg kg alterou perfil_lipidico funcao_renal reducao ureia apenas grupo shr cmg 60 mg kg observado reducao significativa pressao_arterial media entanto duas doses testadas promoveram reducao pressao_arterial sistolica diastolica alterar frequencia_cardiaca grupos shr ainda diminuiu hipertrofia cardiaca animais wky cmg modificou parametros cardiovasculares observado modulacao ganho barorreflexo promovendo melhora resposta animais shr cmg 60 mg kg diminuicao participacao tonus simpatico nesse grupo quanto funcao vascular observadas diferencas significativas resposta contratil induzida fenilefrina fen entanto constatada melhora resposta vasorrelaxante dependente endotelio avaliada acetilcolina ach grupos shr cmg 20 mg kg shr cmg 60 mg kg vasorrelaxamento induzido nitroprussiato sodio nps observou melhora resposta grupo wky cmg 60 mg kg estudos agregacao plaquetaria demonstraram menor agregacao plaquetaria grupo shr cmg 60 mg kg relacao shr ct induzido difosfato adenosina adp analises estresse_oxidativo mostraram apesar animais shr ct apresentarem significativamente maiores niveis especies_reativas_oxigenio ros comparados wky ct cmg capaz promover reducao ros achados sugerem cmg melhora funcao vascular animais shr demonstrando acao antihipertensiva atraves barorreflexo via modulacao tonus impatico possui propriedade antiagregante plaquetaria assim apresenta potencial estrategia manejo hipertensao_arterial,3669
28,"sod, gpx, estresse_oxidativo, peroxidacao, glutationa, oxidativo, catalase, cat, shr, superoxido_dismutase",hipertensao_arterial caracterizada niveis pressoricos elevados sustentados associados alteracoes funcionais estruturais orgaos alvo bem estabelecido aumento estresse_oxidativo hiperatividade simpatica disfuncao endotelial contribuem manutencao pressao_arterial elevada estudos previos demonstrado extrato especies hymenaea apresenta atividade_antioxidante anti inflamatoria entanto ainda elucidado efeito hymenaea pressao_arterial possiveis fatores envolvidos nesse contexto objetivo presente estudo avaliar efeito extrato hidroalcoolico casca caule hymenaea rubriflora ducke hr hac pressao_arterial modulacao autonomica estresse_oxidativo reatividade vascular ratos espontaneamente hipertensos shr estudo desenvolvido administracao dose unica intravenosa protocolo agudo tratamento diario via_oral quatros semanas protocolo cronico previamente intervencoes hr hac caraterizado quanto fenolicos totais perfil fenolico capacidade_antioxidante protocolo agudo ratos machos shr normotensos wistar kyoto wky receberam doses unicas hr hac 2 5 5 15 30 60 mg kg i v presenca ausencia atropina propranolol mensuradas pressao_arterial media pam frequencia_cardiaca fc ensaios in vitro hr hac 0 1 729 g ml aplicado aneis aorta endotelio funcional pre incubados tea 4 ap glib protocolo cronico shr wky tratados hr hac 100 200 mg kg veiculo via_oral vez dia final tratamento mensurados pressao_arterial pa modulacao autonomica estresse_oxidativo reatividade vascular agentes relaxantes contrateis aorta trabalho aprovado comissao etica uso animais universidade federal paraiba n° 117 2016 hr hac apresentou alta concentracao fenolicos totais 14 compostos_fenolicos identificados capacidade_antioxidante resultado administracao aguda shr hr hac 2 5 5 15 30 60 mg kg induziu hipotensao 7 9+ 0 7 8 9+ 1 5 9 4+ 1 4 13 7+ 1 7 28 5+ 4 3 respectivamente bradicardia wky reducao pam similar shr modificacoes fc atropina atenuou significativamente reducao pam fc shr doses cumulativas hr hac induziram relaxamento endotelio independente aorta shr emax = 88 8 + 3 8 reduzido tea emax = 36 6 + 4 5 p < 0 001 4 ap emax = 53 6 + 8 9 p < 0 004 wky relaxamento emax = 64 8 + 3 5 dependente endotelio tratamento cronico dose 200 mg kg hr hac resultou menor pa media 163 9 + 2 4 mmhg vs 184 5 + 1 2 mmhg p < 0 0001 sistolica 190 7 + 4 3 mmhg vs 232 1+ 2 2 mmhg p < 0 0001 shr tratados comparacao shr controle dose ainda promoveu atenuacao resposta contratil fenilefrina melhoria potencia relaxante acetilcolina reducao peroxidacao lipidica aumento capacidade_antioxidante_total menor balanco autonomico shr tratados relacao shr controle dose 100 mg kg alterou pa nenhum grupos animais atenuou reposta contratil fenilefrina melhorou potencia relaxante acetilcolina estresse_oxidativo shr tratados conclusao estudo mostra hr hac promove reducao pa tanto maneira aguda cronicamente shr alem disso induz potente vasodilatacao melhorar disfuncao endotelial estresse_oxidativo desbalanco simpatovagal importantes mecanismos patologicos envolvidos hipertensao_arterial,2382
28,"sod, gpx, estresse_oxidativo, peroxidacao, glutationa, oxidativo, catalase, cat, shr, superoxido_dismutase",ciclofosfamida utilizada tratamento cancer imunossupressor transplantes quimioterapico induz dano oxidativo aumento especies_reativas_oxigenio vitamina_c nutriente fundamental importancia organismo pois apresenta atividade_antioxidante presente estudo objetivo investigar efeitos vitamina_c sobre niveis peroxidacao lipidica glutationa reduzida tecido_hepatico camundongos imunossuprimidos ciclofosfamida estudo realizado camundongos_swiss femeas 45 dias idade animais divididos quatro grupos oito animais cada grupos grupo_controle grupo vitamina_c grupo ciclofosfamida grupo tratamento vitamina_c ciclofosfamida tratamento duracao seis dias sendo setimo eutanasia animais analises_bioquimicas peroxidacao lipidica glutationa reduzida realizadas tecido_hepatico ciclofosfamida causou aumento significativo p <0 0001 niveis peroxidacao lipidica observadas alteracoes significativas grupos tratados vitamina_c interacao vitamina_c ciclofosfamida ciclofosfamida alterou niveis glutationa reduzida vitamina_c causou reducao nivel glutationa reduzida relacao controle tanto animais receberam ciclofosfamida quanto controle interacao vitamina_c ciclofosfamida quimioterapico intensificou diminuicao glutationa reduzida provocada vitamina_c ciclofosfamida dose periodo utilizado capaz induzir dano oxidativo verificado aumento peroxidacao lipidica vitamina_c dose 50 mg kg peso apresentou potencial proteger contra dano oxidativo provocado quimioterapico,1195
29,"idosos, fragilidade, envelhecimento, idoso, idosas, idosos_institucionalizados, pessoas_idosas, incapacidade, populacao_idosa, cognitivo",hoje queda questao saude_publica mundial gerando grande impacto social principalmente paises desenvolvimento brasil alto custo mesma proporciona alem lesoes fraturas ficam sequelas vao perdurar resto vida diminuicao capacidade_funcional depressao baixa autoestima isolamento social estudo objetivo identificar prevalencia fatores_associados risco quedas idosos municipio cuiaba mt amostra composta 387 idosos 65 anos ambos_sexos residentes municipio cuiaba mt avaliados marco 2009 marco 2010 meio questionario socioeconomico questionario auto relatado sobre quedas historico atividades instrumentais vida diaria auto eficacia queda fesi saude fisica percebida avaliacao capacidade_funcional estado_nutricional medidas_antropometricas short physical performance battery sppb teste fisicos preensao palmar equilibrio unipodal calculadas prevalencias porcentagens fatores socios demograficos idosos historico quedas avaliar associacao queda demais variaveis qualitativas realizou teste parametrico qui_quadrado 95 significancia frequencias esperadas teste_qui_quadrado apresentaram valor esperado menor 5 utilizado teste_exato_fisher nivel significancia 95 associacao quedas demais variaveis quantitativas utilizado teste parametrico wilcoxon mann_whitney nivel significancia 95 meio analise estatistica observou apenas 16 idosos sofreram queda ultimo ano sendo genero feminino 2 09 vezes maior possibilidade queda idade acima 75 anos 1 87 vezes maior risco queda relacao testes fisicos apenas equilibrio unipodal esquerdo associacao quedas conclui existem muitas variaveis associadas risco quedas tornando complexo trabalho preventivo ainda prevalencia aumenta idade atinge principalmente sexo_feminino diante disso pratica exercicio_fisico torna melhor ferramenta modular alteracoes ocorridas processo envelhecimento ainda normas tecnicas acessibilidade precisam ser cumpridas modo reduzir isolamento riscos quedas desfechos graves obito populacao_idosa,1680
29,"idosos, fragilidade, envelhecimento, idoso, idosas, idosos_institucionalizados, pessoas_idosas, incapacidade, populacao_idosa, cognitivo",brasil populacao envelhecido ritmo acelerado sendo importante compreender caracteristicas processo envelhecimento submetem organismo alteracoes repercussoes sobre condicoes saude nutricao idoso especialmente residem instituicoes admissao individuo instituicoes longa permanencia idosos ilpis impoe alteracoes rotina sobretudo area alimentacao pode fragilizar estado_nutricional idoso ultimos anos sido desenvolvidos instrumentos permitem avaliar estado_nutricional idosos mini avaliacao_nutricional man utilizada avaliar grupo etario mundo finalidade identificar idosos desnutridos risco desnutricao objetivo avaliar estado_nutricional fatores_associados idosos residentes ilpis cidade salvador segundo man metodologia estudo_transversal realizado 296 idosos residentes 13 ilpis aplicado questionario padronizado alem man mini exame estado mental meem escala geriatrica depressao egd 15 escala atividades vida diaria avds analise dados envolveu alem estatisticas descritivas testes_t student qui_quadrado pearson exato fisher calculo correlacao variaveis continuas utilizado coeficiente correlacao_pearson calculadas razoes prevalencia rp brutas ajustadas segundo regressao_poisson intervalos confianca 95 resultados maior parte idosos 67 5 desnutrida risco desnutricao man correlacionou meem r=0 459 p=0 000 escala avds r=0 555 p=0 000 escore egd 15 r= 0 201 p=0 004 idade r= 0 115 p=0 049 analise multivariada apenas capacidade_funcional avds apresentou rp estatisticamente significante conclusao desnutricao risco desnutricao condicoes ocorrencia expressiva idosos avaliados escolaridade consumo alcool capacidade cognitiva capacidade_funcional associaram estado_nutricional entanto ultima variavel apresentou maior correlacao estado_nutricional observado individuos dependentes parcialmente dependentes realizacao avds desnutridos risco individuos independentes resultados obtidos sugerem necessidade abordagem interdisciplinar contexto institucionalizacao sentido melhorar saude qualidade_vida idoso,668
29,"idosos, fragilidade, envelhecimento, idoso, idosas, idosos_institucionalizados, pessoas_idosas, incapacidade, populacao_idosa, cognitivo",fragilidade condicao vem ganhando destaque literatura mundial sobre envelhecimento associada elevado risco desfechos adversos saude declinio capacidade_funcional cognitiva objetivo identificar prevalencia fragilidade associacao estado cognitivo capacidade_funcional idosos_institucionalizados metodo estudo_transversal realizado pessoas_idosas residentes instituicoes longa permanencia idosos ambos_sexos duas cidades brasileiras definicao fragilidade utilizado fenotipo fried et al 2001 avalia 5 criterios perda_peso intencional fadiga autorreferida diminuicao forca reducao velocidade marcha baixo nivel atividade_fisica estado cognitivo avaliado atraves mini exame estado mental meem capacidade_funcional meio indice katz coletados variaveis saude sociodemograficas antropometricas atividade_fisica caracterizacao amostra resultados participaram 73 idosos sendo maioria sexo_feminino 63 47 9 idosos longevos 32 1 apresentaram baixo_peso 68 3 dependentes funcionalmente 54 8 apresentaram declinio cognitivo prevalencia fragilidade 57 5 modelo regressao_poisson ajustado idade tempo institucionalizacao apresentou associacao positiva estado cognitivo rp=1 90 ic 1 17 3 06 capacidade_funcional rp=2 97 ic 1 18 3 11 conclusao resultados mostraram alta prevalencia fragilidade associacao incapacidade funcional declinio cognitivo idosos residentes instituicoes,3781
30,"iid, rce, cintura, tav, roc, indicadores_antropometricos, corte, braco, imc, rcq",existem diversos metodos estimativa composicao_corporal dentre tecnicas utilizadas destacam antropometria bioimpedancia_eletrica alcoolistas antropometria utilizados avaliar deficit nutricional objetivo comparar composicao_corporal estimada metodos antropometricos bioimpedancia_eletrica aplicados pacientes alcoolistas metodos trata estudo_transversal 109 individuos sexo_masculino idades 20 69 anos composicao indices corporais avaliados antropometria bioimpedancia indice_massa_corporal pregas cutaneas percentual_gordura indice musculo_esqueletico existencia correlacao metodos avaliada coeficiente correlacao_pearson nivel concordancia medido atraves coeficiente kappa resultados correlacoes metodos estatisticamente significantes correlacao positiva indice musculo_esqueletico indice_massa_corporal area muscular braco corrigida musculo adutor polegar sendo correlacao forte encontrada indice_massa_corporal relacao percentual_gordura correlacao forte encontrada prega cutanea bicipital conclusao correlacao positiva indicadores avaliacao composicao_corporal derivados bioimpedancia indicadores_antropometricos porem concordancia metodos considerada fraca,1426
30,"iid, rce, cintura, tav, roc, indicadores_antropometricos, corte, braco, imc, rcq",estudo objetivou analisar diferentes sitios anatomicos regiao abdominal determinar parametro posicional identifica maior concentracao tecido_adiposo visceral tav confere maior risco_cardiometabolico trata estudo metodologico envolvendo profissionais adultos ambos_sexos hospital publico realizado 2020 tav avaliado ultrassonografia tres sitios anatomicos abdominais circunferencia_abdominal ca mensurada utilizando sete protocolos distintos incluidos 106 individuos mediana idade 42 36 8 46 2 anos avaliacao calibracao intra interavaliadores procedimento ultrassonografico analise tav evidenciou alta reprodutibilidade padrao distribuicao gordura_abdominal apresentou diferenca sexos maiores medias tav sexo_masculino p<0 05 maiores medias tas sexo_feminino p<0 005 observou varredura abdominal mulheres maior concentracao tav menor concentracao tas regiao estreita crista iliaca ultima costela p<0 001 sexo_masculino perfil disposicao adiposa longo abdomen mostrou uniforme p>0 05 correlacoes tav mensurado usg parametros cardiometabolicos relativamente fortes regioes superiores abdomen p<0 05 conclusao mulheres concentram tav regiao abdominal estreita homem concentracao tav manteve disposta uniformemente longo abdomen relativa superioridade predicao risco_cardiometabolico regiao superior abdomen ambos_sexos,3719
30,"iid, rce, cintura, tav, roc, indicadores_antropometricos, corte, braco, imc, rcq",acumulo gordura regiao abdominal caracterizado principalmente excesso tecido_adiposo visceral tav considerado preditor mortalidade pratica clinica estudos_epidemiologicos excesso gordura_abdominal avaliado mensuracao perimetro_cintura apesar medida perimetro_cintura pc ser simples pode ser aferida qualquer porcao tronco decima costela parte superior iliaco depender protocolo adotado presente estudo objetivo investigar associacao medidas perimetros realizadas diferentes porcoes regiao abdominal tav adultos_idosos utilizados dados_secundarios projetos realizados laboratorio avaliacao_nutricional funcional uff incluiram medicao massa_corporal estatura perimetros localizados regiao abdominal p1 p2 p3 determinacao quantidade massa_gorda mg tav regiao androide tecido_adiposo subcutaneo total tast realizada meio absorciometria raio x dupla energia dxa realizadas analises estatisticas descritivas variaveis quantitativas variaveis qualitativas analise correlacao_pearson avaliar associacoes medidas perimetro tav tast desenvolvidos modelos regressao_linear generalizados utilizado pacote estatistico r valores p<0 05 considerados significativos incluidos estudo 723 participantes sendo 450 mulheres 62 273 homens 38 media idade 57 1 + 17 8 anos prevalencia excesso_peso participantes 62 4 observadas associacoes positivas significativas perimetros localizados regiao abdominal quantidade gordura_visceral independentemente local afericao perimetro porem forca associacao pc tav modificada funcao idade estado_nutricional medidas p1 p2 apresentaram boa correlacao tav grupos classificados adequado sobrepeso obesidade cujos coeficientes variaram 0 719 0 768 grupo baixo_peso correlacoes menores sendo 0 347 p1 0 199 p2 mulheres homens medidas perimetro_cintura localizadas parte estreita tronco medida realizada ponto medio ultima costela palpavel topo crista iliaca consideradas melhores preditoras gordura_visceral explicando variacao torno 3 4 tav unidade pc,5046
31,"simbiotico, microbiota_intestinal, intestinal, microbiota, disbiose, permeabilidade_intestinal, yacon, firmicutes, colon, bifidobacterium",milho preto zea mays l considerado tipo milho colorido possui distintas coloracoes dependendo composicao_quimica durante ultimos anos milhos coloridos sido alvo pesquisas cientificas devido presenca compostos_bioativos milho preto considerado fonte antocianinas quais pigmentos soluveis agua responsaveis coloracao preta roxa antocianinas consideradas subclasse grupo flavonoides consumo associado efeitos beneficos saude vez demonstram efeito antioxidante anti_inflamatorio alem modular funcao intestinal entanto antocianinas apresentam efeito distinto dependendo origem matriz alimentar isolada forma extrato milho preto to 002 pertence banco germoplasma ativo embrapa apresentou composicao promissora compostos_fenolicos antocianinas entanto efeitos biologicos deste genotipo in vivo ainda testados assim hipotese considera milho preto efeito promotor saude adipogenese inflamacao estresse_oxidativo funcao intestinal objetivos revisar maneira critica efeitos_suplementacao antocianinas parametros intestinais estudos animais artigo 1 avaliar efeitos farinha integral milho preto associada dieta_hiperlipidica adipogenese inflamacao estresse_oxidativo modulacao funcao intestinal artigos 2 3 investigar efeitos extrato soluvel milho preto funcionalidade intestinal morfologia microbiota in vivo artigo 4 analisar efeitos extrato rico antocianinas milho preto funcionalidade intestinal morfologia microbiota in vivo artigo 5 assim objetivo geral deste trabalho investigar efeito milho preto zea mays l adipogenese inflamacao estresse_oxidativo saude_intestinal modelo animal metodos artigo 1 revisao_sistematica artigos analisados seguindo protocolo prisma busca dados realizada pubmed cochrane scopus estudos experimentais avaliaram suplementacao antocianina parametros intestinais estudos originais artigos 2 3 trinta camundongos_c57bl 6 machos adultos divididos randomicamente 3 grupos n=10 grupo nc controle normal  dieta ain 93 m hf dieta_hiperlipidica hfc dieta_hiperlipidica + farinha integral milho preto 20 recebendo dietas 8 semanas funcao intestinal avaliada conteudo ceco final experimento composicao microbiota_intestinal avaliada sequenciamento gene ribossomico 16s artigo 4 experimento biologico conduzido tecnica metodologica intra amniotica gallus gallus ovos divididos 4 grupos n= 6 10 grupo administracao administracao 18 mo h2o 5 extrato soluvel milho preto bcse 15 bcse administracao intra amniotica realizada dia 17 incubacao embrionaria coleta amostras avaliacao funcionalidade intestinal morfologia microbiota_intestinal realizadas apos eclosao dia 21 artigo 5 experimento biologico conduzido tecnica metodologica intra amniotica gallus gallus ovos divididos 4 grupos n= 8 grupo administracao administracao 18 mo h2o 5 extrato rico antocianinas milho preto bce cianidina 3 glicosideo c3g administracao intra amniotica realizada dia 17 incubacao embrionaria coleta amostras avaliacao funcionalidade intestinal morfologia microbiota_intestinal realizadas apos eclosao dia 21 resultados artigo 1 27 estudos modelos animais incluidos revisao_sistematica suplementacao antocianinas promoveu enriquecimento abundancia bacteroidetes diminuicao firmicutes alem disso melhorou producao acidos_graxos_cadeia_curta agcc resultou menor ph permeabilidade_intestinal aumento celulas caliciformes cc expressao proteinas juncao melhorias morfologia vilosidades artigo 2 3 animais alimentados dieta hfc melhoraram capacidade_antioxidante_total demonstraram menor adipogenese mostrando diminuicao numero comprimento adipocitos menor expressao sterol regulatory element binding protein 1c srebp 1c receptor ativado proliferador peroxissoma g pparg consumo hfc demonstrou promover oxidacao hepatica meio reducao expressao_genica hepatica srebp 1c acetil coa carboxilase 1 alem disso ingestao hfc preveniu alteracoes funcao intestinal ocasionados dieta hiper lipidica animais alimentados dieta hfc apresentaram maior abundancia generos ruminococcus roseburia provotellacea ucg 001 menor abundancia generos bacteroides faecalibaculum modificacoes observadas alteracoes producao agcc aumento proliferacao celulas caliciformes artigo 4 administracao intra amniotica bcse 5 15 demonstrou efeito anti_inflamatorio menor expressao_genica biomarcador inflamatorio duodenal fator necrose_tumoral alfa tnf interleucina_6 il6 fator nuclear transcricional kappa beta nf b alem disso bcse aumentou abundancia relativa coli clostridium cecal melhorou morfologia duodenal aumentando numero tamanho gc numero celulas paneth ainda bcse demonstrou potencial melhorar integridade barreira fisica regulando positivamente expressao_genica proteina quinase ativada amp ampk fator transcricao caudal related homeobox 2 cdx2 artigo 5 administracao intra amniotica bce demonstrou aumentar abundancia relativa generos bifidobacterium clostridium diminuir abundancia coli bce manteve inalterado biomarcadores inflamacao intestinal funcionalidade alem disso morfologia duodenal mantida semelhante controle apos administracao intra amniotica bce conclusao milho preto demonstrou exercer efeito benefico in vivo atuando componente anti_inflamatorio antioxidante modulando funcao intestinal assim milho preto deve ser considerado fonte potencial antocianinas componentes fenolicos comprovado efeito benefico,4369
31,"simbiotico, microbiota_intestinal, intestinal, microbiota, disbiose, permeabilidade_intestinal, yacon, firmicutes, colon, bifidobacterium",chia possui composicao potencial promover alteracoes intestino favorecem funcionalidade morfologia microbiota objetivo avaliar propriedades funcionais farinha chia proteina hidrolisada fenolicos microbiota_intestinal saude_intestinal in vivo metodologia realizados quatro experimentos primeiro 32 ratos_wistar_machos receberam seguintes dietas 5 semanas padrao sd sd+chia dieta_hiperlipidica hfd hfd+chia segundo 64 ratas wistar femeas receberam dieta sd hfd 7 semanas 32 ratas ovariectomizadas ovx enquanto 32 ratas submetidas cirurgia remocao ovario sham apos 3 semanas recuperacao ratas divididas receberam seguintes dietas 8 semanas sd sd+chia hfd hfd+chia grupos ovx sham microbiota_intestinal acidos_graxos_cadeia_curta agcc producao iga ph intestinal histomorfometria funcionalidade membrana borda escova analisados realizada revisao_sistematica acordo diretrizes prisma responder pergunta como peptideos bioativos derivados alimentos podem impactar saude_intestinal mediadores inflamatorios in vivo  terceiro quarto experimentos conduzidos in ovo terceiro 45 ovos ferteis gallus gallus divididos injetados 18moh20 10mg ml proteina chia hidrolisada 1 10mg ml proteina chia hidrolisada+106 ufc lacticaseibacillus paracasei 106 ufc lacticaseibacillus paracasei quarto 27 ovos ferteis divididos injetados 18moh20 10mg ml 1 extrato fenolico chia apos eclosao animais eutanasiados analise composicao microbiota_intestinal morfologia expressao_genica relacionada funcionalidade inflamacao barreira intestinal resultados artigo 1 farinha chia ratos machos aumentou agcc melhorou camada muscular circular diversidade abundancia bacterias afetadas riqueza aumentou proteinas associadas funcionalidade intestinal reguladas negativamente artigo 2 ratas ovx farinha chia aumentou acidos acetico butirico diminuiu ph conteudo cecal aumentou camadas musculares espessura criptas riqueza microbiota diminuiu diversidade melhorou expressao ap si artigo 3 ratas sham farinha chia aumentou acidos acetico butirico grupo sd acido propionico grupo hfd diminuiu ph conteudo cecal reduziu concentracao iga grupo hfd+chia aumentou riqueza diversidade microbiana grupo sd+chia aumentou expressao_genes si ap diminuiu sglt1 pept1 artigo 4 revisao_sistematica destacou potenciais efeitos positivos peptideos bioativos inflamacao saude_intestinal artigo 5 proteina hidrolisada regulou negativamente expressao_genica tnf aumentou ocln muc2 ap reduziu bifidobacterium aumentou lactobacillus melhorou morfologia intestinal artigo 6 extrato fenolico reduziu tnf aumentou expressao gene si profundidade cripta manteve altura vilosidades reduziu bifidobacterium coli diametro celulas paneth conclusao chia pode ser considerada alimento potencial biologico melhorar saude_intestinal efeitos demonstrados diferentes fracoes semente,4375
31,"simbiotico, microbiota_intestinal, intestinal, microbiota, disbiose, permeabilidade_intestinal, yacon, firmicutes, colon, bifidobacterium",cancer colorretal ccr terceiro tipo cancer diagnosticado mundo consumo prebioticos modula microbiota sistema imune intestinal promovendo melhora ccr yacon smallanthus sonchifolius fonte conhecida prebioticos frutooligossacarideos fos inulina compostos_fenolicos beneficos microbiota_intestinal modulacao resposta imune intestinal porem mecanismos regulatorios ainda permanecem pouco claros hipotese suplementacao dietetica produto base yacon pby poderia modular microbiota_intestinal aumentando concentracao acidos_graxos_cadeia_curta agcc fecal resposta imune intestinal modificando populacao linfocitos fatores transcricao resposta imune adaptativa colon camundongos portanto estudo objetivo investigar efeitos consumo pby sobre caracteristicas intestinais fecais sobre perfil resposta imune intestinal camundongos balb c sadios induzidos carcinogenese colorretal lesoes pre neoplasicas induzidas camundongos balb c machos meio injecao intraperitoneal 1 2 dimetil hidrazina 20mg kg peso_corporal semana 8 semanas apos inducao animais divididos dois grupos receberam dieta controle ain 93m grupo dc n = 19 dieta pby ain 93m suplementada pby 6 0 fos + inulina grupo dy n = 17 8 semanas paralelamente camundongos sadios induzidos lesoes pre neoplasicas divididos dois grupos receberam dieta pby grupo cc n = 16 dieta controle grupo cy n = 18 8 semanas camundongos sadios verificamos consumo pby reduziu ingestao_alimentar melhorou umidade viscosidade fecal intensificou concentracao fecal acidos_graxos acetico propionico butirico isovalerico valerico caproico aumentou numero celulas t reguladoras treg regulou negativamente expressao fator transcricao rorgt colon camundongos induzidos dieta pby eficaz reducao numero focos criptas aberrantes fca colon porem promoveu reducao ph fecal aumentou umidade viscosidade fezes aumentou concentracao acidos_graxos formico acetico propionico butirico valerico fezes modulou expressao fatores transcricao intestino reduzindo foxp3 aumentando rorgt t bet ultimo ligado controle melhor prognostico ccr sugere pby durante estagios iniciais carcinogenese colorretal possa contribuir integridade mucosa promovendo aumento agcc fecal modulacao resposta imune colon favorecendo reducao risco lesoes neoplasicas alem disso pode inferir consumo pby camundongos sadios possa auxiliar regulacao saciedade melhora transito intestinal manutencao integridade tecidos intestinais aumento diferenciacao celulas treg meio regulacao negativa expressao rorgt reduzindo consequentemente processos inflamatorios colon,2619
32,"linhaca, chia, oleo, oleo_coco, virgem, oleo_chia, frutose, ain, interesterificada, oleos",epilepsia disturbio neurologico cronico afeta pessoas todos paises mundo caracterizado crises epilepticas recorrentes reacoes fisicas aparecimento subito geralmente breve descargas eletricas excessivas grupos celulas situados diferentes regioes cerebro robustas evidencias associam quadro status epilepticus infancia desenvolvimento posterior epilepsia status epilepticus estado agudo caracterizado unica crise epileptica prolongada duracao maior igual 30 minutos repetitivas crises epilepticas menor duracao haver entanto recobramento consciencia intervalos maioria pessoas acometidas epilepsia tratada forma adequada alcanca controle satisfatorio crises convulsivas entretanto aproximadamente 30 individuos afetados respondem terapia medicamentosa chamadas drogas antiepilepticas necessidade imprescindivel afirmacao outras opcoes terapeuticas estimulacao nervo vago cirurgia dieta_cetogenica presente dissertacao destaca importancia dieta_cetogenica contexto epilepsia farmacorresistente revisao_literatura averigua efeito diferentes fontes lipidicas proporcoes cetogenicas sobre status epilepticus induzido pilocarpina ratos_wistar inicialmente apresentado capitulo revisao intitulado dieta_cetogenica controle prevencao crises epilepticas reune informacoes literatura_cientifica acerca utilizacao dieta_cetogenica rica triglicerideos cadeia media especialmente exemplo oleo_coco trienantina tratamento medicamentoso alternativo epilepsia dificil controle status epilepticus sequencia artigo original intitulado efeitos dieta_cetogenica base oleo_coco trienantina sobre status epilepticus induzido injecao intraperitoneal pilocarpina ratos trata estudo_experimental investigou repercussao consumo dieta_cetogenica rica oleo soja triglicerideos cadeia media base oleo_coco trienantina prevencao controle crises epilepticas embora pouco conclusivos resultados aqui alcancados permitem atribuir provavel efeito protetor dietas cetogenicas sobre quadro status epilepticus apresentado animais,318
32,"linhaca, chia, oleo, oleo_coco, virgem, oleo_chia, frutose, ain, interesterificada, oleos",regulacao metabolismo_lipidico fundamental homeostase organismo principais fatores transcricao envolvido neste processo receptor ativado proliferadores peroxissoma alfa ppar 945 diversas moleculas capazes ativa lo incluindo acidos_graxos polinsaturados omega_3 alguns peixes salmao boas fontes alimentares omega_3 portanto objetivo estudo investigar efeito consumo oleo salmao expressao gene ppar 945 concentracao triglicerideos sericos hepaticos ratos realimentados dieta rica frutose apos jejum prolongado utilizados 31 ratos machos linhagem wistar peso aproximado 180 200 g animais mantidos gaiolas individuais distribuidos aleatoriamente quatro grupos grupo_controle gc n=8 grupo frutose gf n=7 grupo oleo salmao i gsfi n=8 grupo oleo salmao ii gsfii n=8 apos periodo adaptacao grupos experimentais receberam sete dias dieta oleo salmao fonte lipidica seguida mantidos jejum durante 48 horas realimentados dieta rica frutose 24 horas grupo gsfii difere gsfi ter recebido dieta oleo salmao antes apos realimentacao frutose racoes experimentais preparadas segundo recomendacoes american institute of nutrition dieta ain 93g final 17 dias experimento animais sacrificados decapitacao coletadas amostras sangue tecido_hepatico analises_bioquimicas moleculares tecido_adiposo epididimal retroperitoneal removido pesado comparacao grupos dados analisados meio software stata 11 0 considerando estatisticamente significativo valor p<0 05 teste estatistico comparacao grupos teste anova kruskall wallis dependendo caracteristicas variavel desfecho pos teste bonferroni dieta rica frutose capaz aumentar gordura hepatica total animais oleo salmao efetivo reduzir efeito entanto diferenca relacao concentracao triglicerideos hepaticos influencia perfil_lipidico serico exceto fracao hdl_c apresentou reducao animais consumiram dieta rica frutose expressao gene ppar 945 apresentou diferenca grupos assim conclui neste estudo oleo salmao apresenta beneficios principalmente relacao reducao gordura_total hepatica pode contribuir melhora saude cardiovascular,737
32,"linhaca, chia, oleo, oleo_coco, virgem, oleo_chia, frutose, ain, interesterificada, oleos",regulacao metabolismo_lipidico fundamental homeostase organismo principais fatores transcricao envolvido neste processo receptor ativado proliferadores peroxissoma alfa ppar diversas moleculas capazes ativa lo incluindo acidos_graxos polinsaturados omega_3 alguns peixes salmao boas fontes alimentares omega_3 portanto objetivo estudo investigar efeito consumo oleo salmao expressao gene ppar concentracao triglicerideos sericos hepaticos ratos realimentados dieta rica frutose apos jejum prolongado utilizados 31 ratos machos linhagem wistar peso aproximado 180 200 g animais mantidos gaiolas individuais distribuidos aleatoriamente quatro grupos grupo_controle gc n=8 grupo frutose gf n=7 grupo oleo salmao i gsfi n=8 grupo oleo salmao ii gsfii n=8 apos periodo adaptacao grupos experimentais receberam sete dias dieta oleo salmao fonte lipidica seguida mantidos jejum durante 48 horas realimentados dieta rica frutose 24 horas grupo gsfii difere gsfi ter recebido dieta oleo salmao antes apos realimentacao frutose racoes experimentais preparadas segundo recomendacoes american institute of nutrition dieta ain 93g final 17 dias experimento animais sacrificados decapitacao coletadas amostras sangue tecido_hepatico analises_bioquimicas moleculares tecido_adiposo epididimal retroperitoneal removido pesado comparacao grupos dados analisados meio software stata 11 0 considerando estatisticamente significativo valor p<0 05 teste estatistico comparacao grupos teste anova kruskall wallis dependendo caracteristicas variavel desfecho pos teste bonferroni dieta rica frutose capaz aumentar gordura hepatica total animais oleo salmao efetivo reduzir efeito entanto diferenca relacao concentracao triglicerideos hepaticos influencia perfil_lipidico serico exceto fracao hdl_c apresentou reducao animais consumiram dieta rica frutose expressao gene ppar apresentou diferenca grupos assim conclui neste estudo oleo salmao apresenta beneficios principalmente relacao reducao gordura_total hepatica pode contribuir melhora saude cardiovascular,448
33,"dcnt, paises, custos, has, doencas_cronicas_transmissiveis, temporal, taxas, prevalencias, tendencia, saude_publica",resumo doencas_cronicas_transmissiveis dcnt principal causa morte global contribuindo mortalidade prematura perda qualidade_vida sobrecarga tanto sistemas saude quanto empresas individuos objetivo geral estimar carga doencas_cronicas_transmissiveis atribuiveis dieta rica carnes processadas populacao adulta brasileira custos financeiros diretos sistema_unico_saude brasil unidades federativas ano 2019 metodos estudo ecologico descritivo utilizados dados_secundarios estudo global burden of disease gbd 2019 brasil unidades federadas 1990 2019 taxas mortalidade dalys anos vidas perdidos ajustados incapacidade metricas utilizadas avaliar relacao espaco temporal dcnt atribuidas consumo carne processada apresentados valores absolutos taxas mortalidade dalys brutas padronizadas idade 100 000 habitantes ambos_sexos metodologia top down adotada realizou estimativa custos atribuiveis dcnt meio multiplicacao fracao atribuivel fap custos hospitalizacoes procedimentos ambulatoriais distribuidos sus tratamento dessas doencas populacao brasileira = 25 anos segundo sexo causa especifica unidades federativas tais informacoes obtidas sistemas informacao saude sus resultados dieta rica carne processada responsavel 2 54 obitos 88 74 dalys cada 100 000 habitantes brasil 2019 taxas mortalidade dalys padronizadas idade apresentaram tendencia queda anos 1990 2019 maiores taxas padronizadas mortalidade dalys estados sudeste sul 1990 estados nordeste 2019 2019 doencas contribuiram carga atribuivel dieta rica carne processada diabetes doenca isquemica coracao cancer colorretal custos hospitalizacoes procedimento ambulatoriais us$ 451 milhoes sendo gastos publico feminino masculino us$ 300 milhoes us$ 150 respectivamente cerca 67 7 us$ 305 milhoes gastos diabetes tipo ii dm2 21 7 us$ 97 milhoes doenca isquemica coracao dic 10 6 us$ 48 milhoes cancer colorretal cc estado santa catarina maior despesa pais us$ 35 977 033 79 conclusao carga dcnt atribuida dieta rica carne processada apresentou tendencia queda 1990 2019 mostrando importancia avancar enfrentamento dcnt relacionadas risco pais brasil gastou us$ 414 bilhoes hospitalizacoes dcnt atribuivel dieta rica carnes processadas 2019 sendo custos maiores mulheres tratamento dm2 populacao residente regioes sul sudeste resultados desse estudo podem nortear intervencoes direcionadas politicas economicas desincentivo consumo carnes processadas brasil,4179
33,"dcnt, paises, custos, has, doencas_cronicas_transmissiveis, temporal, taxas, prevalencias, tendencia, saude_publica",introducao alimentacao inadequada principais determinantes carga doencas_cronicas_transmissiveis dcnt brasil conhecer carga custo dcnt atribuidas alimentacao inadequada importantes melhorar qualidade_vida populacao induzir politicas eficazes beneficiem populacao sistema_unico_saude sus objetivo analisar carga dcnt atribuivel consumo acidos_graxos trans agt baixo consumo frutas_hortalicas graos integrais populacao brasileira 1990 2019 custo financeiro consumo agt sus 2019 ainda investigadas iniquidades regionais distribuicao cargas custos atribuidos acordo desenvolvimento sociodemografico estados brasileiros metodos estudo ecologico dados_secundarios carga dcnt atribuida fatores_risco alimentares populacao adulta = 25 anos obtidos estudo global burden of disease 2019 dados custos diretos sistema informacoes ambulatoriais sia sus sistema informacoes hospitalares sih sus gbd usa fracao atribuivel populacao fap estimar carga sendo utilizadas neste estudo metricas mortalidade anos vida perdidos ajustados incapacidade dalys anos vida vividos incapacidade ylds sintese exposicao risco sev indice sociodemografico sdi investigados compreender distribuicao carga atribuida estados brasileiros custos diretos sus relacionados atendimento hospitalar ambulatorial obtidos multiplicacao fap ylds custo procedimento sus valores expressos dolares internacionais 1 int$ = r$ 2 280 resultados 1990 2019 taxas mortalidade bruta padronizada idade doenca isquemica coracao dic atribuivel agt diminuiram 15 9 58 0 respectivamente pais diminuicao taxas brutas 23 3 padronizadas 56 4 dalys observada estados sul sudeste distrito federal maiores declinios dic enquanto nordeste norte menores aumento menor sev sdi alto relacionaram menores cargas dic dic atribuivel consumo agt resultou 11 165 ylds total int$ 54 546 227 r$ 124 4 milhoes gasto sus 2019 devido dic atribuiveis agt maiores custos observados sergipe seguido dois estados sul geral medida sdi aumenta despesas aumentam relacao consumo frutas_hortalicas graos integrais populacao brasileira baixo consumo maiores taxas padronizadas idade dcnt atribuivel agt encontradas alimentacao insuficiente graos integrais 14 4 100 000 seguido alimentacao insuficiente hortalicas 7 6 100 000 frutas 5 0 100 000 respectivamente ranking semelhante observado todos estados brasileiros populacao estados nordeste norte apresentou menor sdi maiores taxas dcnt atribuiveis alimentacao insuficiente frutas_hortalicas graos integrais conclusao alimentacao elevada agt insuficientes frutas_hortalicas graos integrais contribuem substancialmente carga doenca custos sus brasil especialmente estados menor nivel socioeconomico alem disso achados reforcam importancia politicas alimentares reduzir carga doenca populacao brasileira,4749
33,"dcnt, paises, custos, has, doencas_cronicas_transmissiveis, temporal, taxas, prevalencias, tendencia, saude_publica",introducao consumo bebidas_acucaradas principais marcadores padrao_alimentar saudavel principais fatores_risco doencas_cronicas_transmissiveis dcnts nesse sentido estudo objetivou estimar carga financeira saude dcnts atribuiveis consumo bebidas_acucaradas populacao brasileira 2019 mudanca anos 1990 2019 sexo unidade federativa uf metodos trata estudo ecologico descritivo utilizacao dados_secundarios obtidos partir global burden of disease study gbd 2019 departamento informatica sistema_unico_saude datasus brasil carga estimada fracao atribuivel populacional fap cada dcnt metricas utilizadas anos vida perdidos ajustados incapacidade daly obtidos partir soma anos vida perdidos morte prematura yll anos vida perdidos devido incapacidade yld obitos valores custos financeiros obtidos multiplicacao custos totais procedimentos alta media complexidade cada desfecho fap cada metrica taxas bruta padronizada idade respectivos intervalos incerteza iis 95 apresentados resultados 2019 consumo ssb causou perda 233 436 09 ii95 157 094 89  302 483 29 daly 7 657 9 ii95 5 131 26  9 795 68 obitos dcnts brasil sendo valores maiores homens 132 424 55 dalys ii95 89 539 63  172 635 4 174 36 obitos ii95 2 871 55 5 308 56 mulheres carga reduziu periodo 1990 2019 diminuicao mudancas percentuais taxas padronizadas idade daly mortalidade diabetes_mellitus_tipo_2 dm 2 doencas isquemicas cardiacas dics principais desfechos relacionados consumo bebidas_acucaradas estimativas yld maiores dm 2 enquanto yll superiores dics quanto custos financeiros 2019 cerca us$14 milhoes gastos tratamento alta media complexidades dcnts atribuidas consumo bebidas_acucaradas sistema_unico_saude sus sendo gasto elevado sexo_masculino regioes sudeste sul conclusao embora observado tendencia reducao impacto consumo bebidas_acucaradas carga saude dcnts brasil ufs cenario apresenta marcado disparidades regionais ainda alta carga saude populacao custos financeiros servicos_saude deste modo resultados deste trabalho implicam urgencia implantacao acoes politicas articuladas reducao consumo bebidas_acucaradas tanto ambito nacional estadual,4178
34,"sindrome_metabolica, risco_cardiovascular, ldl_c, hdl_c, pressao_arterial, dcv, colesterol_total, cardiovasculares, triglicerideos, homa_ir",introducao acido_urico au produto final metabolismo purinas concentracoes elevadas considerado fator risco diferentes doencas porem infancia adolescencia existem poucos estudos avaliam relacao acido_urico alteracoes cardiometabolicas objetivo estudo avaliar niveis acido_urico criancas_adolescentes relacao variaveis risco_cardiometabolico metodos trata estudo_transversal 791 criancas_adolescentes 6 18 anos ambos_sexos variaveis antropometricas analisadas estatura peso perimetro_cintura pc percentual gordura_corporal gc indice_massa_corporal imc medidas hemodinamicas pressao_arterial sistolica diastolica velocidade onda pulso carotida femoral vop cf sangue medidos acido_urico glicose colesterol_total ct lipoproteina_alta_densidade hdl_c lipoproteina_baixa_densidade ldlc colesterol hdl hdlc maturacao_sexual classificada escala tanner pre pubere estagio i pubere estagio ii iii iv v utilizou teste t student analise variancia seguida teste_tukey comparar diferenca medias teste_qui_quadrado proporcoes analises realizadas teste correlacao_pearson regressao_linear nivel significancia estabelecido p<0 05 resultados amostra composta 56 4 n=446 meninos 43 6 n=345 meninas media idade 11 3 + 2 7 anos media acido_urico amostra 3 99 + 1 04 mg dl sexo puberdade influenciaram valores acido_urico sendo elevado meninos puberes p<0 05 variaveis apresentaram correlacoes fortes acido_urico ambos_sexos peso pc p<0 001 meninos variaveis mantiveram associadas acido_urico percentil imc =0 006 pc =0 047 pressao_arterial sistolica =0 041 diastolica =0 010 vop cf =0 238 p<0 05 meninas associados au percentil imc =0 009 pc =0 036 gc =0 030 hdlc = 0 012 triglicerideos =0 004 p<0 05 conclusao acido_urico serico apresenta distribuicao diferente sexos relacao estagio maturacao_sexual meninas variaveis antropometricas variaveis perfil_lipidico associadas acido_urico meninos alem variaveis antropometricas pressao_arterial vop associada acido_urico dessa forma dados demonstram associacao niveis acido_urico serico alteracoes cardiometabolicas sendo importante utilizacao novos marcadores risco acido_urico controle investigacao dessas alteracoes saude populacao,2977
34,"sindrome_metabolica, risco_cardiovascular, ldl_c, hdl_c, pressao_arterial, dcv, colesterol_total, cardiovasculares, triglicerideos, homa_ir",doencas_cardiovasculares consideradas mundialmente problema saude_publica fatores_risco cardiovasculares podem originar infancia estendendo adolescencia idade adulta associam marcadores_inflamatorios dentre leucocitos objetivou avaliar condicoes nascimento relacao leucograma situacoes nutricionais composicao_corporal riscos cardiovasculares tres fases adolescencia trata estudo_transversal realizado 676 adolescentes subamostra 1 475 10 19 anos ambos_sexos selecionados escolas municipio vicosa minas gerais adolescentes divididos fases desenvolvimento inicial 10 13 anos intermediaria 14 16 anos final 17 19 anos classificados acordo estado_nutricional composicao_corporal eutroficos b excesso gordura c excesso_peso gordura_corporal estudo composto duas etapas primeira avaliou estado_nutricional composicao_corporal perfil_bioquimico adolescentes segunda buscou dados relacionados variaveis nascimento desses adolescentes prontuarios maternos hospitais municipio adolescencia avaliado peso estatura perimetro_cintura perimetro quadril calculou razoes indice_massa_corporal relacao cintura estatura indice adiposidade_corporal avaliacao composicao_corporal realizada bioimpedancia_eletrica vertical oito eletrodos tateis inbody 230 R avaliou hemograma completo perfil_lipidico acido_urico glicemia insulina modelo homeostatico avaliacao resistencia_insulina homa_ir contagem leucocitos pressao_arterial sistolica diastolica alem caracteristicas autorrelatadas estilo_vida historia familiar doencas_cardiovasculares estudo aprovado comite etica pesquisas seres_humanos universidade federal vicosa processo n°163 20129 resultados observou excesso_peso gordura_corporal perfil_lipidico comportamento_sedentario historia dcv familiares fatores_risco cardiovasculares prevalentes adolescentes adolescentes apresentaram maiores percentuais excesso_peso gordura_corporal numero leucocitos peso comprimento nascer perimetro cefalico toracico maiores meninos quanto fases inicial apresentou maior percentual comportamento_sedentario excesso_peso colesterol_total ldl relacao demais fase final apresentou maior numero leucocitos individuos excesso_peso gordura_corporal apresentaram maiores numeros leucocitos alteracoes colesterol_total ldl triglicerideos insulina_homa hdl baixo maior propensao desenvolver hipertensao relacao eutroficos quanto situacao nutricional individuos grupos b c apresentaram maiores numeros leucocitos leucocitos totais apresentaram correlacao positiva todas variaveis antropometricas triglicerideos plaquetas insulina homa_ir linfocitos correlacionaram positivamente colesterol_total eosinofilos glicose monocitos ldl basofilos apresentaram nenhuma correlacao fatores_risco cardiovasculares sexo fase adolescencia plaquetas preditoras independentes aumento numeros leucocitos adolescentes resultados demostram relacao alteracao valores leucocitos estado_nutricional adverso associacao alteracoes cardiovasculares elaboracao estrategias atendimento saude adolescente identificacao fatores riscos cardiovasculares acoes importantes identificacao precoce individuos risco,1233
34,"sindrome_metabolica, risco_cardiovascular, ldl_c, hdl_c, pressao_arterial, dcv, colesterol_total, cardiovasculares, triglicerideos, homa_ir",doencas_cronicas_transmissiveis apresentam principais causas morbimortalidade mundo sendo fundamental importancia precoce identificacao tratamento adequado fatores_risco_cardiovascular passiveis serem modificados estudo objetivos avaliar associacao fenotipo cintura hipertrigliceridemica ch risco_cardiovascular adultos vicosa mg assim estimar prevalencia alteracoes cardiometabolicas risco_cardiovascular conforme escore framingham segundo presenca referido fenotipo trata estudo_transversal base_populacional avaliados 976 adultos 20 59 anos idade ambos_sexos fenotipo ch definido concentracoes triglicerideos tgl plasmaticos maiores iguais 150 mg dl medida circunferencia_cintura cc maior igual 80 cm sexo_feminino maior igual 90 cm sexo_masculino simultaneamente todas analises ajustadas efeito desenho estudo ponderadas sexo idade escolaridade analise descritiva realizada mediante medias proporcoes apresentados respectivos intervalos confianca ic 95 prevalencia alteracoes cardiometabolicas segundo presenca fenotipo ch acordo sexo calculada comparada meio teste_qui_quadrado_pearson ana lise regressao_logistica_multinomial usada avaliar associacoes interesse nivel significancia estatistica adotado 0 05 estimou probabilidade risco evento coronariano 10 anos calculado partir escore framinghan meio grafico densidade kernel estudo aprovado comite etica pesquisas seres_humanos universidade federal vicosa of ref n° 008 2012 prevalencia fenotipo ch amostra 17 32 ic 95 13 54 21 89 sendo observada diferenca prevalencias fenotipo homens mulheres analises multivariadas indicaram nivel atividade_fisica inversamente associado fenotipo ch valores modelo avaliacao homeostase  resistencia_insulina homeostasis model assessment insulin resistance conhecido indice homa_ir maior tercil positivamente associados maiores concentracoes plasmaticas tgl fenotipo ingestao alcool acima 8 doses semana associado maior chance ter cc elevada fenotipo ch concentracoes plasmaticas baixas high density lipoprotein hdl_colesterol acido_urico maior tercil positivamente associados maiores odds ratio or fenotipo ch imc elevado positivamente associado maior chance ter fenotipo cc alterada observaram maiores medias todos fatores_risco_cardiometabolico analisados naqueles fenotipo ch verificaram apenas menores valores medios hdl neste grupo individuos fenotipo ch apresentavam maior probabilidade evoluir evento cardiovascular 10 anos fenotipo tais resultados demonstram fenotipo ch deve ser considerado importante marcador risco_cardiovascular utilizacao pratica clinica deve ser incentivada permitindo identificacao precoce risco_cardiometabolico estabelecimento estrategias prevencao agravos cardiovasculares promocao_saude principalmente tratar ferramenta simples baixo custo,1229
35,"dac, cortical, memoria, cortex, cruz, labirinto, alastrante, cerebral, aberto, propagacao",depressao alastrante cortical dac potenciacao longa duracao ltp fenomenos neurais relacionados excitabilidade cerebro recentemente descrevemos potenciacao atividade eletrica cortical espontanea eletrocorticograma  ecog in vivo ratos machos adultos sido submetidos dac souza et al 2011 exp brain res v 214 p 463469 entanto informacoes disponiveis sobre efeito cerebro feminino hormonios ovarianos papel importante excitabilidade cerebral provocando aumento significante inducao dac ltp condicoes favoraveis desfavoraveis lactacao podem influenciar desenvolvimento parametros eletrofisiologicos cerebrais neste trabalho investigou influencia genero machos versus femeas distintas condicoes lactacao grandes ninhadas versus pequenas sobre potenciacao atividade eletrica cortex cerebral dependente dac ratos_wistar adultos machos m femeas f amamentados ninhadas 6 12 filhotes grupos l6 l12 10m 13f cada condicao lactacao 90 120 dias idade registrado ecog duas regioes parietais anterior posterior p periodo continuo quatro horas duas primeiras horas registro transcorreram dac deflagrada periodo basal duas horas finais dac deflagrada cada 20 30min estimulacao kcl 2 periodo dac amostras registros papel digitalizadas cada hora analisadas meio algoritmo especifico amplitudes ecog convertidas unidades relativas comparadas animal antes apos presenca dac base analisar ocorrencia potenciacao atividade eletrica espontanea dois grupos controle animais l6 ambos_sexos denominados dac¯ dac+ acrescentados estudo 10 machos 7 femeas cada grupo grupos dac+ dac deflagrada 3 ultimas horas registro verificar maior periodo estimulacao modificou padrao amplitudes ecog grupos dac¯ 4 horas registro transcorreram deflagracao dac determinar tempo registro  dac  influenciou mudancas amplitudes ecog comparacao valores basais amplitudes periodo dac aumentaram significantemente p<0 05 teste_t_pareado ponto grupos l6m l6f l12m l12f aumentos 19 38 ponto p apenas grupos l12 aumentos 22 50 machos femeas respectivamente grupos dac+ apresentaram aumento significante amplitudes ecog ponto aumentos 27 34 machos femeas respectivamente grupos dac¯ quais provocou dac apresentaram amplitudes semelhantes durante 4 horas registro resultados 1 indicam rato dac potencia atividade eletrica cortical in vivo sugerindo efeito semelhante ltp 2 corroboram existencia diferencas regionais tecido cortical quanto potenciacao 3 sugerem potenciacao modulada interacao genero condicao lactacao palavras chave depressao alastrante atividade eletrica cortical genero condicoes lactacao potenciacao longa duracao,280
35,"dac, cortical, memoria, cortex, cruz, labirinto, alastrante, cerebral, aberto, propagacao",cafeina 1 3 7 trimetilxantina psico estimulante parece agir atraves receptores adenosina a1 a2 receptores dopamina d2 supoe administracao possa influenciar excitabilidade cerebral neste estudo avaliou acao cafeina sobre comportamento semelhante ansiedade sobre depressao alastrante cortical dac tres grupos ratos receberam cafeina gavagem doses 15mg kg dia 30mg kg dia 45mg kg dia 7º 27º dia vida pos natal grupos caf15 caf30 caf45 dois grupos controle receberam gavagem veiculo v receberam qualquer tratamento ingenuo pesos corporais registrados dias 7 14 21 28 dia registro dac 28 dias vida animais submetidos teste comportamental labirinto cruz elevado 30 dias teste campo aberto 35 dias submetidos registro dac outro grupo animais jovens 31 40 dias vida submetido aplicacao topica cortical solucao cafeina 15mg ml durante sessao registro dac testes comportamentais sugeriram efeito ansiolitico cafeina tempo cada entrada aumentou forma dose dependente animais tratados cafeina labirinto cruz elevado campo aberto valores significativamente maiores grupo caf45 comparacao grupo ingenuo 28 dias vida grupos caf30 caf45 apresentaram pesos corporais menores respectivamente 64 6+ 4 0g 58 9+ 3 8g comparacao grupos ingenuo 73 6+ 5 5g veiculo 72+ 3 7g caf15 70 5+ 4 5g lce numero comportamento levantar significativamente menor grupo caf45 relacao grupos controles numero desse comportamento grupos ingenuo veiculo caf15 caf30 caf45 respectivamente 10 6+ 1 4 10 8+ 1 2 9 5+ 1 3 8 8+ 0 9 6 9+ 1 4 p<0 05 campo aberto numero comportamento levantar significativamente menor grupo caf45 relacao grupos controles caf15 numero comportamento levantar grupos ingenuo veiculo caf15 caf30 caf45 respectivamente 9 5+ 1 4 9 8+ 1 4 7 5+ 1 2 6 6+ 1 4 4 8+ 0 9 p<0 05 35 dias vida grupos caf30 caf45 apresentaram pesos corporais menores respectivamente 103 3 + 7 8 g 99 4 + 6 4 g comparados grupos v 124 2+ 7 1 g ingenuo 120 9+ 9 5 g caf15 122 4 + 12 9 g p < 0 05 dac grupos tratados cafeina velocidades mm min maiores caf15 = 4 06+ 0 10 caf30 = 4 18 + 0 18 caf45 = 4 74+ 0 18 controles ingenuo = 3 93+ 0 10 v = 3 92+ 0 16 p<0 05 aplicacao topica cafeina aumentou velocidade amplitude dac reduziu duracao resultados indicam administracao cafeina durante periodo critico desenvolvimento impacto sobre comportamento ansiedade reduzindo aumenta velocidade propagacao dac sugerindo portanto importante papel cafeina excitabilidade cerebral,2057
35,"dac, cortical, memoria, cortex, cruz, labirinto, alastrante, cerebral, aberto, propagacao",resumo lectina concanavalina cona obtida sementes canavalia ensiformis proteina liga especificamente manose glicose estruturas complexas receptores celulares contenham residuos expostos desses carboidratos lectina possui varias atividades biologicas incluindo modulacao propriedades imunologicas electrofisiologicos cerebro presente estudo caracterizada acao cona sobre fenomeno dependente excitabilidade cerebral conhecido depressao alastrante cortical dac estudou imunomarcacao microglia anticorpo policlonal contra proteina iba1 ionized calcium binding adaptor molecule 1 ratos_wistar_machos n = 89 amamentados condicoes favoraveis desfavoraveis lactacao representadas respectivamente ninhadas 6 7 filhotes grupo n6 12 14 filhotes grupos n12 5º 24º dia pos natal tratados via intraperitoneal 1 mg kg 10 mg kg cona grupos l1 l10 respectivamente solucao salina nacl 0 9 grupo sal nenhum tratamento grupo ingenuo 90 120 dias idade dac quimicamente induzida cortex frontal registrada dois pontos regiao parietal durante 4 h parametros velocidade propagacao amplitude duracao ondas mensurados apos registro dac cerebros perfundidos fixados seguidos seccoes cerebrais reacao anticorpos anti iba1 quantificacao imunomarcacao microglia grupos n12 apresentaram maior velocidade propagacao dac grupos n6 ambas condicoes lactacao tratamento sistemico cona resultou diminuicao significativa dose dependente velocidade propagacao dac p < 0 05 comparacao grupos controle salina ingenuo amplitude duracao componente negativo variacao lenta voltagem dac permaneceram inalterados grupo adicional ratos adultos aplicacao topica cona superficie cortical reduziu reversivelmente velocidade propagacao dac imunorreatividade microglia avaliada cortex hipocampo menor grupos tratados cona comparacao respectivos controles hemisferio cerebral dac repetidamente induzida apresentou maior imunorreatividade comparacao hemisferio oposto principalmente cortex podemos concluir atenuacao propagacao dac diminuicao imunorreatividade microglia ratos adultos decorrencia aplicacao lectina cona 1 mg kg 10 mg kg durante periodo lactacao fase grande plasticidade neurogenese indicam lectina pode influenciar desenvolvimento cerebral acao protetora duradoura cerebro ratos acao dificultada condicao desfavoravel lactacao desse modo lectina cona apresentou proteina potencial acao protetora cerebro julgar efeitos sobre dac sobre reacao microglial palavras chave lectina cona eletrofisiologia cerebral estado_nutricional microglia depressao alastrante cortical imunomarcacao iba1,1120
36,"cafeina, pla, exaustao, corredores, corrida, beterraba, vo2, nitrato, placebo, aerobia",introducao presente estudo investigou suplementacao cafeina 4 dias tolerancia efeitos ergogenicos promovidos ingestao aguda parametros fisiologicos metabolicos performance cafeina 1 3 7 trimetilxantina sido descrita recurso ergogenico licito capaz aumentar performance ciclistas entanto recomendacoes atuais abordam impacto consumo usual cafeina bem suplementacao durante dias consecutivos poderia gerar tolerancia efeitos ergogenicos promovidos ingestao aguda objetivo presente estudo investigou suplementacao cafeina 4 dias induziria tolerancia efeitos ergogenicos promovidos ingestao aguda parametros fisiologicos metabolicos desempenho ciclistas metodos selecionados 14 ciclistas sexo_masculino classificados atletas recreativos idade 34 1+ 4 3 anos massa_corporal 79 1+ 11 8 kg estatura 178+ 0 09 cm indice_massa_corporal 24 6+ 2 07 kg m2 consumo maximo o2 51 5+ 6 3 ml kg 1 min 1 volume treinamento 202+ 83 km semana consumo cafeina 285 31+ 130 34 mg dia completaram 4 sessoes experimentais ciclistas submetidos protocolo contrarrelogio 16 km utilizando carga 50 398 9+ 35 10 watts max potencia maxima saida alcancada avaliacao cardioventilatorio maxima realizado experimento randomizado_duplo_cego placebo controlado cruzado envolvendo quatro ensaios experimentais placebo 4 dias placebo agudo pp placebo 4 dias cafeina agudo pc cafeina 4 dias cafeina aguda cc cafeina 4 dias placebo agudo cp ciclistas ingeriram capsulas placebo cafeina 6 mg kg 1 4 dias dia 5 agudo capsulas placebo cafeina 6 mg kg 1 ingeridas 60 minutos antes completar contra relogio 16 km tt laboratorio resultados ensaios cc pc mostraram melhorias tempo 3 54 effect size = 0 72 2 53 effect size = 0 51 potencia saida 2 85 effect size = 0 25 2 53 effect size = 0 20 p lt 0 05 comparados condicoes cp pp respectivamente efeitos acompanhados aumento frequencia_cardiaca 2 63 effect size = 0 47 1 99 effect size = 0 34 volume minuto 13 11 effect size = 0 61 16 32 effect size = 0 75 fracao expirada o2 3 29 effect size = 0 34 = 0 96 2 87 effect size = 0 72 concentracao lactato sangue imediatamente apos 29 51 effect size = 0 78 28 21 effect size = 0 73 apos recuperacao 10 min 36 01 effect size = 0 84 31 22 effect size = 0 81 reducao fracao expirada co2 7 64 effect size = 0 64 7 75 effect size = 0 56 conclusao resultados indicam cafeina ingerida ciclistas dose 6 mg kg 1 4 dias induz tolerancia efeitos ergogenicos promovidos ingestao aguda parametros fisiologicos metabolicos performance,3701
36,"cafeina, pla, exaustao, corredores, corrida, beterraba, vo2, nitrato, placebo, aerobia",nitrato no3 vem consolidando ergogenico capaz otimizar desempenho esportivo principalmente individuos treinados tal efeito contribui maior sustentacao exercicio objetivo avaliar efeito suplementacao no3 rendimento teste progressivo corredores fundo propomos ainda maneira original utilizacao frequencia_cardiaca fc conjuntamente subprodutos ponto inflexao frequencia_cardiaca pifc deflexao fc pdfc deteccao pontos transicao metabolica ptm trata pesquisa natureza experimental duplo cega crossover amostra 13 homens corredores fundo equipe corrida rua cidade varginha  minas gerais submetidos teste progressivo incremental tpi esteira ergometrica onde sujeitos executaram teste 2 momentos distintos momento nitrato mn momento placebo mp suplementacao no3 realizada 2 horas antes testes 70 ml suco beterraba concentrado rico no3 ~6 4mmol no3 400mg beet it james white drinks ltd ipswich uk placebo empobrecido no3 0 04 mmol no3 >0 8g l beet it james white drinks ltd ipswich uk realizadas afericao fc percepcao subjetiva esforco pse tempo velocidade final analise dados adotado teste shapiro_wilk verificar distribuicao amostra teste levene homogeneidade variancia analise variaveis utilizados teste_t_pareado alem comparacao medias determinados delta variacao resultados tamanho efeito amostra atraves teste cohen d nivel significancia adotado p < 0 05 resultados revelaram nitrato capaz aprimorar parametros estudados todavia observamos tendencia melhorias mn relacao mp variaveis tempo velocidade distancia respectivamente d=0 035 d=0 026 d=0 036 havendo diminuicao tempo cerca 2 3 21 04 + 4 17 x 19 54 + 3 96 minutos detectamos diferenca frequencia_cardiaca maxima fcmax pse volume maximo oxigenio vo2max mn relacao mp respectivamente p=0 573 p=1 108 p=0 102 ptm`s mostraram diferenca estatistica momentos mn mp pifc pdfc respectivamente p=0 216 p= 0 508 relacao consumo oxigenio pifc pdfc observamos mn mp ocorreram respectivamente 37 49 + 3 00ml kg min 1 vs 36 98 + 1 36ml kg min 1 p= 0 562 46 77 + 6 47ml kg min 1 vs 44 45 + 5 66ml kg min 1 p= 0 971 revelando diferenca 9 27 + 4 76ml kg min 1 vs 7 46 + 4 95ml kg min 1 p= 0 945 achados sobre pselimiar mostram diferenca estatistica parametros pselimiar p=0 678 fc pselimiar p=0 668 velocidade pselimiar p=0 222 vo2max pselimiar p=0 574 observamos diferencas estatisticas quanto velocidade imprimida corrida ptm`s mn mp respectivamente p= 0 562 p=0 971 todavia detectamos diferenca 2 76 + 1 42km h 1 vs 2 23 + 1 48km h 1 p= 0 820 pontos percentuais vmax vpico ptm`s demonstraram diferenca estatistica grupos mn mp pifc pdfc respectivamente vmax p= 0 524 p= 0 361 vpico p= 0 598 p=0 295 suma suplementacao nitrato interfere rendimento corredores amadores fundo durante tpi todavia obtivemos tendencia sutis melhorias mn todas variaveis estudadas termos praticos poderia colaborar aprimoramento rendimento destes atletas,3884
36,"cafeina, pla, exaustao, corredores, corrida, beterraba, vo2, nitrato, placebo, aerobia",suplementacao suco beterraba rico nitrato ssbn vem tornando recurso ergogenico promissor modalidades cuja caracteristica aerobia assim corrida rua muitos buscam melhora desempenho neste sentido seguinte pesquisa objetivou analisar utilizacao suplementacao aguda suco beterraba rico nitrato melhora rendimento aerobio corredores rua teste pista estudo contou 13 homens idade 25+ 4 7 anos idade engajados corrida rua cidade lavras mg minimo 18 meses pratica participantes submetidos crossover randomizado controlado placebo estudo seguido 2 etapas primeira consistiu recrutamento assinatura termo consentimento livre esclarecido alem instrucoes preenchimento recordatorio_alimentar 24h enquanto segunda etapa subdividida 3 visitas laboratorio gepren ufla sendo primeiro momento destinado caracterizacao realizando antropometria composicao_corporal junto recolhimento recordatorio_alimentar 24h segunda terceira visita contou 7 dias washout onde 2h apos ingestao suplementacao suco beterraba rico nitrato placebo participantes submetidos contra relogio 3 200m pista atletismo anotando tempo percepcao subjetiva esforco frequencia_cardiaca variaveis velocidade vo2pico limiar velocidade comportamento estrategia duas configuracoes analises cada 25 inicio 400m meio 2400m final 400m consumo macronutrientes analisadas durante periodo espera aferiu pressao_arterial cada 30 min utilizou estatistica_descritiva testes kolmogorov smirnov shapiro_wilk relatar normalidade amostra teste levene igualdade variancias spss R 21 0 valores obtidos contra relogio 3 200m tempo resultaram conclusao rapida apos ingestao ssbn sup 720 0 + 83 7 vs pla 722 6 + 81 5s configuracoes ritmo empregado observou incremento 1º 0 98 correspondente primeiros 25 trajeto 0 59 metade 0 42 25 finais 2º configuracao nota incremento 1 47 inicio 1 05 final trajeto assim velocidade pico sup 16 20 km hr1 + 1 89 pla 16 13 km hr1 + 1 86 vo2pico sup 61 1 ml kg min ¹ + 6 6 pla 60 9 ml kg min ¹ + 6 4 2º limiar velocidade sup 15 95+ 1 74 pla 15 95+ 1 69 percepcao subjetiva esforco frequencia_cardiaca final pressao_arterial reducoes diferentes momentos 60min 1 45 90 min 4 48 diastole antes teste sistole apos teste 1 86 demonstraram respostas importantes porem valores demonstraram niveis significancia p<0 05 analises individuais tempo conclusao 10 5s incremento 1 54 velocidade 1 38 vo2pico 1 46 2º limiar velocidade macronutrientes apresentaram seguinte configuracao proteina 1 60g kg + 0 91 lipideos 0 70 g kg + 0 64 carboidrato 3 97 g kg + 2 75 pode concluir ingestao suplementacao aguda suco beterraba rica nitrato contribui ponto magnitude teste contra relogio 3 200m demonstra diferencas estatisticas rendimento aerobico variaveis,3889
37,"qualidade_dieta, pontuacao, iqd, trabalhadores, ias, indice_qualidade_dieta, adesao, pontuacoes, integrais, trabalhador",consumo dieta balanceada fornece quantidades adequadas energia nutrientes favorece desempenho adaptacoes induzidas atividade_fisica conhecimento nutricional fatores podem influenciar adocao praticas_alimentares saudaveis consequentemente favorecer rendimento esportivo objetivo estudo avaliar conhecimento nutricional total praticantes atividade_fisica avaliar conhecimento sujeitos utilizado questionario validado traduzido adaptado contendo 35 questoes divididas duas secoes primeira composta 11 questoes sobre conhecimento nutricional geral cng segunda contem 24 questoes sobre conhecimento nutricional esportivo cne sujeitos recrutados meio cartazes informativos colocados academias divulgacoes redes sociais ainda convite direto pesquisadores questionario respondido on line plataforma google forms partir resultados determinados escores pontuacao percentual acertos realizadas comparacoes considerando caracteristicas sociodemograficas tempo pratica modalidade esportiva acompanhamento_nutricional conhecimento academico sobre nutricao dados tabulados banco dados excel R 2007 analisados software ibm spss windows versao 20 0 todas analises nivel significancia adotado p < 0 05 participaram estudo 409 sujeitos sendo 57 7 sexo_feminino 31 5 + 9 3 anos 42 3 masculino 33 7 + 9 8 anos estatura massa_corporal indice_massa_corporal imc maiores genero masculino comparacao feminino escore medio cnt participantes 50 7 + 16 2 cng 62 7 + 16 2 ambos classificados medio significativamente maiores cne 45 2 + 18 6 classificado pobre sexo nivel educacional influenciaram cng diferenca cng cne cnt sujeitos praticavam corrida ciclismo crossfit lutas esportes coletivos comparados praticantes contrario praticantes musculacao apresentaram cng cne cnt maiores praticantes p=0 0001 musculacao modalidade praticada havendo diferenca cng cne total conhecimento academico sobre nutricao impactou conhecimento nutricional cng observada maior proporcao sujeitos nivel conhecimento excelente 21 5 menor proporcao nivel pobre 23 5 maioria sujeitos 56 7 apresentou conhecimento pobre nutricao esportiva apenas 6 4 apresentaram conhecimento excelente cne desenvolvidos dois perfis cluster cluster 1 n = 178 sujeitos maior conhecimento nutricional total 34 4 = bom excelente maior proporcao homens 48 9 faixa etaria predominante 18  24 anos 36 maior proporcao superior incompleto 54 3 predominado pessoas fizeram fazem acompanhamento_nutricional 57 3 predominam pessoas maior conhecimento academico nutricao 52 8 cluster 2 n = menor conhecimento nutricional 81 4 = pobre maior proporcao mulheres 61 4 faixa etaria predominante 35 anos 42 9 maior proporcao superior completo 59 7 predomina pessoas fazem fizeram acompanhamento_nutricional 52 8 predominam sujeitos conhecimento academico nutricao 83 1 pode concluir praticantes atividade_fisica pesquisados possuem conhecimento pobre medio sobre nutricao excecao estudantes nutricao nutricionistas pos graduados nutricao ressalta necessidade maiores informacoes sobre nutricao bem educacao_alimentar_nutricional ministradas nutricionista,3418
37,"qualidade_dieta, pontuacao, iqd, trabalhadores, ias, indice_qualidade_dieta, adesao, pontuacoes, integrais, trabalhador",gontijo cristiana araujo m sc universidade federal vicosa agosto 2012 influencia qualidade_dieta habitos vida adolescencia condicoes saude fase adulta orientadora silvia eloiza priore coorientadoras sylvia carmo castro franceschini juliana farias novaes barros sonia machado rocha ribeiro conhecimento modificacoes habitos_alimentares adolescencia fase adulta quais fatores adolescencia influenciam qualidade_dieta fase adulta poderao auxiliar direcionamento intervencoes necessarias promocao_saude prevencao doencas objetivo deste estudo avaliar influencia qualidade_dieta habitos vida adolescencia condicoes saude fase adulta trata estudo_coorte avaliou informacoes adolescencia fase adulta estudo final realizado individuos ambos_sexos atendidos programa atencao_saude adolescente proasa divisao saude dsa universidade federal vicosa ufv adolescencia encontrados fase adulta adolescencia coletou informacoes prontuarios referentes primeira consulta proasa idade peso estatura perimetro_cintura quadril relacao cintura estatura cintura quadril recordatorio_alimentar habitual questionario estilo_vida fase adulta aferiu medidas_antropometricas composicao_corporal pressao_arterial aplicados recordatorio_alimentar habitual questionario estilo_vida avaliar qualidade global dieta duas fases utilizou adaptacao healthy eating index 2005 iqd calculou delta iqd iqd = pontuacao total iqd fase adulta  pontuacao total iqd adolescencia relacao analises estatisticas realizou estatistica_descritiva media mediana teste normalidade kolmogorov smirnov testes_t pareado teste wilcoxon teste t student mann_whitney correlacao_pearson spearman regressao_linear_multipla adotou nivel significancia 5 amostra final composta 130 individuos sendo 70 8 sexo_feminino adolescencia media pontuacao total iqd 60 94+ 10 10 variando 37 80 85 60 fase adulta valor maior p<0 05 63 81+ 10 78 variando 38 04 92 57 componentes cereais integrais vegetais totais vegetais verdes escuro alaranjados leguminosas vegetais val apresentaram maiores pontuacoes fase adulta p<0 05 acordo delta iqd verificou 56 9 n=74 individuos melhoraram pontuacao adolescencia fase adulta individuos cujo iqd positivo apresentam modificacoes positivas componentes cereais integrais frutas totais frutas inteiras vegetais totais vegetais val carne ovos leguminosas gordura_saturada calorias provenientes gordura solida acucar adicao gord aa p<0 05 individuos iqd negativo apresentaram modificacoes negativas cereais totais frutas totais frutas inteiras vegetais val gordura_saturada gord aa p<0 05 modificacoes adolescencia fase adulta avaliadas sexos somente feminino permaneceu melhora iqd total p<0 001 individuos sexo_feminino apresentam fase adulta valores maiores componentes cereais integrais vegetais totais vegetais val gord aa p<0 05 masculino apresentaram fase adulta valores menores cereais totais gordura_saturada gord aa p<0 05 observou correlacao positiva pontuacao total iqd fase adulta pontuacao componentes frutas totais frutas inteiras adolescencia correlacao negativa relacao_cintura_quadril adolescencia distanciamento ultima consulta proasa reavaliacao fase adulta p<0 05 pontuacao total iqd fase adulta demonstrou associacao negativa sexo_masculino distanciamento ultima consulta proasa iniciativa propria consulta proasa consumo produtos diet adolescencia encontrou associacao negativa pontuacao componente vegetais totais adolescencia pressao_arterial sistolica fase adulta conhecimento modificacoes habitos_alimentares adolescencia fase adulta variaveis adolescencia interferem condicao nutricional fase adulta importantes realizacao medidas intervencao nutricionais direcionadas eficazes promovendo saude prevenindo doencas atuais futuras,406
37,"qualidade_dieta, pontuacao, iqd, trabalhadores, ias, indice_qualidade_dieta, adesao, pontuacoes, integrais, trabalhador",introducao mudancas estilo_vida associadas aumento fatores_risco saude principalmente relacionados alimentacao indices dieteticos resumem caracteristicas alimentacao possibilitam avaliacao possiveis deficiencias excessos nutrientes grupos alimentos objetivo analisar qualidade_dieta identificar fatores_associados adultos residentes area urbana cuiaba mt metodo estudo_transversal amostra extraida estudo base_populacional 195 adultos 20 50 anos ambos_sexos dados dieteticos obtidos questionario frequencia consumo_alimentar coletados dados_sociodemograficos estilo_vida antropometricos composicao_corporal qualidade_dieta analisada meio indice_qualidade_dieta revisado iqd r adaptado populacao brasileira comparacao medias utilizou teste mann_whitney p<0 05 associacoes estimadas meio regressao_logistica resultados media iqd r 75 2 pontos ic 95 74 2 76 1 diferenca estatisticamente_significativa sexos p=0 03 pontuacao grupo alimentos mostrou homens obtiveram maiores escores oleos oleaginosas gordura peixe 9 4 vs 8 9 p=0 02 comparacao mulheres grupo frutas inteiras sodio pontuacao maior mulheres 4 7 vs 4 2 p<0 01 2 9 vs 1 9 p<0 01 respectivamente individuos idade 30 anos obtiveram maior pontuacao tanto iqd r total 76 4 vs 73 6 p<0 01 grupo frutas inteiras 4 7 vs 4 2 p<0 01 gordura_saturada 9 0 vs 8 5 p<0 01 calorias provenientes gordura solida alcool acucar adicao regressao_logistica iqd r adequado variaveis independentes mostrou associacao mulheres individuos 30 anos cujo chefe familia apresentava escolaridade maior conclusao mulheres obtiveram melhor pontuacao frutas inteiras sodio enquanto homens escores oleos oleaginosas gordura peixe maiores individuos velhos obtiveram maior pontuacao frutas inteiras gordura_saturada calorias provenientes gordura solida alcool acucar adicao homens consumiram vegetais totais vegetais verdes escuros alaranjados leguminosas carnes ovos leguminosas oleos oleaginosas oleo_peixe fatores mostraram associados iqd r adequado idade sexo escolaridade chefe familia,476
38,"7nachr, gpr120, sinalizacao, hipotalamo, lps, hipotalamica, rock, akt, uprmt, ampk",introducao sinalizacao colinergica mediada ativacao receptores muscarinicos nicotinicos sido descrita literatura sinalizacao classica importante regulacao resposta_inflamatoria pesquisas recentes investigado papel acetilcolina agonista fisiologico desses receptores controle homeostase energetica nivel central estudos demonstram camundongos expressam acetilcolina regioes cerebrais reguladoras homeostase energetica apresentam ganho_peso excessivo hiperfagia contudo ainda bem descrito literatura quais subunidades receptores colinergicos envolvidas mecanismo sinalizacao responsavel efeitos observados hipotalamo centro regulador homeostase energetica subunidade 7 receptor nicotinico acetilcolina 7nachr altamente expresso nesta regiao 7nachr ativo recruta proteinas jak2 stat3 sinalizacao mesmos componentes intracelulares requeridos leptina hormonio anorexigeno objetivo presente trabalho avaliar participacao receptor 7nachr hipotalamico controle homeostase energetica metodos trabalho desenvolvido camundongos_swiss sob autorizacao ceua unicamp registrado numero 4787 1 2018 cortes cerebrais utilizando tecnica imunofluorescencia avaliada presenca receptores 7nachr celulas hipotalamicas reguladoras homeostase energetica camundongos submetidos estereotaxia ventriculo lateral estimulo intracerebroventricular icv utilizado administracao agonista pnu antagonista bungarotoxina receptor 7nachr avaliados parametros metabolicos tecido hipotalamico avaliado expressao neuropeptideos real time pcr western blot camundongos tratados icv sirna inibidores proteinas jak2 stat3 ag490 stattic avaliado expressao neuropeptideos hipotalamicos camundongos knockout receptor 7nachr avaliada ingestao_alimentar adicionalmente cultura celular hipotalamica camundongos linhagem mypho pomc gfp verificou expressao neuropeptideos pstat3 apos estimulo pnu resultados resultados imunofluorescencia apontaram co localizacao 7nachr celulas hipotalamicas msh agrp npy ativacao farmacologica 7nachr reduziu ingestao_alimentar aumentou expressao_genica hipotalamica pomc diminuiu conteudo rnam npy agrp conteudo proteico pampk inibicao receptor 7nachr antagonista aumentou conteudo rnam npy agrp inibicao 7nachr sirna culminou supressao expressao pomc aumento niveis rnam agrp camundongos knockout 7nachr apresentaram alteracoes ingestao_alimentar inibicao proteinas via sinalizacao jak2 stat3 reverteu efeitos observados sob estimulo pnu celulas pomc gfp tratadas pnu apresentaram aumento expressao pomc translocacao nuclear pstat3 conclusao ativacao seletiva receptor 7nachr capaz modular marcadores importantes resposta ingestao_alimentar sugerindo ativacao 7nachr pode suprimir expressao marcadores orexigenos favorecer expressao anorexigenos mediados via sinalizacao jak2 stat3,2588
38,"7nachr, gpr120, sinalizacao, hipotalamo, lps, hipotalamica, rock, akt, uprmt, ampk",acao insulina hipotalamo crucial controle ingestao_alimentar estado alimentado insulina secretada atinge hipotalamo fosforilando extruindo nucleo proteina foxo1 fator transcricao familia forkhead box diminuindo transcricao neuropeptideos orexigenicos npy neuropeptideo y peptideo relacionado gene agouti agrp contrario prejuizos transducao sinal insulina foxo1 permanece nucleo celulas neuronais elevando sintese neuripeptideos orexigenicos aumento fome nesse contexto proteina mapk fosfatase 3 mkp 3 habilidade desfosforilar foxo1 permanecendo nucleo induzindo aumento npy agrp hipotalamo consequentemente causando hiperfagia aumento massa_corporal adiposa portanto acoes terapeuticas capazes ter efeito inibitorio sobre mkp 3 celulas neuronais hipotalamo podem revelar importantes agentes contra obesidade co morbidades objetivo presente estudo verificar efeitos exercicio_fisico sobre conteudo proteico mkp 3 sinalizacao insulina hipotalamo camundongos obesos induzidos dieta_rica_gordura saturada utilizados camundongos_swiss distribuidos grupos controle alimentados racao padrao roedores obesos ob alimentados dieta_rica_gordura saturada obesos exercitados agudamente obexe apos analises composicao corporea ingestao_alimentar identificadas proteinas interesse cascata sinalizacao insulina atraves tecnica western blot realizados ensaios celulas hek293 camundongos_swiss controle adminsitracao adenovirus superexpressar mkp 3 avaliar efeitos sobre ingestao_alimentar fosforilacao foxo1 identificar acao fosfatase mkp 3 desfosforilar foxo1 utilizado celulas hek293 tratadas insulina vetor adenoviral mkp 3 gfp controle injetado intracerebroventricular i c v camundongos apos tratamentos analises moleculares feita atraves tecnica westen blot verifica atraves resultados obesidade aumentou conteudo proteico mkp 3 hipotalamo acompanhado aumento ingestao_alimentar adiposidade_corporal camungondos experimentos adenoviruos mostraram super expressao mkp 3 causa desfoforilacao foxo1 prejuizo controle fome estimulado insulina entretanto observado aumento exercicio_fisico sobre proteina mkp 3 hipotalamica concluise condicao obesidade associada aumento niveis mkp 3 hipotalamo associado hiperfagia exercicio_fisico capaz inibir atividade desta proteina desfoforilar fator transcricional foxo1 hipotalamo intervencoes capazes inibir mkp 3 podem tornar estrategias relevantes tratamento_obesidade,1824
38,"7nachr, gpr120, sinalizacao, hipotalamo, lps, hipotalamica, rock, akt, uprmt, ampk",titulo efeito exercicio_fisico sobre transducao sinal adiponectina hipotalamo animais obesos effects of exercise on adiponectin transduction signal in hypothalamus of obese animals resumo abstract introducao adiponectina apresenta importante acao homeostase glicemica atuando captacao glicose sensibilidade_insulina nivel central recentemente demonstrado adiponectina capaz modular homeostase energetica nesse sentido principais intervencoes capazes modular vias sinalizacao celular exercicio_fisico hipotalamo beneficios exercicio_fisico resultam regulacao circuitos neuronais recebem estimulos periferia sinais hormonios leptina insulina entanto efeito exercicio sobre via transducao sinal adiponectina controle fome sido pouco explorado literatura desse modo presente estudo objetivo verificar efeito exercicio_fisico agudo modulacao via sinalizacao adiponectina hipotalamo camundongos obesos bem acao controle homeostase energetica materiais metodo camundongos_swiss seis semanas idade distribuidos tres grupos ctl expostos dieta comercial obs expostos dieta_hiperlipidica obex expostos dieta_hiperlipidica submetidos protocolo exercicio_fisico apos oito semanas exposicao dietas experimentais animais grupo obex submetidos protocolo exercicio_fisico agudo consistiu tres sessoes 45 minutos corrida intervalo 15 minutos cada sessao posteriormente realizadas analise adiponectina serica tolerancia_glicose ingestao_alimentar gasto_energetico analises moleculares animais receberam estimulo leptina intraperitoneal meio tecnica western blotting analisado proteinas chaves via sinalizacao leptina adiponectina pi3q  akt hipotalamo niveis proteicos ucp1 tecido_adiposo marrom diferentes grupos experimentais resultados resultados obtidos demonstram animais exercitados agudamente apresentaram aumento tolerancia_glicose adiponectina serica comparados animais obs alem disso observou reducao ingestao_alimentar animais obex comparados grupo obs conteudo rnam appl1 correlaciona negativamente ingestao_alimentar ademais animais exercitados apresentaram aumento consumo oxigenio producao calor comparados animais obs nivel molecular animais exercitados apresentaram aumento ucp1 comparados demais grupos experimentais ademais exercicio efeito positivo sobre appl1 proteina chave via transducao adiponectina observa grupo obs apresentou reducao appl1 hipotalamica relacao grupo ctl ainda animais obex apresentaram aumento appl1 comparacao obs adicao animais exercitados apresentaram aumento conteudo proteico via sinalizacao pi3q akt hipotalamo fim analises bioinformatica tanto animais humanos apresentaram forte correlacao niveis rnam appl1 pi3q hipotalamico conclusao sendo assim pode concluir exercicio_fisico capaz aumentar conteudo proteico appl1 hipotalamo camundongos obesos assim aumentar gasto_energetico reduzir ingestao_alimentar,3569
39,"pnae, alimentacao_escolar, cardapios, programa_nacional_alimentacao_escolar, agricultura_familiar, sustentabilidade, uan, cardapio, agricultores, municipios",campos david ribeiro analise chamadas publicas compra_alimentos agricultura_familiar alimentacao_escolar estado rio janeiro 2023 dissertacao mestrado ciencias nutricao  faculdade nutricao emilia jesus ferreiro universidade federal fluminense niteroi 2023 programa_nacional_alimentacao_escolar pnae meio obrigatoriedade compra_alimentos agricultura_familiar af combina incentivo producao agricola local melhora qualidade alimentos oferecidos escolas compras podem ocorrer chamada publica cp substitutivo tradicional licitacao porem entidades executam pnae enfrentam desafios diferentes ordens centrado propria elaboracao instrumento cp assim estudo pretende analisar chamadas publicas entidades executoras eex pnae compra_alimentos af estudo abordagem quali quantitativa transversal baseado analise_documental 51 chamamentos publicos compra_alimentos af eex atuantes instituicoes ensino federais estaduais municipais estado rio janeiro eex categorizadas funcao percentual utilizado recurso repassado fundo nacional desenvolvimento educacao fnde compra_alimentos af analise editais vez considerados base legal utilizada pauta compra identificacao alimentos solicitados quanto grupo alimentar origem sociobiodiversidade regionalidade sendo entao classificadas relacao conformidade criterios atendidos segundo modelo cp fnde sob seguintes criterios adequada precisa melhorar inadequada realizados analise descritiva dados referentes identificacao alimentos segundo grupos alimentar origem teste_qui_quadrado considerando nivel significancia 5 aferir associacao conformidade chamadas publicas perfil compra af eex percentual compra af anos 2017 2019 aumentou 37 21 74 4 analise editais cp constatou maioria inadequados 74 6 especialmente criterios legislacao referenciada prioridade definicao precos constatou total 1 163 alimentos solicitados frequencia absoluta percentual majoritariamente hortalicas frutas tanto identificacao grupos alimentares quanto pauta alimentos sociobiodiversidade 39 2 alimentos_regionais 90 1 solicitado eex demonstrou assim maior parte chamadas publicas instruidas forma inadequada pode dificultar processo adesao agricultores mercado institucional pnae,4629
39,"pnae, alimentacao_escolar, cardapios, programa_nacional_alimentacao_escolar, agricultura_familiar, sustentabilidade, uan, cardapio, agricultores, municipios",programa_nacional_alimentacao_escolar pnae considerado maior antiga politica publica brasil recentemente sofreu alteracoes estabelecidas atraves lei 11 947 resolucao cd fnde 38 promulgadas julho 2009 diretrizes estipula minimo trinta cento 30 total recursos repassados fundo nacional desenvolvimento educacao fnde destinados compra_alimentos produzidos agricultura_familiar local regional nacional preferencialmente organicos diante desta regulamentacao presente estudo objetivo analisar demanda oferta alimentos_organicos alimentacao_escolar santa catarina realizou estudo descritivo onde avaliados municipios estado santa catarina compraram alimentos_organicos agricultura_familiar ano 2010 analisados dados 52 municipios meio entrevistas realizadas 52 nutricionistas responsaveis tecnicos alimentacao_escolar municipios 96 agricultores_familiares 24 presidentes cooperativas fornecedores alimentos_organicos alimentacao_escolar utilizando questionario_semiestruturado dados analisados apresentados numeros absolutos relativos total municipios catarinenses 17 7 compraram alimentos_organicos agricultura_familiar 2010 regiao sul estado 27 3 apresentou maior percentual municipios compradores entanto regiao oeste apresentou maior numero municipios avaliados 21 2 atendendo legislacao vigor modalidade predominante selecao agricultores cooperativas chamada publica compra municipios analisados alimentos_organicos agricultura_familiar adquiridos vendidos proprio municipio regiao municipio relacao dificuldades aquisicao alimentos_organicos nutricionistas destacaram falta certificacao 33 3 baixa oferta 33 3 precos produtos 28 6 dificuldades logistica 33 3 falta qualidade 19 agricultores cooperativas limitacoes comercializacao alimentacao_escolar baixa procura parte municipios 41 9 60 sazonalidade producao 38 7 40 dificuldades transporte 38 7 20 precos produtos 35 5 40 destaca cooperativas relataram dificuldades producao 60 alguns alimentos produzidos agricultores cooperativas incluidos cardapio ameixa melao pitanga carambola nectarina tomate cereja molho tomate pacoca pinhao requeijao manteiga outros estudo concluiu demanda compra oferta producao_alimentos organicos agricultura_familiar pnae serem fortalecidas faz necessario maior dialogo nutricionistas produtores cooperativas atender estabelece passo passo compra agricultura_familiar articulacao pode viabilizar maior oferta alimentos produzidos localmente aumento alimentos_organicos cardapios escolares consequentemente contribuir melhoria alimentacao escolares,462
39,"pnae, alimentacao_escolar, cardapios, programa_nacional_alimentacao_escolar, agricultura_familiar, sustentabilidade, uan, cardapio, agricultores, municipios",tese intuito analisar criterios sustentabilidade aquisicao consumo_alimentos bem dificuldades fatores promotores compras sustentaveis restaurantes atender objetivos propostos conduzidas etapas pesquisa delineamento quanti qualitativo inicialmente investigados desafios alimentacao_saudavel sustentavel meio revisao narrativa literatura desafios apresentados primeiro manuscrito divididos etapas sistema agroalimentar producao processamento distribuicao consumo culminando proposta guia forma representacao grafica operacionalizacao alimentacao_saudavel sustentavel diante disso objetivo identificar quais recomendacoes sustentabilidade incorporadas estrategias promocao alimentacao sustentavel populacao desenvolvido segundo manuscrito desta tese partir revisao escopo identificados analisados 12 documentos continham 21 recomendacoes agrupadas cinco categorias 1 forma producao_alimentos 2 origem alimentos 3 processamento alimentos 4 consumo_alimentos 5 conservacao recursos guias governamentais especificamente alimentares apresentaram menor variedade recomendacoes recomendacoes frequentes incentivo consumo_alimentos nutricionalmente adequados presente 11 documentos seguido incentivo reducao consumo_alimentos origem_animal reducao desperdicio alimentos consumo_alimentos sazonais presentes 10 documentos terceiro manuscrito tese visou identificar recomendacoes aquisicao sustentavel alimentos restaurantes realizou revisao narrativa literatura_cientifica cinzenta onde analisadas 13 publicacoes identificaram 28 recomendacoes divididas quatro categorias 1 forma producao_alimentos 2 criacao animal 3 fornecedores alimentos 4 producao refeicoes aquisicao alimentos_organicos unico criterio incentivado todas publicacoes seguido alimentos sazonais produtos aquicultura pesca produzidos capturados modo sustentavel sistemas diminuam impacto producao considerados 12 publicacoes quarto manuscrito tese visou identificar fatores interferem adocao medidas sustentabilidade aquisicao alimentos restaurantes realizada pesquisa on line encaminhada restaurantes institucionais nutricionista gestor estado santa catarina total 107 restaurantes investigados sendo maioria utilizava alimentos_regionais 97 2 sazonais 94 4 percentual menor comprava alimentos agricultura_familiar local 57 9 alimentos_organicos agroecologicos 36 4 sistema gerenciamento autogestao significativamente associado compra_alimentos organicos p = 0 000 agricultura local p = 0 000 variaveis associacao numero refeicoes servidas presenca certificacao ambiental treinamento funcionarios nutricionistas analise importancia atribuida criterios selecao fornecedores demonstrou predominio preocupacao sanitaria nutricionistas entrevistados detrimento criterios sustentabilidade visando identificar principais dificuldades fatores promotores aquisicao sustentavel alimentos realizada pesquisa qualitativa meio entrevista aberta uso roteiro semiestruturado 17 restaurantes publicos brasileiros 4 autogestao 13 terceirizados situados cinco regioes pais selecionados maneira intencional resultados referem quinto manuscrito tese onde entrevistados 33 informantes chaves realizada analise conteudo qualitativa auxilio software nvivo identificaram quatro categorias sobre dificuldades compra_alimentos sustentaveis 1 problemas producao 2 distribuicao alimentos fornecedores 3 questoes operacionais compra 4 modelos distintos gerenciamento servico autogestao terceirizado analise fatores promotores compras sustentaveis resultaram duas categorias 1 incentivo producao distribuicao alimentos 2 gestao abastecimento entrevistados relataram dificuldades relacionadas continuidade oferta alimentos quantidade variedade disponiveis compra burocracia processos publicos compra destacada dificuldade restaurantes autogestao contrapartida restaurantes terceirizados parecem enfrentar resistencia compra devido necessidade servico gerar lucro estudo demonstra oportunidade produtores comercializarem produtos restaurantes publicos reafirma necessidade maior organizacao compromisso produtores atender demanda alimentos garantia fornecimento sensibilizacao gestores estimular setor produtivo sustentavel meio aquisicao alimentos fim ultimo manuscrito tese visou definir criterios aquisicao sustentavel alimentos restaurantes utilizada metodologia delphi consenso especialistas instrumento disponibilizado via on line consistia avaliacao modelo inicial criterios construido partir literatura_cientifica 13 publicacoes analisadas respostas obtidas escala 1 5 considerando relevancia grau dificuldade implementacao criterio total 13 especialistas participou pesquisa maioria nutricionistas agronomos regiao sul brasil especialistas classificaram maior relevancia criterios aquisicao alimentos locais alimentos provenientes sistemas diminuam impacto ambiental producao_alimentos sazonais alem reduzir aquisicao alimentos_processados evitar alimentos geneticamente modificados relacao grau dificuldade criterio considerado facil execucao compra sazonal dificil execucao aquisicao carnes utilizacao antibiotico durante producao partir resultados obtidos neste trabalho destaca necessidade incorporacao aspectos sociais culturais recomendacoes alimentacao sustentavel recomendacoes aquisicao sustentavel alimentos bem sustentabilidade diretrizes alimentares aproximacao producao consumo parece ser importante superacao dificuldades compra sustentavel restaurantes definicao criterios bem ordenacao relevancia grau dificuldade podem auxiliar restaurantes definir acoes prioritarias aquisicao sustentavel alimentos bem servir base politicas_publicas compra,2409
40,"cha_verde, dieta_hiperlipidica, diabeticos, stz, diabetico, banha, hls, induzidos, hiperlipidico, jucara",uso plantas medicinais encontram expansao todo mundo funcao alto custo medicamentos industrializados efeitos beneficos creditados proprio modismo efeitos atraem portadores doencas degenerativas diabetes mellitus tipo ii sendo epidemia mundial inumeras plantas estudadas objetivo auxiliar tratamento diabetes mellitus brasil podemos destacar insulina vegetal cissus sicyoides l dissertacao objetivo avaliar infusos folhas insulina vegetal 5 ratos_wistar sadios diabetes mellitus induzida streptozotocina coletada planta municipio rio janeiro encaminhada injc ufrj ser higienizada desidratada moida armazenada sob refrigeracao parte experimental contou 20 ratos divididos dois grupos dm ndm onde induzida diabetes via intraperitoneal uso streptozotocina R outro agua destilada antes inducao mensurou glicemia animais apos tres dias repetiu mensuracao confirmar animais ficaram diabeticos formados quatro grupos dm dm5 ndm ndm5 apos iniciou tratamento infuso folhas insulina vegetal 5 administrada 28 dias neste periodo verificado massa_corporal animais ingestao racao glicemia quatro pontos sacrificio realizado super dosagem thiopental R posteriormente coletado sangue processamento analise catalase orgaos coracao rim figado retirados analise histologica resultados glicemia animais final experimento demonstrou claramente efeito hipoglicemiante significativo cha insulina vegetal 5 animais diabeticos dm 5 comparacao grupo_controle dm efeito hipoglicemiante ocorreu grupo diabetico porem tratado cha ndm5 comparacao diabetico tratado cha dm5 grupos diabeticos tratados ndm5 ndm exibiram glicemia menor grupo dm outro lado significancia grupos diabeticos avaliacao efeito antioxidante insulina vegetal atividade enzima catalase avaliada plasmas animais utilizou kit comercial caymans catalase assay kit valores medios densidade optica 2 59 + 0 30 2 84 + 0 60 1 82 + 0 46 3 20 + 0 35 grupos ndm dm ndm5 dm5 respectivamente animais diabeticos receberam cha apresentaram atividade catalase significativamente alta comparada grupos diabeticos tratados efeito insulina vegetal atividade serica catalase inedito pois presente momento encontrados artigos referenciam resultados avaliacao histologica influencia insulina vegetal padroes tecidos estudados coracao rim figado estudo avaliou infusao folhas insulina vegetal verificar efeito 5 folhas insulina vegetal verificou efeito hipoglicemico antioxidante animais diabeticos entanto causou lesoes tecidos cardiacos renais hepaticos animais diabeticos necessarios estudos pre clinicos clinicos uso correto seguro desta planta,746
40,"cha_verde, dieta_hiperlipidica, diabeticos, stz, diabetico, banha, hls, induzidos, hiperlipidico, jucara",fitoterapia sido empregada apoio pratica terapeutica convencional mundialmente maioria destes compostos fitoterapicos fitoquimicos sido utilizada pratica nutricional otimizando tratamentos diversas comorbidades afetam saude humana processo transicao nutricional brasileiro multifatorial caracteriza alteracoes padrao dieta composicao_corporal individuos associado reducao atividade_fisica afetando diretamente estilo_vida saude populacao consequentemente levaram desenvolvimento doencas_cronicas_transmissiveis dcnts compostos_bioativos presentes dieta desempenham importante papel sobre genese dcnts sendo assim compostos_bioativos presentes camellia sinensis podem atuar diversas funcoes farmacologicas fisiologicas objetivamos investigar suplementacao cha camellia sinensis capaz melhorar reverter parametros metabolicos animais saudaveis obesos utilizados 40 ratos rattus norvegicus wistar machos idade 21 pn21 30 pn30 dias idade animais divididos 2 grupos experimentais 1 grupo_controle recebeu dieta comercial agua filtrada ad libitum c n=20 2 grupo hiperlipidico recebeu dieta_hiperlipidica agua filtrada ad libitum hl n=20 90 dias idade pn90 pn90 grupo_controle subdividido 1 grupo_controle salina recebeu dieta comercial gavagem solucao salina cs n=10 2 grupo_controle cha_verde recebeu dieta comercial gavagem extrato cha_verde ccv n=10 alto teor gordura subdivididos 3 grupo hiperlipidico salina recebeu dieta_rica_gordura gavagem solucao salina hls n=10 4 grupo hiperlipidico cha_verde dieta_rica_gordura gavagem extrato cha_verde hlcv n=10 durante 30 dias consecutivos animais mantidos gaiolas coletivas prateleiras ventiladas bioterio temperatura 21 23ºc luminosidade controladas ciclo claro escuro 12h animais receberam gavagem salina cha_verde acordo dose 100mg kg massa_corporal dia durante 30 dias consecutivos pn90 pn120 determinada composicao_corporal dxa pn120 animais eutanasiados coleta sangue puncao cardiaca coleta tecidos figado compartimentos tecido_adiposo relacao resultados observamos dieta_hiperlipidica alterou massa_corporal pn90 pn120 porem dieta_hiperlipidica aumentou percentual gordura_corporal reduziu massa_magra aumentou compartimentos de5 gordura_corporal triglicerideo serico comparado grupo_controle outro lado suplementacao cha_verde animais obesos reduziu percentual gordura_corporal reduziu compartimentos corporais gordura melhorou perfil_lipidico melhorou sistema antioxidante serico,4637
40,"cha_verde, dieta_hiperlipidica, diabeticos, stz, diabetico, banha, hls, induzidos, hiperlipidico, jucara",doenca_hepatica_gordurosa alcoolica caracterizada acumulo trigliceridios podendo levar alteracoes morfologicas funcionais hepatocitos variando desde esteatose hepatocarcinoma patogenia doenca envolve desequilibrio producao degradacao exportacao trigliceridios diagnostico realizado atraves metodos imagem exames_bioquimicos biopsia hepatica considerada padrao ouro tratamento especifico ainda encontra mal definido promovendo geralmente terapeutica comorbidades atraves estrategias medicamentos perda_peso hipolipidemiantes sensibilizadores insulina alem terapias alternativas fitoterapia recurso facil acesso baixo custo caracterizado tratamento afeccoes atraves utilizacao substratos naturais origem botanica visando contribuir discussao problema dissertacao apresenta dois artigos revisao_literatura respeito uso fitoterapicos doenca_hepatica_gordurosa alcoolica segundo artigo objetivou analisar efeitos bioquimicos histologicos administracao extrato aquoso baccharis trimera carqueja ratos submetidos protocolo inducao dietetica esteatose_hepatica ultimo refere estudo_experimental duracao 30 dias 30 ratos_wistar divididos quatro grupos grupo lab recebeu dieta comercial administracao oral solucao salina grupo ain recebeu dieta indutora esteatose_hepatica administracao solucao salina grupo carqmin recebeu dieta indutora extrato baccharis trimera menor dose 3 mg dia grupo carqmax recebeu dieta indutora extrato aquoso baccharis trimera maior dose 6 mg dia ganho_peso consumo_alimentar registrados durante todo periodo experimental ganho_peso consumo_alimentar registrados durante todo periodo experimental calculo coeficiente eficiencia alimentar cea realizadas analises fitoquimicas qualitativas extrato aquoso baccharis trimera determinacoes bioquimicas sericas glicose lipidios provas funcao lesao hepatica analise histologica tecido_hepatico observacao presenca grau esteatose cea aumentou todos grupos receberam dieta ain provavelmente funcao composicao dieta indutora relacao analise fitoquimica qualitativa extrato aquoso baccharis trimera encontrados seguintes metabolitos secundarios taninos antocianidinas antocioaninas chalconas auronas flavononois flavononas leucoantocianidinas catequinas flavonois flavononois flavononas xantonas triterpenois saponinas observou aumento significativo valores trigliceridios fracao vldl animais grupos tratados carqueja comparados animais grupo lab colesterol_total hdl observou tendencia elevacao animais tratados carqueja especialmente maior dose relacao animais demais grupos curiosamente grupo ain apresentou valores ast inferiores demais grupos alt menores grupo lab embora havido diferenca grupos numero casos esteatose_hepatica p=0 06 estadiamento residuo ajustado frequencia ausencia esteatose grupo lab 2 8 indicando grupo apresentou frequencia ausencia esteatose maior esperado acaso uso extrato aquoso baccharis trimera presente estudo preveniu atenuou esteatose_hepatica induzida dieta alem disso tal uso promoveu alteracoes perfil_lipidico serico animais,1140
41,"oeov, biofilme, cim, oleo_essencial, oero, oleos_essenciais, antracnose, oecc, typhimurium, aureus",diversas desordens podem acometer frutos especialmente fase pos_colheita destacando antracnose causada fungos pertencentes genero colletotrichum controle antracnose sido feito basicamente meio uso fungicidas sinteticos quais acarretam impactos negativos meio_ambiente saude consumidores nesse sentido outros metodos sido estudados alternativas compostos incluindo oleos_essenciais oes exemplo oleo_essencial cymbopogon citratus d c stapf oecc polimeros capacidade formar revestimentos comestiveis quitosana qui quais possuem reconhecidas propriedades antifungicas objetivo desse estudo avaliar eficacia aplicacao revestimento base qui oecc controle antracnose goiaba cultivar cv paluma manga cv tommy atkins mamao cv papaya causada c asianum c fructicola c tropicale c siamense c karstii realizadas analises identificacao constituintes oecc avaliacao efeitos in vitro qui oecc isolados combinacao sobre crescimento micelial radial tipo interacao aditiva sinergica antagonica estabelecida substancias combinacao ensaios verificacao efeito revestimentos base qui oecc sobre desenvolvimento antracnose causadas diferentes especies colletotrichum testadas goiaba manga mamao armazenados 25 °c durante 12 dias total 32 constituintes =0 1 massa total identificados oecc geranial 51 39 neral 29 29 encontrados constituintes majoritarios oecc oecc 2 5 1 5 0 6 0 3 0 15 l ml inibiu crescimento micelial fungico 3 100 todas cepas colletotrichum testadas meio laboratorial agar batata dextrose diferentes combinacoes qui 7 5 5 2 5 mg ml oecc 1 25 0 6 0 3 0 15 l ml apresentaram efeito fungicida inibicao 100 frente cepas fungicas testadas diferentes combinacoes qui oecc exibiram interacoes efeito aditivo sinergico aplicacao revestimentos base qui 5 mg ml oecc 0 6 0 3 0 15 l ml causou reducao desenvolvimento lesoes tipicas antracnose goiaba 33 100 manga 63 100 mamao 28 100 artificialmente contaminados qualquer especies colletotrichum testadas durante todo periodo armazenamento sendo combinacao qui 5 mg ml + oecc 0 6 l ml apresentou efeitos expressivos percentual reducao diametro lesao antracnose prla frutos revestidos combinacoes qui oecc similar maior observado frutos tratados fungicidas sinteticos tiofanato metilico difenoconazol resultados indicam aplicacao revestimentos contendo combinacoes sinergicas qui oecc pode ser considerada tecnologia alternativa controle antracnose frutos especial goiaba cv paluma manga cv tommy atkins mamao cv papaya,1959
41,"oeov, biofilme, cim, oleo_essencial, oero, oleos_essenciais, antracnose, oecc, typhimurium, aureus",hortalicas minimamente processadas produtos prontos consumo submetidos processos modificacao fisica corte descascamento fatiamento preservam caracteristicas alimento fresco processados sob condicoes higienico_sanitarias insatisfatorias produtos podem representar risco microbiologico portanto sanitizacao etapa critica processamento presente estudo avaliado efeito aplicacao oleos_essenciais origanum vulgare l oregano oeov rosmarinus officinalis l alecrim oero isolados combinados concentracoes sub inibitorias contra bacterias patogenicas contaminantes hortalicas minimamente processadas listeria_monocytogenes escherichia_coli salmonella enteritidis identificacao constituintes oleos_essenciais oes realizada meio cromatografia gasosa acoplada espectrometria massas cg ms efeitos inibitorios avaliados determinacao concentracao inibitoria minima cim indice concentracao inibitoria fracional fici avaliacao contagens celulas viaveis caldo vegetal vegetais frescos artificialmente contaminados timol eucaliptol compostos majoritarios detectados oeov oero respectivamente valor cim oeov 0 6 l ml frente cepas teste inoculo simples misto enquanto valor cim oero 5 l ml frente l_monocytogenes coli 10 l ml frente s enteritidis inoculo simples 10 l ml contra inoculo misto icif oes combinados 0 5 frente inoculo bacteriano misto sugerindo interacao sinergica incorporacao oeov oero isolados cim diferentes concentracoes sub inibitorias caldo vegetal resultou diminuicao contagens celulas viaveis todas cepas teste longo 24 h reducao 3 ciclos log contagem celulas viaveis l_monocytogenes coli s enteritidis observada apos exposicao cim oeov expostas cim oero reducao observada celulas l_monocytogenes coli enquanto s enteritidis apresentou menor reducao 1 7 ciclos log contagem celulas viaveis incorporacao oeov oero combinados concentracoes sub inibitorias resultou reducao contagem inicial celulas viaveis todas cepas ensaiadas embora tempo necessario estabelecer diminuicao variou acordo cepa quantidade cada oe combinacao mesma forma oes aplicados isoladamente combinacao reduziram contagens celulas viaveis todas cepas teste ensaiadas vegetais frescos artificialmente infectados entanto exposicao vegetais oes isolados combinacao durante 10 minutos causou maior reducao contagens celulas viaveis comparado resultados obtidos apos 5 minutos exposicao ambos ensaios observou efeitos inibitorios oes ocorreram forma tempo dependente cepa dependente achados reforcam utilizacao racional oeov oero combinados concentracoes sub inibitorias garantir seguranca prolongar vida_prateleira vegetais frescos sugere ainda realizacao pesquisas cientificas voltadas estudo toxicidade animais celulas humanas modo assegurar inocuidade destes oes aplicados alimentos,1322
41,"oeov, biofilme, cim, oleo_essencial, oero, oleos_essenciais, antracnose, oecc, typhimurium, aureus",staphylococcus_aureus patogeno frequentemente associado surtos intoxicacao alimentar todo mundo principais alimentos envolvidos nesses surtos apresentam elevado teor proteico queijos carnes embora controle deste patogeno possa ser alcancado uso aditivos quimicos crescente demanda parte consumidores alimentos livres baixos niveis aditivos oleos_essenciais oes particularmente obtido origanum vulgare l oeov rosmarinus officinalis l oero bem constituintes majoritarios carvacrol car 1 8 cineol cin respectivamente sido sugeridos alternativa controlar s aureus alimentos estudo avaliou atividade_antimicrobiana oeov oero constituintes individuais cis car cin respectivamente frente cepas s aureus cultura pura inoculo misto ainda efeitos inibitorios aplicacao combinada destes oes cis concentracoes subinibitorias viabilidade celular avaliados frente inoculo misto s aureus sistemas base queijo carne efeitos mensurados determinacao concentracao inibitoria minima cim concentracao inibitoria fracionaria cif ensaios viabilidade caldo queijo caldo carne longo 24 h 37 ºc matrizes queijo carne durante armazenamento refrigerado 72 h analises microscopia eletronica varredura mev conduzidas avaliar alteracoes celulas bacterianas matrizes ensaiadas cim oeov car frente inoculo misto s aureus 1 25 l ml 1 enquanto cim oero cin 10 l ml 1 indice cif oes cis combinacao 0 5 sugerindo ocorrencia sinergismo incorporacao oeov oero car cin combinados diferentes concentracoes subinibitorias caldos queijo carne causou reducao p 0 05 celulas viaveis s aureus entanto efeitos inibitorios variaram combinacoes testadas ambos oes constituintes aplicacao combinada oeov oero car cin concentracoes subinibitorias 9 amostras queijo carne resultou diminuicao viabilidade celular causou alteracoes estruturais membrana celular s aureus oes cis combinacao menores efeitos inibitorios matrizes ensaiadas observados caldos queijo carne resultados reforcam viabilidade uso oeov oero car cin combinados concentracoes subinibitorias controle s aureus matrizes alimentares particularmente queijo carne,1328
42,"qualidade_vida, qvrs, sintomas, dominios, whoqol, disfagia, tned, cuidados, bref, cuidadores",introducao crescente expectativa vida pessoas cancer aliada avancos medicina intensificado necessidade cuidados paliativos cp nutricao componente qualidade_vida qv desempenha importante papel nesse contexto entanto ainda lacunas entendimento relacao estado_nutricional qv diferentes fases cp objetivo correlacionar estado_nutricional qv pessoas tratamento oncologico diferentes fases cp metodos estudo_observacional transversal abordagem_quantitativa realizado pessoas doenca oncologica atendidos ambulatorialmente servico cp hospice curitiba dados coletados durante atendimento ambulatorial conjunto medico nutricionista coletados dados_demograficos clinicos antropometricos aplicado teste qualidade_vida qlq c15 pal avaliacao_subjetiva_global produzida proprio paciente asg ppp percentual perda_peso pp avaliacao estado_nutricional avaliacao funcionalidade eastern cooperative oncology group ecog questionario sintomas impacto nutricional pessoas classificadas 3 fases ambulatoriais definidas hospice fase 1 doenca avancada fase 2 terminalidade fase 3 final vida resultados estudo incluiu 98 pessoas diagnostico oncologico diferentes fases cp maioria participantes idosa 75 5 sexo_feminino 55 1 tumores gastrointestinais 31 6 fase terminalidade fase 2 prevalente 80 6 participantes declinio funcional observado conforme avanco fases 66 6 pessoas fase final vida fase 3 classificadas dificuldade realizar autocuidado principais sintomas encontrados dor 53 anorexia 48 9 nauseas 31 6 constipacao 29 5 sintomas dor constipacao sintomas pioraram longo fases estado_nutricional prejudicado 38 2 pessoas avaliadas asg ppp 35 2 avaliados pp maior 10 6 meses correlacao estado_nutricional fases cp significativa demonstrando ambas fases 1 2 3 individuos apresentavam estado_nutricional prejudicado relacao processo adoecimento correlacao qv fases cp apenas escala fisica sintomas fadiga dor correlacao significativa p<0 005 processo adoecimento achados evidenciam individuos apresentavam piora dor declinio funcional avanco fases cp associacao significativa p<0 005 estado_nutricional qualidade_vida conclusao qv relacionada en pessoas doenca oncologica cp en prejudicado todo processo adoecimento demostrando necessidade atendimento nutricional todas fases cp sintomas comuns dor anorexia nauseas constipacao podem ser manejados contribuir melhora en,4834
42,"qualidade_vida, qvrs, sintomas, dominios, whoqol, disfagia, tned, cuidados, bref, cuidadores",olfato paladar frequentemente prejudicados doencas neurodegenerativas contudo nunca estudados conjuntamente individuos doencas neurodegenerativas corticais subcorticais brasil estudo objetivo avaliar capacidade olfatoria gustativa individuos doenca parkinson dp comparando grupo individuos doencas neurodegenerativas corticais dnc grupo_controle desenho estudo_transversal amostragem conveniencia individuos dp recrutados centro referencia transtornos movimento hospital clinicas universidade federal goias n=80 pacientes dnc encaminhados clinica particular goiania n=20 controles mesma faixa etaria grupo dp doencas neurodegenerativas oriundos diversas areas hospital clinicas n=40 dados_sociodemograficos clinicos coletados meio entrevista direta uso questionario estruturado abordando variaveis genero idade cor_pele escolaridade duracao estagio doenca habitos vida avaliou capacidade olfatoria meio teste sniffin sticks limiar discriminacao identificacao odores capacidade gustativa meio teste limiar reconhecimento cincos gostos basicos doce salgado amargo acido umami testar associacao capacidade olfatoria gustativa grupos utilizou teste_exato_fisher comparacao medias limites deteccao reconhecimento gostos basicos utilizou anova kruskal_wallis individuos dp dnc apresentaram respectivamente 93 8 100 comprometimento sentido olfato apenas 15 individuos controles apresentaram reducao sentido olfato diferencas significativas p<0 001 diferencas tanto limites deteccao limites reconhecimento gostos basicos grupos p<0 001 exceto limite reconhecimento gosto acido p= 0 088 gosto umami p=0 153 relacao capacidade gustativa 53 8 pacientes dp 50 individuos grupo dnc 35 individuos grupo_controle apresentaram alteracoes identificacao gostos basicos porem diferencas significativas grupos p=0 150 conclui capacidade olfatoria gustativa individuos doencas neurodegenerativas tanto corticais quanto subcorticais comprometidas consequentemente apresentam marcador importante dessas doencas,1078
42,"qualidade_vida, qvrs, sintomas, dominios, whoqol, disfagia, tned, cuidados, bref, cuidadores",objetivo avaliar qualidade_vida sobrecarga cuidadores pacientes pediatricos diagnosticados encefalopatia cronica evolutiva ecne metodos estudo_observacional transversal conduzido ambulatorio referencia terapia nutricional amostra conveniencia cuidadores pacientes pediatricos ecne junho 2022 dezembro 2023 aprovado comite etica pesquisa universidade federal paulo coletados dados_demograficos comportamentais nutricionais pacientes alem caracteristicas sociodemograficas cuidadores classificacao motora realizada utilizando gmfcs qualidade_vida sobrecarga avaliadas meio instrumentos whoqol bref burden interview variancias medianas intervalos interquartis valores maximos minimos questionarios dominios fatores descritos coeficientes correlacao_spearman whoqol bref burden interview estimados expressos matriz correlacao resultados participaram 80 pares cuidadores pacientes pediatricos ecne cuidadores predominantemente maes 92 5 mediana idade 34 anos iqq 27 0 41 0 dedicando exclusivamente cuidado 77 5 pacientes 60 sexo_masculino mediana idade 7 anos 4 00 9 25 55 apresentavam desnutricao qualidade_vida whoqol bref media 46 75 + 15 4 enquanto sobrecarga burden interview registrou media 45 7 + 13 3 66 3 cuidadores classificados sobrecarga grave intensa correlacao negativa whoqol bref burden interview 0 514 p<0 001 estudo apresenta algumas limitacoes devido homogeneidade amostra composta cuidadores ambulatorio referencia pode limitar generalizacao resultados conclusao homogeneidade populacao estudada acarretou limitacao analises dados grave comprometimento qualidade_vida sobrecarga cuidadores evidenciados neste estudo deve promover maior empatia acessibilidade respeito direitos cuidadores ressaltando importancia suporte social desenvolvimento pacientes familias,5153
43,"sorgo, brs, feijao, carioca, feijoes, oliveira, taninos, extrusado, caupi, farinha",deficiencia ferro fe deficiencia nutrientes prevalente afetando cerca 40 populacao mundial particularmente mulheres criancas paises desenvolvimento culturas alimentos basicos biofortificados tornado ferramenta eficaz reduzir deficiencia fe feijao comum phaseolus vulgaris l culturas alvo programa biofortificacao vez exibe variabilidade genetica suficiente concentracao ferro processo biofortificacao tese objetivo avaliar biodisponibilidade ferro in vitro in vivo feijoes biofortificados fe comparacao feijoes convencionais efeito sobre microbiota_intestinal funcao intestinal in vivo utilizados diferentes genotipos feijoes biofortificados fe feijoes convencionais feijoes cozidos panela pressao convencional 40 minutos utilizando agua deionizada secos estufa ar 17 horas 60oc moidos moinho inox 090 cft 3000 rpm armazenados 12 °c inicialmente avaliou efeito administracao intra amniotica prebioticos extraidos feijoes sobre expressao_genica proteinas relacionadas metabolismo ferro membrana borda escova bbm sobre populacao bacteriana intestinal modelo aves gallus gallus manuscrito 2 testados oito grupos experimentais controle negativo injetado 18mw h2o 40mg ml inulina 50 mg ml brs perola convencional carioca 50 mg ml brs cometa biofortificado carioca 50 mg ml brs esteio convencional preto 50 mg ml smn 39 biofortificado preto 50 mg ml brs artico convencional branco expressao_genica proteinas relacionadas ferro realizada rt qpcr abundancia bacterias avaliada pcr grupos feijao carioca apresentaram aumento p<0 05 abundancia relativa bifidobacterias lactobacilos relacao convencionais expressao_genica proteina transportadora zinco 1 znt1 ferroportina fnp amino peptidase ap apresentou aumentada p<0 05 grupo brs cometa biofortificado carioca segundo estudo manuscrito 3 objetivou avaliar biodisponibilidade fe in vitro diferentes genotipos feijao biofortificados fe feijoes convencionais sozinhos combinacao outras culturas alimentares basicas genotipos feijao utilizados neste estudo brs perola brs cometa brs esteio smn39 proporcoes alimentares utilizadas baseadas consumo_alimentar populacao brasileira analise polifenol realizada uplc ms concentracao ferro analisada icp aes concentracao fitato avaliada utilizando kit magazyme biodisponibilidade fe in vitro avaliada usando celulas caco 2 feijoes biofortificados brs cometa smn39 apresentaram maior p<0 05 concentracao ferro relacao convencionais brs perola brs esteio feijoes pretos brs esteio smn39 apresentaram maior p<0 05 concentracao miricetina 3 glicosideo quercetina 3 glicosideo relacao feijoes cariocas enquanto feijao carioca brs cometa brs perola apresentou maior p<0 05 concentracao 3 glucoside kaempferol epicatequina catequina comparacao feijoes pretos alem disso ambos feijoes cariocas apresentaram maior biodisponibilidade ferro p <0 05 relacao feijoes pretos combinacao feijao outros alimentos basicos aumentou p<0 05 biodisponibilidade ferro feijoes carioca preto excecao feijao preto convencional brs esteio terceiro estudo manuscrito 4 realizado experimento 6 semanas modelo aves gallus gallus n = 15 objetivo investigar estado_nutricional fe alteracoes microbioma intestinal apos ingestao feijao carioca biofortificado fe bc comparacao feijao carioca convencional sc dietas testadas elaboradas base consumo_alimentar populacao brasileira dois resultados primarios observados 1 aumento significativo valores hb fe total organismo grupo recebeu dieta base feijao carioca biofortificado 2 alteracoes composicao funcao microbioma intestinal especificamente mudancas significativas diversidade filogenetica grupos tratamento pois aumento abundancia bacterias relacionadas catabolismo compostos_fenolicos aumento abundancia bacterias beneficas produtoras acidos_graxos_cadeia_curta grupo bc apresentou maior altura vilosidades intestinais relacao grupo sc maneira geral resultados demonstram feijoes biofortificados preto carioca apresentaram maior concentracao ferro relacao feijao convencional feijao preto apresentou maior teor polifenois inibidores absorcao ferro assim feijao carioca apresentou maior biodisponibilidade ferro relacao feijao preto in vitro combinacao feijao outros alimentos basicos aumentou biodisponibilidade ferro in vitro resultados in vivo gallus gallus demonstraram variedade feijao carioca biofortificado capaz melhorar moderadamente fe afetar positivamente funcao intestinal composicao microbiota_intestinal modo geral feijao brs cometa carioca apresentou melhores resultados in vitro in vivo sendo capaz melhorar estado_nutricional ferro afetando positivamente funcionalidade intestinal populacao bacteriana assim feijao carioca biofortificado pode ser considerado veiculo promissor biofortificacao ferro,2613
43,"sorgo, brs, feijao, carioca, feijoes, oliveira, taninos, extrusado, caupi, farinha",objetivo analisar composicao_quimica centesimal aspectos nutricionais potencial_antioxidante feijoes phaseolus vulgaris l brasileiros in_natura impacto esterilizacao alta pressao autoclave nestes feijoes material metodos estudadas sete cultivares feijoes brasileiros incluindo tres cultivares carioca brs ametista brs notavel perola preto brs esplendor tres especiais brs pitanga brs executivo jalo precoce graos in_natura caracterizados quanto composicao_quimica parcial aspectos nutricionais feijoes previamente macerados esterilizados alta pressao hidrostatica eap autoclave estudados compostos_fenolicos totais atividade_antioxidante atividade inibidor tripsina digestibilidade proteica in vitro conteudos rafinose estaquiose medias analisadas teste anova one way two way comparadas teste_tukey p<0 05 realizado teste correlacao_pearson teor_compostos_fenolicos atividade_antioxidante resultados todas cultivares mostraram aminoacidos limitantes sulfurados metionina cistina cultivar perola apresentou maior quantidade inibidor tripsina feijao in_natura 9 22 uit mg amostra valores minimos maximos oligossacarideos totais feijoes in_natura 3 30 g 100 1 perola 4 54 g 100 1 jalo precoce ambos tratamentos ocasionaram desnaturacao inibidor tripsina aumento digestibilidade proteica p<0 05 brs esplendor autoclavada apresentou reducao 44 oligossacarideos sendo eap maiores perdas cultivar perola 31 dois tratamentos ocorreu reducao p<0 05 compostos_fenolicos totais consequentemente atividade_antioxidante relacao feijoes in_natura cultivar executivo apresentou menores perdas compostos_fenolicos totais 15 38 dois tipos processamentos atividade_antioxidante apresentou maior preservacao brs esplendor autoclavada 29 57 mol trolox g brs ametista eap 26 20 mol trolox g conclusao cultivares estudadas similares relacao valor nutritivo considerando escore quimico apresentado sendo jalo precoce destacou relacao digestibilidade proteica cultivares ametista notavel jalo precoce mostraram teores elevados fibra_alimentar ambos processamentos ocorreu reducao compostos_fenolicos atividade_antioxidante bem aumento digestibilidade proteina in vitro dois tratamentos eficientes inativar inibidores tripsina autoclave efetiva conservacao compostos_fenolicos atividade_antioxidante condicoes estudo,1333
43,"sorgo, brs, feijao, carioca, feijoes, oliveira, taninos, extrusado, caupi, farinha",presente trabalho objetivo avaliar efeito armazenamento comercial sobre composicao_nutricional fitoquimica feijoes comuns variedade carioca phaseolus vulgaris l artigo 1 determinar efeito armazenamento sobre potencial anti_inflamatorio artigo 2 anti aterosclerotico artigo 3 hidrolisados proteicos macrofagos humanos thp 1 utilizados dois genotipos feijao comum variedade carioca contrastantes endurecimento escurecimento longo armazenamento feijoes brsmg madreperola mp estavel armazenamento brs pontal po estocados temperatura ambiente 22 + 3 0 c < 65 umidade relativa acondicionados embalagens lacradas polipropileno 180 dias coccionados tempos zero apos tres seis meses estocagem realizadas analises artigo 1 2 0 3 6 meses artigo 3 0 6 meses graos analisados quanto composicao centesimal fibra_alimentar total fracoes conteudo minerais fitato compostos_fenolicos artigo 1 hidrolisados proteicos artigos 2 3 potencial anti_inflamatorio anti aterosclerotico hidrolisados proteicos avaliado in vitro utilizando celulas macrofagos thp 1 inflamacao induzida lipopolissacarideo lps artigo 2 lipoproteina_baixa_densidade oxidada ldl ox artigo 3 |o armazenamento comercial 180 dias temperatura ambiente afetou qualidade nutricional fitoquimica graos visto somente observada reducao conteudo lipidio total p = 0 007 hidrolisados feijoes carioca reduziram niveis marcadores_inflamatorios utilizados baixas concentracoes forma independente tempo armazenamento embora sido observadas diferencas cultivares 0 1 mg ml reducao tnf alfa hidrolisados po 0 3 6 mp 6 reducao il 1 mp 0 pge 2 mp 0 6 relacao potencial anti aterosclerotico observou hidrolisados feijoes armazenados reduziram expressao receptor ldl ox lox 1 metaloproteina 9 mmp 9 molecula adesao intracelular 1 icam 1 expressao 10 citocinas relacionadas processo aterosclerotico conclui portanto condicoes armazenamento utilizadas presente estudo adequadas preservacao qualidade nutricional fitoquimica feijoes alem disso inibicao marcadores_inflamatorios ateroscleroticos indica armazenamento feijoes seis meses independentemente caracteristicas resistencia armazenamento alterou propriedades fisicoquimicas biologicas hidrolisados proteicos,1799
44,"soro_leite, barra, liquida, cla, proteico, lactose, proteica, caseina, aminoacidos, batata",objetivo deste estudo determinar qualidade nutricional valor proteico amendoas baru pequi castanha caju cerrado frutas nativas cerrado brasileiro comparar amendoim determinou composicao_quimica centesimal teor minerais perfil aminoacidos conforme metodos padronizados realizado experimento 42 ratos_wistar_machos recemdesmamados distribuidos sete grupos segundo delineamento blocos casualizados durante catorze dias dietas formuladas segundo ain 93g sendo seis dietas 10 proteina cas7 caseina 7 lipidios cas15 caseina 15 lipidios amendoas baru amb amendoa pequi amp castanha caju cerrado cjc amendoim amd dieta aproteica apo valor proteico estimado meio metodos net protein ratio npr relative net protein ratio rnpr protein digestibility corrected amino acid score pdcaas amendoas baru pequi castanha caju cerrado ricas proteinas 22 7 29 9 g 100 g lipidios 41 9 50 0 g 100 g fibras amendoas baru pequi torno 10 0 g 100 g ferro zinco 4 3 7 4 mg 100 g proteina amendoa baru apresentou deficiencia aminoacidos essenciais lisina primeiro aminoacido limitante proteinas amendoa pequi castanha caju cerrado segundo limitante proteina amendoim amendoa baru apresentou rnpr 86 estatisticamente similar castanha caju cerrado 78 superior amendoim 72 amendoa pequi 54 amendoa baru apresentou maior valor pdcaas 91 castanha caju cerrado amendoim apresentaram valores semelhantes indice 82 seguidos amendoa pequi 55 amendoa baru possui maior qualidade proteica porem castanha caju cerrado amendoim fontes proteina boa qualidade recomendamos inclusao destes alimentos nativos dietas saudaveis industria alimenticia amendoa baru castanha caju cerado fontes proteinas complementares,222
44,"soro_leite, barra, liquida, cla, proteico, lactose, proteica, caseina, aminoacidos, batata",bioma cerrado rico especies frutiferas pequi baru buriti caju cerrado destacam qualidades sensoriais cor sabor aroma apresentarem potencialidades mercado polpas amendoas dentre especies pequi merece especial atencao porque possui amendoa rica proteinas ainda pouco explorada alimentos proteinas podem ser classificadas conforme qualidade depende perfil proporcao aminoacidos essenciais biodisponibilidade hidrolise durante processo digestao pode interferir absorcao estudos especies nativas cerrado necessarios fornecer subsidios incentivem melhor utilizacao dessas fonte complementar nutrientes populacao local exploracao comercial fonte geradora emprego renda base nestas informacoes estudo objetivo avaliar qualidade biologica bioquimica farinha semente pequi desengordurada suplementada lisina atraves analise parametros nutricionais bioquimicos provenientes ensaio animais jovens neste estudo feitos dois delineamentos sendo primeiro animais divididos quatro grupos dez animais controle aproteico farinha semente pequi fsp farinha semente pequi suplementada primeiro aminoacido limitante lisina fspal dieta aproteica isenta proteinas demais dietas apresentavam teor 10 proteinas diferiram quanto fonte proteica caseina dieta controle farinha semente pequi experimento duracao 14 dias segundo delineamento utilizou 36 animais acompanhados 30 dias divisao grupos experimentais mantida exceto grupo dieta aproteica excluido durante experimento feitas avaliacao_consumo_alimentar coleta fezes mensuracao peso animais final experimento animais anestesiados eutanasiados posteriormente realizada coleta sangue orgaos resultados mostraram relacao composicao centesimal nutrientes maior concentracao semente pequi in_natura lipideos 55 42 seguido proteinas 25 28 alem disso semente mostrou boa fonte minerais aminoacido essencial deficiente semente lisina apresentando escore quimico 39 relacao metodos biologicos determinacao qualidade proteica coeficiente utilizacao proteica per grupo_controle significativamente superior demais grupos cabe destacar grupo fspal recebeu suplemento lisina estatisticamente superior grupo recebeu dieta fsp demais indices razao proteica liquida npr digestibilidade verdadeira dv balanco nitrogenado aparente bnap utilizacao proteica liquida npu grupo_controle significativamente superior demais grupos fsp fspal diferiram estatisticamente si,1831
44,"soro_leite, barra, liquida, cla, proteico, lactose, proteica, caseina, aminoacidos, batata",gelatina amplamente utilizada alimentacao humana porem valor proteico limitado composicao aminoacidos essenciais bastante atipica vez teores todos aminoacidos inferiores padrao referencia comite nutricao alimentos instituto medicina academia nacional ciencias eua food and nutrition board fnb institute of medicine iom agravante conter triptofano composicao estudo avaliou eficacia alimentar qualidade proteica misturas caseina gelatina 4 1 base proteica dietas baixos teores proteina realizado estudo_experimental modelo animal 36 ratos albinos linhagem wistar machos recem desmamados 21 23 dias idade divididos seis grupos seis animais cada alimentados seguintes dietas c10 10 proteina caseina c8g2 10 proteina 8 caseina 2 gelatina c12 5 12 5 proteina caseina c10g2 5 12 5 proteina 10 caseina 2 5 gelatina g10 10 proteina gelatina ap aproteico duracao experimento 28 dias grupos c10 c8g2 c12 5 c10g2 5 14 dias grupos g10 ap eficacia alimentar dietas contendo mistura caseina gelatina influenciada gelatina segundo fator conversao alimentar nivel proteico 10 c10 = 3 35 + 0 19 versus c8g2 = 3 91 + 0 34 suplementacao gelatina c10 = 3 35 + 0 19 versus c10g2 5 = 3 86 + 0 32 eficacia proteica reduzida tanto nivel proteico 10 c10 = 2 90 + 0 17 versus c8g2 = 2 41 + 0 22 quanto nivel proteico 12 5 c12 5 = 2 32 + 0 19 versus c10g2 5 = 2 03 + 0 16 suplementacao gelatina c10 = 2 90 + 0 17 versus c10g2 5 = 2 03 + 0 16 segundo per protein efficiency ratio animais consumiram gelatina g10 apresentaram perda_peso corporeo semelhante grupo aproteico gelatina misturas caseina gelatina 4 1 base proteica dietas baixo teor proteina reduz eficacia alimentar proteica caseina,496
45,"oleo_peixe, placebo, suplementacao, capsulas, efeitos_suplementacao, ensaio_clinico_randomizado, cego, controlado, suplementado, glutamina",neoplasias hematologicas grupo doencas malignas representadas principalmente leucemias linfomas tratamento destas neoplasias inclui outras abordagens quimioterapia individuos acometidos poderao sofrer efeitos colaterais decorrencia tratamento assim progressao doenca possivel modulacao acidos_graxos poli_insaturados n 3 agpi n 3 eicosapentaenoico epa docosahexaenoico dha presentes oleo_peixe sobre melhora manutencao estado_nutricional sobre maior eficacia quimioterapia nestes individuos sugere suplementacao deste oleo adjuvante tratamento cancer neste contexto ensaio_clinico controlado randomizado objetivou avaliar impacto suplementacao oleo_peixe sobre estado_nutricional parametros estresse_oxidativo individuos neoplasia hematologica durante tratamento quimioterapico quatorze individuos diagnostico recente leucemias linfomas atendidos hospital_universitario professor polydoro ernani thiago hu orientados quimioterapia randomizados grupo suplementado gns n=9 grupo suplementado gs 2g dia oleo_peixe n=5 durante nove semanas comparar efeitos intervencao momento inicial t0 final t1 utilizados testes mann_whitney analise intergrupos wilcoxon analise intragrupos teste qui2 exato fisher utilizado testar diferencas variaveis dicotomicas caracterizacao todas variaveis continuas testadas simetria teste shapiro_wilk assumindo p<0 05 avaliados carbonilacao proteica plasma atividade enzimatica marcadores lesao celular plasmaticos creatina cinase ck lactato desidrogenase ldh parametros hematologicos dados antropometricos concentracoes sericas proteina_c_reativa albumina dados cromatografia_liquida mostraram 367 mg epa 243 mg dha aumento 2 5 vezes epa 1 9 vezes dha gs 100 individuos apresentaram proporcoes aumentadas destes agpi embora significancia estatistica possivel observar 80 individuos gs apresentaram proporcoes aumentadas proteinas carboniladas apos 9 semanas enquanto gns 55 5 apresentaram aumento gs t0 4 3 0 9 6 3 gs t1 6 6 2 2 7 3 vs gns t0 6 4 1 0 8 3 gns t1 3 7 1 4 10 6 segundo adequacao cmb individuos gs mantiveram eutroficos pode ser observada tendencia p=0 06 incremento sugerindo melhora manutencao estado_nutricional gs t0 90 1 80 0 104 4 gs t1 93 0 86 5 107 6 vs gns t0 89 6 76 4 96 9 gns t1 84 0 78 2 98 7 base relacao pcr albumina gns classificado alto risco complicacoes passou ser classificado medio risco momento final enquanto gs passou alto risco baixo risco apos suplementacao gns t0 3 9 1 2 27 8 gns t1 1 3 0 9 18 5 vs gs t0 12 6 2 2 24 0 gs t1 0 9 0 8 12 3 conclui suplementacao oleo_peixe binomio dose tempo utilizado apresentou efeitos significativos sobre parametros estresse_oxidativo estado_nutricional individuos porem puderam ser observadas pequenas alteracoes contribuem conhecimento existente futuros estudos,1358
45,"oleo_peixe, placebo, suplementacao, capsulas, efeitos_suplementacao, ensaio_clinico_randomizado, cego, controlado, suplementado, glutamina",introducao evidencias pacientes cancer_mama apresentam alteracao funcao imune pode favorecer progressao cancer inflamacao_cronica envolvida todos estagios carcinogenese estudos demonstrado acidos_graxos poliinsaturados n 3 eicosapentaenoico epa docosahexaenoico dha apresentam propriedades imunomoduladoras antiinflamatorias sendo utilizados prevencao tratamento diferentes patologias incluindo cancer neste contexto estudo objetivo investigar efeito suplementacao oleo_peixe pacientes recem diagnosticadas cancer_mama subpopulacoes linfocitos citocinas_pro_inflamatorias proteina_c_reativa prostaglandina e2 metodologia estudo_intervencao randomizado placebo controlado duplo cego conduzido pacientes diagnostico cancer_mama distribuidas dois grupos grupo oleo_peixe  go grupo placebo  gp pacientes go receberam diariamente 2 g concentrado oleo_peixe contendo 1 8 g acidos_graxos n 3 grupo placebo recebeu 2 capsulas 1 g oleo mineral igual aparencia oleo_peixe todas pacientes suplementadas 4 semanas durante periodo anterior tratamento cirurgico antes final suplementacao coletados dados antropometria composicao_corporal consumo dietetico amostras sanguineas fenotipagem linfocitos exames laboratoriais glicemia_jejum albumina serica perfil_lipidico analise perfil acidos_graxos sericos marcadores_inflamatorios il 1 il_6 tnf proteina_c_reativa prostaglandina e2 analise estatistica realizada utilizando testes parametricos parametricos comparar resultados dois grupos resultados go constituido 18 pacientes gp 19 inicio estudo observadas diferencas significativas grupos quanto parametros socioeconomicos antropometricos clinicopatologicos maioria pacientes apresentou carcinoma ductal infiltrante 55 6 57 9 go gp respectivamente apresentaram tumor her2 negativo apos intervencao grupo oleo_peixe aumento significativo quantidade epa p=0 004 dha p=0 007 total acidos_graxos n3 p=0 004 fosfolipidio plasmatico observou reducao razao n6 n3 p=0 002 go observou manutencao tanto percentagem linfocitos t cd4+ sangue periferico niveis sericos proteina_c_reativa enquanto gp reducao percentagem linfocitos t cd4+ sangue periferico aumento proteina_c_reativa mudancas significativas niveis sericos citocinas_pro_inflamatorias prostaglandina e2 conclusao suplementacao 1 8g acidos_graxos n 3 pacientes recem diagnosticadas cancer_mama durante 4 semanas promoveu mudanca significativa composicao acidos_graxos plasmaticos manteve percentagem celulas t cd4+ niveis sericos pcr sugestivo acao benefica sistema imunologico,1167
45,"oleo_peixe, placebo, suplementacao, capsulas, efeitos_suplementacao, ensaio_clinico_randomizado, cego, controlado, suplementado, glutamina",objetivo dentre inumeros disturbios_metabolicos acompanham carcinogenese hiper ativacao enzima acido graxo sintase fasn responsavel sintese novo acidos endogenos sido relatado certos tipos canceres incluindo cancer_mama atividade poderia favorecer oferta fosfolipidios estruturais membranas celulares consequentemente multiplicacao celulas cancerigenas sido demonstrado ingestao acidos_graxos poli insaturado diminui expressao_genes metabolismo lipidicos incluindo transcricao fasn assim estudo objetivo avaliar influencia consumo oleo_peixe rico acido graxo n 3 enzima acido graxo sintase fasn soro nivel transcrito celulas mononucleadas sangue periferico mulheres diagnostico recente cancer_mama correlacionando resultados encontrados variaveis clinicas nutricionais pacientes metodologia estudo_intervencao randomizado placebo controlado duplo cego conduzido 38 voluntarias distribuidas dois grupos grupo oleo_peixe  go grupo placebo  gp pacientes go receberam 2 g concentrado oleo_peixe contendo 1 8g acidos_graxos poliinsaturados n 3 eicosapentaenoico epa docosahexaenoico dha grupo placebo recebeu 2 capsulas 1g cada oleo mineral igual aparencia oleo_peixe todas pacientes suplementadas 4 semanas durante periodo anterior tratamento cirurgico antes final suplementacao coletados dados consumo antropometria amostras sanguineas analise perfil acidos_graxos fosfolipidio enzima fasn soro analisou transcrito mrna gene fasn celulas mononucleadas sangue periferico analise estatistica realizada utilizando testes parametricos parametricos comparar resultados dois grupos gerado modelo analise covariancia ancova avaliar interacao algumas variaveis selecionadas fasn variavel dependente resultados go constituido 18 pacientes gp 20 observadas diferencas significativas idade anos estudos renda estado_civil consumo tabaco presenca outras doencas estado menopausa pratica_atividade_fisica grupos maioria pacientes apresentou carcinoma ductal infiltrante 33 3 50 grupo oleo_peixe placebo respectivamente apresentaram tumor her2 negativo maioria apresentou excesso_peso diferenca grupos quanto consumo dietetico momento basal observou diferenca composicao acidos_graxos sericos sendo 16 0 18 0 18 1 significativamente maiores total poli_insaturados n 6 n 6 n 3 menores grupo oleo_peixe relacao placebo apos intervencao aumento significativo quantidade 22 6 n 3 20 5 n 3 total n 3 reducao razao n 6 n 3 go inicio estudo proteina fasn soro pacientes 118 79+ 76 71ng ml diferenca significativa grupos observada diferenca niveis mrna fasn grupos intervencao observada diferenca significativa intra grupos valores mrna proteina fasn acordo analise covariancia imc apresentou interacao negativa trancrito fasn grupos estudo estado menopausa expressao her2 apresentaram interacao fasn observada interacao covariaveis resultados fasn soro conclusao presente estudo_intervencao realizada suplemento oleo_peixe rico acido graxo n 3 resultou mudanca fasn transcrito respectiva proteina entretanto observada interacao negativa imc resposta mrna fasn,556
46,"polpa, extratos, dpph, casca, frutos, abts, fruto, cerrado, polpas, potencial_antioxidante",presente estudo avaliou teor compostos_bioativos capacidade_antioxidante 12 frutos cerrado relacao maca red delicious identificou quantificou alguns compostos_fenolicos presentes fruto apresentou maior teor bioativos capacidade_antioxidante materiais metodos atividade_antioxidante aa extratos aquoso eaq acetato etila eae frutos cerrado araticum annona crassiflora mart baru dipteryx alata cagaita eugenia dysenterica dc cajuzinho anacardium humile st hil guariroba syagrus oleracea inga inga laurina willd jatoba hymenaea stigonocarpa mart jenipapo genipa americana l jurubeba solanum paniculatum l lobeira solanum grandiflorum ruiz pav mangaba hancornia speciosa tucum cerrado bactris setosa mart determinada ensaios capacidade redutora ferro frap sistema 946 caroteno acido linoleico teor antocianinas totais at flavonoides amarelos fa flavanois carotenoides_totais acido_ascorbico aasc determinados ensaios espectrofotometricos partes fruto selecionado casca polpa utilizadas metodologias ainda teor fenolicos totais ft identificacao quantificacao compostos_fenolicos realizadas sistema hplc dad extrato aquoso eaq fracoes acetato etila metanol agua extratos etanolico ee metanolico acidificados resultados araticum tucum apresentaram teor flavanois totais 15 19 vezes superior maca relacao conteudo at tucum apresentou concentracao 35 vezes maior valor obtido maca alto teor at encontrado cajuzinho jurubeba jatoba relacao aa eae tucum apresentou maior valor frap 6 vezes maior valor obtido eae maca enquanto valores frap eae araticum cagaita cajuzinho lobeira 2 vezes superiores eae maca eaq tucum araticum obtiveram maiores valores frap seguidos cagaita cajuzinho jurubeba mangaba ensaio oxidacao 946 caroteno eaq tucum apresentou segunda maior aa 6 vezes maior maca seguido eaq araticum cagaita amendoa baru mangaba jurubeba apenas tucum mangaba valores superiores maca sistema 946 caroteno eae relacao estudo envolvendo casca polpa tucum obtido alto teor ft flavonois at fa casca fruto 112 14 264 64 vezes maior casca comparados polpa respectivamente eaq ee casca tucum apresentaram maior aa comparados polpa flavonoides identificados extratos casca tucum flavanol catequina flavonois quercetina rutina acidos fenolicos galico ferulico cafeico antocianinas cianidina conclusao resultados sugerem fenolicos representam principais compostos_bioativos frutos cerrado particularmente frutos araticum cagaita lobeira tucum cajuzinho jurubeba mangaba possuem alto teor bioativos alta capacidade_antioxidante capacidade_antioxidante conteudo compostos_bioativos tucum cerrado associados principalmente casca sendo catequina antocianinas acido galico rutina principais compostos_fenolicos identificados,554
46,"polpa, extratos, dpph, casca, frutos, abts, fruto, cerrado, polpas, potencial_antioxidante",grumixama eugenia brasiliensis lam fruta pertencente familia myrtaceae fonte fitoquimicos importantes compostos_fenolicos flavonoides antocianinas apresentam quantidades variaveis conforme estadio maturacao compostos apresentam atividades biologicas importantes desde bioacessiveis apos processo fisiologico digestao objetivos deste estudo caracterizar propriedades fisico quimicas fracoes fruto grumixama semente polpa casca avaliar conteudo compostos_fenolicos tpc flavonoides tfc antocianinas tac atividade_antioxidante dpph abts frap antes apos digestibilidade in vitro frutos colhidos municipio jose pinhais parana separados maduro m semimaduro s fracionados semente s polpa casca p macronutrientes proteina lipideo carboidrato fibras acucares redutores minerais cor toxicidade frente artemia salina avaliados fracoes liofilizadas quantificacao compostos_fenolicos flavonoides realizada hplc bioacessibilidade bioativos tpc tfc tac atividade_antioxidante dpph abts frap aferida apos digestibilidade in vitro maiores conteudos acucares redutores fibras insoluveis l tfc miricetina quercetina acido cinamico atividade_antioxidante verificados fracao s destaque fibras soluveis carboidratos cinzas fracao s madura sm lipideos tfc s semimadura ss fracao p madura pm superior acucares redutores fibras soluveis carboidratos tac enquanto semimadura ps fibras insoluveis tpc conteudo minerais ca k mn ba s maior ps ambas fontes fracoes apresentaram toxicidade compostos_bioativos atividade_antioxidante grumixama diminuiram apos digestao in vitro bioacessibilidade tpc fracao p superior 50 fase gastrica 20 fase intestinal resultados sugerem grumixama pode contribuir soberania seguranca_alimentar_nutricional populacoes regionais fracoes liofilizadas fruto perfazer subproduto promissor uso industria alimenticia farmaceutica,4046
46,"polpa, extratos, dpph, casca, frutos, abts, fruto, cerrado, polpas, potencial_antioxidante",plantas sa~o consumidas populac¸a~o na~o sa~o comercializadas larga escala sa~o comesti´veis na~o sa~o consumidas sa~o conhecidas plantas alimenti´cias na~o convencionais pancs brasil ruibarbo rheum palmatum l pertencente fami´lia polygonaceae encaixa nessa classificac¸a~o pois caule pode ser utilizado culina´ria inu´meras preparac¸o~es assim objetivo presente trabalho caracterizar composic¸a~o fi´sico qui´mica avaliar toxicidade determinar potencial atividade_antioxidante ruibarbo r palmatum l cultivado regia~o sul brasil planta colhida mandirituba pr me^s janeiro 2019 separada caule folha conduzida determinac¸a~o fi´sica peso comprimento largura seguida dividida caule folha analisar teor umidade cinzas ph so´lidos solu´veis ac¸u´cares protei´nas lipi´dios fibra_alimentar vitaminas minerais metais pesados caule base seca submetido aparelho soxhlet anali´tico modificado obtenc¸a~o extrato bruto etano´lico caule ebec submetido a` cromatografia coluna isolar antraquinonas substa^ncias isoladas analisadas ressona^ncia magne´tica nuclear rmn determinac¸a~o potencial_antioxidante compostos feno´licos flavonoides utilizado ebec tambe´m caule folha base seca ana´lise toxicidade realizados testes hemo´lise artemia salina tambe´m realizada atividade_antimicrobiana ebec emodina atrave´s microdiluic¸a~o microplacas resultados indicaram ruibarbo apresenta alto teor umidade caule 88 8 folha 87 3 alto teor cinzas caule 1 1 folha 1 08 baixo ph caule 2 87 folha 3 48 quanto vitaminas detectadas vitamina_c b1 b3 caule b3 folha caule tambe´m apresentou elevado teor mangane^s cobre ca´lcio pota´ssio substa^ncias isoladas identificadas emodina fisciona relac¸a~o teor total feno´licos igual a` 786 04 mg ag 100g ale´m teor total flavonoides 404 89 mg ec 100g ruibarbo apresentou alto teor atividade_antioxidante levando considerac¸a~o ana´lises dpph 5 03 mmol et 100g frap 4 86 mmol et 100g abts 4 37 mmol et 100g quanto a` atividade hemoli´tica na~o exibiu relac¸a~o dose depende^ncia ja´ ana´lise toxicidade preliminar frente a` salina ruibarbo in_natura ebec sa~o considerados moderadamente to´xicos submetidos a` cocc¸a~o 10 20 minutos sa~o classificados levemente to´xicos entanto geleia produzida partir caule na~o apresentou toxicidade ebec emodina apresentaram boa atividade_antimicrobiana frente a` klebsiella pneumoniae staphylococcus_aureus portanto benefi´cios nutricionais encontrados consumo seguro desta panc podem auxiliar disseminar consumo dentre populac¸a~o brasileira agregando tambe´m valor comercial,3251
47,"mcf, ecv, cancer_mama, ccr, tumorais, neoplasia, recidiva, mel, wcrf, tumoral",atualmente cancer_mama representa neoplasia maligna comum mulheres produtos finais glicacao avancada ages ingles advanced glycation end products precursores formacao substancias glioxal metilglioxal 3 deoxiglicosona obtidas exogenamente meio alimentos ricos aminoacidos acucares submetidos elevadas temperaturas podem ser gerados endogenamente meio hiperglicemia persistente vias alta utilizacao glicose metabolismo celulas cancerosas precursores ages deleterios celulas saudaveis celulas cancerigenas razao celulas otimizam sistema enzimatico detoxificacao destes compostos conhecido sistema glioxalase requer glutationa reduzida gsh cofator acao primeira enzima sistema glioxalase 1 glo1 compostos_bioativos alimentos cbas resveratrol curcumina piperina sido associados efeitos quimioterapicos quimiopreventivos poderao influenciar via formacao detoxificacao ages celulas cancer objetivo deste trabalho estudar efeitos resveratrol curcumina piperina sobre sistema glioxalase acao destes compostos precursores ages celulas adenocarcinoma mamario humano mcf 7 tanto resveratrol quanto curcumina piperina reduziram viabilidade celulas mcf 7 meio ensaio mtt gerando valores ic50 respectivamente iguais 131 m 24 5 m 94 5 m 24 horas tratamento 83 9 m 11 4 m 38 3 m 48 horas tratamento dados confirmados ensaio azul tripan metilglioxal glioxal geraram ic50 24 horas tratamento igual 2 8 mm valor aumentado pode associar melhora capacidade detoxificacao destes compostos sistema glioxalase linhagem mcf 7 3 deoxiglicosona demonstrou citotoxica mcf 7 neste trabalho tratar mcf 7 valores ic50 cada cba observamos geraram prejuizo sobre potencial membrana mitocondrial alteracao pode indicar dano mitocondrial formacao especies reaitivas oxigenio eros pre incubar celulas antioxidantes gsh n acetilcisteina nac observamos ambos geram efeitos protecao mcf 7 efeito citotoxico cbas ainda observado tratamento cbas isolados diminui atividade glo1 queda dose dependente celulas pre tratadas gsh queda enzima protegida grupos tratados resveratrol curcumina piperina curcumina diminuiu expressao glo1 avaliacao liberacao lactato produto final via glioxalase observamos liberacao prejudicada grupos tratados cbas podemos associar dado efeito deleterio cbas mitocondria mcf 7 avaliacao citotoxicidade combinacao cbas mcf 7 observado tratamento curcumina resveratrol curcumina piperina resveratrol piperina gerou efeito sinergico citotoxicidade utilizacao meio concentrado glicose alterou efeito isolado cbas mcf 7 resultados obtidos cultura celulas indicam potencial pesquisa clinica subsidiar uso agentes adjuvantes durante terapia cancer_mama cbas,1388
47,"mcf, ecv, cancer_mama, ccr, tumorais, neoplasia, recidiva, mel, wcrf, tumoral",segunda principal causa morte todo mundo cancer representa importante problema saude_publica cancer primario figado frequentemente carcinoma hepatocelular chc costuma ter diagnostico tardio resultando opcoes terapeuticas limitadas doxorrubicina dox cisplatina cis agentes quimioterapicos empregados varios tipos tumores incluindo chc porem mecanismos acao associados desenvolvimento diversos efeitos colaterais danos cardiacos renais hepaticos ultimos anos avancos estrategias tratamento cancer abrangem utilizacao agentes quimiopreventivos alimentares extrato cha_verde ecv derivado bebidas consumidas mundo associado menor risco desenvolvimento cancer efeito benefico ampliado combinacao componentes bioativos matriz alimentar estudos anteriores descreveram propriedades antitumorais ecv capacidade protecao contra efeitos adversos quimioterapicos estudo objetivo contribuir compreensao papel ecv associacao agentes quimioterapicos dox cis tratamento chc utilizando linhagens celulares hep3b hepg2 celulas chc celulas tumorais hek293 tratadas ecv diferentes concentracoes 31 2 g ml 4000 g ml 24 48 dox 3 7 g ml 240 g ml cis 0 9 g ml 60 g ml 24 horas partir dessas analises calculamos indice seletividade 3 tratamentos seguida avaliamos co tratamento ecv associada dox cis 24 horas analisamos incubacao previa ecv 24 horas seguida tratamento dox resultados indicam ecv exerce efeito citotoxico dependente dose tempo celulas chc entanto ecv exibe acao citotoxica comparavel celulas tumorais hek293 evidenciando baixa seletividade celulas tumorais associacao ecv cis promoveu efeito aparentemente antagonico combinacao dox ecv potencializou citotoxicidade outro lado pre tratamento ecv seguido dox demonstrou resultados positivos relacao ecv sozinho sugerindo potencial pre incubacao quimioterapico entretanto necessarias investigacoes adicionais compreender forma abrangente efeitos observados incluindo outras linhagens celulares tumorais,4432
47,"mcf, ecv, cancer_mama, ccr, tumorais, neoplasia, recidiva, mel, wcrf, tumoral",cancer_mama segundo tipo comum cancer responsavel maioria mortes mulheres mundo quimioterapia uso antineoplasicos doxorrubicina dox melfalano mel utilizada tratamento cancer_mama entretanto tipo terapia atua apenas celulas tumorais celulas saudaveis resultando efeitos colaterais conhecidos sabe produtos naturais podem atuar impedindo processo formacao tumor alem apresentarem toxicidade reduzida comparados terapia convencional polifenois polydatin poly encontrado uva oxyresveratrol oxy encontrado amora apresentam varios efeitos biologicos descritos entretanto mecanismos acao cancer_mama completamente elucidados objetivo deste estudo investigar efeito polifenois poly oxy quimioterapicos dox mel isolados associados culturas celulas cancer_mama mcf 7 mda mb 231 celulas tumorais mcf 10a poly oxy apresentaram efeito citotoxico poly apresentou efeito citotoxico celulas tumorais alem disso resultados mostraram oxy dox mel apresentaram citotoxicidade linhagem mcf 7 ic50 164 10 m 22 60 m 155 50 m linhagem mda mb 231 ic50 287 08 m 32 55 m 240 26 m respectivamente alteracoes morfologicas observadas microscopia campo claro apos 24 horas tratamento associacao oxy dox mel reduziu viabilidade celular maneira dose dependente reducao 4 0 5 0 vezes concentracoes dox mel linhagem mcf 7 respectivamente 16 vezes concentracoes dox mel linhagem mda mb 231 oxy dox mel oxy + dox oxy + mel alteraram producao especies_reativas_oxigenio potencial membrana mitocondrial m celulas cancer_mama associacoes oxy dox mel capazes alterar ciclo celular dox oxy + dox levam celulas necrose alem disso oxy capaz levar celulas apoptose regulacao positiva caspase 3 celulas mda mb 231 resumo resultados demonstraram efeito anti cancer_mama in vitro oxy associacoes agentes quimioterapicos apresentou efeito toxico celulas tumorais sugerindo composto bioativo promissor candidato ensaios_clinicos,3151
48,"manipuladores, contaminacao, seguranca_alimentos, enterais, boas, manipuladores_alimentos, dta, sanitaria, higiene, propolis",ingestao_alimentos contaminados bacterias genero campylobacter resultam campilobacteriose humanos causas comuns diarreia estados unidos uniao europeia maiores reservatorios deste micro organismo produtos avicolas sendo carne crua mal cozida principal fonte contaminacao homem especies prevalentes envolvidas infeccoes campylobacter jejuni campylobacter coli campylobacter lari podem contaminar carcacas durante abate manipulacao frangos objetivo desse estudo determinar prevalencia campylobacter termotolerantes carcacas frango refrigeradas posteriormente congeladas comercializadas municipio goiania goias apoio departamento vigilancia_sanitaria municipal agencia goiana defesa agropecuaria coletadas meses maio setembro 2015 40 amostras carcacas refrigeradas congeladas abatedouros goias pontos venda goiania metodologia isolamento identificacao obedeceu normas international organization standardization 10272 1 2006 identificacao molecular realizada tecnica reacao cadeia polimerase deteccao genes hipo campylobacter jejuni glya campylobacter coli campylobacter lari encontrada prevalencia 17 5 n=7 contaminacao carcacas campylobacter spp dentre 24 amostras coletadas abatedouros 12 5 n=3 contaminadas 16 coletadas pontos venda 25 0 n=4 apresentaram positividade bacteria detectado campylobacter lari amostras avaliadas resultados evidenciam bacteria permanece viavel todas etapas cadeia produtiva frangos representando risco ocorrencia surtos gastroenterites presenca bacteria frangos aponta necessidade educacao criadores aves comerciantes quanto risco saude_publica produtos representam necessaria sensibilizacao melhorar gestao alem realizacao medidas preventivas corretivas sistema producao comercializacao destes produtos alem disso prevalencia encontrada presente estudo reforca necessidade estabelecimento padroes legais determinem pesquisa micro organismo neste tipo alimento,1924
48,"manipuladores, contaminacao, seguranca_alimentos, enterais, boas, manipuladores_alimentos, dta, sanitaria, higiene, propolis",setor hoteleiro vem expandindo mundialmente cada ano dentre servicos oferecidos gastronomia requisitados atraves busca satisfacao cliente oferecendo produtos seguros qualidade paralelamente incremento turismo incidencia doencas origem alimentar crescendo todo mundo acredita consumo_alimentos contaminados principal causa doencas turistas neste contexto objetivo deste estudo avaliar aplicacao boas praticas restaurantes hoteleiros cidade pelotas rs rio grande rs relaciona las qualidade_microbiologica alimentos oferecidos alem identificar fontes contaminacao setor alimentos bebidas b quatro hoteis avaliado quanto condicoes higienicossanitarias duas visitas intervalo minimo 30 dias atraves aplicacao check list fundamentado norma rdc 216 2004 analises microbiologicas amostras coletadas local realizadas coletas amostras superficies utensilios equipamentos maos manipuladores contagem staphylococcus coagulase positiva coliformes termotolerantes isolados obtidos culturas dessas contagens comparados atraves perfis geneticos obtidos rep pcr considerando conformidades observadas check list primeira visita apenas hotel classificado otimo dois classificados bons recebeu classificacao ruim entretanto segunda visita hotel classificado ruim passou bom devido realizacao melhorias restaurante alguns resultados analises microbiologicas apresentaram limite acima permitido contagem micro organismos analisados identificando falha aplicacao boas praticas atraves tecnica rep pcr identificada mesma cepa amostras queijo maos manteiga tabua corte queijo tabua corte salada frutas maos evidenciando contaminacao cruzada devido falhas processo higiene manipulacao alimentos,1203
48,"manipuladores, contaminacao, seguranca_alimentos, enterais, boas, manipuladores_alimentos, dta, sanitaria, higiene, propolis",nutricao_enteral definida administracao alimentos fins especiais meio sondas via_oral pode ser industrializada manipulada acordo necessidades nutricionais forma exclusiva parcial substituicao complementacao alimentacao oral pacientes empregada hospitais ambulatorios domicilios objetivo manutencao tecidos orgaos sistemas constituem excelente meio crescimento microbiano devido composicao rica nutrientes tempo exposicao temperatura ambiente durante administracao contaminacao microbiana formulas enterais pode ocorrer diversas etapas sendo momento critico manipulacao assim pesquisa avaliou qualidade higienicossanitaria processamento dietas enterais adequacoes fisico funcionais unidade dietas especiais hospital publico goiania goias trata delineamento observacional analitico realizado tres etapas distintas julho novembro 2015 janeiro 2016 aplicado lista verificacao prevista resolucao diretoria colegiada n°63 2000 diagnostico situacional sanitario local realizadas analises microbiologicas agua dieta po reconstituida segundo padroes resolucao diretoria colegiada n°12 2001 acordo metodologia american public health association pesquisou presenca staphylococcus_aureus escherichia_coli maos fossas nasais manipuladores envolvidos preparo dietas analise estatistica quanto variaveis qualitativas discretas utilizou teste q cochran enquanto variaveis quantitativas utilizou teste friedmann quanto dieta reconstituida contagem coliformes 35 °c 78 amostras confirmou coli contagem estafilococos coagulase positiva nenhuma etapa quanto dieta po agua preparo todas etapas contaminacoes micro organismos patogenicos detectou presenca s aureus coli maos 10 ambos micro organismos fossas nasais 10 41 respectivamente manipuladores pesquisados considerando lista verificacao inspecao preparo dietas ude indice medio conformidade blocos avaliados 64 9 62 7 74 6 etapas estudo respectivamente perfil higienicossanitario parcialmente insatisfatorio principais problemas identificados dietas enterais reconstituidas padroes microbiologicos coliformes 35 oc porem presenca micro organismos patogenicos observou perfil microbiologico inadequado maos fossas nasais alguns manipuladores baixos indices conformidade alguns blocos indicando necessidade readequacao estrutura fisica melhor registro controle qualidade dietas manipuladas reavaliacao praticas higiene manipuladores vez pode ser apontado fatores preponderantes transmissao enfermidades responsaveis surtos origem alimentar,1640
49,"leite_humano, lactentes, leite, caprino, leite_materno, infantis, vaca, nbcal, lactente, cabra",leite caprino alem fornecer nutrientes indispensaveis funcionamento adequado organismo humano ganhado espaco mercado consumidor necessidade premente estudos disponibilizem ferramentas deteccao adulteracao leite caprino adicao leite bovino pratica tornado reincidente presente trabalho objetivo disponibilizar ferramenta validacao especies caprinas bovinas brasileiras tecnica reacao cadeia polimerase obteve limiar deteccao 0 5 utilizou metodo base fenol cloroformio kit comercial realizacao extracao dna melhor qualidade grau pureza tecnica utilizada amostras leite conjunto coletadas usinas beneficiamento leite caprino regiao ocidental cariri paraibano encontrou presenca leite bovino 37 5 amostras,13
49,"leite_humano, lactentes, leite, caprino, leite_materno, infantis, vaca, nbcal, lactente, cabra",resumo acido sialico presente leites forma acido n acetilneuraminico neu5ac acido n glicolilneuraminico neu5gc desempenhando serie beneficios saude humana soro queijo caprino bioproduto fracao soluvel leite obtido atraves coagulacao caseina considerado importante industria_alimentos ingrediente sendo responsavel 55 todos nutrientes leite neste estudo objetivouse quantificar primeira vez literatura acido sialico presente naturalmente soro queijo caprino diferentes processos coagulacao lactea leite utilizado obtido cabras raca saanen submetidos processamento coagulacao enzimatico misto enzima + cultura starter obtencao soro acondicionado congelado sendo parte liofilizado identificacao quantificacao acido sialico realizada cromatografia_liquida_alta_eficiencia detector fluorescencia modelo rf 20a concentracao desse nutriente variou 23 5 292 1 mg l verificado coagulacao enzimatica preserva acido sialico neu5gc neu5ac eficientemente coagulacao mista pois bacterias cultura starter possibilitaram reducao nutrientes presentes soro desempenharem metabolismo assim acido sialico presente glicoconjugado reduzido acordo resultados obtidos pode concluir soro queijo caprino apresenta potencial funcional visto contem quantidade relevante nutriente estudado palavras chaves acido sialico alimento funcional coagulacao lactea compostos_bioativos,1711
49,"leite_humano, lactentes, leite, caprino, leite_materno, infantis, vaca, nbcal, lactente, cabra",introducao codigo internacional comercializacao substitutos leite_materno codigo internacional promulgado organizacao_mundial_saude oms 1981 resposta declinio taxas aleitamento_materno todo mundo meio controle marketing formulas infantis outros produtos considerados competidores leite_humano apesar codigo internacional ter sido adotado nbcal ministerio_saude 1988 revisada 1992 2001 2002 promulgada lei 11 265 2006 regulamentada 8 559 2015 denominada nbcal brasileira comercializacao alimentos lactentes criancas primeira_infancia bicos chupetas mamadeiras nbcal nunca avaliada sistematicamente territorio nacional objetivos analisar cumprimento nbcal estabelecimentos comerciais municipio ouro preto mg conhecimento nbcal gerentes desses locais materiais metodos estudo_observacional epidemiologico parte projeto multicentrico realizado cinco macrorregioes pais presente estudo abrangeu todos estabelecimentos extratos mercados farmacias comercializavam produtos abrangidos nbcal municipio ouro preto mg coleta informacoes utilizou questionario padronizado abordou questoes referentes infracoes nbcal alem entrevistas gerentes comerciais resultados identificacao infracoes nbcal 28 6 especialmente envolvendo categoria leites fluidos po modificados sendo exposicao especial tipo promocao encontrada 68 4 mercados tipo estabelecimento afetado infracoes 28 verificacao baixo conhecimento sobre nbcal gerentes responsaveis estabelecimentos 8 juntamente outros funcionarios maiores responsaveis arrumacao prateleiras definicao precos produtos conclusao acredita elevado numero estabelecimentos pequeno porte encontrado municipio possa ter contribuido frequencia baixa promocao comercial produtos especificos lactentes formulas mamadeiras ainda baixo conhecimento sobre nbcal sido maior influenciador presenca infracoes nbcal estabelecimentos onde encontradas,3293
50,"especialistas, instrumento, reprodutibilidade, ivc, confiabilidade, itens, validacao_conteudo, cronbach, validade, validacao",introducao versao 2022 processo cuidado nutricao pcn terminologia tpcn estruturas padronizadas facilitam pensamento critico tomada decisao comunicacao nutricionistas concebidos serem utilizados globalmente objetivam melhorar qualidade atendimento seguranca cliente traduzidos 11 idiomas inis international ncp ncpt implementation survey pesquisa avalia grau implantacao pcn tpcn diferentes paises questionario alta confiabilidade validade conteudo sete idiomas objetivo validar versao 2023 questionario inis portugues brasileiro material metodos estudo metodologico avaliou validade conteudo confiabilidade temporal instrumento etapa 1 traducao portugues brasileiro validacao_conteudo teste piloto avaliacao confiabilidade temporal questionario inis versao 2019 etapa 2 traducao questoes extras desenvolvidas 2022 portugues brasileiro validacao_conteudo etapa 3 montagem modelo final questionario inis versao 2023 traduzido portugues brasileiro validade conteudo analisada meio indice validade conteudo ivc ivc i ivc s ivc s media ivc s concordancia universal valores aceitaveis ivc i ivc s concordancia universal =0 80 valor aceitavel ivc s media =0 90 confiabilidade analisada meio coeficiente krippendorff valor aceitavel coeficiente krippendorff =0 67 resultados discussao ivc s media questionario inis versao 2019 0 98 0 99 0 99 relevancia clareza qualidade traducao respectivamente ivc s concordancia universal 0 86 0 93 0 98 relevancia clareza qualidade traducao respectivamente resultados apresentaram valores acima aceitaveis portanto instrumento validado portugues brasileiro valor medio coeficiente krippendorff 0 85 instrumento quanto questoes extras ivc s modulo prontuario eletronico paciente pep 1 00 1 00 1 00 relevancia clareza qualidade traducao respectivamente somente modulo pep apresentou valores ivc s acima aceitavel tendo sido validado portugues brasileiro incluido versao 2023 questionario brasileiro pesquisa inis conclusao estudo obteve questionario pesquisa inis traduzido portugues brasileiro versao 2023 alta validade conteudo confiabilidade temporal partir deste instrumento possivel avaliar nivel implementacao pcn tpcn nutricionistas brasileiros 2023 integrar dados brasileiros pesquisa internacional identificar barreiras facilitadores utilizacao permitira pesquisas futuras comparacao dados implementacao deste modelo brasil longo tempo,4342
50,"especialistas, instrumento, reprodutibilidade, ivc, confiabilidade, itens, validacao_conteudo, cronbach, validade, validacao",relacao habilidades_culinarias praticas_alimentares saudaveis investigada cientificamente mundo estudantes_universitarios baixo consumo frutas_legumes_verduras sido associado carencia habilidades_culinarias entres estudantes destacando momento ingressam universidade paralelamente politicas_publicas promocao alimentacao_saudavel incentivam pratica culinaria entretanto consenso estudos sobre avaliar habilidades_culinarias relacao alimentacao_saudavel questionario estadunidense avaliacao programa intervencao culinaria cooking with chef desenvolvido universidade clemson identificado apos revisao_literatura busca sistematica apropriado avaliar habilidades_culinarias alimentacao_saudavel composto 8 medidas 64 itens tais availability and accessibility of fruits and vegetables index aafv 8 itens sim cooking attitude ca 7 itens graus concordancia likert 5 pontos cooking behavior cb 11 itens frequencia self efficacy in produce consumption sepc 3 itens self efficacy in cooking sec 6 itens self efficacy in using basic cooking techniques sect 12 itens self efficacy in using fruits vegetables and seazonings sefvs 9 itens todas medindo graus confianca likert 5 pontos knowledge of cooking terms and techniques ctt 8 itens multipla escolha brasil encontrou instrumento avaliacao habilidades_culinarias alimentacao_saudavel presente tese propos submeter questionario adaptacao transcultural avaliacao propriedades psicometricas estudantes ingressantes universidade brasileira etapa 1 adaptacao transcultural questionario avaliacao habilidades_culinarias alimentacao_saudavel realizaram 6 estagios i traducao duas traducoes portugues feitas dois tradutores bilingues independentes ii sintese traducao discussao producao versao traduzida feita dois tradutores estagio i pesquisadora iii retrotraducao traducao duas traducoes portugues ingles comparacao cada traducao versao original questionario feita dois tradutores bilingues independentes iv comite juizes oficina consenso especialistas representante publico alvo v sintese versao final traduzida versao final alguns membros estagio iv vi pre teste aplicacao online versao final 48 estudantes_universitarios estudantes responderam duas vezes questionario periodo 2 4 semanas avaliaram confiabilidade teste reteste adequacao questionario quanto compreensao forma apresentacao tempo preenchimento consistencia interna coeficiente alfa cronbach correlacao teste reteste coeficiente correlacao intraclasse icc medidas continuas concordancia kappa cohen indice aafv teste reteste apresentou excelente correlacao todas escalas indice aafv apresentou concordancia moderada quase perfeita consistencia interna adequada exceto escalas ca =0 29 cb =0 68 pequenas adaptacoes feitas enunciados questoes pareciam semelhantes apesar avaliacao estudantes ter atingido 90 adequacao etapa 2 avaliacao propriedades psicometricas selecionados estudantes matriculados primeiro ano cursos graduacao presenciais ufsc ano 2015 campus florianopolis sc baseado 10 1 estudantes item questionario estudo divulgado aula magna calouros 2015 fila restaurantes universitarios campi florianopolis salas aula midias sociais bem meio mensagens eletronicas encaminhadas coordenadores cursos graduacao presenciais ufsc acesso link questionario acesso preenchimento questionario feitos partir aceite estudantes clicarem termo concordancia disponivel primeira pagina questionario analise realizou consistencia interna coeficiente alfa cronbach validade construto grupos conhecidos teste t student diferencas sexos nivel conhecimento culinario cada escala questionario participaram 767 estudantes distribuidos 59 6 mulheres media 20 7 dp+ 5 59 anos idade 96 filhos menores 16 anos idade 44 6 moravam pais 51 0 mencionaram almocar jantar casa 72 achavam sabiam cozinhar mulheres demonstraram medias significativamente maiores homens todas escalas exceto escala sect diferencas estudantes classificados alto nivel conhecimento culinario apresentaram maiores medias todas escalas comparados niveis baixos conhecimento culinario consistencia interna adequada todas escalas exceto escalas ca =0 33 cb =0 59 tudo indica primeiro estudo disponibiliza questionario traduzido validado brasil avaliar habilidades_culinarias alimentacao_saudavel estudantes_universitarios brasil questionario faz parte programa nutricao culinaria cozinha visa avaliar desenvolver habilidades_culinarias resultados demonstram metodologia empregada efetiva possibilitando recomendacoes adaptacao transcultural combinacao abordagens avaliacao estagios equivalencias questionario original traduzido recomendacao sugere aprimoramento questionario brasileiro validado analise_fatorial bem aprimorar estudos avaliacao propriedades psicometricas instrumentos area nutricao producao refeicoes adicionalmente processo adaptacao transcultural validacao presente questionario trouxe tona discussao conceito habilidades_culinarias reforca necessidade investigacoes sobre influencia conhecimento confianca culinaria comportamentos culinarios alimentares_saudaveis recomendam estudos utilizando questionario brasileiro avaliacao habilidades_culinarias permitindo estrategias adequadas tracadas publico estudantes_universitarios refere habilidades_culinarias promocao alimentacao_saudavel,2040
50,"especialistas, instrumento, reprodutibilidade, ivc, confiabilidade, itens, validacao_conteudo, cronbach, validade, validacao",pandemia_covid_19 aumento consultas on line brasil profissionais_saude beneficios esperados possibilidade realizar atendimentos remotos porem alguns desafios enfrentados durante pratica alternativa consultas presenciais sendo assim necessario conhecer percepcao profissionais_saude quanto teleconsultas qualidades desafios visto atendimento on line servico regulamentado brasil atualmente questionario portugues brasil avalie satisfacao profissionais_saude sobre teleconsulta objetivo deste estudo traduzir adaptar transculturalmente validar instrumento health optimum telemedicine acceptance questionnaire lingua portuguesa brasil avaliar percepcao fatores_associados dificuldades tecnicas nutricionistas durante teleconsulta metodos tratase estudo metodologico observacional transversal realizado profissionais_saude realizaram teleconsulta brasil traduzir adaptar transculturalmente instrumento seguida etapas metodologicas 1 traducao 2 sintese traducoes 3 avaliacao comite experts 4 avaliacao instrumento publico alvo 5 traducao reversa back translation 6 estudo piloto apos etapas questionario validado analisando confiabilidade alfa cronbach coeficiente validade conteudo cvc analise_fatorial exploratoria item 6 instrumento relacionado dificuldades tecnicas utilizado variavel dependente analise regressao_linear_multipla resultados instrumento traduzido adaptado seguindo seis etapas metodologicas traducao adaptacao transcultural obteve niveis satisfatorios cvc avaliacao geral comite experts criterios clareza 0 94 pertinencia 0 95 relevancia 0 95 itens alem disso etapa populacao alvo bem estudo piloto observou cvc geral adequado superando ponto corte aceitavel 0 80 relacao populacao alvo criterios avaliados clareza 0 95 adequacao categoria profissional 0 95 compreensao itens 0 95 estudo piloto indices correspondentes 0 96 0 96 0 97 respectivamente analise_fatorial exploratoria demostrou instrumento possui 2 fatores qualidades dificuldades relacionados teleconsulta niveis satisfatorios confiabilidade meio alfa cronbach instrumento geral 0 792 avaliacao percepcoes nutricionistas utilizacao instrumento validado maioria profissionais 63 3 enfrentaram dificuldades tecnicas qualidade geral teleconsulta avaliada alta 89 7 96 6 intencao usar teleconsulta futuro conclusao versao traduzida adaptada health optimum telemedicine acceptance questionnaire portugues brasil instrumento valido confiavel analisar satisfacao profissionais_saude quanto uso teleconsulta alem disso nutricionistas brasileiros satisfeitos teleconsulta apesar experenciarem dificuldades tecnicas,4933
51,"agrotoxicos, dm1, itt, s6ks, s6k2, silico, tripsina, ittp, ulceras, isoformas",introducao via sinalizacao mtor vem sendo relacionada varias doencas desordens metabolicas humanos incluindo obesidade diabetes varios tipos cancer neurodegeneracao proteinas s6ks mostrado importante papel sinalizacao mtor funcionando efetoras dessa via familia s6ks composta dois genes rps6kb1 rps6kb2 sendo primeiro codifica isoformas p85 p70 s6k1 enquanto segundo codifica isoformas denominadas p56 p54 s6k2 estudo investigou parceiras interacao isoformas p70 s6k1 p54 s6k2 celulas hek293 objetivo diferenciar proteinas acordo envolvimentos processos biologicos alem disso investigada detalhadamente interacao isoformas p70 s6k1 p54 s6k2 proteinas eif2 parp1 justificativa acreditava isoformas p70 s6k1 p54 s6k2 apresentavam funcoes biologicas redundantes vez possuem elevado grau similaridade si dessa forma poucos estudos objetivo identificar diferentes funcoes envolvimentos dessas isoformas processos biologicos entretanto descobrir diferentes funcoes dessas proteinas pode ter grande importancia estudos investigam novas estrategias desenvolver terapias certos tipos doencas cancer forma geral trabalho contribui melhor entendimento via mtor s6ks resultados primeiros dados obtidos desse estudo geraram artigo cientifico publicado revista proteomics 2016 anexo i observado espectrometria massas isoformas p70 s6k1 p54 s6k2 possuem diferentes proteinas interacao atuam diferentes processos biologicos indicando tais isoformas possuem funcoes biologicas distintas algumas parceiras interacao eif2 parp1 ppm1b fxr1 fmrp prmt5 wdr77 escolhidas relacoes isoformas p70 s6k1 p54 s6k2 estudadas forma detalhada alguns experimentos imunoprecipitacao realizados mostrando evidencias interacao p70 s6k1 p54 s6k2 proteina eif2 somente p54 s6k2 proteina parp1 situacao estresse celular eif2 fosforilada residuo serina 52 s52 acarretando inibicao sintese proteica global estimulo autofagia apoptose identificamos eif2 apresenta sitio fosforilacao predito s6ks rxrxxt s serina 58 s58 sendo 9 conservado variedade especies ensaios imunoprecipitacao revelaram eif2 fosforilada sitio rxxt s presenca insulina alem disso visto ativacao s6k1 s6k2 atraves insulina somente s6k2 atraves fgf2 diretamente relacionada reducao fosforilacao eif2 serina 52 outro lado inibidores farmacologicos mtor s6ks rapamicina pf4708671 respectivamente associados aumento niveis fosforilacao eif2 s52 realizada superexpressao p70 s6k1 p54 s6k2 constitutivamente ativas visto reducao fosforilacao eif2 s52 fim realizado ensaio mutacao sitio dirigida eif2 mimetizando fosforilacao residuo 58 eif2 resultado observamos fosforilacao constante residuo 58 acompanhado reducao fosforilacao residuo s52 conclusoes estudo mostrou diferentes isoformas s6ks possuem distintas proteinas interacao indicando tais isoformas possuem funcoes biologicas distintas celula resultados ainda sugerem s6ks podem fosforilar eif2 serina 58 devido proximidade sitios possa haver inibicao fosforilacao serina 52 regulando assim atividade eif2,1812
51,"agrotoxicos, dm1, itt, s6ks, s6k2, silico, tripsina, ittp, ulceras, isoformas",introducao fator inicio traducao eucariotos 5a eif5a envolvido iniciacao elongacao traducao apresenta relacao processos transcricao transito macromoleculas complexo poro nuclear decaimento mrnas proliferacao diferenciacao celular alem estar relacionado processos inflamatorios diabetes cancer malaria infeccoes virais tais hiv 1 ebov eif5a produzido celulas precursor inativo hipusinacao deste fator modificacao pos traducional essencial atividade viabilidade celular ensaios espectrometria massas revelaram proteina sh2d4a possivel parceiro interacao eif5a flag purificada partir extratos celulas adenocarcinoma colo utero humano hela nestes ensaios constatou peptideo derivado proteina sh2d4a poderia estar hipusinado fato intrigante pois desde descoberta hipusinacao eif5a decada 70 evidencias existencia qualquer outra proteina hipusinada proteina sh2d4a gene localizado cromossomo 8p proximo alguns genes associados supressao tumoral regiao encontra deletada pacientes hepatocarcinoma celular hcc apresentam boas respostas tratamentos sugerindo deplecao sh2d4a pode estar envolvida progressao tumor recentemente demonstrado sh2d4a interage inibe atividade fator transcricao stat3 controlado via sinalizacao interleucina_6 il_6 inibindo transcricao genes envolvidos proliferacao celular sobrevivencia desenvolvimento tumores entretanto apesar fortes evidencias relacionando sh2d4a desenvolvimeno tumores existem menos 15 estudos publicados envolvendo proteina justificativa atualmente conhecidas vias biossintese hipusina associadas processo modificacao pos traducional eif5a existencia outras proteinas hipusinadas deste modo indicios proteina sh2d4a pudesse apresentar residuo aminoacido hipusina visto envolvimento supressor tumoral fez proteina tornasse alvo principal deste estudo utilizando modelo celulas adenocarcinoma colo utero humano hela resultados analises in silico indicam regiao supostamente hipusinada conservada isoformas x1 predita isoforma b 10 alem ser conservada varias especies entretanto analises espectrometria massas imunoprecipitados proteina sh2d4a endogena capazes validar hipusinacao dessa proteina requerendo estudos futuros caracterizacao relacao validacao interacao fisica proteinas eif5a flag sh2d4a observado immunoblotting proteina sh2d4a endogena co imunoprecipitava controle gfp flag dar inicio estudo caracterizacao proteina iniciamos amplificacao posterior clonagem gene vetor plasmidial possivel identificar transcritos variantes 1 2 x1 x2 sh2d4a celulas hela seguido validacao sequenciamento amostras partir sequenciamento possivel observar cdna sh2d4a clonado apresentava algumas mutacoes dentre significativa observada codon iniciador proteina resultando utilizacao codon iniciacao alternativo producao proteina nessas celulas alem disso presenca uorf upstream open reading frame variante 1 sh2d4a fez celulas hela transfectadas expressassem conteudos proteicos distintos partir variantes transcricionais 1 2 mutacao sitio dirigida uorf variante 1 resultou aumento producao proteina relacao variante 1 selvagem conclusao resultados obtidos presente estudo contribuem caracterizacao gene proteina sh2d4a sugerem proteina possui caracteristicas importantes dentre quais mutacoes gene podem contribuir juntamente outros fatores desenvolvimento progressao tumores,1820
51,"agrotoxicos, dm1, itt, s6ks, s6k2, silico, tripsina, ittp, ulceras, isoformas",termo diabesity sido usado descrever condicoes morbidas concomitantes obesidade resistencia_insulina ri sindrome_metabolica sm diabetes_mellitus_tipo_2 dmt2 aqui novo termo cunhado fim incluir resposta_inflamatoria sistemica condicoes diabesity doism diabetes obesidade inflamacao sindrome_metabolica vez estado intermediario homeostasia basal resposta_inflamatoria classica conhecida inflamacao pode ser responsavel varias condicoes hiperreativas observadas doencas_cronicas_transmissiveis dcnts afetam modernidade nesta dissertacao estudados in silico 1439 hum mil quatrocentos trinta nove genes humanos variantes polimorficas fim catalogar genes potencialmente associados cada quatro condicoes doism busca confluencia quaisquer duas tres morbidades alem total confluencia genes concomitantemente envolvidos etiologia combinada usados metodos ferramentas bioinformatica alem recursos epi nutrigenomica analise preditiva genes doism cuja execucao deu atraves tecnicas data mining envolveram caracteristicas sequencia genica estrutura funcionalidade produtos genicos dados clinicos fenotipicos genotipicos painel curado resultante 1439 genes doismassociados representa plataforma auxiliar determinacao fenotipos nutricionais complexos genes fractalquina fkn colecistoquinina cck visfatina nlrp2 p ex alguns membros preditos confluencia doism aqui catalogados subconjunto 217 duzentos dezessete genes humanos destarte usando abordagem semantica multiescalada comparacao dados clinicos geneticos epigeneticos relevantes associacoes genes candidatos morbidades podem ser identificadas intuito distinguir melhor fenotipos nutricionais complexos interesse torna particularmente valido discernimento futuras abordagens priorizacao genica tomados conjunto resultados obtidos apontam classificacao genica funcional capaz contribuir fenotipagem entidades doism confluencia,1032
52,"imagem_corporal, transtornos_alimentares, comportamentos_alimentares, insatisfacao_corporal, comer, silhuetas, insatisfacao_imagem_corporal, satisfacao, insatisfacao, parentais",objetivo desta dissertacao avaliar influencia sociocultural midias imagem_corporal preconceito relacionado peso estudantes nutricao incluidos 406 estudantes 78 sexo_feminino neste estudo_transversal dados_sociodemograficos influencia sociocultural midia sobre imagem_corporal padroes interacao rede social instagram percepcao imagem_corporal preconceito relacionado peso avaliados questionarios estruturados analise_fatorial componentes principais empregada derivar padroes interacao rede social analise modelo equacao estrutural considerou influencia midia sobre imagem_corporal padroes interacao instagram variaveis latentes variaveis explicativas preconceito relacionado peso variavel resposta percepcao imagem_corporal variavel mediadora observados tres padroes interacao sobre tamanho corporal saude nomeados padrao fitness padrao positividade corporal padrao alto engajamento ideal corpo atletico =0 142 p=0 015 pressao sobre imagem_corporal = 0 221 p=<0 0001 associaram preconceito relacionado peso alem disso padroes interacao positividade corporal = 0 213 p=<0 001 fitness = 0 144 p=0 007 instagram associaram preconceito relacionado peso percepcao imagem_corporal mediou relacoes =0 000 p=0 993 midias possuem efeito direto sobre preconceito relacionado peso estudantes nutricao independente percepcao imagem_corporal,3441
52,"imagem_corporal, transtornos_alimentares, comportamentos_alimentares, insatisfacao_corporal, comer, silhuetas, insatisfacao_imagem_corporal, satisfacao, insatisfacao, parentais",morte filho provoca reacoes afetivo emocionais longa duracao implicacoes comportamento_alimentar estado nutricao pais supressao convivio filho falecido compreender atitudes alimentares manifestadas luto presente trabalho objetivo investigar comportamento_alimentar maes vivencia perda filho trata estudo_transversal amostra conveniencia realizado maes frequentadoras organizacoes governamentais apoio luto estado minas gerais atender abordagem qualitativa quantitativa deste estudo desenvolvido protocolo condutas instrumento acesso especifico conduzir inqueritos alimentares enlutados analise compreensiva multiplas dimensoes fenomeno luto materno envolve abordagem qualitativa ancorada entrevista alimentar diretiva adotando perspectiva teorico metodologica fenomenologia existencial heideggeriana abordagem_quantitativa aplicado questionario contemplando variaveis antropometricas clinicas socioeconomicas causa obito dor perda caracterizacao enlutamento ingestao documentada meio questionario_frequencia_alimentar qfa identificar tendencias alimentares luto materno procedeu analise marcadores consumo_alimentar solicitou registro sensacoes hedonicas fome apetite saciacao saciedade refeicao apetitosa datas criticas tributo filho falecido nascimento falecimento protocolo condutas desenvolvido ferramenta atendeu forma satisfatoria necessidade obtencao informacoes qualidade minimizar reacoes emocionais parte mae participaram deste estudo 33 maes idade 40 61 anos predominancia dois anos vivencia perda filho meio pesquisa possivel delinear praticas_alimentares maes vivencia perda filho contexto existencial relacao alimento influencia luto exerceu relacao maes alimentacao evidenciada diversas maneiras ausencia fome alteracao peso falta filho refeicoes representando desafios mae perante mesa encolheu exigindo mesmas novas significacoes frente alimentacao condicao existencial mae ser demais filhos possibilitou reacoes contundentes enfrentamento luto contexto dimensao existencial espaco culinario resultados analise quantitativa evidenciaram condicao ter filhos impos maes reacoes proativas frente alimentos diante luto recente verificou intensidade dor perda correlacionou forma significativa ausencia fome saciacao rapida saciedade prolongada enquanto tempo maior obito filho correlacao escalas sensacao fome menor saciacao saciedade marcadores consumo_alimentar indicaram habito_alimentar mae tende restabelecer tempo estudar relacao maes alimento diante luto materno modo ser presente revelou relacao permeada conflitos implicaram alteracoes praticas_alimentares levando riscos nutricionais trauma decorrido morte filho exerce fortes influencias sistema regulacao fome saciedade resultando inicio ausencia fome saciacao rapida saciedade prolongada posteriormente busca alimentos residuos adocicados persistencia determinadas restricoes alimentares reacoes resultam desgastes fisicos implicacoes estado_nutricional,2149
52,"imagem_corporal, transtornos_alimentares, comportamentos_alimentares, insatisfacao_corporal, comer, silhuetas, insatisfacao_imagem_corporal, satisfacao, insatisfacao, parentais",introducao objetivos discriminacao relacionada peso_corporal vies peso inclui preconcepcoes negativas atribuem sobretudo pessoas gordas conjunto caracteristicas morais acarretam prejuizos diversos ambitos vida incluindo pessoal academico profissional reconhecendo questao corporeidade inclui alem peso outras caracteristicas identitarias marcadoras opressoes sociais pensar partir perspectiva interseccional parece ser modo investigar forma abrangente niveis tipos discriminacao podem estar co existindo  intensificando iniquidades saude contribuir abordagem desse tema literatura presente estudo objetivo descrever frequencia intensidade contextos estudantes graduacao universidade sul brasil perceberam tratamento diferencial discriminatorio motivado peso_corporal bem relacao outros aspectos identitarios metodos pesquisa delineamento_transversal analise quantitativa dados_secundarios considerou respostas 765 estudantes matriculados cursos graduacao universidade federal santa catarina primeiro semestre ano 2012 estudantes responderam questionario autopreenchivel composto itens incluiam caracteristicas socioeconomicas demograficas autopercepcao saude medidas_antropometricas experiencias discriminatorias avaliacao experiencias discriminatorias questionario utilizou escala discriminacao explicita dados obtidos passaram analises descritivas multivariadas examinar relacoes variaveis interesse conforme objetivos pesquisa resultados frequencia tratamento diferencial percebida estudantes situacoes especificas abordadas escala discriminacao explicita motivo ser gordo magro 22 8 situacao frequente ter sido chamado nomes palavras quais gostou termos pejorativos percepcao tratamento diferencial motivo ser gordo magro vinculada motivadas comportamento modo vestir faixa etaria 23 27 anos instrucao chefe domicilio ensino medio completo indice_massa_corporal excesso_peso autoavaliacao saude ruim associadas maior escore percepcao discriminacao ser gordo magro conclusoes apesar potencial universidades promover ambientes saudaveis resultados sugerem alunos inseridos contextos sociais reproduzem preconceitos discriminacao podemos igualmente concluir percepcao discriminacao peso_corporal acompanhada discriminacao percebida funcao outros aspectos imagem_corporal modo vestir alem outras caracteristicas condicoes tangenciam estigma patologizacao gordura_corporal tais aspectos devem ser considerados abordagens tratam corporeidade iniquidades saude,4097
53,"uva, tomate, polifenois, solidos, safra, safras, variedades, vinhos, cultivares, organico",resumo influencia condicoes cultivo sobre qualidade estabilidade vinhos tropicais vale submedio francisco diante importancia compostos_fenolicos enologia cuja concentracao inter relacionada condicoes climaticas cultivo vinhos tropicais brasileiros elaborados partir uvas vitis vinifera l cultivadas sobre distintos porta enxertos duas safras consecutivas avaliados objetivo caracterizar composicao fenolica cromatica monitorar estabilidade durante 12 meses armazenamento garrafas identificar interferencia condicoes climaticas concentracao fenolica tecnicas espectrofotometricas cromatograficas utilizadas analises vinhos cultivares cabernet sauvignon marselan syrah tempranillo elaborados sob condicoes identicas microvinificacao armazenados adega climatizada 18º + 1ºc umidade relativa media 60 diferencas estatisticas detectadas vinhos quanto parametros avaliados syrah 1103 p apresentaram maior conteudo polifenois antocianinas taninos enquanto tempranillo iac 313 maior intensidade cor evidenciando influencia cultivares porta enxertos durante envelhecimento todos vinhos apresentaram decrescimo fenolicos entrementes porta enxerto 1103 p excecao antocianinas apresentaram maior estabilidade fenolica tonalidade cor quanto influencia condicoes climaticas dados obtidos final armazenamento demonstraram superioridade vinhos primeira safra 2010 quanto composicao fenolica vinhos provavelmente devido baixo indice pluviometrico melhor maturacao uvas periodo vindima verificou ainda inter relacao condicoes cultivo porta enxerto genetica cultivares especialmente safra segunda safra 2009 irregulares condicoes climaticas palavras chave vinhos tintos tropicais composicao fenolica estabilizacao safras condicoes climaticas,305
53,"uva, tomate, polifenois, solidos, safra, safras, variedades, vinhos, cultivares, organico",resumo acompanhamento maturacao uvas destinadas vinificacao fundamental determinar perfil enologico considerando inexistencia inverno regiao vale submedio francisco possibilita producao uvas diferentes periodos ano realizada pesquisa vistas caracterizar curvas maturacao vitis vinifera l tintas  cabernet sauvignon tempranillo syrah grenache duas safras consecutivas 2008 2009 area experimental instalada propriedade comercial situada casa nova ba videiras cultivadas espaldeira enxertada sobre porta enxerto iac 766 irrigadas gotejamento amostras uvas coletadas semanalmente pintor colheita vinificacao plantas representativas cada cultivar determinadas massa bagas cascas sementes volume mosto ph solidos_soluveis_totais acidez total titulavel acucares redutores acidos organicos polifenois totais intensidade tonalidade cor resultados evidenciaram diferencas safras diz respeito tempo transcorrido pintor colheita reduzido segunda safra evolucao constituintes fisico quimicos independentemente variedade analise multivariada dados diferenciar satisfatoriamente variedades revelando semelhancas syrah tempranillo variabilidade cabernet sauvignon grenache quanto concentracao desses compostos demonstra uvas cultivares avaliadas apresentam distinto potencial enologico requer adequacao protocolos vinificacao especificos obtencao vinhos tropicais qualidade regiao,41
53,"uva, tomate, polifenois, solidos, safra, safras, variedades, vinhos, cultivares, organico",pimentas genero capsicum cultivadas todo brasil agricultores_familiares possuem elevada importancia socioeconomica saude humana pimentas podem ser consumidas in_natura forma produtos processados molhos conservas papricas geleias qualidade pimenta relacionada caracteristicas fisicas quimicas compostos_bioativos atividade_antioxidante desta forma objetivou presente trabalho avaliar pimentas comerciais provenientes banco germoplasma universidade federal goias consumo in_natura materia prima produtos tal avaliadas caracteristicas fisicas quimicas compostos_bioativos atividade_antioxidante diferentes especies pimentas genero capsicum dedo moca jalapeno bode amarela malagueta sementes adquiridas comercio local oriundos banco ativo germoplasmas univercidade federal goias produzidas maneira isonomica fitotecnicamente frutos caracterizados quanto materia seca solidos sopluveis ph acidez_titulavel vitamina_c cor pungencia capsaicinoides polifenois atividade_antioxidante industria_alimentos pimentas jalapeno bode comercial poderiam apresentar resultados satisfatorios quanto ph acidez respectivamente relacao solidos soluveis pimenta malagueta bag apresentaram maiores teores comparadas pimentas comerciais dentro mesma variedade diferencas significativas relacao teor vitamina_c pimentas oriundas bag comercial pimentas malagueta bag apresentaram maior teor capsaicinoides totais polifenois alem disso destacaram relacao atividade_antioxidante dois metodos utilizados neste estudo frap dpph porem ambos metodos diferenca significativa malagueta bag comerciais partir dados obtidos deste estudo observa possivel utilizacao pimentas bag universidade federal goias elaboracao subprodutos sendo pimentas podem apresentar resultados satisfatorios industrias alimentos depender destino mesmas comparadas pimentas comerciais,4694
54,"micronutrientes, energia, macronutrientes, nutrientes, ingestao, carboidratos, inadequacao, habitual, gorduras, recomendacao",minerais nutrientes essenciais atuam diversas funcoes organismo literatura existe lacuna relativa estudo sobre teor destes nutrientes dietas hospitalares orais trabalho objetivou avaliar adequacao teores macrominerais ca k mg p microminerais cu fe mn zn presentes dietas hospitalares geral branda pastosa complementos alimentares s orais cao destinados pacientes hospitalizados relacao recomendacoes dieteticas referencias dris ainda contribuicao percentual cada refeicao oferta desses minerais relacao total diario ofertado dris teor minerais determinado duplicata amostras utilizando espectrometro emissao optico plasma acoplamento indutivo icpoes coletadas amostras desjejum colacao almoco lanches jantar ceia cao dois dias consecutivos terca quinta feira tres meses ano janeiro maio setembro procedimentos estatisticos executados atraves stata 11 0 incluiram testes shapiro_wilk tese bartlett anova seguido bonferroni kruskal wllis kwillis2 teste t stunt u mann_whitney significancia estatistica estabelecida p<0 05 resultados revelaram dentre dietas pastosa apresentou maiores teores elementos pesquisados notado variacao oferta minerais dietas relacao meses coleta sendo janeiro mes cardapios continham maiores teores minerais consequentemente apresentou cardapio teor nutrientes menor inadequacao 60 adequacao contra 40 inadequacao mes maio 50 setembro relacao recomendacoes nutricionais outro lado todas dietas apresentaram teor sodio superior ul todos meses estudo 200 acima ul dietas gerais branda todos meses coleta dieta pastosa variando 120 maio aproximadamente 300 acima ul janeiro almoco ofertou media 46 total ofertado jantar37 sendo refeicoes contribuiram teores excessivos detectados oferta cao essencial adequacao teores ca k mg cu mn zn alguns momentos estudo contribuicao percentual cada refeicao oferta macro micronutrientes teores adequados rda ai revelou almoco principal refeicao ofertando media 47 recomendacao seguido jantar contribuiu media 36 colacao ceia refeicao menos representativas veiculando media 2 6 conclui dietas orais ofertadas pacientes hospitalizados inadequadas relacao recomendacoes nutricionais todos minerais ofertados excecao p almoco jantar refeicoes chave oferta minerais conterem maior variedade grupos alimentares colacao ceia poderiam ser modificadas contendo alimentos ricos minerais assim contribuir adequacao dietas dris uso cao boa estrategica oferta minerais sendo inclusao permanente cardapios poderia ser medida relevante adequacao dietas recomendacoes nutricionais,410
54,"micronutrientes, energia, macronutrientes, nutrientes, ingestao, carboidratos, inadequacao, habitual, gorduras, recomendacao",introducao estrategias nutricionais fatores desempenham papel fundamental melhora desempenho esportivo atletas deficiencia alimentacao_adequada pode servir componente chave melhora performance atleta desta forma avaliacao_consumo_alimentar paratletas estrategia importante compreender consumo padrao_alimentar auxiliar atendimento nutricional paratletas especialmente empregados metodos tecnicas estatisticas apropriadas objetivo descrever avaliar consumo usual nutrientes grupos alimentares paratletas distrito federal brasilia metodos estudo_observacional tipo transversal descritivo exploratorio abordagem_quantitativa baseada dados individuos censo atletas paralimpicos distrito federal avaliados 101 paratletas idade media 33 + 9 3 anos 82 sexo_masculino 19 feminino consumo_alimentar obtido dois dias consecutivos recordatorio_24_horas r24h dois r24h coletados 50 atletas empregou metodo national cancer institute nci estimar distribuicao ingestao usual nutrientes fonte alimentar suplementar grupos alimentares nutrientes grupos alimentares analisados segundo tipo esporte coletivo individual avaliacao consumo nutrientes utilizou valores referencia dietary reference intake dri organizacao nacoes unidas alimentacao agricultura organizacao_mundial_saude fao oms prevalencias inadequacao micronutrientes estimadas utilizando metodo necessidade media estimada estimated average requirement ear ponto corte conforme proposto institute of medicine iom nivel ingestao maximo toleravel tolerable upper intake level ul permitiu estimar percentual populacao risco toxicidade grupos alimentares identificados analisados consumo usual porcoes acordo guia_alimentar_populacao_brasileira 2008 micronutrientes analisados prevalencias inadequacoes excesso acordo recebimento auxilio financeiro bolsa atleta resultados maior consumo energia 2310 ep 124 kcal dia percentual valor energetico total vet lipideos 32 6 observado atletas esportes grupais p < 0 001 paratletas independente consumo_energetico apresentaram baixo consumo grupos frutas_hortalicas leite_derivados excesso consumo grupos acucares oleos paratletas apresentaram padrao_alimentar omissoes refeicoes quanto recebimento bolsa atleta prevalencia inadequacao treze micronutrientes analisados elevada oito 60 sete 54 micronutrientes paratletas bolsistas bolsistas respectivamente prevalencia risco deficiencia ferro 29 5 paratletas consumo suplementos nutricionais minimo nesta populacao nenhum participantes excederam nivel ingestao maxima toleravel ul qualquer micronutrientes examinados conclusao atletas esportes grupais apresentam maiores desvios nutricionais recebimento bolsa atleta protege atletas inadequacoes nutricionais presente tese deixa amplo material descritivo quanto consumo_alimentar macronutrientes micronutrientes porcoes grupos alimentares paratletas necessarias pesquisas utilizem metodos apropriados maior numero paratletas melhor compreensao excessos inadequacao nutricionais paratletas,2957
54,"micronutrientes, energia, macronutrientes, nutrientes, ingestao, carboidratos, inadequacao, habitual, gorduras, recomendacao",contribuicao dieta pacientes insuficiencia renal cronica irc importante impacto quadro clinico contribuindo tanto minimizar acelerar progressao doenca objetivo trabalho avaliar adequacao teores minerais ca cu fe mg mn k p zn dietas renais orais hospitalares complemento alimentar oral cao ofertadas pacientes isoladamente associadas cao bem teores energia macronutrientes carboidratos proteinas lipideos relacao recomendacoes nutricionais amostras refeicoes desjejum colacao almoco lanche jantar ceia coletadas dois dias consecutivos semanas diferentes meses maio setembro 2010 janeiro 2011 conteudo minerais determinado duplicata icp oes enquanto lipideos hidrolise acida metodo kjeldahl utilizado determinacao proteinas carboidratos quantificados diferenca utilizou anova teste t student dados parametricos kruskal_wallis u mann_whitney dados parametricos valor p<0 05 fixado sendo significativo dietas renais apresentaram deficiencia minerais ca cu fe individuos ambos_sexos homens predominio deficit mg zn teores acima recomendacao mn p k encontrados ultimo extrapolando ul 2 3 g combinacao cao dieta insuficiente adequacao oferta ca zn entanto adequou teores mg cu fe tornando excessivo niveis mn p k densidade energetica media dietas baixa 0 7 kcal g teor medio lipidios totais 15 acido graxo linolenico 0 4 energia 23 4 kcal kg dia inferiores recomendacao entretanto niveis gorduras trans saturadas dietas adequados outro lado teor medio carboidratos 63 5 proteinas 1 0 g kg dia extrapolaram recomendacoes nutricionais dieta hospitalar oral elaborada pacientes irc considerada desbalanceada desfavoravel tratamento clinico destes pacientes apresentarem insuficiencia diversos minerais excecao k p mn alem apresentou teor considerado toxico combinacao cao dieta adequou teores mg cu fe sendo ineficiente adequacao ca zn tornando excessivo niveis p k mn quanto perfil macronutrientes energia dietas renais favoraveis instalacao desnutricao apresentarem baixa densidade energetica 0 7 kcal g deficit lipidios acido graxo linolenico alem disso podem dificultar retardo controle irc excesso proteinas dieta alem terem exibido alto conteudo carboidratos,1087
55,"ean, aps, profissionais, gestores, educacao_alimentar_nutricional, aprendizagem, nutricionista, atencao_primaria_saude, nutricionistas, profissional",educacao_alimentar_nutricional ean reconhecida campo conhecimento acao estrategica alcance seguranca_alimentar_nutricional garantia direito_humano_alimentacao_adequada brasil formacao nutricao ean conteudo obrigatorio visa sobretudo desenvolver papel educador saude nutricionista deve desempenhar universidades brasileiras ensino ean ocorre geralmente formato disciplina especifica onde observam lacunas desde necessidade fundamentacao teorica metodologica dificuldades articulacao outros campos conhecimento bem desequilibrio teoria pratica estudo objetivo investigar formacao atuacao nutricionista campo ean brasil trata estudo exploratorio abordagem quali quantitativa fundamentado teoria representacao social participantes estudo docentes disciplina ean instituicoes ensino superior ies brasil nutricionistas atencao_primaria_saude aps secretaria estado educacao see distrito federal df pesquisa realizada duas etapas 1ª etapa objetivou caracterizar disciplina ean meio questionario online onde recolhidas informacoes sobre aspectos formais disciplina objetivos perfil docente conteudo programatico metodologias ensino habilidades competencias almejadas transversalidade tema curriculo desafios potencialidades ean formacao 2ª etapa realizada meio entrevistas presenciais docentes ean df meio grupos_focais nutricionistas atuam saude educacao df etapa intuito analisar profundidade disciplina ean sido conduzida graduacao formacao ean subsidiou atuacao profissionais dados quantitativos analisados software data analysis and statistical software stata R informacoes qualitativas analisadas meio duas abordagens advindas teoria representacao social discurso sujeito coletivo dsc teoria nucleo central participaram estudo 123 profissionais sendo 104 docentes representante instituicao ensino 10 nutricionistas aps 9 nutricionistas see df dados coletados periodo marco 2017 abril 2018 ies participantes equivalem 27 instituicoes brasileiras oriundas seguintes regioes 43 3 sudeste 26 9 nordeste 16 4 sul 8 6 norte 4 8 centro oeste metade docentes 57 7 formaram instituicao publica 65 4 atuam ies privadas quanto carga horaria trabalho 57 6 docentes trabalham 20 40 horas semanais 37 5 ministram disciplina ean 5 10 anos 51 0 cursos carga horaria total disciplina ean 40 80 horas quanto distribuicao 62 5 cursos destinam 60 100 carga horaria total abordagem teorica objetivos disciplina ean graduacao visam preparar aluno atuar diferentes campos pratica reconhecendo alimentacao nutricao reduzem combinacao nutrientes alem disso disciplina ean almeja ensinar desde planejamento avaliacao estrategias maioria docentes mencionaram necessidade ensino transversal ean presenca disciplina especifica permitiria outros aspectos aprofundar conceitos praticas assegurar ean abordada adequadamente formacao conteudo programatico citado ensino planejamento desenvolvimento acoes educativas estrategias ensino aprendizagem envolvem desde elaboracao materiais aula expositiva dialogada estudo texto seminarios outros metodos habilidades competencias identificadas necessarias perpassam criticidade autonomia comunicacao humanizacao outras observou estreita relacao entres objetivos disciplina ean competencias desejadas realizadas duas sessoes grupo focal cada grupo saude educacao onde nutricionistas expressaram formacao ean pontual disciplina capacitou suficientemente nutricionistas educacao mencionaram formacao ean deveria ter dado subsidios campo pedagogico enquanto nutricionistas atuam saude assinalaram fragilidades formacao questao politica social contextualizam alimentacao enquanto fenomeno social politico potencialidades formacao ean desperta senso critico sendo atividades praticas diferencial aprendizagem retorno participantes estudo realizado formato oficinas curso extensao ean profissionais df,2686
55,"ean, aps, profissionais, gestores, educacao_alimentar_nutricional, aprendizagem, nutricionista, atencao_primaria_saude, nutricionistas, profissional",omarco referencia educacao_alimentar_nutricional ean politicas_publicas propoe ruptura praticas ean realizadas meio metodologias tradicionais oposicaoa defende acoes ean assumam perspectiva problematizadora mediadas metodologias ativas portanto necessidade refletir sendo ensinado capacita futuros profissionais realizarem ean capaz gerar autonomia participacao ativa sujeitos objetivo analisar experiencia aprendizagem mediada metodologias ativas disciplina educacao nutricional realizou pesquisa qualitativa tipo pesquisa acao outubro 2018 emarco 2019 sujeitos 31 discentes matriculados disciplina educacao nutricional proporcionar aprendizado mediado metodologiasativas conteudo ministrado meio conjugacao aula expositiva dialogada dramatizacao video debate jogo interativo arvore problemas dinamica bichos estudo_caso resenha cientifica aula pratica destacou desenvolvimento projeto ean cenario real pratica aplicado questionario aberto discentes realizacao deum diagnostico situacional decorrer disciplina sete questionarios abertos sobre conteudos aprendizagem final questionario competencias habilidades decurso disciplina adotado diario campo realizados doisgrupos focais discentes tendo conteudo sido analisado meio analise tematica proposta bardin presente pesquisa resultou elaboracao dois artigos primeiro buscou compreender percepcao experiencia aprendizado mediado metodologias ativas disciplina educacao nutricional dentre expectativas discentes quanto conteudo ministrado aprofundar conteudos interliga los outras disciplinas interligar conteudos temas acoes conhecer procedimentos ensino interativos aprender ser educadore fazer acoes educativas outros publicosforam expectativas quanto habilidades seremaprendidas citadas fragilidades relacionadasaos procedimentos ensino organizacao curricular aplicacao conteudo acoes ean transicao ensino tradicional ativo natureza transdisciplinar textos leitura sala tempo dedicar disciplina quanto potencialidades relacionadasaos procedimentos ensino destacaram proporcionam assimilacao conteudoe formacao atuacao multiprofissional estimulam participacao desenvolvimento cognitivo autonomia busca aprendizadoe uso reflexao favorecem aprendizado colaborativo segundo artigo descrevea experiencia aplicacao arvore problemas estrategia problematizadora disciplina educacao nutricional mediante analise coletiva oproblema predominio aprendizagem mecanica identificado educandos discutiram comoeventuais causas raizes aspectos macrossociais aspectos relativos ainstituicao ensino aspectosindividuais relacionados discentes docentese solucoes frutos aspectos caracteristicos comprovam necessidade uso metodologiasativas necessidade inclusao metodologias ativas forma inovacao ensino superiorna area saudee cada vez gradativa entanto ainsercao disciplina forma isolada suficiente capacitar alunos adequadamente,2873
55,"ean, aps, profissionais, gestores, educacao_alimentar_nutricional, aprendizagem, nutricionista, atencao_primaria_saude, nutricionistas, profissional",formacao docente profissionais atuacao ensino superior vem sendo amplamente discutida diante demandas impostas atual realidade educacional brasileira discussao formacao docente universitaria programas pos graduacao stricto sensu possiveis consequencias falta iniciativas insuficiente valorizacao institucional orgaos fomento avaliacao faz necessaria centralidade formacao pesquisador constitui logica nacional estabelecida muitos cursos pos graduacao stricto sensu fato leva descuido formacao pedagogica didatica novas geracoes mestres doutores avaliacao reflexiva sistematica formacao docente pos graduacao stricto sensu pos graduandos professores exercicio oportunizara discussoes sobre formacao futuro professor revelara sob diferentes perspectivas dimensoes papel academico formador compromisso educacional programas pos graduacao stricto sensu universidades brasileiras neste sentido objetivo principal deste estudo tracar painel formacao docente pos graduacao stricto sensu area biologicas saude enfase investigacao principais contribuicoes motivacoes expectativas professores discentes unicamp reconhecem ambito construcao docencia ensino pos graduacao dados coletados duas fases fase 1 aplicacao questionario anonimo semiestruturado questoes abertas fechadas dicotomicas multipla escolha escala likert direcionado 46 estudantes pertencentes programas pos graduacao ciencias farmaceuticas faculdade ciencias farmaceuticas biologia funcional molecular instituto biologia enfermagem faculdade enfermagem ciencias nutricao esporte metabolismo faculdade ciencias aplicadas unicamp fase 2  realizacao entrevista individual semiestruturada remota questoes abertas direcionadas quatro pos graduandos quatro docentes pertencentes programa pos graduacao ciencias nutricao esporte metabolismo fca resultados tanto fase 1 baseada percepcao discente quanto fase 2 apresentados diferentes perspectivas dimensoes formativa didatico pedagogica reflexiva discentes docentes apontam priorizacao formacao pesquisadores detrimento formacao professores revelam informacoes reforcam falta interesse reflexao parte programas pos graduacao stricto sensu sobre formacao docente atuacao ensino superior percepcao pos graduacao comete erros tentar buscar aprimoramento constante formacao academica pos graduandos diante disso entendemos instituicoes ies capes ministerio educacao papel importantissimo acompanhar respaldar programas pos graduacao stricto sensu somente atraves resultados avaliacoes internas externas sistematizadas principalmente elaboracao planejamento pedagogico va encontro planejamento institucional fim verdadeiramente qualificar recursos humanos atuarem docencia,3566
56,"equacoes, tmb, mlg, ger, equacao, altman, bland, equacoes_preditivas, bia, gasto_energetico",estimar massa livre gordura mlg jovens equacoes previas impedancia_bioeletrica bia elaboradas considerando individuos sedentarios ampla faixa etaria considerar maturacao biologica pode levar erros interpretacao objetivos presente estudo avaliar concordancia quantidade mlg proveniente diferentes protocolos bia obtidos absorciometria dupla emissao raios_x dxa jovens atletas ambos_sexos propor equacoes_preditivas considerando sexo maturacao biologica participaram estudo 318 jovens 48 sexo_feminino idade menarca obtida meio questionario aferidas massa_corporal total estatura obtencao dados bioeletricos utilizado bioimpedometro tetrapolar frequencia unica biodynamics mlg maturacao ossea determinadas jovens atletas ambos_sexos utilizando dxa partir levantamento bibliografico identificadas 19 equacoes preditoras mlg bia quais incluiam faixa etaria jovens presente estudo 11 14 anos destas destacamos deuremberget al 1991 pietrobelli et al 2003 horlick et al 2002 serem testadas quanto confiabilidade pois validadas dxa incluem sexo variavel teste bland altman avaliou concordancia equacoes bia dxa teste lin verificou concordancia acuracia metodos seguido classificacao mcbridge equacoes_preditivas mlg desenvolvidas utilizando analise regressao_linear meio teste stepwise variaveis ajuste maturidade ossea idade cronologica ambos_sexos maturacao_sexual somente sexo_feminino empregadas esperado jovens maturos ambos_sexos apresentaram maiores valores idade estatura massa_corporal massa_gorda mlg p<0 05 tres equacoes bia utilizadas estimar mlg apresentaram resultados diferentes comparadas obtidos dxa p= 0 001 analise bland altman apontou equacoes pietrobelli et al 2003 deuremberg et al 1991 concordantes sexo_masculino feminino respectivamente porem teste lin apontou equacao horlick 2002 concordante ambos_sexos possivelmente resultado obtido devido presenca variavel idade equacoes propostas presente estudo equacoes acordo sexo consideraram variaveis estatura2 resistencia idade maturacao ossea sexo_masculino maturacao_sexual sexo_feminino apresentaram menores valores erro padrao estimado sexo_masculino=2 7 sexo_feminino=2 3 coeficiente variacao sexo_masculino=7 sexo_feminino=6 alem maiores valores r2 sexo_masculino=0 93 sexo_feminino=0 84 resultados apontam real necessidade inclusao variaveis idade maturacao equacoes_preditivas mlg oriundas bia jovens ambos_sexos,2297
56,"equacoes, tmb, mlg, ger, equacao, altman, bland, equacoes_preditivas, bia, gasto_energetico",antropometria composicao_corporal maturacao_sexual importantes caracterizacao perfil atletas asseguram identificacao alteracoes ocorrem dietas especificas decorrer temporada treinamento adolescentes entretanto pentatlo moderno carente estudos pesquisa objetivo geral investigar antropometria composicao_corporal maturacao_sexual atletas adolescentes pentatlo moderno inicialmente objetivo analisar validade absortometria radiologica dupla energia dxa equacoes_preditivas utilizam dobras_cutaneas estimar gordura_corporal atletas adolescentes pentatlo moderno amostra composta 27 meninos media15 1+ 1 5 anos idade 24 meninas media14 2+ 2 5 anos idade equacoes densidade corporal durnin rahaman 1967 durnin womersley 1974 demonstraram melhores concordancias dxa feminino diferenca medias= 2 03 2dp=8 44 masculino diferenca medias=0 98 2dp=7 30 equacao siri determinacao percentual_gordura ambos_sexos weststrate deuremberg masculino diferenca medias=1 20 2dp=8 34 entanto alta variabilidade diferenca resultados demonstra imprecisao cuidados aplicacoes cotidiano esportivo posteriormente objetivo analisar caracteristicas antropometricas composicao_corporal maturacao_sexual pentatletas adolescente participantes tres edicoes campeonato brasileiro pentatlo moderno abordagem longitudinal misto cada categoria investigada masculino n=59 diferencas significativas p<0 05 destaques nao destaques observadas categoria jovem d 11 0 13 0 anos idade estatura p=0 001 envergadura p=0 001 massa_corporal p=0 007 massa_magra p=0 002 circunferencia torax p=0 020 analise descritiva estagios maturacao_sexual mostrou beneficios estado maturacional avancado resultados competitivos pode ser influenciado idade relativa descricao dados demais categorias demonstrou baixo percentual_gordura massa_magra desenvolvida envergadura maior estatura somatotipo maiores valores mesomorfia seguido ectomorfia valores baixos endomorfia caracteristicas especificas atletas adolescentes pentatlo moderno sexo_masculino feminino n=55 resultados baseados estatistica_descritiva permitiram concluir idade relativa envergadura somatotipo antropometrico medidas importantes avaliacao pentatletas adolescentes idade ocrrencia menarca baixa atletas modalidade exige treinamentos intensos menores proporcoes meninas menarqueadas categorias jovens d c mostram tendencia atraso maturacional atletas destaques valores encontrados variavel gordura_corporal altos exigencias deste desporto suma achados mostraram equacoes densidade corporal durnin rahaman 1967 durnin womersley 1974 equacao siri determinacao percentual_gordura ambos_sexos weststrate deuremberg masculino melhores alternativas avaliacao composicao_corporal atletas adolescentes pentatlo moderno dobras_cutaneas ademais apresentados subsidios iniciais antropometria composicao_corporal maturacao_sexual pentatletas adolescentes podem ser aplicados cotidiano esportivo pentatlo moderno,1009
56,"equacoes, tmb, mlg, ger, equacao, altman, bland, equacoes_preditivas, bia, gasto_energetico",principais componentes gasto_energetico total gasto_energetico repouso ger mensuracao apropriada fundamental prescricao nutricional adequada atletas adolescentes principal metodo mensuracao ger calorimetria_indireta ci entretanto acesso complexo devido alto custo protocolos avaliacao extensos desconfortaveis acesso equipamento recomendado avaliacao equacoes predicao entretanto equacoes_preditivas comumente usadas muitas vezes adequadas populacoes especificas tornando valor final inapropriado sabendo estimativa energetica precisa crucial desempenho_fisico ideal atletas desenvolvimento fase puberal objetivo principal propor equacoes predicao ger atletas adolescentes brasileiros avaliando possibilidade criacao novo metodo mensuracao ci curto desenvolvimento equacoes 98 atletas 42 mulheres diversas modalidades realizaram mensuracao ger ci estimativa equacoes predicao destacam literatura publico alvo harris benedict hb cunningham cun henry rees hr kim kim reale rae fao who unu fao avaliacao concordancia equacoes ci conduzida meio graficos bland altman coeficiente correlacao lin ccc equacoes desenvolvidas metodo regressao_linear forward stepwise comparacao ger obtida ci diferiu estatisticamente todas equacoes avaliadas exceto cun considerando toda amostra p<0 05 avaliacao concordancia equacoes identificou nenhuma mostrou eficaz concordancia moderada populacao tres modelos equacao desenvolvidos sendo especifica sexo_masculino sexo_feminino estratificacao sendo variaveis massa_gorda mg massa livre gordura mlg unicas incluidas tres modelos observado equacao estratificada sexo_masculino possuiu melhores resultados correlacao r=0 719 explicativo medio r2=0 517 frente ci objetivo proposta desenvolvimento protocolos curtos mensuracao ci reduzir tempo exame trazer conforto avaliado exame 30 minutos comparando influencia tres diferentes metodos avaliacao filtros time intervals ti steady state sst sessenta seis individuos 30 mulheres avaliados metodo 5 min sst apresentou menor valor estimado ger 1454 kcal dia tendo diferenca significativa metodos f=2 607 p=0 04 diferenca absoluta ~36kcal dia doze minutos avaliacao suficientes obter valor ger dentro padroes necessarios sendo assim protocolo aproximadamente 10 min apos periodo descanso 30 min antes exame suficiente obter valor ger confiavel independentemente metodo avaliacao,4110
57,"prole, filhotes, lactacao, perinatal, desmame, descendentes, ocidentalizada, dieta_materna, ratas, dhh",exposicao materna dieta_hiperlipidica hipercalorica dhh durante gestacao lactacao associada reducao conteudo serotonina prejuizo circuitos neuronais hipotalamicos prole adulta ratos outro lado aumento disponibilidade sinaptica serotonina inibicao farmacologica neonatal atraves fluoxetina parece gerar efeitos sobre expressao fenotipica ingestao_alimentar componentes centrais controle balanco_energetico prole ratos objetivo desse estudo investigar efeitos inibicao neonatal recaptacao serotonina inrs sobre comportamento_alimentar imunorreatividade neuronal expressao_proteica hipotalamicas prole ratos adultos provindos nutrizes alimentadas dhh durante gestacao lactacao ratas wistar divididas aleatoriamente dois grupos experimentais segundo tipo dieta recebida durante gestacao lactacao grupo dieta controle c 3 11kcal g 4 5 kcal lipideos grupo dhh 4 62kcal g 51 0 kcal lipideos 1° 21o dia pos natal dpn cada ninhada ajustada 8 neonatos onde metade filhotes tratada salina esteril 10 l g outra metade fluoxetina 10mg kg 10 l g s c constituindo seguintes subgrupos dieta controle + salina c s n=13 dieta controle + fluoxetina c f n=12 dhh + salina dhh s n=14 dhh + fluoxetina dhh f n=14 n corresponde numero ninhadas 55º dpn consumo_alimentar diario cad avaliado 3 dias consecutivos 60º dpn conjunto animais realizou sequencia comportamental saciedade scs seguida realizada eutanasia seguida retirada encefalos imunohistoquimica mesma idade outro conjunto animais eutanasiado decapitacao hipotalamos armazenados posterior analise molecular 10° dpn grupo c f apresentou menor peso_corporal grupo c s grupo dhh f apresentou menor peso_corporal grupo dhh s 19° 21° dpn grupo c s apresentou menor peso_corporal grupo dhh s grupo c f apresentou menor peso_corporal relacao grupo dhh f 30 60 dias grupo c f apresentou menor peso_corporal grupo c s grupo dhh f apresentou menor peso_corporal grupo dhhs curiosamente peso encefalos grupo c f maior grupo c s termos cad grupo c f apresentou maior consumo_calorico relativo relacao grupo c s grupo dhh f apresentou menor consumo_calorico relativo grupo c f scs demonstrou grupo c f apresentou atraso ponto saciedade relacao grupo c s grupo dhh f apresentou atraso ponto saciedade relacao grupo dhh s grupo dhh f apresentou maior taxa alimentacao grupo c f uso perinatal dhh atrasou ponto saciedade scs inrs reverteu alteracao entanto intervencao farmacologica neonatal capaz promover menor peso_corporal desde lactacao vida adulta diante dieta alto teor energetico adicionalmente resultados preliminares demonstram interacao dieta sobre expressao proteina erk1 2 tendencia efeitos intervencao farmacologica sobre expressao irs 1 hipotalamica resultados ampliam conhecimento manipulacao farmacologica nutricional durante inicio vida sobre comportamento_alimentar expressao_proteica hipotalamica prole adulta jovem,3595
57,"prole, filhotes, lactacao, perinatal, desmame, descendentes, ocidentalizada, dieta_materna, ratas, dhh",resumo durante periodo perinatal caracterizado elevada plasticidade carencia proteinas capaz induzir adaptacoes morfologicas funcionais tecidos visando garantir sobrevivencia individuo ambiente atual predito contudo ambiente posterior organismo adaptado eleva risco aparecimento doencas_cronicas_transmissiveis ingestao excessiva alimentos ricos energia gorduras carboidratos simples longo vida aumenta risco desenvolvimento excesso_peso doencas metabolicas associada desnutricao inicio vida podem ocorrer alteracoes trajetoria crescimento consumo_alimentar parametros_bioquimicos funcao imune estudo objetivou avaliar efeitos dieta_hiperlipidica pos desmame sobre crescimento somatico consumo_alimentar parametros_bioquimicos funcao macrofagos peritoneais ratos submetidos dieta_hipoproteica perinatal utilizados 52 ratos machos wistar cujas maes receberam dieta normoproteica hipoproteica durante gestacao lactacao desmame 60 dias filhotes receberam dieta padrao dieta_hiperlipidica formaram 4 grupos experimentais n=10 14 cada controle c ratos receberam dieta normoproteica gestacao lactacao padrao pos desmame desnutrido lp ratos receberam dieta_hipoproteica gestacao lactacao padrao pos desmame hiperlipidico hf ratos receberam dieta normoproteica gestacao lactacao hiperlipidica pos desmame desnutrido hiperlipidico lp hf ratos receberam dieta_hipoproteica gestacao lactacao hiperlipidica pos desmame avaliou crescimento somatico peso_corporal pc comprimento cauda comprimento naso anal longo vida consumo_alimentar ingestao_alimentar relativa ingestao_energetica relativa coeficiente eficacia alimentar 30 36 dias 54 60 dias vida 60 dias ratos sacrificados realizou coleta sangue avaliacao serica triglicerideo colesterol glicose leptina retirada orgaos tecido_adiposo epididimal retroperitoneal avaliacao peso relativo macrofagos peritoneais avaliacao fagocitose producao oxido nitrico in vitro filhotes lp menor pc comprimento cauda comprimento naso anal filhotes c 60 dias filhotes lp hf diferiram comparados c exceto reduzido comprimento naso anal 57 60 dias filhotes lp hf apresentaram menor ingestao_alimentar energetica relativa comparados lp coeficiente eficacia alimentar maior comparado lp c filhotes hf lp hf apresentaram maior peso relativo gordura epididimal retroperitoneal filhotes c lp quanto parametros_bioquimicos filhotes lp apresentaram menor colesterol_total c porem filhotes lp hf maior colesterol_total lp fagocitose producao aumentaram filhotes lp diante desafio imunologico producao macrofagos aumentou comparada estado basal exceto grupo lp resultados sugerem dieta_hiperlipidica pode modular efeitos desnutricao perinatal elevando risco doencas metabolicas palavras chave desnutricao proteica dieta_hiperlipidica crescimento consumo_alimentos macrofagos,1708
57,"prole, filhotes, lactacao, perinatal, desmame, descendentes, ocidentalizada, dieta_materna, ratas, dhh",presente estudo objetivo avaliar influencia niveis atividade_fisica voluntaria maes sobre glicemia ingestao_alimentar plasticidade fenotipica filhotes durante periodo crescimento desenvolvimento utilizadas 30 ratas wistar realizaram atividade_fisica voluntaria afv antes durante apos gestacao avaliar atividade_fisica voluntaria utilizadas grandezas fisicas distancia percorrida km tempo percorrido min velocidade media km h estimativa gasto calorico diario km s 1 dia 1 periodo 30 dias adaptacao apos periodo formados grupos experimentais acordo nivel atividade_fisica controle c inativo i ativo ativo ma ratas acasaladas permaneceram gaiolas atividade_fisica voluntaria gestacao lactacao durante todo experimento ratas receberam dietas ain 93 m g acordo clico vida ratas determinados consumo_alimentar peso_corporal glicemia indicadores murinometricos maturacao caracteristicas fisicas reflexa realizados filhotes durante lactacao analises durante adaptacao ma mostrou aumento progressivo execucao parametros afv durante gestacao ratas ma reduziram distancia adaptacao grupo ativo mostrou reducao peso_corporal aumento ingestao_alimentar gestacao grupo ativo aumentou peso ingestao glicemia ma reduziu desde 7º dia gestacao filhotes grupo ativo apresentaram maior eixo latero lateral cranio comprimento cauda antecipacao abertura pavilhao conduto auditivo erupcao incisivos i ma apresentaram retardo endireitamento queda livre aversao precipicio colocacao vibrissas contudo maior nivel afv maes capaz promover maior crescimento antecipacao maturacao fisica reflexa filhotes afv nesta fase pode ter papel fundamental plasticidade fenotipica,774
58,"piperina, mdr, ase, endoteliais, especiarias, vegf, cpp, moleculas, macrofagos, capsaicina",resistencia multiplas drogas mdr principal obstaculo tratamento leucemia mieloide cronica lmc crise blastica estrategia promissora identificacao compostos cuja acao seletiva sobre celulas mdr fenomeno conhecido sensibilidade colateral cs piperina fitoquimico presente pimenta reino apresenta efeito anticancer anti mdr entanto ainda explorada acao promocao cs objetivo desse estudo investigar efeitos piperina sobre diferentes mecanismos resistencia quimioterapicos celulas lmc crise blastica piperina promoveu maior efeito citotoxico sobre linhagens leucemia fenotipo mdr lucena 1 feps sobre linhagem sensivel drogas k562 caracterizando ocorrencia cs contrapartida efeito citotoxico piperina sobre macrofagos peritoneais camundongos menor celulas mdr piperina provocou importantes alteracoes morfologicas linhagens leucemia inducao formacao vacuolos citoplasma aumento granulosidade celular maior grau feps embora piperina alterado distribuicao ciclo celular induziu apenas celulas mdr processo apoptose ativacao caspase 3 sendo efeito pronunciado sobre linhagem feps apesar celulas mdr superexpressarem enzima glicolitica gliceraldeido 3 fosfato desidrogenase gapdh indicando maior resistencia morte celular independente caspases mcic piperina capaz induzir mcic via inibicao gapdh nessas linhagens enzima poli adp ribose polimerase 1 parp 1 possui diversas funcoes celulares relacionadas tanto sobrevivencia inducao morte celular analises indicaram linhagem feps apresentou menores niveis dessa proteina bem menor atividade alem disso unica apresentou niveis detectaveis fragmento 24 kda sugerindo desenvolvimento mecanismo capaz impedir superativacao parp 1 poderia proteger celulas contra morte celular piperina capaz reduzir niveis parp 1 fragmento 24 kda indicando possivel relacao inducao cs apesar piperina ter aumentado expressao p gp ambas linhagens mdr somente feps haveria possivel correlacao diminuicao expressao parp 1 aumento expressao p gp apos incubacao piperina investigamos possibilidade piperina estar sofrendo metabolizacao celulas mdr gerando metabolitos potencial ainda citotoxico primeiramente analisamos nivel genes relacionados metabolismo fase i xenobioticos linhagem feps apresentou maior expressao cyp3a5 seguida lucena 1 sendo piperina capaz induzir ainda expressao desse gene nessas celulas mdr ainda demonstrou interagir proteina cyp3a5 docking molecular seguida avaliamos metabolizacao piperina entanto observadas diferencas linhagens leucemia sugerindo provavelmente cyp3a5 estaria metabolizando fitoquimico sendo assim piperina parece promover cs diferentes vias sinalizacao modulando parp 1 feps p gp cyp3a5 identificacao mecanismos relacionados inducao cs pode auxiliar delineamento estrategias contra celulas fenotipo mdr,2715
58,"piperina, mdr, ase, endoteliais, especiarias, vegf, cpp, moleculas, macrofagos, capsaicina",resistencia multiplas drogas mdr principal obstaculo tratamento leucemia mieloide cronica lmc crise blastica principais causas mdr superexpressao celulas tumorais bombas efluxo drogas glicoproteina p p gp capazes expulsar celulas agentes quimioterapicos exemplo vincristina vcr estrategia superar mdr identificacao compostos cuja acao seletiva sobre celulas mdr fenomeno conhecido sensibilidade colateral cs alem disso estudos recentes sido realizados intuito reverter mdr meio combinacao compostos_bioativos alimentos quimioterapicos compostos capazes sensibilizar celulas cancer quimioterapia piperina fitoquimico presente pimenta reino objetivo desse estudo investigar efeitos piperina inducao cs reversao resistencia vcr celulas mdr lmc crise blastica experimentos viabilidade celular ensaio reducao mtt brometo 3 4 5 dimetiltiazol 2 il 2 5 difenil tetrazolio demonstraram piperina promoveu reducao viabilidade linhagem leucemia sensivel drogas k562 linhagens mdr lucena 1 feps apresentando apos 72 horas incubacao ic50 99 0 + 2 3 m 87 9 + 3 9 m 41 5 + 1 6 m respectivamente resultados evidenciam celulas mdr lucena 1 feps apresentam maior sensibilidade piperina celulas k562 caracterizando fenomeno cs contrapartida efeito citotoxico piperina sobre celulas normais mononucleadas sangue periferico pbmc menor celulas mdr feps baseado analise citometria fluxo tratamento piperina 72 horas alterou distribuicao ciclo celular linhagens estudadas entanto apos periodo incubacao 100 m piperina induziu celulas mdr lucena1 feps processo apoptose sendo efeito pronunciado linhagem feps relatado linhagem feps resistente vez apresenta expressao p gp duas vezes maior celulas lucena 1 fim testar cs poderia estar relacionada presenca p gp realizados experimentos celulas lucena 1 feps silenciadas gene mdr 1 codifica p gp piperina menos toxica nessas celulas silenciadas alem disso analisado efeito piperina sobre expressao atividade p gp linhagens lucena 1 feps meio incubacao anticorpo contra p gp ensaio substrato fluorescente p gp rhodamina 123 respectivamente nesses experimentos visto 50 m 100 m piperina promoveram reducao tanto expressao quanto atividade p gp linhagem feps entanto inibiram apenas atividade p gp linhagem lucena 1 associacao piperina quimioterapico vcr mostrou resistencia celulas lucena 1 vcr revertida piperina dessa forma estudo sugere piperina capaz induzir cs reverter resistencia vcr celulas lmc mdr sendo mecanismo piperina induzir cs parece estar relacionado expressao p gp membrana dessas celulas tumorais investigacoes podem auxiliar delineamento estrategias terapeuticas possam atuar prevenindo revertendo mdr neste tipo cancer,1373
58,"piperina, mdr, ase, endoteliais, especiarias, vegf, cpp, moleculas, macrofagos, capsaicina",visto ritmos biologicos gerados maquinaria circadiana fisiologia cardiovascular sabidamente possui osciladores analise genes relogio coracao trara avancos conhecimento desse relogio periferico somado sabe coracao orgao expressa diversos membros familia canais potencial receptor transitorio trp alem algumas opsinas possivelmente coracao atua monitorando variacoes temperatura interna atraves fluxo sangue vindo periferia trato respiratorio interpretada expressao liberacao principais hormonios presente estudo objetiva avaliar expressao_genes relogio canais trp opsinas explantes cardiacos condicoes 12h 12h ciclo claro escuro ld investigar efeitos acido palmitico relogio local cultura primaria cardiomiocitos culturas primarias cardiomiocitos camundongos adultos selvagens c57bl 6j utilizadas avaliar efeito acido palmitico expressao_genes relogio bmal1 per1 ensaio qpcr avaliados expressao_genes relogio bmal1 per1 opsinas opn1 opn2 opn3 opn4 canais trpv1 trpa1 atrio ventriculo camundongos adultos selvagens c57bl 6j trpv1 ko trpa1 ko ensaio qpcr resultados qpcr tecido cardiaco indicaram maior expressao gene per1 atrio relacao ventriculo animais trpv1 ko gene bmal1 apresentou nenhuma diferenca significativa independente genotipo cavidade cardiaca opsinas opn1 opn2 expressas atrio relacao ventriculo animais selvagens opsinas opn3 opn4 diferenca significativa independente genotipo canais trpv1 trpa1 expressos atrio relacao ventriculo animais selvagens diferenca significativa atrio ventriculo canais trpv1 trpa1 animais trpa1 ko trpv1 ko respectivamente valores obtidos qpcr culturas celulas mostraram perfil alta expressao gene bmal1 baixo per1 14 horas apos tratamento acido palmitico conclui canal trpv1 participa regulacao sistema circadiano cardiaco alem disso opsinas canais trp podem estar atuando termo sensores coracao,3301
59,"depressao, alcool, estilo_vida, tabagismo, universitarios, tmc, sintomas_depressivos, fatores_associados, comportamentos, pratica_atividade_fisica",introducao ansiedade depressao transtornos_mentais comuns estudantes_universitarios sendo distribuicao prevalencia cada vez estudadas idades vivencia academica muitas vezes ocorrem primeiros contatos substancias psicoativas pode ser fator agravante desenvolvimento transtornos_mentais objetivo avaliar uso substancias psicoativas prevalencia sintomas transtorno ansiedade depressao fatores_associados estudantes_universitarios primeiro periodo universidade federal ouro preto ufop metodos trata estudo_transversal selecionados estudantes ingressantes ano 2019 idade maior igual 18 anos quatorze cursos ufop estudantes responderam questionario autoaplicado impresso composto questoes sociodemograficas habitos vida incluindo uso substancias psicoativas condicoes saude originaram variaveis explicativas variavel desfecho obtida meio classificacao sintomas transtorno ansiedade depressao avaliados escala dass 21 depression anxiety and stress scale 21 traduzida validada portugues realizadas analises descritiva bivariada multivariada regressao_poisson variancia_robusta software estatistico stata versao 13 0 pesquisa aprovada comite etica pesquisa ufop todos 356 participantes assinaram termo consentimento livre esclarecido resultados prevalencia ansiedade 42 5 depressao 33 2 uso substancias licitas alcool tabaco relatado 73 9 17 4 estudantes respectivamente 16 6 estudantes relataram fazer uso algum tipo droga ilicita uso medicamentos psicotropicos relatado 21 9 estudantes mostrou associado sintomas transtorno ansiedade rp=1 71 ic95 1 36 2 17 depressao rp=1 84 ic95 1 40 2 42 outros fatores permaneceram associados positivamente transtornos tais sexo_feminino ser homossexual cor_pele branca uso internet moderado excessivo falta atividade_fisica frequentar festas universitarias fazer acompanhamento psicologico ter historico ansiedade parentes primeiro grau autoavaliacao negativa saude fazer uso medicamento psicotropico conclusoes observaram altas prevalencias sintomas_ansiedade depressao consumo substancias psicoativas estudantes_universitarios primeiro periodo assim associacao transtornos_mentais avaliados uso medicamentos psicotropicos destacando importancia desenvolver programas voltados promocao_saude mental fisica estudantes_universitarios prevencao uso substancias psicoativas meio academico,3305
59,"depressao, alcool, estilo_vida, tabagismo, universitarios, tmc, sintomas_depressivos, fatores_associados, comportamentos, pratica_atividade_fisica",inatividade_fisica principais fatores_risco morte mundo contribui aumento ocorrencia doencas_cronicas_transmissiveis estudantes_universitarios podem ser considerados vulneraveis adocao comportamentos saudaveis inatividade_fisica devido proprias mudancas biologicas psicologicas inerentes final adolescencia mudancas decorrentes ingresso universidade caracterizado ambiente novo individuo exposto novos comportamentos contatos sociais entretanto poucos estudos sobre alteracoes pratica_atividade_fisica nesta fase vida bem fatores_associados alteracoes objetivo analisar influencia fatores_sociodemograficos economicos variacao tempo dedicado semanalmente pratica_atividade_fisica universitarios apos primeiro ano letivo curso superior metodos estudo_longitudinal estudantes 21 cursos periodo integral universidade publica mato grosso avaliados primeiro semestre 2015 apos ano 2016 dados coletados questionario autoaplicado pratica_atividade_fisica avaliada minutos semana meio questionario international physical activity questionnaires versao curta variavel dependente considerada neste estudo variacao pratica_atividade_fisica moderada vigorosa minutos semana dois periodos analises estatisticas valor obtido classificado tercil variaveis independentes analisadas sexo faixa etaria raca cor_pele classe_economica mora area curso universitario aplicados testes mann_whitney kruskal_wallis teste pareado wilcoxon analise bivariada utilizou modelos regressao multinomial verificar associacao variacao pratica atividade tercil variaveis independentes mantidas modelo apenas variaveis apresentaram significancia nivel 5 resultados avaliados 348 estudantes 51 4 sexo_masculino aproximadamente 50 18 19 anos pertenciam classe_economica b observado diminuicao tempo destinado atividade_fisica primeiro ano curso mediana = 90 0 minutos semana primeiro tercil distribuicao composto individuos apresentaram diminuicao variando 2820 0 350 0 minutos semana terceiro tercil apresentou valores 0 0 2760 minutos semana estudantes mantiveram aumentaram pratica_atividade_fisica durante primeiro ano apos analise regressao multinomial considerando terceiro tercil variacao referencia mantiveram associados primeiro tercil classes economicas c d morar republica sendo pertencer categorias representou quase 3 vezes chance pertencer primeiro tercil distribuicao conclusoes observou diminuicao pratica_atividade_fisica principalmente estudantes pertencentes classe_economica menor poder aquisitivo moravam republica desta forma torna necessario implantacao incentivos estimular pratica_atividade_fisica universitarios considerando influencia dessas barreiras,2216
59,"depressao, alcool, estilo_vida, tabagismo, universitarios, tmc, sintomas_depressivos, fatores_associados, comportamentos, pratica_atividade_fisica",ingresso universidade representa momento alta vulnerabilidade estresse vez estudante depara inumeras mudancas caracterizadas novo ambiente exposto novos comportamentos contatos sociais objetivo estimar prevalencia estresse percebido associacao comportamentos estilo_vida condicao peso metodos estudo_transversal estudantes 21 cursos periodo integral universidade publica brasileira ingressantes primeiro semestre anos 2016 2017 2018 dados coletados questionario autoaplicado estresse variavel dependente estudo avaliado meio escala estresse percebido perceived stress scale pss versao 10 itens variaveis independentes estudo relacionadas habitos sono consumo_bebidas_alcoolicas tabagismo atividade_fisica comportamento_sedentario condicao peso analise dados estratificada sexo teste_qui_quadrado usado analise bivariada verificar associacoes variaveis explicativas interesse desfecho avaliado analise multipla utilizou modelos regressao multinomial mutuamente ajustados verificar associacao variaveis independentes estresse percebido nivel significancia estatistica fixado 5 resultados avaliados 1 640 estudantes_universitarios media 18 7 anos idade dp= 1 52 anos sendo 50 4 sexo_feminino 66 1 pertencentes classes economicas b 72 4 moravam pais relacao prevalencia estresse percebido observado 16 9 estudantes apresentaram estresse leve 34 1 estresse moderado 49 0 estresse elevado sendo prevalencia maior sexo_feminino 64 9 vs 34 3 p<0 01 modelo final meninos variaveis associadas estresse moderado tabagismo oradj= 2 6 ic95 = 1 11 6 24 excesso_peso oradj 1 67 ic95 = 1 08 2 6 enquanto estresse elevado associado atividade_fisica insuficiente or= 1 62 ic95 = 1 03 2 55 curta duracao sono or= 1 8 ic95 = 1 15 2 81 excesso_peso or=1 73 ic95 = 1 11 2 71 sexo_feminino nenhuma variavel associada presenca estresse moderado relacao estresse elevado apenas condicao peso permaneceu associada sendo estudantes excesso_peso quase cinco vezes chance apresentar estresse elevado or= 5 7 ic95 = 1 34 24 52 comparadas classificadas estresse leve conclusoes prevalencia estresse percebido elevada estudantes_universitarios principalmente nivel estresse elevado sexo_feminino variaveis significativamente associadas estresse mostraram diferencas segundo sexo estudantes sexo_masculino observou associacao comportamentos saudaveis relacionados estilo_vida excesso_peso estresse percebido enquanto sexo_feminino apenas excesso_peso apresentou associacao desfecho avaliado,3121
60,"pandemia, covid_19, sars, pandemia_covid_19, cov, virus, distanciamento, coronavirus, zika, remoto",coronavirus disease 19 covid_19 doenca causada virus rna denominado sars cov 19 ingles severe acute respiratory syndrome coronavirus sabe administracao vacinas principais funcoes inducao anticorpos neutralizantes tratando especificamente covid_19 principais imunoglobulinas destacam frente resposta imune sars cov 2 igm igg iga atualmente imunizacao populacao profissionais_saude considerada ferramenta eficaz controle pandemia sendo assim objetivo deste estudo quantificar avaliar associacoes sociodemograficas titulos igg contra sars cov 2 antes apos vacinacao profissionais_saude municipio interior pernambuco presente estudo deu municipio vitoria santo antao pe contou participacao profissionais vinculados diretamente secretaria saude municipio exercicio profissional realizadas coletas sorologicas periodo 16 03 2021 04 05 2021 primeira deu antes recebimento vacina segunda apos recebimento imunizante coleta pos vacina ocorreu 19 79 dias apos administracao imunizante posterior analise sorologica valores referencias classificados negativos proporcoes anticorpos <0 8 inconclusivos = 0 8 <1 1 positivos razao =1 1 participaram pesquisa 20 vinte individuos idade 22 54 anos media 33 2+ 8 5 anos apos 2a dose vacina coronavac sinovac life sciences 95 n=19 participantes produzindo imunoglobulinas especificas contra sars cov 2 apenas 1 individuo apresentou resultado inconclusivo apos receber duas doses imunizante encontrado aumento titulos anticorpos vacina comparados titulos antes vacina todas ocupacoes encontrou diferenca estatistica niveis igg profissionais disseram ter tido sintomas covid_19 n=8 apresentaram media valor igg 2 164 + 1 625 antes vacina 4 708 + 2 420 apos administracao imunizante versus relataram apresentar 0 3825 + 1 015 antes vacina 3 827 + 1 763 apos vacina encontrada diferenca estatistica faixa etaria observada correlacao titulos igg intervalo dias segunda dose imunizante coleta pos vacina observou significancia estatistica niveis igg ps antes apos vacina informaram apresentar comorbidades versus relataram pode concluir frequencia alta profissionais_saude 95 produziu imunoglobulinas especificas contra sars cov 2 apos duas doses vacina achados corroboram estudos publicados respeito inducao resposta imune humoral induzida coronavac infere eficacia vacinas contra covid_19 todos tipos populacoes continua ser avaliada certas duvidas sobre influencia fatores derivados hospedeiro idade comorbidades tempo producao anticorpos neutralizantes pos vacina sendo estudados,4593
60,"pandemia, covid_19, sars, pandemia_covid_19, cov, virus, distanciamento, coronavirus, zika, remoto",desde inicio pandemia profissionais_saude tornaram principais grupos risco infeccao sars cov 2 comunidade cientifica busca entender cinetica imunologica resposta exposicao virus intuito saber quanto tempo respostas anticorpos mantidas fornecerao protecao contra reinfeccao objetivo deste estudo analisar cinetica anticorpos iga igg anti sars cov 2 profissionais_saude sintomaticos covid_19 municipio vitoria santo antao pernambuco trata estudo descritivo analitico delineamento longitudinal realizado profissionais_saude atuantes linha frente combate covid_19 apresentavam qualquer sintoma associado sindrome gripal coleta dados atraves ficha registro individual casos sindrome respiratoria aguda grave hospitalizado disponibilizada secretaria saude municipio amostras sorologicas coletadas meses junho julho outubro 2020 resultados niveis sericos iga igg anti sars cov 2 obtidos teste imunoenzimatico elisa organizados ordem crescente partir intervalo dias semanas data inicio sintomas data coleta sorologica analise laboratorial intervalo minimo maximo inicio sintomas coleta 10 212 dias amostra caracterizada 21 profissionais_saude idade 26 50 anos + 38 1 anos 12 57 1 pertenciam categoria profissional enfermagem obesidade condicao prevalente seguido hipertensao diabetes asma sintomas dor cabeca anosmia astenia ageusia febre mialgia comumente relatadas inicio doenca caracterizam manifestacoes forma leve covid_19 anticorpos iga positivos detectados intervalo minimo 10 dias posterior declinio longo segunda terceira coletas semelhante dinamica resposta imune humoral infeccoes virais sars cov alguns participantes apresentaram aumento niveis sericos iga poderia ser atribuido casos reinfeccao resposta anticorpo iga outros generos coronavirus alem disso niveis anticorpos iga positivos detectaveis aproximadamente 07 meses provavelmente correspondendo nova caracteristica manifestacao imunidade humoral resposta infeccao sars cov 2 anticorpos igg detectados inicio doenca posterior aumento longo segunda terceira coletas semelhante resposta imune humoral virus sars cov titulos igg anti sars cov 2 positivos mantiveram detectaveis aproximadamente 07 meses contribuindo memoria imunologica estudo possibilitou identificar heterogeneidade magnitude respostas ainda claro quanto tempo anticorpos promoverao imunidade protetora contra infeccao secundaria sars cov 2 sugerindo continuidade analises diferentes alvos imunologicos incorporando respostas frente inducoes artificiais imunidade vacinas,4600
60,"pandemia, covid_19, sars, pandemia_covid_19, cov, virus, distanciamento, coronavirus, zika, remoto",doenca causada novo coronavirus covid_19 levou umstatusdepandemia declaradopela organizacao mundial saudeem 2020 diante alta transmissibilidade numero mortes falta tratamento especifico medidas distanciamento adotadas minimizar transmissao consequencias doenca estrategiaslevaram ajuste dasatividades cotidianas ambiente domiciliar levando universidades professores alunos adaptarem aomodeloremotode ensino aprendizagem tecnologiacomo principal instrumentopara aprendizagem pandemia_covid_19 consequencias fatores estressantese estressados individuos podem consumir alimentos ajudam lidar estressores alimentos reconfortantes provocamsensacao conforto aconchego objetivo deste estudo foiavaliar associacao sintomas estresse eo consumo_alimentos reconfortantes emdocentes discentes graduacao presencial brasil instituicoes ensino superior ies publicas particulares atividades presenciais suspensasdurante primeira onda pandemia_covid_19 trata estudoonlinecom maiores 18 anos ambos_sexos matriculados docentes exercicio qualquer curso graduacao presencial dados coletados 15 julho 30 agosto 2020 periodo primeira onda pandemia brasil participantes forneceram informacoes sobre dados_demograficos socioeconomicos condicao saude pratica trabalho estudo remotos durante pandemia saude_mental peso altura autorreferidos variacao consumo_alimentos reconfortantes realizadas analises associacao confundimento modificacao efeito regressao_logistica multinominal discentes todas analises realizadas atividade academica atividades academicas remotas enquanto docentes analise ocorreu sexo_feminino masculino,4214
61,"secagem, ultrassom, nanoparticulas, encapsulacao, particulas, spray, microparticulas, vacuo, termossonicacao, extracao",nanoencapsulacao apresenta alternativa promover aumento solubilidade estabilidade potencializar preservar acao antioxidante carotenoides neste estudo avaliado potencial estabilidade antioxidante extrato rico carotenoides melao cantaloupe eb nanoencapsulado gelatina egs visando aplicacao alimentos egs obtida emulsificacao oleo agua particulas caracterizadas metodos fisicos quimicos avaliados quanto atividade_antioxidante meio testes utilizando 2 2 difenil 2 picrilidrazilo dpph acido 2 2´ azino bis 3 etilbenzoatiazolina 6 sulfonico abts 1 eb 0 05 mg ml 2 caroteno padrao comercial 0 009 mg ml 3 nanoparticulas eb 4 00 mg ml 4 egs 4 05 mg ml 4 eb extraido nanoparticulas 0 05 mg ml alem disso estabilidade eb egs avaliada temperatura ambiente refrigeracao 25 °c 5 °c respectivamente presenca luz 1600 lux 60 dias meio 1 conteudo caroteno uhplc 2 atividade_antioxidante abts caracterizacao mostrou nanoparticulas esfericas superficie lisa 90 9 7 20 nm 0 56 0 08 interacoes quimicas eb gelatina suina confirmando encapsulamento capacidade_antioxidante abts dpph respectivamente inibicao oxidacao 1 eb 22 2 1 37 18 8 0 95 2 caroteno padrao 10 7 1 55 30 6 0 54 3 nanoparticulas eb 0 0 0 0 0 0 0 0 4 egs 0 0 0 0 0 0 0 0 4 eb extraido nanoparticulas 35 0 2 15 30 0 0 25 portanto nanoencapsulacao potencializou faixa 57 59 atividade_antioxidante eb estudo estabilidade mostrou apos 60 dias eb apresentou baixa retencao caroteno faixa 0 43 6 sendo menores percentuais temperatura ambiente claro 0 00 escuro 10 0 gerando impacto negativo atividade_antioxidante completamente perdida quatro condicoes avaliadas 0 0 eb extraido egs final 60 dias observou retencao 99 0 caroteno escuro temperatura ambiente sob refrigeracao exposicao luz temperatura ambiente perda total caroteno 0 0 sob refrigeracao retencao 83 1 portanto nanoencapsulacao promoveu maior protecao estabilidade carotenoide sob refrigeracao temperatura ambiente ausencia luz 99 0 alem disso nota excelente resultado obtido sob refrigeracao presenca luz relacao atividade_antioxidante verificou preservacao faixa 68 7 48 3 apos 60 dias associados condicoes armazenamento escuro temperatura ambiente sob refrigeracao portanto estudo demonstrou nanotecnologia promoveu protecao potencializacao aumento estabilidade carotenoides melao cantaloupe dessa forma aumentando potencial aplicacao corantes naturais propriedade antioxidante alimentos_industrializados,3053
61,"secagem, ultrassom, nanoparticulas, encapsulacao, particulas, spray, microparticulas, vacuo, termossonicacao, extracao",secagem etapas processamento produtos agricolas finalidade retirar parte agua neles contida uso pre tratamentos pode minimizar alteracoes sensoriais nutritivas ainda reduzir custos processo secagem objetivo presente trabalho avaliar eficacia uso etanol ultrassom pulso vacuo combinados pre tratamento secagem melao cantaloupe cucumis melo var cantalupensis naud realizados oito tipos pre tratamentos onde amostras imersas solucao etanol diferentes concentracoes 100 50 proporcao etanol agua sendo utilizadas quatro condicoes tratamento controle empregando apenas ultrassom us frequencia 25 khz apenas vacuo vc pressao 650 700 mmhg outra utilizando associacao ultrassom vacuo usvc todas condicoes aplicado tempo processamento 10 minutos temperatura 30º c secagem realizada secador leito fixo velocidade ar 2 m s 60 ºc avaliados seguintes parametros qualidade atividade agua teor acido_ascorbico teor_compostos_fenolicos totais teor carotenoides_totais cor atividade_antioxidante dpph condicao obteve menor tempo secagem utilizou pre tratamento us 10 minutos solucao etanol 100 todas amostras processadas submetidas juntamente amostras secas pre tratamento analise qualidade realizada apos pre tratamentos apos secagem processo secagem provocou reducao consideravel compostos_bioativos melao reducao atividade_antioxidante condicoes pre tratamento utilizaram imersao meio etanolico 50 maneira geral obtiveram menores perdas compostos_fenolicos totais carotenoides_totais acido_ascorbico relacao atividade agua todas amostras secas apresentaram valores inferiores 0 62 configurando alimento seguro armazenamento parametros cor apos processo secagem diminuicao luminosidade l todas amostras cor amarela b parametro cor vermelha intensificado,2895
61,"secagem, ultrassom, nanoparticulas, encapsulacao, particulas, spray, microparticulas, vacuo, termossonicacao, extracao",secagem operacao unitaria bastante empregada conservacao alimentos porem metodos convencionais secagem apresentam algumas desvantagens oxidacao pigmentos perda vitaminas encolhimento baixa capacidade reidratacao reducao valor nutritivo portanto processo secagem alternativo convencional possa melhorar qualidade produto seco importante industria emergentes tecnologias sido propostas reduzir limitacoes relacionadas tecnica secagem convencional teste utiliza ultrassom juntamente vacuo deste modo objetivo deste trabalho avaliar eficiencia metodo secagem mamao carica papaya l utiliza combinacao ultrassom vacuo secagem mamao realizada temperatura 60°c utilizando quatro tecnicas separadamente secagem assistida ultrassom vacuo secagem vacuo secagem ultrassom secagem controle alem estudo cinetica secagem realizadas analises fisico quimicas microbiologicas materiais secos verificado amostras submetidas secagem vacuo assistida ultrassom resultaram menores tempos processamento 270 minutos maior razao reidratacao qualquer contaminacao microbiologica apos secagem material independente tecnica secagem utilizada teor acido_ascorbico carotenoides reduzidos amostras apresentaram menores perdas acido_ascorbico sofreram secagem auxilio vacuo amostras secas utilizacao ultrassom apresentaram menores porcentagens perda carotenoides produtos secos diferiram significativamente produto in_natura analise cor tendo tendencia incremento tom vermelho reducao luminosidade cor amarela independente tecnica secagem utilizada amostras desidratadas apresentaram valores dureza 35 42 n sendo amostra controle valor elevado amostra seca vacuo assistida ultrassom menor valor resultados sugerem uso combinado vacuo ultrassom influencia aceleracao secagem reidratacao produto minimiza perdas compostos_bioativos cor,2497
62,"snp, snps, polimorfismos, alelos, alelo, hla, dm2, bsmi, polimorfismo, celiacos",doenca celiaca dc doenca cronica inflamatoria acomete intestino delgado ocasionada associacao tres elementos suscetibilidade genetica resposta autoimune exposicao gluten calcula apenas 10 15 celiacos devidamente diagnosticados diagnostico feito base manifestacoes clinicas realizacao testes sorologicos testes geneticos biopsia intestinal considerada padrao ouro fechamento diagnostico principais determinantes suscetibilidade genetica dc localizados regiao codifica antigeno leucocitario humano hla classe ii especificamente alelos constituem complexos hla dq2 hla dq8 partir identificacao desses alelos possivel conhecer risco determinadas populacoes virem desenvolver doenca ausentes pode favorecer diagnostico reducao risco parentes primeiro grau celiacos considerados grupo alto risco desenvolvimento doenca devido grande probabilidade herdabilidade desses fatores geneticos diante disso objetivo presente estudo verificar frequencia alelos risco complexos hla dq2 dqa1 0501 dqb1 0201 hla dq8 drb1 04 associar presenca sintomas doencas relacionadas dc parentes primeiro grau celiacos sul brasil aplicado questionario solicitando dados caracterizacao amostra incidencia outras doencas sintomas associados dc dna genomico extraido celulas mucosa bucal alelos identificados reacao cadeia polimerase 224 individuos participantes 14 excluidos analise sintomas realizarem restricao total gluten sendo assim 67 6 individuos relataram algum tipo sintoma associado dc doencas associadas dc referidas 40 6 intolerancia lactose frequente 18 3 observado 87 parentes celiacos possuiam menos alelos risco estudados sendo 79 9 apresentaram alelos risco relacionados complexo hla dq2 29 9 hla dq8 individuos positivos ambos alelos dqa1 0501 dqb1 0201 complexo hla dq2 78 4 relataram sintomas associados dc p=0 003 sendo distensao abdominal sintoma frequente p=0 006 individuos portadores alelo drb1 04 marcador haplotipo dr4 dq8 referiram maior incidencia osteoporose p= 0 02 hipotireoidismo p= 0 04 comparar portadores deste alelo resultados ressaltam importancia genotipagem alelos risco relacionados sistema hla diagnostico dc estarem associados maior frequencia outras doencas sintomas relacionados dc,2133
62,"snp, snps, polimorfismos, alelos, alelo, hla, dm2, bsmi, polimorfismo, celiacos",doenca celiaca dc caracterizada ser desordem autoimune desencadeada ingestao gluten tendo principal manifestacao desordens nivel intestinal desordem estaria ligada fatores geneticos principalmente encontrados sistema leucocitario humano hla classe ii hladq sendo alelos hla dq2 dqa1 0501 dqb1 0201 hla dq8 drb1 04 responsaveis codificar proteinas dq2 dq8 sabe alelos presentes 25 30 populacao chega 95 outros 5 celiacos desencadeado doenca devido outros fatores geneticos sendo assim incluido rastreamento hla dq dentre etapas diagnostico dc utilizando principalmente pacientes assintomaticos rastreio grupos risco dc portanto objetivo desse estudo analisar frequencia prevalencia alelos dq2 dq8 celiacos parentes primeiro grau pessoas investigacao total amostras coletadas n = 78 obteve n=67 analises questionarios analisados conferindo total 85 9 total sendo deste total 37 amostras 55 2 diagnostico dc 13 amostras parentes celiacos 19 4 17 amostras investigacao dc 25 4 9 amostras perdidas conseguimos retorno participantes 14 1 quanto genotipos dq2 dq2 b dq a+b dq8 dq2 + b + dq8 celiacos avaliados n=37 23 62 menos 1 alelo sendo dq2 n=3 13 1 dq2 b n=8 34 8 dq2 ab n=12 52 1 alelo dq8 n=7 30 4 apresentavam positivos n=11 37 8 apresentaram alelo nenhum relacao teste genetico maioria pessoas todos tres grupos menos alelos entretanto grupo pessoas investigacao apresentaram maior porcentagem alelos menor porcentagem ter alelos estudados grupos genotipo dq2 ab encontrado todos grupos celiacos apresentaram maior numero sintomas patologias realizacao biopsia testes sorologicos busca diagnostico correto grupos entretanto dc deve ser investigada grupos parentes celiacos pessoas investigacao doenca visto maioria parentes celiacos relataram sintomas doencas relacionadas dc sendo classificados grupo risco individuos sintomas classicos dc realizacao biopsia necessaria pois pode tratar individuos assintomaticos evitando assim futur maiores complicacao relacionados patologia,3863
62,"snp, snps, polimorfismos, alelos, alelo, hla, dm2, bsmi, polimorfismo, celiacos",doenca celiaca dc enteropatia imunologica caracterizada histopatologia intestinal tipica atrofia vilosidades hiperplasia cripta mucosa intestino delgado ocasionada ingestao gliadinas trigo individuos geneticamente predispostos etiologia dc composta fatores_ambientais geneticos relacao fatores geneticos human leukocyte antigen hla confere 40 variancia genetica susceptibilidade associada sistema hla principalmente alelos dqa1 05 dqb1 02 codificam molecula dq2 alelos dqb1 0302 drb1 04 codificam cadeia beta molecula dq8 teste hla dq relevancia diagnostica causa alto valor preditivo negativo grupos risco dc incluindo parentes primeiro grau individuos diabetes mellitus tipo 1 doencas autoimunes tireoide sindrome down sindrome turner sindrome williams dermatite herpetiforme european society of paediatric gastroenterology hepatology and nutrition espghan propos recentemente novos criterios diagnostico dc rastreio presenca hla dq2 5 hla dq8 pacientes risco dc sendo metodo simples menos invasivo confiavel dessa forma presente estudo objetivo avaliar prevalencia alelos hla portadores doencas autoimunes tireoide frequentam ambulatorios nutricao endocrinologia universidade federal pelotas realizado esclarecimentos assinatura termo consentimento livre esclarecido individuos responderam questionario sociodemografico questoes sobre saude posteriormente dna genomico extraido celulas mucosa bucal genotipagem alelos dqa1 0501 dqb1 0201 drb1 04 utilizadas reacoes cadeia polimerase pcr iniciadores nucleotidicos especificos participaram deste estudo 110 portadores dat observou 66 4 individuos carregavam menos alelos estudados 58 2 individuos positivos menos alelos hla dq2 dqa1 0501 dqb1 0201 relacao hla dq8 drb1 04 21 82 populacao estudada positivos alelo 3 6 positivos tanto hla dq2 dqa1 0501 dqb1 0201 quanto hla dq8 drb1 04 rastreamento genetico nessa populacao risco importante pois diagnostico precoce evita morbidades melhora qualidade_vida,2557
63,"placenta, mir, placentario, femeas, let, fetal, mirnas, desmame_precoce, placentaria, ciur",desmame_precoce tipo estresse precoce associado alteracoes comportamento_alimentar apesar disso pouco sabe respeito mecanismos moleculares epigeneticos dentro desse contexto adicionalmente comunidade cientifica lancado esforcos encontrar estrategias prevencao problemas desenvolvimento associados estresse precoce neste contexto utilizacao terapeutica micrornas destacado desta forma estudo buscou avaliar efeitos desmame_precoce sobre parametros comportamentais moleculares epigeneticos controle comportamento_alimentar alem possivel efeito preventivo suplementacao pos natal aguda mir 320 3p mir 375 3p dois desenhos experimentais elaborados primeiro utilizados ratos_wistar_machos femeas submetidos desmame regular d30 precoce d15 250 300 dias vida animais avaliados massa_corporal ingestao_alimentar 24h fases ciclo circadiano resposta privacao alimentar alimento palatavel alem disso avaliados peso figado gordura_abdominal niveis sericos triglicerideos colesterol_total glicose expressao_genica sert 5ht1b 5ht2c drd1 drd2 npy pomc hipotalamo tronco encefalico atraves pcr tempo real segundo experimento ratos sprague dawley knock in gfp regiao promotora cck submetidos desmame regular d30 precoce d15 alem terem recebido suplementacao oral mir 320 3p d30 d15 mir 375 3p d30 embebidos dosp dia pos natal 12 45 dias vida animais ambos_sexos eutanasiados coletados hipotalamo hipocampo tronco encefalico onde avaliada atraves pcr tempo real expressao_genes sert 5ht1b 5ht2c drd1 drd2 clock bmal1 per1 per2 gfp cck micrornas mir 375 3p mir 320 3p mir 132 3p mir 504 mir 16 5p desmame_precoce promoveu hiperfagia aumento ingestao alimento palatavel machos porem hipofagia femeas expressao 5ht1b 5ht2c sert drd1 drd2 aumentada tronco encefalico machos alem hipotalamo serem observados elevada expressao sert drd1 expressao diminuida 5ht1b pomc apesar maioria casos efeitos_suplementacao mir 320 3p exercer efeitos semelhantes desmame_precoce preveniu efeitos desmame_precoce sobre aumento mir 16 5p hipotalamo femeas aumento drd1 tronco encefalico machos aumento clock hipocampo femeas suplementacao mir 375 3p aumentou expressao mir 320 3p hipotalamo reduziu expressao todos mrnas avaliados hipotalamo exceto drd1 cck reduziu expressao 5ht1b 5ht2c drd1 clock bmal1 per1 per2 cck hipocampo femeas cck hipocampo machos assim concluimos desmame_precoce altera comportamento_alimentar expressao componentes sistemas serotonergico dopaminergico longo prazo adicionalmente suplementacao mir 320 3p mir 375 3 apresentou resultados promissores estrategia prevencao modificacoes promovidas desmame_precoce apesar apresentar resultados semelhantes desmame_precoce,3721
63,"placenta, mir, placentario, femeas, let, fetal, mirnas, desmame_precoce, placentaria, ciur",carboidratos constituem 3 4 mundo biologico glicose carboidrato importante sob forma maior parte carboidratos dieta absorvida absorcao intestinal glicose atraves membrana luminal ocorre transporte ativo secundario acoplado influxo na+ especificamente intestino glicose compete galactose sitio ligacao proteina carreadora conhecida transportador sodio glicose tipo 1 sglt1 portanto ligar transportador junto sodio monossacarideos ativamente transportados meio intracelular testar influencia sglt1 sido utilizada preferencialmente florizina membro classe chalcona compostos organicos inibe forma especifica competitiva tanto sglt1 quanto sglt2 outro subtipo transportador encontrado rins outro lado afeta transporte realizado gluts membrana basolateral transportados sangue difusao facilitada proteina carreadora pertencente familia transportadores glicose glut caso glut tipo 2 sobre carreador sglt1 estudos mostrado expressao estreitamente associada composicao dieta exposicao monossacarideos pode modular acao expressao tendo vista inumeros problemas saude acometidos alimentacao inadequada estudos substancias bioativas potencial contribuir positivamente saude populacao reduzir risco doencas_cronicas alem conter substancias auxiliam promocao_saude trazendo melhora estado_nutricional neste contexto podemos destacar cogumelos dentre varios cogumelos genero pleurotus sido bastante utilizados pesquisas dentro deste genero destacamos especie pleurotus ostreatus p ostreatus especie popular cultivada comercialmente todo mundo mostrado potencial anti_inflamatorio anti hipertensivo antinociceptivo hipocolesterolemiante antioxidante antitumoral etc objetivo determinar influencia extrato pleurotus ostreatus absorcao intestinal glicose sglt1 materiais metodos pesquisa desenvolvida dependencias laboratorio fisiologia cardiovascular departamento fisiologia farmacologia ufpel bioterio central universidade federal pelotas projeto dividido 3 experimentos sendo subdivididos testes experimento 1 avaliar efeitos p ostreatus sobre absorcao intestinal sacarideos glicemia experimento 2 analisar influencia p ostreatus sobre glicemia possivel relacao presenca sacarideos extrato experimento 3 analisar influencia exposicao repetida extrato p ostreatus 21 dias sobre absorcao glicose intestinal transportador sglt1 niveis glicose mensurados atraves teste oral tolerancia_glicose totg atraves teste tolerancia_glicose ttg ambos testes administrada solucao d glicose 2g kg peso_corporal camundongos termino experimento 3 animais devidamente eutanasiados aprofundamento anestesico exsanguinacao coleta tecidos alvo resultados conclusao conclusao camundongos_c57bl 6 submetidos tratamento 21 dias extrato p ostreatus dose 2000 mg kg apresentaram aumento transporte glicose sglt1 analises adicionais importantes enriquecer entendimento mecanismos envolvidos resultados obtidos presente trabalho,4318
63,"placenta, mir, placentario, femeas, let, fetal, mirnas, desmame_precoce, placentaria, ciur",melanopsina opn4 fotorreceptor termo sensor cuja expressao observada varios orgaos tecidos sendo coracao altamente expresso alem disso expressao canais potencial receptor transitorio trp parece estar associada expressao opn4 retina supostamente coracao partimos hipotese opn4 juntamente canais trp coracao atuam monitorando variacoes temperatura interna atraves sangue proveniente pulmoes possivelmente promovendo liberacao expressao principais hormonios peptideos natriureticos nps fatores temperatura ambiente alimentacao desiquilibrada prejudicam homeostase cardiaca causando efeitos prejudiciais estrutura funcao potencialmente desencadeando doencas_cardiovasculares portanto objetivo estudo avaliar efeitos exposicao frio ausencia canal trpa1 sobre expressao_genica opn4 trpv1 trpa1 trpm8 nppa nppb atrios ventriculos coracao camundongos alimentados high fat diet utilizados 24 camundongos machos c57bl 6j trpa1 ko divididos 4 grupos experimentais expostos temperaturas 30°c 22°c resultados pcr quantitativo indicaram expressao opn4 atrios 30°c reduzida grupo trpa1 ko 22°c aumento expressao gene grupo ventriculos apresenta diferencas significativas quanto canais trp gene trpv1 encontramos diferencas significativas trpa1 atrios diferencas significativas ventriculos 22°c indicaram reducao expressao trpm8 atrios 30°c reducao expressao gene grupo trpa1 ko 22°c resultou reducao expressao camundongos_c57bl 6j enquanto grupo trpa1 ko aumento expressao ventriculos 30°c resultou aumento expressao trpm8 grupo trpa1 ko c57bl 6j aumento expressao 22°c nps expressao nppa apresentou diferencas significativas nppb atrios indicou reducao expressao 22°c tanto c57bl 6j trpa1 ko ventriculos nppb apresentou diferencas significativas podemos concluir opn4 canais trp possivelmente possam estar atuando termo sensores coracao flutuacoes temperatura afetam expressao nps camaras cardiacas,4763
64,"cirurgia_bariatrica, operatorio, cirurgia, intervencao, grupo_intervencao, bgyr, pre_operatorio, reganho, roux, perda_peso",tratamento dieta_cetogenica considerado eficaz aproximadamente 50 pacientes epilepsia farmacorresiste porem apesar potencial terapeutico dieta controle crises podem existir efeitos adversos exigindo monitoramento constante paciente tratamento realizado estudo quasi experimental analisar efeito dieta_cetogenica atkins modificada frequencia crises epilepticas densidade_mineral_ossea pacientes_adultos epilepsia farmacorresiste quais monitorados 4 12 24 48 semanas tratamento relacao frequencia crises epilepticas reducao significativa crises focais semanas 24 48 p=0 003 p=0 005 crises tonico clonico bilaterais tonico clonico generalizadas reducao significativa observada semanas 12 24 p=0 006 p=0 024 encontradas reducoes densidade_mineral_ossea longo semanas estudadas todos participantes mantiveram z score coluna lombar dentro faixa considerada adequada idade dieta demonstrou eficacia reducao frequencia crises epilepticas pacientes_adultos epilepsia farmacorresistente causar alteracoes clinicamente significativas densidade_mineral_ossea durante periodo avaliado,5099
64,"cirurgia_bariatrica, operatorio, cirurgia, intervencao, grupo_intervencao, bgyr, pre_operatorio, reganho, roux, perda_peso",introducao pilares tratamento diabetes incluem uso medicacoes anti hiperglicemiantes alimentacao_saudavel atividade_fisica regular automonitoramento educacao diabetes saude_mental cessacao tabagismo estudos sugerem intervencoes educacao alimentar podem melhorar controle_glicemico tanto abordagens individuais quanto coletivas ainda intervencoes meio grupos operativos apresentaram resultados importantes autocuidado pes pacientes dm2 testadas abordagens nutricionais desta forma estudo busca avaliar efeito adicionar encontros educacao alimentar adesao aconselhamento nutricional individual oferecido ambulatorio nutricao especializado pacientes dm2 metodos ensaio_clinico_randomizado paralelo aberto seguimento 12 meses realizado pacientes atendidos ambulatorio nutricao especializado hospital_universitario estudo aprovado comite etica pesquisa hcpa 2022 0238 registrado clinicaltrials gov nct05598203 pacientes = adultos dm tipo 2 intervencao = educacao alimentar partir grupos operativos adicionada aconselhamento nutricional individual controle = aconselhamento nutricional individual tratamento usual desfechos = controle_glicemico peso adesao recomendacoes pacientes submetidos avaliacao clinica nutricional basal receberam aconselhamento nutricional partir alvos metabolicos randomizados intervencao controle grupo_controle recebeu aconselhamento nutricional individual cada quatro meses pacientes randomizados grupo_intervencao receberam aconselhamento nutricional individualizado acrescido oferta participacao quatro encontros educacao alimentar partir metodo grupos operativos abordados seguintes temas aquisicao alimentos prato saudavel reconhecimento fome saciedade fortalecendo mudanca cada encontro oferecido 20 participantes duracao 1 hora participante poderia participar semanal mensalmente conforme disponibilidade cada encontros participantes tarefa realizar casa participantes avaliados linha base quatro meses apos aconselhamento individual resultados presente data randomizados 220 participantes 179 participantes retornaram quatro meses apos aconselhamento nutricional linha base destes 63 7 mulheres idade 60 anos 53 65 65 9 classe social baixa 65 1 obesidade valores medios hba1c 9 2 8 3 10 2 participantes ambos grupos reducao hba1c peso_corporal adesao aconselhamento nutricional inicial avaliada maior proporcao participantes grupo_intervencao 77 8 apresentaram adesao aconselhamento realizar prato saudavel principais refeicoes comparado grupo_controle 61 3 p = 0 03 conclusao nesta amostra pacientes dm2 ambulatoriais aconselhamento nutricional promoveu melhora controle_glicemico reducao peso curto prazo oferta educacao nutricional grupos operativos promoveu maior aderencia recomendacoes prato saudavel diabetes grupo_intervencao intervencao parece promissora avaliacao demais parametros saude longo prazo permitira melhor interpretacao efetividade,4783
64,"cirurgia_bariatrica, operatorio, cirurgia, intervencao, grupo_intervencao, bgyr, pre_operatorio, reganho, roux, perda_peso",introducao cirurgia derivacao gastrica y roux dgyr consideradapadrao tratamento_obesidade grave apesar ser tratamento eficaz maioria casos parcela pacientes obtem perda_peso bem sucedida dois primeiros anos varios fatores sido demonstrados preditores resposta perda_peso porem estudos ainda necessarios objetivo avaliar preditores resposta perda_peso pacientes submetidos dgry metodos trata estudo_longitudinal retrospectivo 63 pacientes submetidos dgyr 2004 2014 acompanhados posoperatorio menos 24 meses dados pree posoperatorio 12 24 meses coletados prontuarios incluindo presenca comorbidades antes cirurgia historico familiar obesidade medidas_antropometricas ingestao_energia macronutrientes pratica exercicios_fisicos polimorfismos genes bdnf val66met rs6265 lyplal1 rs4846567 genotipados utilizando metodologia taqman snp genotyping assays perda excesso_peso pep >50 adotada criterio perda_peso bem sucedida participantes distribuidos grupo perda_peso bem sucedida ppbs perda_peso insuficiente ppi modelos regressao_logistica utilizados verificar variaveis preditoras sucesso cirurgia nivel significancia adotado p<0 05 resultados apos 12 meses posoperatorio participantes apresentaram mediana geral perda excesso_peso pep perda_peso total ppt indice_massa_corporal imc 63 intervalo interquartil iqr=20 44kg iqr=19 35kg m2 iqr=8 respectivamente taxa insucesso 19 24 meses mediana pep ppt imc 67 iqr=27 46kg iqr=27 33kg m2 iqr=8 respectivamente taxa insucesso 16 comparado grupo ppbs 12 meses grupo ppi apresentou maiores medianas peso imc excesso_peso antes cirurgia 24 meses observouse grupo ppi frequencia significativamente menor individuos 12 meses apresentavam perda_peso bemsucedida analise genetica encontradas diferencas grupos dois periodos igual forma nenhuma diferenca encontrada demais parametros dois periodos apos analise regressao_logistica imc inicial preditor pior resposta dois momentos avaliados perda_peso total apresentada 12 meses mostrou preditora melhor resposta 24 meses cirurgia conclusao imc preoperatorio perda_peso 12 meses fatores preditores sucesso perda_peso 24 meses apos dgyr,4063
65,"sono, turno, turnos, vigilia, noturno, sonolencia, cronotipo, tarde, alternantes, horario",atualmente jogos eletronicos denominados sports vem ganhando destaque internacional nacional jogadores sports assim atletas outras modalidades requerem preparacao denominamos treinamento desportivo entretanto treinamento realizado atletas ocorre totalidade perante computador maioria vezes periodo noturno estende objetivo estudo avaliar qualidade perfil padrao ciclo sono vigilia atletas profissionais universitarios league of legends dois periodos temporada regular modalidade 21 atletas distribuidos 3 grupos g1= 9 atletas profissionais serie g2= 6 atletas profissionais serie b g3= 6 atletas universitarios atletas utilizaram actigrafo metodo invasivo utilizado punho dominante responsavel mensurar atividade ciclo sono vigilia durante 7 dias consecutivos responderam questionarios sonolencia epworth qualidade subjetiva sono pittsburgh atividade_fisica lazer godin shephard cronotipo aplicados pais alem uso diario sono juntamente actigrafo dois periodos temporada resultados demonstraram atletas league of legends apresentaram qualidade sono ruim ambos periodos pre competitivo competitivo maior agravo periodo competitivo tempo total sono reduzido torno 6 horas moderada eficiencia 85 90 alta latencia sono 20 30 minutos consideraveis periodos acordados apos inicio sono atletas apresentaram cronotipo predominantemente vespertino significantemente diferente pais alem disso encontradas associacoes significativas periodo pre competitivo escore pittsburgh escore sonolencia r=0 50 horario inicio sono r= 0 58 horario final sono r= 0 58 horario final sono tempo total vigilia r= 0 60 tempo acordado apos inicio sono r=0 54 periodo competitivo associacoes significativas escore pittsburgh escore sonolencia r=0 61 pontuacao cronotipo horario inicio sono r= 0 60 tempo total sono r=0 51 tempo total vigilia r= 0 48 nivel atividade_fisica lazer tempo total sono r=0 50 tempo total vigilia r= 0 49 tempo acordado apos inicio sono eficiencia sono r= 0 96 horario inicio sono r=0 48 horario final sono r=0 68 eficiencia sono horario inicio sono r= 0 54 horario final sono r= 0 65 pode concluir atraves achados jogadores profissionais universitarios league of legends possuem predominancia cronotipo vespertino qualidade quantidade sono caracteriza ruim principalmente periodo competicao estudo possui grande importancia ampliar conhecimentos influencia dispositivos eletronicos sono entender perfil padrao ciclo sono vigilia atletas sports,2590
65,"sono, turno, turnos, vigilia, noturno, sonolencia, cronotipo, tarde, alternantes, horario",objetivo analisar qualidade sono pre competicao atletas equipes apoio ultramaratona 217 km impactos desempenho metodos convidados participar estudo atletas ambos_sexos maiores 18 anos minimo 2 anos experiencia ultramaratona inscritos categoria individual prova 217 km brazil 135 ultramarathon n = 38 bem respectivos integrantes equipes apoio categorias individuais n = 59 durante pre evento competicao participantes responderam questionarios qualidade sono pittsbugh sonolencia epworth cronotipo morningnesseveningness questionnaire questionario internacional atividade_fisica ritmo prova analisado meio registros organizacao prova resultados relacao atletas observado maioria avaliados apresentaram qualidade sono ruim 68 enquanto eficiencia sono 85 6 + 14 27 proxima valor referencia 85 maioria grupo apresentou perfil cronotipo matutino 71 05 poucos apresentaram indices sonolencia diurna 26 31 atletas relataram qualidade sono boa apresentaram maior frequencia treinos semanais p = 0 05 maior eficiencia sono p < 0 01 maior tempo total sono p = 0 01 quanto equipe apoio pouco metade voluntarios apresentaram qualidade sono ruim 55 93 entretanto grupo demonstrou eficiencia sono positiva 88 45 + 13 4 maioria apoios apresentaram perfil matutino 66 1 poucos apresentaram indices sonolencia diurna 30 5 equipes apoio apresentaram melhor qualidade sono demonstraram maior eficiencia sono p < 0 01 menor latencia sono p = 0 05 maior tempo total sono p < 0 01 encontradas diferencas significativas quanto ritmo prova nenhum trechos atletas apresentaram qualidade sono boa qualidade sono ruim diferenca significativa variaveis relacionadas perfil treinamento atletas concluiram prova tempo menor maior 48h entretanto observado maior volume treino p < 0 05 maior latencia p < 0 05 atletas concluiram prova comparado concluiram conclusao observado qualidade sono atletas equipes apoio maioria avaliados br135 ultramarathon 2020 ruim supostamente qualidade sono pre competicao pode ser determinante desempenho esportes extremos gestos motores refinados durante determinado periodo tempo entretanto especula equipes apoio podem sofrer maiores prejuizos sono qualidade ruim funcao aspectos cognitivos concordando intervencao multidisciplinar notoria importancia novos estudos sobre tema,3572
65,"sono, turno, turnos, vigilia, noturno, sonolencia, cronotipo, tarde, alternantes, horario",objetivo estudo verificar eficacia golpes relacao perfil sono atletas jovens tenis mesa alto rendimento participaram 27 atletas jovens tenis mesa 10 mulheres 17 homens 15 9 dp 1 7 anos 58 7 dp 11 1 kg 165 4 dp 10 2 cm 6 8 dp 2 3 anos pratica 18 4 dp 9 4 horas semanais treino convocados participar seletiva olimpica jovens confederacao brasileira tenis mesa ano 2022 2023 categorias sub 15 sub 19 sendo 66 7 atletas convocados selecao brasileira tenis mesa primeiro momento participantes responderam 5 questionarios obter dados_demograficos verificar perfil habitos sono durante semana realizado preenchimento diario sono 7 noites final semana realizado preenchimento dois questionarios realizacao teste especifico tenis mesa verificar eficacia golpe teste especifico eficacia golpes tenis mesa utilizado primeira vez populacao jovem alto rendimento mostrou aplicavel correlacionado performance circuito competitivo r = 0 57 p = 0 002 atletas apresentaram media velocidade bola 47 1 dp 5 9 km h score acuracia 39 8 dp 10 2 exatidao 28 1 dp 12 1 consistencia 60 3 dp 12 0 erro 39 6 dp 12 0 indice performance 18 7 dp 4 9 atletas apresentaram maior consistencia bolas direcionadas alvo central mesa comparacao alvo direita p <0 05 quanto perfil sono atletas apresentam cronotipo preferencia indiferente score 53 8 dp 7 8 obtiveram valores jet lag social latencia sono eficiencia sono dentro valores recomendados 1 4 dp1 4 horas 19 6 dp 11 9 minutos 92 3 dp 7 2 respectivamente sonolencia qualidade duracao sono abaixo recomendado 10 0 dp 3 5 pontos 5 4 dp 2 5 pontos 7 3 dp 0 9 horas respectivamente diferencas significativas encontradas durante 7 dias relacao horario dormir p = 0 002 horario levantar p <0 001 tempo total sono p = 0 002 analises post hoc mostrando horario levantar tardio duracao sono maior finais semana p <0 05 correlacoes significativas variaveis eficacia golpe perfil sono r = 0 28 0 25 observadas diferencas significativas atletas classificados sono bom sono ruim p >0 05 atletas = 8h sono > 8h sono p >0 05 teste especifico mostrou aplicavel correlacionado performance atletas atletas apresentaram menor duracao sono horarios dormir acordar tardio finais semana comparacao dias semana,4800
