topic,FREX,DS_RESUMO,document
1,"hipovitaminose_d, vitamina_d, pth, dmo, 25_hidroxivitamina, insuficiencia, paratormonio, ingestao_calcio, exposicao_solar, osseo",expansao massa_ossea acumulo diario calcio osseo variam conforme estagio puberal sendo maiores estagios puberais iii iv nesses periodos retencao diaria calcio osseo atinge maximo correspondendo 290 360mg dia meninos ingestao_calcio superior 1000mg dia pouco sabe sobre retencao diaria calcio osseo meninos baixa ingestao_calcio objetivo desse estudo avaliar retencao diaria calcio ossos meninos pre puberes puberes fisicamente ativos baixa ingestao_calcio participaram estudo 27 meninos estagios puberais i 8 5 + 0 6 anos n=9 ii 10 8 + 0 7 anos n=9 iii 13 0 + 1 0 anos n=9 coletas amostras sangue avaliacoes massa_ossea composicao_corporal utilizando dxa realizadas inicio estudo apos 6 meses dados ingestao_alimentar obtidos atraves 3 recordatorios 24h analises pth i 25 oh d igf i soro determinadas imunoensaio quimioluminescente retencao diaria calcio osseo estimada assumindo calcio representa 32 2 cmo corpo inteiro considerando diferenca conteudo calcio osseo duas avaliacoes dividido intervalo dias avaliacoes valores z score dmo corpo inteiro femur proximal total adequados duas avaliacoes ingestao_calcio semelhante grupos 684+ 265mg d 618+ 406mg d 597+ 332mg d estagios i ii iii respectivamente representou 55 atuais recomendacoes dieteticas calcio retencao diaria calcio osseo menor p <0 05 meninos estagio i 110 + 38mg dia comparado ii 189 + 64 mg dia iii 225 + 102 mg dia 75 meninos apresentaram 25 oh d inferior 50nmol l n=6 n=8 n=7 estagios i ii iii respectivamente primeira avaliacao 25 oh d correlacionou positivamente dmo cmo corpo inteiro femur duas avaliacoes igf 1 maior estagio iii comparado ii 288+ 135 vs 193+ 79 ng ml p<0 05 grupo todo igf i correlacionou positivamente area ossea corpo inteiro femur r>0 49 p<0 05 duas avaliacoes unica variavel bioquimica associar positivamente retencao calcio diaria r=0 40 p=0 04 apesar baixa ingestao_calcio estado insuficiente vitamina_d meninos apresentaram adequada massa_ossea idade retencao diaria calcio observada similar meninos habituados elevada ingestao_calcio exceto meninos estagio iii somente nesses meninos ingestao_calcio associada retencao diaria calcio r=0 80 p<0 01 sugerindo estagio iii demanda calcio mineralizacao ossea elevada baixa ingestao_calcio aliada estado insuficiente vitamina_d parece ser ter sido capaz limitar aquisicao ossea menos diminuir velocidade acumulo massa_ossea,388
1,"hipovitaminose_d, vitamina_d, pth, dmo, 25_hidroxivitamina, insuficiencia, paratormonio, ingestao_calcio, exposicao_solar, osseo",background constipation is highly prevalent among patients undergoing hemodialysis hd alternatives the treatment of this gastrointestinal disorder have been poorly investigated therefore we aimed to evaluate the effects of olive oil and flaxseed oil compared with mineral oil the treatment of constipation in patients undergoing hd methods 4 week double blind randomized controlled trial was conducted fifty constipated patients diagnosed by the rome iii criteria were randomly assigned to receive mineral oil n=17 olive oil n=16 or flaxseed oil n=17 the initial oil dose was 4 ml day and was adjusted needed the impact of the intervention was assessed by the rome iii criteria scores results the most frequent symptoms of constipation at baseline were comparable among the groups and included incomplete evacuation 92 lumpy or hard stools 72 and anorectal obstruction 70 the rome iii score improved significantly in patients receiving mineral oil 10 5+ 5 0 to 4 1+ 4 0 p<0 01 olive oil 10 3+ 4 2 to 3 2+ 3 8 p=0 01 and flaxseed oil 9 6+ 4 2 to 6 0+ 5 1 p<0 01 with significant group by time interaction p=0 15 except manual maneuvers the score all other symptoms was reduced similarly in the mineral oil and olive oil groups whereas only the frequency of evacuation and lumpy or hard stools improved in the flaxseed oil group conclusion we demonstrated that the daily use of olive oil or flaxseed oil was effective the treatment of constipation in patients undergoing hd the effect observed was similar to that obtained with mineral oil,987
1,"hipovitaminose_d, vitamina_d, pth, dmo, 25_hidroxivitamina, insuficiencia, paratormonio, ingestao_calcio, exposicao_solar, osseo",otimizacao aquisicao ossea durante infancia adolescencia pode contribuir adequacao conteudo mineral osseo longo vida vitamina_d considerada essencial adequada aquisicao ossea durante infancia adolescencia entanto alta prevalencia insuficiencia vitamina_d sido observada diferentes populacoes resultado baixa exposicao luz solar baixa ingestao_dietetica uso excessivo protetor solar objetivo presente estudo avaliar estado_nutricional vitamina_d determinantes influencia sobre adequacao massa_ossea meninos habituados baixa ingestao_calcio participaram estudo 60 meninos idade variando 8 13 anos ingestao_dietetica calcio vitamina_d estimada partir media 3 recordatorios 24h massa_ossea composicao_corporal avaliadas dxa indicadores bioquimicos hematocrito hemoglobina albumina proteinas totais calcio total ionizado igfi pth 25 oh d determinados metodologias convencionais pigmentacao pele constitutiva facultativa determinada colorimetria objetivo avaliar influencia estado vitamina_d sobre variaveis estudadas participantes estudo divididos tres grupos acordo concentracoes sericas 25 oh d seguinte forma grupo 1 meninos quartil 1 25 oh d < 32 7 nmol l n=15 grupo 2 meninos quartis 2 3 25 oh d 32 8 65 1 nmol l n=30 grupo 3 meninos quartil 4 25 oh d > 65 2 nmol l n=15 media concentracao serica 25 oh d 48 4 + 22 2 nmol l elevado indice inadequacao 78 especialmente meses inverno observadas associacoes pigmentacao constitutiva pele concentracoes sericas vitamina_d apesar baixa_ingestao cronica calcio 583 + 309 mg ca dia inadequacao vitamina_d criancas_adolescentes estudados apresentaram massa_ossea adequada idade possivel pratica habitual exercicio_fisico contribuido garantir adequacao massa_ossea meninos estudados alem disso observamos associacao positiva concentracoes vitamina_d adequacao massa_ossea total r=0 398 p<0 05 femural r=0 449 p<0 05 independente periodo ano estudado resultados sugerem concentracoes sericas vitamina_d elevadas poderiam contribuir otimizacao massa_ossea meninos baixa_ingestao cronica calcio ainda mesmos apresentem deficit massa_ossea idade,126
2,"sarcopenia, fpm, massa_muscular, sarc, dinapenia, qualidade_muscular, esqueletica, forca_preensao_manual, forca_muscular, obesidade_sarcopenica",introducao cancer_mama e´ doenc¸a alta prevalencia incidencia sendo considerada importante problema saude_publica obesidade_sarcopenica condic¸a~o combina caracteri´sticas obesidade sarcopenia esta´ associada se´rie desfechos negativos pacientes oncolo´gicos reduc¸a~o sobrevida toxicidade tratamento pore´m apenas recentemente proposto consenso especi´fico diagno´stico consenso espeneaso portanto ha´ necessidade estudos diagnostiquem crite´rios padronizados avaliando associac¸a~o desta condic¸a~o desfechos importantes objetivo aplicar novo consenso mulheres cancer_mama inicial antes tratamento cli´nico examinar associac¸a~o qualidade_vida fadiga relacionada cancer frc func¸a~o fi´sica metodos participantes composic¸a~o corporal avaliada dexa forc¸a muscular avaliada testes forc¸a preensa~o palmar fpp teste sentar levantar 5 repetic¸oes 5 sts func¸a~o fi´sica avaliada meio teste levantar ir tug teste caminhada 6 metros 6 mwt enquanto qualidade_vida frc avaliadas meio questiona´rios eortc qlq c30 b cfs respectivamente consenso espen easo utilizado diagnosticar apo´s aplicac¸a~o consenso participantes divididas tres grupos eutrofia obesidade obesidade_sarcopenica resultados cinquenta pacientes inclui´das estudo 48 4 + 10 1 anos destas 9 18 classificadas grupo eutrofia 30 60 grupo obesidade 11 22 grupo obesidade_sarcopenica valores baixos estado_saude global qualidade_vida p = 0 03 observados grupo obesidade_sarcopenica 58 3 + 17 1 comparac¸a~o eutrofia 83 3 + 18 2 capacidade fi´sica avaliada eortc qlq c30 menor grupo obesidade 84 2 + 16 6 grupo eutrofia 99 2 + 2 2 fadiga fi´sica fadiga total maiores grupos obesidade 5 1 + 5 4 20 3 + 9 2 obesidade_sarcopenica 5 3 + 4 2 20 4 + 7 4 comparados grupo eutrofia 1 9 + 3 3 14 3 + 8 5 na~o alcanc¸aram significancia estati´stica p = 0 10 p = 0 12 respectivamente performance tug pior p < 0 05 grupo obesidade_sarcopenica 7 6 + 0 7 comparac¸a~o grupos eutrofia 6 6 + 0 7 obesidade 6 6 + 0 9 varia´veis relacionadas obesidade estatisticamente correlacionadas algumas varia´veis qualidade_vida frc func¸a~o fi´sica conclusao identificada meio consenso proposto espen easo esta´ associada pior func¸a~o fi´sica obesidade isoladamente enquanto obesidade esta~o associadas fadiga qualidade_vida,4818
2,"sarcopenia, fpm, massa_muscular, sarc, dinapenia, qualidade_muscular, esqueletica, forca_preensao_manual, forca_muscular, obesidade_sarcopenica",doenca_renal_cronica drc enfermidade pode levar reducao massa_muscular desenvolvimento sarcopenia condicao inflamatoria doenca tratamento dialise especialmente hemodialise hd alteracoes massa_muscular relacionadas envelhecimento incluem alguns fatores induzem aumento catabolismo proteico diversos estudos demonstraram utilidade imagens tomografia computadorizada tc metodo referencia avaliacao massa_muscular contudo populacao pacientes drc poucos trabalhos realizados utilizacao tc fim desta forma presente estudo objetivo avaliar massa_muscular metodos referencia descrever prevalencia sarcopenia duas coortes pacientes drc sendo composta pacientes drc dependentes dialise outra composta pacientes_idosos drc tratamento hemodialise considerando tc metodo referencia primeiro artigo desta tese objetivo avaliar massa_muscular pacientes dependentes dialise estagios 3 5 drc atraves tecnica tc regiao terceira vertebra lombar ademais estabeleceu objetivos especificos avaliar 1 concordancia tecnica tc metodos substitutivos utilizados pratica clinica avaliacao massa_muscular 2 prevalencia sarcopenia 3 identificar metodo substitutivo apresenta maior concordancia tc diagnostico sarcopenia principais achados primeiro estudo mostram circunferencia muscular braco cmb equacao baumgartner metodos maior concordancia tc avaliar massa_muscular ademais notou prevalencia sarcopenia variou 3 7 depender metodo utilizado avaliar massa_muscular segundo artigo desta tese objetivo avaliar associacao reducao massa_muscular forca_muscular sarcopenia piora estado_nutricional condicao clinica reducao qualidade_vida maior risco hospitalizacao mortalidade pacientes_idosos hd segundo estudo apresentou principais achados reducao forca associada pior qualidade_vida maior risco hospitalizacao alem disso condicao sarcopenia associou pior estado_nutricional pior condicao clinica maior taxa mortalidade estudos comprovam importancia avaliar massa_muscular pacientes drc considerando necessidade diagnostico sarcopenia prevencao alteracoes estado_nutricional possibilidade iniciar intervencoes terapeuticas precoces alem disso metodos acessiveis pratica clinica antropometria equacao preditiva apresentaram boa concordancia metodo ouro avaliacao massa_muscular pacientes drc,1841
2,"sarcopenia, fpm, massa_muscular, sarc, dinapenia, qualidade_muscular, esqueletica, forca_preensao_manual, forca_muscular, obesidade_sarcopenica",pacientes_idosos hemodialise hd altamente suscetiveis desenvolvimento sarcopenia devido processo natural envelhecimento catabolismo induzido procedimento hd objetivo deste estudo primeiro avaliar prevalencia sarcopenia dinapenia atrofia muscular grupo pacientes_idosos hd segundo avaliar criterios aplicados diagnostico sarcopenia propostos sociedades internacionais capazes distinguir pacientes pior condicao clinica estado_nutricional qualidade_vida estudo multicentrico transversal incluiu 94 pacientes_idosos hd > 60 anos cinco centros dialise todos participantes submetidos avaliacao_antropometrica composicao_corporal forca_preensao_manual fpm laboratorial avaliacao condicao nutricional atraves avaliacao_subjetiva_global 7 pontos ags 7p adicionalmente participantes responderam questionario qualidade_vida diagnostico sarcopenia adotados criterios propostos sociedades internacionais englobam parametros indicativos baixa massa_muscular baixa funcao muscular massa_muscular adotouse indice massa_magra imm < percentil 20 genero faixa etaria populacao referencia avaliado partir massa_magra obtida somatorio dobras_cutaneas criterio baixa funcao muscular adotou fpm < percentil 10 genero faixa etaria braco utilizado populacao referencia pacientes classificados sarcopenicos baixo imm associado baixa fpm dinapenicos baixa fpm atrofia muscular baixo imm sarcopenia presente 13 8 pacientes enquanto dinapenia observada 37 2 atrofia muscular 35 1 sarcopenia capaz distinguir pacientes possuiam maior comprometimento estado_nutricional composicao_corporal criterio funcao muscular isoladamente combinacao massa_muscular identificou pacientes pior qualidade_vida conclusao prevalencia sarcopenia observada 13 8 grupo entretanto usar apenas criterios indicam reducao forca massa_muscular prevalencia aumentou 30 condicao sarcopenia distinguiu pacientes pior estado_nutricional qualidade_vida,389
3,"snp, polimorfismo, polimorfismos, snps, mthfr, metilacao, alelo, bsmi, genotipo, fto",hipertensao_arterial_sistemica doenca multifatorial condicao complexa interferem diretamente perfil metabolomico metabolomica tecnica altamente reprodutivel permite analise amostras biologicas intactas necessidade preparacao extensiva reduzindo potencial variabilidade analitica proporcionando identificacao metabolitos desconhecidos tornando valioso perfil abrangente misturas metabolicas complexas alem ser considerada abordagem funcional atividades organismo vem sendo observado fibra_alimentar reduz pressao_arterial pa colesterol circulante apresenta associacao hipertensao sendo mecanismos quais fibras dieteticas reduzem niveis pa ainda elucidados momento logo ainda existem recomendacoes quantitativas fibras diretrizes nacionais internacionais quanto tratamento prevencao hipertensao diante exposto objetivo presente tese avaliar base metabolomica efeito intervencao fibras dieteticas mistas metabolitos hdl hdl_c soro valores pressoricos mulheres hipertensas normotensas excesso_peso trata estudo matriz intervencao duplo cego placebo controlado realizado 60 mulheres adultas faixa etaria 20 60 anos inicialmente amostra selecionada conveniencia aleatoriamente formados quatro grupos grupos 1 g1 hipertensas 3 g3 normotensas receberam doze gramas fibras dieteticas mistas grupos 2 g2 hipertensas 4 g4 normotensas placebo realizadas avaliacao_antropometrica analises_bioquimicas pre pos intervencao colesterol serico triglicerideos hdl_c ldl vldl glicemia_jejum pcr us assim analise perfil metabolomico meio tecnica ressonancia magnetica nuclear 1h rmn 1h relacao resultados primeiro artigo observou g3 diferencas significativas principais tipos metabolitos referentes aumento areas relativas tres picos metabolitos hdl 4 94 ppm 0 0086 hdl 1 28 ppm 0 0337 hdl 0 88 ppm 0 0224 metabolito glicose 4 90 ppm 0 0106 reducao pressao_arterial sistolica pas 0 0292 7 mmhg faixa referencia g4 ocorreu reducao pas 0 0118 4 mmhg metabolito colina 3 65 ppm 0 0266 poe causa validade desses resultados literatura quanto resultados segundo artigo g1 observou relacao aumento hdl_c total soro aumento areas relativas picos metabolitos hdl 0 84 ppm 0 88 ppm relacao negativa hdl_c total soro hdl 1 24 ppm quanto g3 relacoes positivas hdl_c total soro dois metabolitos hdl 0 88 ppm 1 24 ppm alem reducao pas pressao_arterial diastolica pad g1 reducao pas g3 g4 base resultados encontrados metabolitos hdl podem ser alvos prevencao fatores_risco_cardiovascular destaque aumento hdl_c total soro reducao colesterol_total reducao pressao_arterial amostra analisada neste estudo partir intervencao fibras dietetica mistas,4969
3,"snp, polimorfismo, polimorfismos, snps, mthfr, metilacao, alelo, bsmi, genotipo, fto",hipertensao_arterial_sistemica has considerada maior fator risco_cardiovascular atribuivel mortalidade fatores interferem prevalencia desse problema dieta porque vem sendo observado consumo fibras_alimentares reduz pressao_arterial sistemica embora ainda consenso dieta pode alterar dna expressao_genica logo objetivo deste estudo avaliar efeito complementacao fibras alimentar pressao_arterial metabolitos score risco_cardiovascular mulheres adultas polimorfismo c677t gene mthfr excesso_peso trata estudo_clinico intervencao duplo cego placebo controlado tema ainda pesquisado cuja amostra composta 60 mulheres 30 hipertensas 30 normotensas realizadas avaliacoes antropometricas estimativa risco_cardiovascular rcv analises_bioquimicas genotipagem polimorfismo c677t gene mthfr analises sobre concentracao metabolitos inicialmente amostra selecionada conveniencia aleatoriamente formados quatro grupos grupos 1 g1 hipertensas 3 g3 normotensas receberam saches doze gramas fibras dieteticas mistas grupos 2 g2 hipertensas 4 g4normotensas placebo relacao resultados primeiro artigo observou g1 genotipo ct tt reducoes valores pressao_arterial sistolica feita intervencao fibras 147 87 + 22 48 mmhg x 129 67 + 19 69 seguido genotipo cc 143 33 + 15 05 mmhg x 129 67 + 14 99 p = 0 0145 g1 genotipo ct tt apresentou reducao pressao_arterial sistolica 15 5 mmhg p = 0 0026 grupo cc g1 reducao 15 0 mmhg p = 0 0115 estudo mostrou efeito fibra sobre valores pressoricos aconteceu independentemente genotipos c677t pronunciado portadores alelo t quanto resultados segundo artigo relacao intervencao fibras dieteticas constataram alteracoes valores referentes reducao risco_cardiovascular grupo 1 grupo 3 portadoras genotipos cc genotipos ct tt referentes polimorfismo c677t gene mthfr embora diferencas sido significativas alem disso aumento significativo valores hdl_c grupo 1 classificacao genotipos resultados encontrados deram evidencias significativas polimorfismo c677t gene mthfr exerce influencia valores pas intervencao fibra dietetica mulheres hipertensas embora reducao rcv aumento hdl_c sido significativos base resultados encontrados observou comparar resultados genotipos grupos grupos utilizando diferentes testes estatisticos encontrou influencia polimorfismo apos intervencao fibras utilizar teste comparacao conover ocorreu influencia genotipo dependente grupo hipertensos suplementados fibras porem distribuir grupos genotipos ocorreu diferenca quanto score risco_cardiovascular valores ldl_c hdl_c embora observou reducao significativa desses valores,3014
3,"snp, polimorfismo, polimorfismos, snps, mthfr, metilacao, alelo, bsmi, genotipo, fto",hipertensao_arterial condicao clinica complexa multifatorial caracterizada elevacao persistente pressao_arterial alteracoes metabolicas apesar avancos compreensao fisiopatologia implementacao estrategias prevencao tratamento eficazes continua sendo maiores problemas emergentes saude_publica mundo contexto etiologico envolvidos fatores geneticos estilo_vida dentre destaca alimentacao fibra dietetica sido associada prevencao alteracoes glicemia resistencia_insulina perda_peso dislipidemias embora ainda consesual pressao_arterial regulacao pressao_arterial envolvida epigenetica criou novo conceito sobre heranca genetica regulacao fenotipica organismo podera ser melhor compreendida pos genomica metabolomica possibilitou melhor identificacao sobre relacoes metabolicas estudo objetivo avaliar perfil metabolomico influencia polimorfismo c677t gene mthfr perfil metabolomico apos suplementacao fibra dietetica mulheres hipertensas sobrepeso obesidade estudo_intervencao duplo cego placebo controlado formacao dois grupos grupo experimental composto 14 mulheres hipertensas sobrepeso obesidade suplementado 12 g dia fibra dietetica grupo placebo n=12 suplementado 12 gramas amido milho 8 semanas amostra composta mulheres faixa etaria 20 60 anos realizadas avaliacao_antropometrica analises_bioquimicas pre pos intervencao colesterol serico ct triglicerideos tg hdlc ldlc glicemia_jejum proteina_c_reativa ultrassensivel pcr us assim analise perfil metabolomico meio tecnica ressonancia magnetica nuclear h 1 hrmn genotipagem polimorfismo gene mthfr primeiro artigo sobre perfil metabolomico grupo 1 hipertensos excesso_peso suplementados fibras observou apos analise_componentes_principais pca aumento valores seguintes metabolitos hdl_c acordo deslocamento quimico ppm 0 88 p 0 0000 1 24 p 0 0010 1 28 p 0 0000 4 94 p 0 258 colina 3 65 p 0 0035 hidroxibutirato 1 20 p 0 0010 bem reducao pressao_arterial sistolica antes intervencao analise perfil metabolomico rmn soro mulheres hipertensas excesso_peso permitiu identificar metabolitos facilitando melhor compreensao vias metabolicas podendo auxiliar tratamento dessas patologias associadas segundo artigo analisados influencia polimorfismo c677t gene mthfr perfil metabolomico resposta consumo fibra mulheres genotipos ct tt apresentaram maiores reducoes valores pressao_arterial sistolica apos intervencao fibras assim aumento area concentracao picos varios metabolitos hdl hidroxibutirato grupo genotipo ct tt conclui intervencao fibra dietetica mista reduziu pressao_arterial sistolica afetou perfil metabolomico mulheres excesso_peso hipertensao polimorfismo c6777t gene mthfr influenciou perfil,3692
4,"criancas, crianca, infantil, alimentacao_complementar, excesso_peso, escolaridade_materna, escolares, infancia, indice_massa_corporal_idade, meninas",estudos apontado correlacao intra familiar positiva quanto estado_nutricional maes filhos compartilharem tanto informacoes geneticas quanto condicoes_socioeconomicas ambientais assim objetivou avaliar associacao estado_nutricional criancas maes moradoras assentamentos subnormais maceio al caracterizando populacao estudo segundo variaveis demograficas socioeconomicas trata estudo_transversal envolvendo amostra_probabilistica 1137 maes 1365 criancas 0 10 anos dados_socioeconomicos demograficos antropometricos coletados atraves inquerito domiciliar avaliacao_nutricional maes utilizado indice_massa_corporal imc criancas indices altura idade i imc idade imc i escores z idade media maes 38 5 anos dp=14 27 criancas 4 85 anos dp=2 86 analise variaveis_socioeconomicas domicilio constatou populacao baixa_renda contudo 46 8 maes 18 0 criancas apresentaram excesso_peso encontrou deficit estatural maes criancas 20 8 7 respectivamente associacao excesso_peso materno estado_nutricional criancas menores 10 anos p>0 05 portanto apesar compartilharem contexto socioeconomico ambiental relacao estado_nutricional maes criancas deficit estatural excesso_peso significativos prevalecem tanto maes criancas descritores crianca maes estado_nutricional fatores_socioeconomicos populacao baixa_renda,29
4,"criancas, crianca, infantil, alimentacao_complementar, excesso_peso, escolaridade_materna, escolares, infancia, indice_massa_corporal_idade, meninas",objetivo avaliar existe associacao aleitamento_materno duracao obesidade populacao escolares ensino fundamental municipio florianopolis  sc metodo estudo_transversal amostra_probabilistica populacao escolares 7 14 anos municipio coletadas medidas_antropometricas diretas escolares dados referentes aleitamento_materno demais informacoes utilizadas variaveis controle peso_nascer idade_gestacional nascimento maturacao_sexual escolar indice_massa_corporal_idade escolaridade_materna renda_familiar per capita obtidas meio questionario enviado pais_responsaveis diagnostico nutricional feito partir escores z indice_massa_corporal imc idade sexo segundo recomendacao organizacao_mundial_saude analises feitas partir modelo hierarquico analise realizando testes bivariados multivariaveis meio regressao_logistica analises interacao variaveis sociodemograficas utilizando software stata 11 0 resultados avaliados 2826 escolares 50 7 sexo_masculino sendo 8 6 apresentaram obesidade 55 7 receberam aleitamento_materno am 6 meses idade analises brutas ajustadas encontradas associacoes am obesidade verificada interacao variavel escolaridade_materna faixa etaria 7 10 anos observou menor chance obesidade escolares filhos maes menor escolaridade haviam recebido leite_materno qualquer periodo maior 1 mes chance 78 menor ro=0 22 ic95 0 08 0 62 receberam am 1 5 meses escolares maes anos estudo menor chance obesidade verificada haviam recebido leite_materno 12 meses ro=0 56 ic95 0 09 3 33 conclusao aleitamento_materno associado obesidade escolares 7 10 anos ensino fundamental sendo associacao interacao escolaridade mae escolar considerando direcao associacao consistente resultados revisoes_sistematicas existem literatura evidencias suficientes sobre inumeros beneficios proporcionados pratica recomenda mesma deva ser incentivada dois anos idade,443
4,"criancas, crianca, infantil, alimentacao_complementar, excesso_peso, escolaridade_materna, escolares, infancia, indice_massa_corporal_idade, meninas",introducao aleitamento_materno am recomendado forma exclusiva sexto mes vida apos periodo deve ser complementado alimentos_saudaveis menos 2 anos metodos analise longitudinal microdados sistema vigilancia_alimentar_nutricional 2015 2019 selecionadas duas populacoes pesquisa 1 criancas informacao consumo 4 5 meses menos medida peso comprimento 6 23 meses 2 criancas informacao consumo 10 11 meses menos medida peso comprimento 12 23 meses partir marcadores consumo_alimentar dia anterior criancas classificadas quanto praticas aleitamento aleitamento_materno_exclusivo ame predominante misto complementado ausencia am diversidade alimentar minima numero grupos alimentos_ultraprocessados calculados indice_massa_corporal_idade imc i comprimento idade c i peso idade p i escore z acordo curvas organizacao_mundial_saude utilizados modelos regressao longitudinal efeitos mistos ajustados idade macrorregioes participacao programa_bolsa_familia resultados populacao pesquisa 1 maioria criancas 4 5 meses ame 66 4 final segundo ano vida 13 23 meses 2 1 criancas classificadas baixo_peso idade 33 18 excesso_peso 10 7 baixo comprimento idade criancas classificadas am misto interacao am idade =0 19 p<0 001 complementado interacao am idade = 0 09 p<0 001 ausencia am interacao am idade = 0 21 p<0 001 apresentaram trajetorias imc i 6 23 meses maior incremento escore z idade comparadas criancas ame observada associacao semelhante relacao c i criancas classificadas am misto interacao am idade = 0 12 p<0 001 complementado interacao am idade = 0 03 p<0 020 ausencia am interacao am idade = 0 10 p<0 001 apresentaram maior incremento escore z c i 6 23 meses comparadas criancas ame quanto p i observadas trajetorias diferentes criancas classificadas am misto interacao am idade = 0 22 p<0 001 complementado interacao am idade = 0 08 p<0 001 ausencia am interacao am idade = 0 22 p<0 001 comparadas ame criancas populacao pesquisa 2 10 11 meses observado 45 1 ic95 = 44 9 45 3 criancas consumiram algum alimento grupo alimento ultraprocessado dia anterior dam apresentaram media menores valores escore z imc i interacao dam idade=0 06 p= 0 002 c i interacao dam idade=0 82 p<0 001 longo tempo criancas consumiram 3 4 grupos ultraprocessados apresentaram media maiores valores imc i ic95 = 0 64 1 28 p <0 001 c i ic95 = 1 05 0 36 p <0 001 longo tempo conclusao praticas amamentacao alimentacao_complementar associadas trajetorias crescimento menores_dois_anos resultados reforcam importancia alimentacao primeiro ano vida forma adequada saudavel crescimento infantil adequado,4543
5,"scopus, pubmed, lilacs, revisao_sistematica, medline, embase, systematic_reviews, bases, science, artigos",objetivo investigar associacao consumo_alimentos ultraprocessados risco desenvolvimento doenca alzheimer adultos_idosos protocolo revisao registrado prospero crd42022375944 metodos trata revisao_sistematica relatada conforme prisma incluidos estudos observacionais restricao idioma ano publicacao excluidos estudos avaliaram desfecho apenas outros tipos demencias considerando doenca alzheimer pesquisa realizada bases medline embase lilacs consulta literatura cinzenta abril maio 2023 alem busca citacao estudos incluidos extracao dados realizada dois revisores independentes risco vies qualidade metodologica estudos incluidos avaliados meio checklist instituto joanna briggs estudos coorte resultados total 4 estudos envolvendo 614 502 adultos_idosos incluidos todos estudos apresentaram desenho coorte considerados alta qualidade metodologica estudos incluidos 3 estudos evidenciaram associacao risco consumo_alimentos ultraprocessados desenvolvimento doenca alzheimer enquanto 1 estudo apresentou associacao risco apenas desenvolvimento declinio cognitivo discussao associacao consumo aup risco desenvolvimento tema recente estudos cientificos visto estudo antigo identificado revisao 2017 quatro estudos incluidos tres demonstraram associacao significativa consumo aup risco desenvolvimento,4336
5,"scopus, pubmed, lilacs, revisao_sistematica, medline, embase, systematic_reviews, bases, science, artigos",transtorno espectro autismo tea conjunto transtornos neurodesenvolvimento caracterizados principalmente dificuldade comunicacao interacao social alem utilizacao medicamentos comuns tratamentos alternativos uso suplementos proposto utilizacao carnosina pode auxiliar reducao sintomas ligados comunicacao comportamento relacionamentos sociais presente trabalho trata revisao_sistematica rs objetivo verificar evidencias cientificas quanto utilizacao carnosina pacientes tea estudo registrado prospero sob numero crd42020168567 todas etapas realizadas dois pesquisadores independentes identificacao estudos realizada busca bases dados cientificas lilacs pubmed embase cinahl cochrane reviews jbi scielo scopus web of science literatura cinzenta opengrey worldcat primeira busca realizada mes abril 2020 segunda busca mes marco 2021 considerados elegiveis estudos classificados randomizados quase randomizados utilizaram carnosina intervencao pacientes tea desfechos primarios avaliados relacionados comunicacao interacao social comportamento efeitos colaterais desfechos secundarios relacionados sono antropometria dados artigos incluidos coletados meio formulario elaborado software excel 2016 contendo itens relacionados caracteristicas participantes estudo bem sobre intervencao dose frequencia via administracao carnosina extraidos dados relacionados desfechos avaliados respectivos metodos relacionados resultados metodologia estudos avaliacao qualidade estudos realizada gradepro incluindo analise risco vies encontrados 5 ensaios_clinicos 209 pacientes total todos estudos realizaram intervencao carnosina via_oral dose variou 500 800mg diarios dois estudos utilizada dose mg kg quanto resultados observadas diferencas significativas sustentem uso carnosina pacientes tea melhora desfechos propostos todos estudos utilizaram metodos diferentes avaliacao desfechos impossibilitando realizacao metanalise nenhum artigos incluidos nesta revisao ficou livre risco vies resultados desta rs concluem baixa qualidade evidencia recomendacao uso carnosina pacientes tea,3635
5,"scopus, pubmed, lilacs, revisao_sistematica, medline, embase, systematic_reviews, bases, science, artigos",inseguranca_alimentar ia consiste indisponibilidade acesso_alimentos seguros nutritivos sendo condicao sido associada ocorrencia sindrome_metabolica sm assim presente estudo objetivou realizar sintese quantitativa metanalise resumir evidencias estudos_epidemiologicos sobre associacao ia sm metodos busca sistematica realizada bases pubmed embase web of science lilacs resgatar estudos_epidemiologicos publicados junho 2022 todo processo selecao extracao dados avaliacao qualidade artigos realizados forma independente dois revisores qualidade estudos avaliada criterios intrumento proposto national institutes of health nih modelo efeitos aleatorios utilizado relatar sintese quantitativa dados combinados teste q indice i² utilizados avaliar heterogeneidade testes egger begger usados avaliar vies publicacao resultados total nove 9 artigos contemplaram criterios elegibilidade selecionados incluidos nesta metanalise verificado alta heterogeneidade estudos i2 > 70 assim baixo risco vies publicacao estudos considerando todos nove 9 estudos incluidos verificou associacao positiva ia sm porem significancia estatistica or odds ratio = 1 24 ic 95 intervalo confianca 95 0 93  1 64 i2 = 79 4 contudo considerar seis 6 estudos incluiram individuos ambos_sexos observou resultado estaticamente significativo associacao ia sm individuos ia seguranca_alimentar baixa apresentaram probabilidade 47 maior or = 1 47 ic 95 1 05  2 07 i2 = 73 2 terem sm comparado individuos seguranca_alimentar total conclusoes achados desta metanalise apontaram possivel presenca associacao ia sm indicando maior ocorrencia sm individuos ia contudo novos estudos tornam necessarios ampliar evidencia cientifica sobre relacao,4349
6,"jogos, treino, jogadores, treinamento_forca, jogo, treinamento, exercicio, sessao, treinamento_fisico, intensidade",objetivo presente estudo investigar elevada sinalizacao induzida exercicio realizado reduzido conteudo glicogenio muscular pode ser atribuida baixo conteudo glicogenio muscular si realizacao duas sessoes exercicio demasiada proximidade neste cenario dois diferentes regimes exercicio manipulando duracao recuperacao primeiro segundo exercicio treinar duas vezes dia versus treinar diariamente desenhados presente estudo outra condicao experimental composta somente exercicio realizada controle qualquer possivel influencia exercicio previo reduzido conteudo glicogenio muscular hipotese presente estudo metodologia treinar duas vezes dia potencializara transcricao genes relacionados biogenese mitocondrial comparacao metodologia treinar diariamente ensaio treinar diariamente participantes realizaram exercicio deplecao glicogenio muscular noite anterior inicio tarde dia seguinte realizaram sessao exercicio intervalado alta intensidade eiai manha ensaio treinar duas vezes dia participantes realizaram exercicio deplecao glicogenio muscular seguido duas horas sessao eiai inicio tarde durante ensaio controle participantes realizaram somente sessao eiai inicio tarde biopsias musculo vasto lateral amostras sangue venoso coletadas antes imediatamente apos 3h apos realizacao sessoes eiai antes sessao eiai concentracao glicogenio muscular similar condicoes treinar duas vezes dia treinar diariamente p > 0 05 ambas menores condicao controle p < 0 05 concentracao muscular glicogenio diminuiu apos eiai tres condicoes p < 0 05 manteve menor condicoes treinar duas vezes dia treinar diariamente comparacao condicao controle 3h apos eiai p = 0 001 rnam pgc 1 total isoforma 4 pgc 1 maiores condicao treinar duas vezes dia comparado condicoes treinar diariamente controle p < 0 05 alem disso rnam ppar maior condicao treinar duas vezes dia comparado condicoes treinar diariamente controle p < 0 05 rnam ppar maior condicao treinar duas vezes dia comparado condicao controle pos eiai maior comparado condicoes treinar diariamente controle 3h apos eiai p < 0 05 ademais treinar duas vezes dia aumentou fc v v o2 diminuiu glicose plasmatica comparado condicoes treinar diariamente controle p < 0 05 portanto evidencias indicam realizacao duas sessoes exercicio demasiada proximidade potencializa transcricao genica pgc 1 ppar ppar forma independente niveis iniciais glicogenio muscular resultados sugerem treinar duas vezes dia talvez estrategia eficiente induzir adaptacoes relacionadas biogenese mitocondrial devido realizacao duas sessoes exercicio demasiada proximidade propriamente reduzido conteudo glicogenio muscular,2496
6,"jogos, treino, jogadores, treinamento_forca, jogo, treinamento, exercicio, sessao, treinamento_fisico, intensidade",analise cinematica meio videogrametria sido utilizada descricao movimentos jogadores basquetebol sob vertente tecnica tatica fisica cargas treinamento_fisico devem ser planejadas termos volume intensidade modo proximo possivel demandas solicitadas durante jogos forma geral volume deslocamentos realizados pode ser caracterizado distancia percorrida intensidade velocidades alcancadas ocorrencia sucessivos periodos esforcos alternados intervalos recuperacao faz obtencao manipulacao variaveis duracao esforcos numero repeticoes tempo recuperacao grande importancia preparacao fisica desta modalidade caracterizada intermitente estudo propoe analise velocidades deslocamento durante tres partidas oficiais basquetebol classificando faixa velocidade definindo esforcos cada faixa velocidade maxima descrevendo cada faixa frequencia destes esforcos duracao intervalos tempo distancia percorrida posicoes armador ala armador ala ala pivo pivo tanto tres jogos novo basquete brasil filmados utilizando quatro cameras video sequencias imagens jogos total doze jogadores mesma equipe rastreados coordenadas 2d posicao funcao tempo reconstruidas utilizando sistema dvideo calculadas velocidades deslocamento cada jogador analise estatistica utilizado teste friedman resultados obtidos parametricos anova parametricos significancia adotada p < 0 01 velocidades classificadas tempo cronometrado parado tempo cronometrado ativo mostrando diferenca variaveis todas posicoes exceto alas armadores ala armadores armadores medias desvios padrao frequencias esforcos tempo duracao intervalos distancias percorridas calculadas tres diferentes faixas velocidades v2 0 3m s v3 3 1 6 9 m s v4 acima 7 0 m s media tempo cronometrado ativo 46 7 + 5 2 armadores deslocaram outras posicoes 6592 2 + 422 3 m permaneceram tempo faixa v2 apresentaram tempo medio duracao cada esforco 3 9 + 0 s terceira categoria 3 0 6 9 m s alas armadores obtiveram medias maiores frequencias esforco 133 3+ 2 0 intervalo esforcos 1578 3+ 75 8 tempo duracao 5 3+ 0 3s acima 7 0 m s novamente alas armadores obtiveram maiores medias todas variaveis frequencia esforcos 1 6+ 1 5 tempo duracao 6 9+ 6 7s distancia percorrida 20 4+ 15 1m pivos obtiveram medias menores frequencia esforcos 1 0+ 1 0 tempo duracao 5 2+ 4 81s intervalo esforcos 931 6+ 1450 6 distancia percorrida 721 2+ 36 1m v4 novamente alas armadores obtiveram maiores medias variaveis fe = 1 6 + 1 5 t = 6 9 + 6 7 s d = 20 4 + 15 1 m mostra importante caracteristica alas armadores sujeitos maiores esforcos velocidades 3 1 7 0 m s sugere indicacao intensidade treino posicao pivos obtiveram medias menores fe = 1 0 + 1 0 t = 5 2 + 4 81 s dt = 931 6 + 1450 6 d = 721 2+ 36 1 m indicando jogadores necessitam maior nivel condicionamento aerobico permanecem categorias menor intensidade tempo aplicacao reconstrucao bidimensional tracking manual utilizando dvideo possivel modelo experimental sugere diferenca quanto perfil velocidade deslocamento diferentes posicoes bem relacao variaveis estudadas observadas valores obtidos tres jogos analisados tais informacoes uteis prescricao treinamento levando consideracao especificidades cada funcao quadra,544
6,"jogos, treino, jogadores, treinamento_forca, jogo, treinamento, exercicio, sessao, treinamento_fisico, intensidade",aspectos importantes estudos recentes basquetebol descricao movimentacao jogadores dada posicao funcao tempo permite obter distancias percorridas caracterizar volume deslocamentos realizados jogadores durante jogos objetivos desse trabalho analisar distancias percorridas jogadores periodo jogo jogo velocidades medias jogadores bola viva cronometro ativo bola morta cronometro parado periodo jogo jogo b analisar distancias percorridas diferentes funcoes equipe verificar distancias percorridas jogadores separados funcao equipe situacoes ataque defesa transicoes ataque defesa c realizar analise_componentes_principais jogadores separados funcao situacoes ataque defesa transicoes ataque defesa sistema dvideo fef unicamp campinas brasil usado obter distancias percorridas jogadores cinco equipes basquetebol b c d quatro jogos novo basquete brasil 2011 2012 alas pivos pivos equipe percorreram menor distancia comparados outros jogadores durante quatro jogos analisados jogo 2 apresentou menor valor distancia percorrida comparado outros tres jogos pois duracao inferior outros ultimo periodo quarto jogo apresenta valores distancias percorridas superiores relacao outros periodos quartos jogo pois duracao maior tanto equipe casa equipes adversarias b c d encontradas diferencas significativas valores distancia percorrida situacoes jogo ataque defesa comparadas transicoes tanto ataque defesa jogadores maior deslocamento transicoes situacao defesa todas equipes apresentaram diferenca significativa variavel excentricidade indica jogadores situacao defesa deslocam direcoes latero laterais quadra situacao defesa direcoes eixos principais proximas direcoes transversais quadra resultados apresentados ferramentas importantes tecnicos viii preparadores fisicos equipes basquetebol porque ajudam definir detalhar perfil fisico tatico individual coletivo jogadores equipe,810
7,"serotonina, inguinal, dpn, neonatal, fluoxetina, soleo, locomotora, adipocitos, kaempferol, mastigacao",paralisia cerebral pc caracterizada lesao cerebral periodo critico desenvolvimento sistema_nervoso_central consequencia deficits motores comportamentais aprendizado observados individuos acometidos dentre estrategias intervencao nutricionais farmacologicas sendo estudadas atualmente flavonoides kaempferol destacado propriedades anti_inflamatorias neuroprotetoras nesse contexto objetivo desse estudo avaliar efeitos tratamento neonatal kaempferol sobre desenvolvimento neuro musculoesqueletico ratos submetidos pc estudo aprovado comissao etica uso animais nº 0058 2018 universidade federal pernambuco composicao grupos experimentais ratos_wistar_machos alocados forma randomizada apos nascimento quatro grupos acordo modelo pc controle tratamento neonatal kaempferol veiculo sendo c = controle  veiculo k = controle  kaempferol pc = paralisia cerebral  veiculo pck = paralisia cerebral  kaempferol modelo paralisia cerebral consistiu anoxia perinatal associada restricao sensorio motora patas posteriores durante infancia p2 p28 tratamento kampeferol 1 mg kg realizado via intraperitoneal durante periodo neonatal p2 p21 prole avaliados caracterizacao somatica parametros maturacao fisica ontogenese reflexos desenvolvimento atividade locomotora coordenacao motora forca_muscular parametros cineticos temporais espaciais marcha 36º dia vida pos natal animais divididos realizacao analises experimentais cerebro musculo_esqueletico apos perfusao intracardiaca encefalo dissecado submetido procedimentos imuno histoquimica analise proliferacao celular giro denteado hipocampo densidade perfil microglias proliferacao microglias giro denteado hipocampo analises musculo_esqueletico animais eutanasiados decaptacao dissecacao musculos soleo musculos processados atraves tecnica atpase miofibrilar tipagem fibras musculares quantificacao proteinas miofibrilares atraves western blot tratamento neonatal kaempferol atenuou deficits sobre desenvolvimento atividade locomotora maturacao caracteristicas fisicas ontogenia reflexos coordenacao motora ratos pc tratamento neonatal kaempferol preveniu impacto sobre proliferacao celulas progenitoras aumento perfil microglias ativadas proliferacao microglial giro denteado hipocampo animais pc alem disso observouse reducao efeitos deleterios pc sobre fenotipo corporal atenuando deficits forca_muscular marcha adicionalmente tratamento mitigou impacto sobre fenotipo muscular prevenir reducao proporcao fibras oxidativas medidas histomorfometricas musculo soleo ratos pc resultados demonstram tratamento neonatal kaempferol atenuou deficits desenvolvimento locomotor maturacao sistema neuro musculo_esqueletico ratos submetidos pc,4142
7,"serotonina, inguinal, dpn, neonatal, fluoxetina, soleo, locomotora, adipocitos, kaempferol, mastigacao",paralisia cerebral pc definida grupo condicoes neurodesenvolvimentais progressivas heterogeneas incluindo desordens posturais movimento modelos experimentais animais apresentam menor crescimento corporal alteracoes neuro motoras atrofia muscular leucina considerada aminoacido importante ganho manutencao massa_muscular alem atuar melhora resposta motora dessa forma objetivou avaliar repercussoes uso leucina sobre crescimento somatico desenvolvimento neuro motor animais submetidos modelo paralisia cerebral pc experimental projeto aprovado comissao etica uso animais ceua nº 0025 2017 animais divididos seguintes grupos controle salina controle leucina pc salina pc leucina onde receberam suspensao leucina 1 35g kg solucao salina 0 9 nacl 10° 28° dia vida sendo submetidos protocolo inducao pc asfixia restricao sensorio motora realizadas medidas peso comprimento eixos corporais cranianos avaliacao neuro motora peso orgaos comprimento ossos animais pcs apresentaram menores peso_corporal eixos corporais cranianos relacao controles p<0 0001 avaliacao neuro motora grupos pcs apresentaram atraso maturacao preensao palmar p<0 01 recuperacao decubito p<0 01 colocacao vibrissas p<0 01 geotaxia negativa p<0 05 relacao controles animais pc salina apresentaram atraso teste marcha p<0 01 menor tempo apoio patas dianteiras relacao grupo_controle salina 14° dia p<0 0001 17° dia p<0 01 grupo pc leucina apresentou atraso maturacao resposta susto p<0 001 menor tempo apoio patas dianteiras 14° dia p<0 05 relacao grupo_controle leucina grupo pc salina apresentou menor peso relativo musculos soleo p<0 01 edl p<0 001 menor comprimento relativo femur p<0 0001 umero p<0 001 comparacao controle salina grupo pc leucina apresentou maiores valores relativos peso figado p<0 0001 rim p<0 0001 soleo p<0 05 comprimento femur p<0 05 umero p<0 001 comparacao controle leucina grupo pc leucina apresentou maiores valores relativos figado p<0 0001 rim p<0 05 edl p<0 05 comprimento femur p<0 001 relacao pc salina pc gerou atraso desenvolvimento somatico neuro motor prole entretanto suplementacao leucina capaz reverter alteracoes contudo leucina animais pc capaz aumentar peso comprimento relativos alguns tecidos,2918
7,"serotonina, inguinal, dpn, neonatal, fluoxetina, soleo, locomotora, adipocitos, kaempferol, mastigacao",objetivo presente estudo avaliar numero foliculos primordiais primarios secundarios terciarios bem diametro nucleo oocito foliculo niveis proteinas forkhead box o3a foxo3a forkhead box o3a fosforilada p foxo3a ovarios animais ames dwarf df df deficiencia secrecao hormonio crescimento gh tratamento gh exogeno animais superexpressam gh endogeno bgh grupos receberam gh exogeno submetidos tratamento hormonio suino injecao via subcutanea dado duas vezes dia comecando idade quatorze meses durante seis semanas apos eutanasia ovarios retirados realizada analise histologica contagem foliculos ovarianos diametros oocitarios nucleares foliculares analise imunohistoquimica avaliar presenca proteinas foxo3a p foxo3a grupos animais df df apresentaram quantidade foliculos primordiais transicao totais maiores animais normais p<0 0001 p=0 0002 p<0 0001 respectivamente grupos receberam tratamento gh apresentaram menor quantidade foliculos primordiais totais p=0 009 p=0 018 respectivamente grupo animais bgh apresentou quantidade foliculos primordiais transicao primarios totais menores grupo_controle p=0 0001 p=0 0037 p=0 0006 p=0 0009 respectivamente imunohistoquimica observado foliculos primordiais grupos animais normais quantidade proteinas foxo3a p foxo3a menor comparado grupos animais df df p=0 009 p=0 01 respectivamente grupos tratamento gh apresentaram quantidade proteina foxo3a menor p=0 03 p foxo3a maior p=0 01 foliculos primordiais comparado grupos controles grupo animais bgh apresentou foliculos primarios maior quantidade p foxo3a comparada grupo_controle p=0 006 animais df df apresentam maior reserva ovariana tratamento gh vida adulta capaz ativar reserva tanto animais normais quanto df df contrario observado animais bgh apresentaram reserva ovariana menor animais normais ainda presenca p foxo3a parece estar diretamente relacionada ativacao crescimento folicular estar sobre controle gh,1441
8,"cho, prova, potencia, desempenho, caf, enxague, exercicios, ciclismo, vo2, pla",presente tese doutorado investigou efeitos pre ativacao musculos inspiratorios pa mi sobre parametros mecanicos fisiologicos incluindo oxigenacao muscular biceps braquial bb menos ativo vasto lateral vl ativo espectroscopia infravermelho proximo nirs dois esforcos alta intensidade porem diferentes duracoes primeiro esforco analisado corrida atada alta intensidade esteira motorizada all out 30 s  ao30 executada 16 individuos ativos saudaveis sob influencia diferentes cargas pa mi sendo 15 40 60 pressao inspiratoria maxima pimax sessao intervencao considera controle estudo i  parte 1 meio desse primeiro estudo possivel analisar compreender respostas parametros estudados durante apos esforco identificando carga inspiratoria equivalente 40 pimax individual intervencao resultou melhora parametros mecanicos fisiologicos durante apos ao30 assim intervencao carga inspiratoria adotada investigacao efeitos pa mi analise redes complexas metricas centralidade degree eigenvector implementado compreensao ajustes gerados pa mi durante apos ao30 modo integrado analise conexoes implementadas intervencao estudo i  parte 2 segundo momento efeitos pa mi investigados contexto futebol campo sendo analisados impactos sobre sprint semi atado 6 s alta intensidade aplicado proprio ambiente treinamento nesse caso 10 atletas futebol submetidos teste sprint atados carro resistencia variavel crv permitiu obtencao dados forca velocidade potencia estudo efeitos intervencao respiratoria sobre respostas mecanicas corrida ainda oxigenacao musculos menos ativos sob influencia carga 40 pimax investigada estudo ii conjunto resultados obtidos nesse processo indicam uso diferentes cargas pa mi pode melhorar desempenho individuos fisicamente ativos submetidos corrida atada maxima 30 s pode ser confirmado aumento valores pico medio minimo variaveis mecanicas durante teste laboratorio alem disso carga equivalente 40 pimax capaz melhorar indice saturacao tecidual tsi bb durante fase recuperacao pode indicar maior disponibilidade oxigenio auxilio remocao lactato sanguineo produzido durante esforco alta intensidade curta duracao efeitos pa mi carga 40 confirmados grafos gerados analise redes complexas quais mostraram alterados intervencao respiratoria precedeu exercicio enfatizando respostas oxigenacao muscular membros superiores inferiores lactato sanguineo desempenhou papel importante cenarios observados especialmente apos estrategia muscular inspiratoria achados confirmam pre ativacao musculos inspiratorios promove modulacoes organismo integrando melhor respostas fisiologicas pode aumentar desempenho melhorar recuperacao contudo sendo capaz modular conexoes variaveis fisiologicas efeitos dessa estrategia parecem impactar respostas observadas esforcos alta intensidade curtissima duracao atletas futebol realizaram esforco semi atado 6s beneficiados pa mi executada 40 pimax,3982
8,"cho, prova, potencia, desempenho, caf, enxague, exercicios, ciclismo, vo2, pla",utilizacao avaliacoes fisiologicas modalidade esportivas ascensao faz necessaria promocao monitoramento melhor controle treinamento entretanto nesse processo especificidade modalidade questao necessita ser preservada sendo metabolismo anaerobio extremamente requisitado durante provas canoagem slalom aplicacao sistemas atados determinacao parametros acerca dessa via energetica pode ser extremamente interessante desse modo objetivo presente projeto aplicar teste especifico atado determinacao parametros anaerobios canoistas slalom estudar relacao resultados obtidos nesse teste desempenho esportivo modalidade atletas elevado rendimento nesse esporte submetidos teste all out 30 s atado piscina avaliacao desempenho corredeira todas realizadas sob caique sistema canoagem atado sca utilizado teste all out canoistas remaram atado utilizando corda elastica atada caiaque celula carga fixada borda piscina conectada sistema aquisicao dados sinais sendo coletados 1000 hz teste all out anaerobio atado 30 s aplicado determinacao valores absolutos relativos r forca pico fpico media fmed minima fmin indice fadiga if impulso simulacao prova contendo 24 portas aplicada objetivando aquisicao variaveis tempo prova tp distancia velocidade media respostas acerca frequencia_cardiaca durante esforco testes all out simulacao prova coletas sangue 25ul visando analise concentracao lactato sanguineo realizadas antes testes 2° 4° 6° 8° 10° minuto apos testes aplicacao provas simuladas analise respostas fisiologicas desempenho atletas permitiu observar existencia correlacoes pronunciadas rendimento alguns parametros obtidos diversos tipos testes anaerobios dentre destacadas significantes viii inversas correlacoes visualizadas tp 109 1+ 15 0 s fpico 170 29+ 35 36 n r= 0 60 r fpico 2 50+ 0 39 nkg r= 0 71 fmed 121 12+ 23 58 n r= 0 61 r fmed 1 78+ 0 26 nkg r= 0 73 impulso 3634 73+ 707 26 n s r= 0 61 r impulso 53 46+ 7 72 n skg r= 0 73 desse modo possivel apos conclusao projeto diagnosticar quais parametros fato atrelados rendimento propondo direcionamentos concretos relacionados monitoramento intensidade esforco treinamento objetivando desempenho esportivo,808
8,"cho, prova, potencia, desempenho, caf, enxague, exercicios, ciclismo, vo2, pla",objetivo geral desse estudo investigar validade teste lactato minimo lacmin ciclismo frente individualizacao tres fases compoem aplicacao i inducao hiperlactacidemia recuperacao teste incremental comparando intensidade fornecida teste obtida teste maxima fase estavel lactato mfel bem parametros fisiologicos psicofisiologicos respectivas intensidades adicionalmente objetivo dessa tese estudar efeitos experiencia previa ciclismo sobre validade teste lacmin bem respostas fisiologicas psicofisiologicas obtidas intensidade determinada avaliacao fisiologica inicialmente participantes experientes n=10 experientes n=10 exercicio ciclismo adaptados cicloergometro segundo encontro protocolo incremental conduzido determinacao intensidade limiar anaerobio concentracao lactacidemica meio dessas protocolo mfel aplicado tres quatro sessoes avaliacao subsequentemente wingate anaerobic test want conduzido objetivando primordialmente identificar tempo individual atingimento pico lactacidemico apos esforco 30s via final teste lacmin individualizado aplicado duplicata fases recuperacao incremental baseadas tempo individual atingimento lactato pico apos want percentuais intensidade mfel imfel respectivamente fim ultimo teste lacmin conduzido forma generalizada concentracao lactacidemica lac frequencia_cardiaca fc saturacao periferica oxigenio spo2 bem respostas advindas escalas subjetivas cansaco psc esforco pse estimativa tempo limite etl analisadas validacao procedida frente vertentes logica criterio descriminante individuos experiencia exercicio ciclismo observamos diferenca imfel ilacmin sendo ultima determinada tanto protocolo generalizado ilacmin gen individualizado ilacmin ind teste ilacmin ind reteste comparacao intensidades influenciada experiencia previa experientes imfel=143+ 21w ilacmin gen = 151+ 3w ilacmin ind teste = 149+ 22 ilacmin ind reteste = 151+ 23w experientes imfel=188+ 15w ilacmin gen = 190+ 10w ilacmin ind teste = 204+ 15 ilacmin ind reteste = 203+ 16w anova two way p=0 759 contudo diferencas significantes obtidas todas intensidades comparadas grupos visualizadas correlacoes significantes intensidades experientes imfel ilacmin gen r=0 19 p=0 598 imfel ilacmin ind teste r=0 61 p=0 059 imfel ilacmin ind reteste r=0 41 p=0 235 experientes imfel ilacmin gen r=0 29 p=0 437 imfel ilacmin ind teste r=0 56 p=0 109 imfel ilacmin ind reteste r=0 33 p=0 380 embora separadamente efeitos teste experiencia apresentado diferenca lac teste p=0 002 experiencia p=0 001 spo2 experiencia p=0 001 psc teste p=0 043 experiencia p=0 003 pse experiencia p=0 007 etl experiencia p=0 000 observamos interacao variaveis categoricas sobre dependentes base resultados apresentados concluimos frente vertentes logicas descriminante teste lacmin apresenta validade entanto considerando ausencia correlacoes significativas ilacmin imfel possivel proceder validacao criterio,2189
9,"restricao_proteica, ilhotas, dieta_hipoproteica, lphc, ovx, prenhes, sham, prenhez, cnp, afv",introducao prenhez restricao_proteica associadas alteracoes morfofuncionais antagonicas ilhotas pancreaticas mudancas expressao_genes conteudo proteinas envolvidas exocitose granulos insulina sido observadas ambas situacoes genes associados exocitose granulos insulina regulados micrornas mir mecanismos pos transcricionais objetivo avaliar participacao mir 124a regulacao genes envolvidos exocitose insulina efeitos sobre cinetica secrecao ilhotas pancreaticas ratas prenhes submetidas restricao_proteica metodos avaliadas ratas wistar 90 dias prenhes prenhes submetidas dieta_hipoproteica hpp hpnp controle cp cnp 1º 15º dia prenhez 15 dias ilhotas isoladas determinacao cinetica secrecao insulina ca2+ intracelular resposta glicose determinacao expressao_genes conteudo proteico elementos envolvidos exocitose granulos insulina mir 124a confirmar efeito modulatorio mir 124a sobre expressao_genes interesse celulas ins1e transfectadas mimetico mir resultados prenhez aumentou ingestao_alimentar peso_corporal insulinemia basal interferiu sensibilidade periferica insulina reduziu glicemia basal dieta_hipoproteica prenhez reduziram percentual aumento relacao valor basal durante primeira fase secrecao insulina apos estimulo 16 7 mmol l glicose percentual aumento durante segunda fase secrecao insulina similar ilhotas grupos hpp hpnp grupo cp menor grupo cnp amplitude ca2+ i menor ilhotas ratas submetidas restricao_proteica assim ilhotas ratas prenhes area_sob_curva ca2+ i menor ilhotas grupo hpp relacao demais grupos expressao mir 124a reduzida restricao_proteica expressao rnam conteudo proteico snap 25 bem conteudo proteico rab3a menores ilhotas ratas lpp relacao ilhotas ratas cp expressao rnam sintaxina 1a kir6 2 diminuida ilhotas ratas submetidas restricao_proteica relacao ilhotas ratas controles enquanto conteudo proteico reduzido ilhotas ratas prenhes superexpressao mir 124a aumentou rnam conteudo proteico snap 25 bem niveis rnam rab3a diminuiu expressao rnam sintaxina 1a celulas ins1e conclusao perda padrao bifasico secrecao insulina ilhotas grupo hpp parece ter resultado reduzido ca2+ i devido subexpressao kir6 2 bem mudancas elementos maquinaria exocitotica influenciado direta indiretamente mir 124a,940
9,"restricao_proteica, ilhotas, dieta_hipoproteica, lphc, ovx, prenhes, sham, prenhez, cnp, afv",restricao_proteica imposta fases criticas desenvolvimento associada alteracoes permanentes secrecao insulina vida adulta recuperacao nutricional dependendo fase vida ocorre pode restaurar parcialmente secrecao insulina avaliamos padrao secrecao insulina mecanismos envolvidos modulacao ilhotas ratos machos adultos submetidos dieta normoproteica 17 proteina_c restricao_proteica 6 proteina d durante vida fetal lactacao apos desmame ratos submetidos restricao_proteica durante vida fetal recuperados desde nascimento vida adulta dieta normoproteica r peso corporeo albuminemia insulinemia menores grupo d restaurados grupo r curva dose resposta secrecao insulina estimulada glicose deslocada direita grupo r relacao grupo c grupo d relacao grupo r conteudo proteico glut2 glicoquinase hexoquinase diferiram grupos ilhotas grupos d r apresentaram padrao secrecao insulina dinamica semelhante durante primeira fase menor comparadas ilhotas grupo c durante segunda fase secrecao insulina final periodo estimulatorio glicose ilhotas grupo d continuaram exibindo menor secrecao relacao grupo c entanto ilhotas grupo r mostraram padrao semelhante ilhotas grupos c d grupos c r apresentaram mesmos valores area_sob_curva concentracao calcio intracelular durante primeiros minutos estimulo maiores comparados grupo d entretanto avaliou area_sob_curva durante todo periodo estimulatorio observou nenhuma xvi diferenca grupos amplitude oscilacoes calcio igual grupos c r maiores observadas grupo d avaliou frequencia oscilacoes verificou ilhotas grupo r apresentaram valores menores comparadas grupo c conteudo proteico adenilato cilclase 3 fosfolipase c 3 diferiu grupos conteudo adenosina monofosfato ciclica ampc maior ilhotas grupo d r expressao proteina quinase pka menor comparados grupo c conteudo proteina quinase c pkc ilhotas grupo r menor grupos c d assim restricao_proteica durante fases iniciais desenvolvimento produziu danos permanentes cinetica secrecao insulina devido menos parte alteracoes manejo calcio intracelular vias ampc pka plc pkc,216
9,"restricao_proteica, ilhotas, dieta_hipoproteica, lphc, ovx, prenhes, sham, prenhez, cnp, afv",gravidez induz alteracoes estruturais funcionais ilhotas pancreaticas rerfletem aumento massa celulas secrecao insulina outro lado deficiencia proteina diferentes fases vida diminui massa celulas secrecao insulina estudos mostrado peptideo semelhante glucagon 1 glp 1 co expresso glucagon celulas pancreaticas contribui adaptacao celulas gravidez assim presente estudo avaliou restricao_proteica durante prenhez altera producao glp 1 intra ilhota avaliadas ratas controles prenhes cnp controles prenhes cp alimentadas dieta normoproteica 17 ratas groups hipoproteico prenhe lpnp hiproproteico prenhe lpp receberam dieta 6 proteina peso_corporal final ganho peso_corporal menores ratas grupos hipoproteicos ratas controle maiores ratas prenhes prenhes glicemia basal 30 120 minutos apos carga glicose bem area total sob curva glicose durante teste tolerancia_glicose menores ratas prenhes ratas prenhes secrecao insulina resposta 16 7 mmol l glicose menor ilhotas grupo lpp ilhotas outros grupos fluorescencia pc2 glp 1 celulas menor grupos restricao_proteica grupos controles menor colocalizacao pc2 glucagon observada lpp maior grupo cp colocalizacao pc1 3 glucagon menor grupo lpnp relacao grupo cnp grupo lpp relacao grupo cp colocalizacao glp 1 glucagon semelhante lpp cp cnp grupos apresentaram menor colocalizacao glp 1 glucagon relacao grupo lpnp colocalizacao ki67 glucagon maior grupo lpp comparacao grupos lpnp cp cnp expressoes rnam pc1 3 proglucagon maiores prenhes prenhes transcrito pc2 maior grupos hipoproteicos comparados grupos controles ratas prenhes relacao ratas prenhes resultados indicam restricao_proteica durante prenhez prejudicou producao glp 1 intra ilhota efeito pode ter contribuido menos parte reducao secrecao insulina,2659
10,"catd, vegetarianos, onivoros, vegetariana, vegetarianismo, stress, capacidade_antioxidante_total, vegetarianas, food, kombucha",intolerancia lactose il desenvolvimento sintomas gastrointestinais gi dor distensao abdominal borborigmos nauseas vomitos diarreia portadores ma absorcao lactose ml apos ingestao carga lactose apesar ser sindrome clinica real relevante prevalencia il ainda desconhecida objetivo trabalho buscou determinar prevalencia il fatores_associados grupo populacional regiao nordeste brasil metodos participaram estudo 91 estudantes funcionarios universidade federal bahia ufba previamente higidos idade superior 18 anos selecionados conveniencia realizado teste hidrogenio expirado the dose 25 gramas lactose 10 coleta amostra basal jejum 12 horas amostras consecutivas 60 90 120 150 180 minutos apos administracao lactose aumento concentracoes hidrogenio superior 20 partes milhao ppm amostra basal considerado resultado positivo individuos the positivo presenca menos sintomas indicativos il considerados intolerantes lactose aplicado questionario semi estruturado informacoes sobre dados_demograficos genero idade etnia clinicos queixas gi il auto percebida dieteticos restricoes alimentares laticinios consumo produtos lacteos resultados prevalencia il populacao estudada 34 1 sendo significativamente maior individuos auto declararam pardos p = 0 005 concordancia pobre il auto relatada il diagnosticada indice kappa 0 1615 intolerantes lactose apresentaram tendencia reduzir consumo lactose consequentemente produtos lacteos conclusao frequencia il intermediaria associou etnia populacao multirracial discrepancia il percebida il diagnosticada ingestao lactose abaixo limiar recomendado individuos intolerantes compreender real numero individuos acometidos transtorno propicia manejo adequado dieta reduzindo riscos desnecessarios saude,1242
10,"catd, vegetarianos, onivoros, vegetariana, vegetarianismo, stress, capacidade_antioxidante_total, vegetarianas, food, kombucha",vegetarianismo vem tornando pratica alimentar cada vez comum brasil mundo tipos dietas vegetarianas bem motivacoes adocao desse padrao_alimentar variam consideravelmente individuos adotam pratica apesar haver estudos demonstrando beneficios vegetarianismo saude humana bem estudos avaliam qualidade dietas vegetarianas outros paises questoes relacionadas influencia vegetarianismo qualidade alimentar perfil_nutricional brasil ainda precisam ser respondidas tendo vista escassez dados possivel aumento risco deficiencias nutricionais causado restricao alimentar presente estudo objetivo portanto avaliar qualidade alimentar perfil_nutricional vegetarianos adultos brasil realizada pesquisa transversal quantitativa meio questionario especifico populacao brasileira autoaplicado forma virtual amostra conveniencia posteriormente feita analise dados partir comparacao dados populacao brasileira avaliados instrumento alem comparacao diferentes variaveis associadas dieta vegetariana tipo dieta tempo adocao motivacao adocao dieta convivio outras pessoas vegetarianas parametros avaliados indice_massa_corporal imc calculado base peso altura referidos b consumo regular frutas vegetais crus cozidos considerada adequada frequencia minimo cinco vezes semana c consumo diario adequado frutas vegetais determinado ingestao menos cinco porcoes furtas vegetais diariamente acordo recomendacoes organizacao_mundial_saude d consumo regular refrigerantes cinco dias semana usado marcador negativo qualidade_dieta consumo alimentos_in_natura alimentos_processados dia anterior avaliado acordo recomendacoes guia_alimentar_populacao_brasileira dados analisados meio analise variancia anova seguida teste post hoc tukey b teste_qui_quadrado_pearson analises diferentes variaveis associadas dieta vegetariana comparacao intervalos confianca analises comparativas resultados estudo dados populacao geral brasileira todas analises consideraram nivel significancia 5 p <0 05 amostra obtida 1369 individuos quais 90 mulheres representatividade todo territorio nacional imc medio 22 64kg m2 quanto tipo dieta prevalente vegetariana adotada 50 5 individuos seguida vegana adotada 36 0 amostra principal motivacao adocao vegetarianismo etica moral relatada 66 4 amostra seguida saude relatada 12 0 participantes comparados dados populacao geral brasileira resultados pesquisa demostraram vegetarianos apresentam melhores niveis imc alem melhores marcadores qualidade alimentar observou prevalencia excesso_peso obesidade 20 2 5 6 respectivamente amostra estudo valores baixos observados populacao brasileira 54 0 18 9 respectivamente quanto qualidade alimentar observouse maior proporcao individuos ingestao semanal regular frutas vegetais comparacao populacao brasileira 66 5 versus 34 6 ingestao_diaria adequada frutas vegetais 34 6 versus 23 7 encontrada menor ingestao semanal regular refrigerantes considerado marcador negativo qualidade alimentar estar associado outros parametros baixa qualidade_dieta amostra estudo 2 9 individuos relataram consumo regular refrigerantes passo populacao brasileira 14 6 apresentam consumo regular meio analise consumo_alimentos dia anterior observou participantes atendem principais recomendacoes guia_alimentar_populacao_brasileira maior proporcao consumo alimentos_in_natura menor alimentos_processados subgrupos vegetarianos veganos tenderam apresentar maior proporcao individuos marcadores positivos qualidade nutricional vegetarianos pescovegetarianos semivegetarianos naqueles relataram adotar dieta motivos saude observada maior proporcao individuos ingestao semanal regular ingestao_diaria adequada frutas vegetais comparados adotam dieta motivos eticos morais partir estudo concluiu portanto vegetarianos apresentam melhor adequacao dieta comparados populacao geral brasileira veganos apresentando melhores resultados comparacao outros tipos vegetarianos,2682
10,"catd, vegetarianos, onivoros, vegetariana, vegetarianismo, stress, capacidade_antioxidante_total, vegetarianas, food, kombucha",introducao dentre doencas_cronicas_transmissiveis dcnt doencas_cardiovasculares dcv constituem principal causa mortalidade brasil mundo dislipidemias principais fatores_risco desenvolvimento estresse_oxidativo desempenha papel importante patogenese doencas_cronicas dieta sido considerada principal contribuinte externo regulacao estado antioxidante plasmatico estudo antioxidantes presentes dieta efeitos saude instrumento utilizado capacidade_antioxidante_total dieta catd objetivo avaliar associacao catd indicadores risco_cardiovascular adultos alteracoes perfil_lipidico metodos trata estudo_transversal consideradas alteracoes perfil_lipidico presenca seguinte dados bioquimicos lipoproteina_alta_densidade menor hdl 40 mg dl lipoproteina_baixa_densidade maior 129 mg dl triglicerois maior 149 mg dl colesterol_total maior 199 mg dl parametros_antropometricos clinicos bioquimicos medidos analisados usando protocolos previamente padronizados descritos literatura informacoes consumo_alimentar obtidas meio questionario_frequencia_alimentar validado populacao adultos cuiabana partir deste avaliado catd estimada baseandose tabelas contendo valores base ensaio ferric reducing antioxidant power frap ajustado calorias expressa mmol dia mmol d 1 resultados avaliados 115 individuos alteracoes perfil_lipidico sendo 61 sexo_feminino mediana idade 35 anos valores catd variaram 3 9 46 9 mmol d 1 sendo fizeram parte grupo menor consumo antioxidantes grupo 1 individuos valores catd menores iguais mediana 8 6 mmol d 1 grupo 2 maior consumo antioxidantes individuos valores catd superiores mediana sujeitos incluidos grupo 2 apresentaram menor consumo calorias diarias p<0 000 proteinas p = 0 049 lipideos p = 0 017 concentracoes altas hdl p = 0 024 comparacao grupo 1 valores catd correlacionados forma inversa percentual lipideos r = 0 324 p < 0 000 proteinas r = 0 242 p = 0 014 valor calorico total dieta r = 0 334 p = 0 017 conclusao resultados presente estudo sugerem antioxidantes provenientes alimentacao associados distribuicao calorica macronutrientes dieta,2652
11,"fermentacao, probioticas, mate, casei, colonica, fermentado, paracasei, plantarum, fermentum, probioticos",processamento industrial frutas gera elevadas quantidades subprodutos constituidos principalmente cascas sementes subproduto processamento jabuticaba myrciaria jaboticaba vell berg apresenta destacavel valor nutritivo elevada concentracao fibras dieteticas compostos_fenolicos quais podem atuar modulacao microbiota_intestinal estimulando aumento populacao bacterias beneficas producao diferentes metabolitos nesse contexto estudo objetivo avaliar potencial prebiotico subproduto jabuticaba sj utilizando sistemas fermentacao in vitro inicialmente realizada liofilizacao sj caracterizacao quanto composicao_nutricional parametros fisico quimicos seguida sj liofilizado submetido digestao gastrointestinal in vitro utilizado unica fonte carbono meio cultivo avaliar capacidade estimular crescimento atividade metabolica cepas probioticas lactobacillus_acidophilus la 05 lacticaseibacillus casei l 26 bifidobacterium animalis subsp lactis bb12 avaliado efeito sj sobre abundancia relativa grupos bacterianos intestinais selecionados usando tecnica fluorescencia hibridizacao in situ acoplada citometria fluxo multiparametrica durante 48 horas fermentacao colonica in vitro determinacao indices prebioticos atividade metabolica microbiota colonica monitorada durante 48 horas meio determinacao valores ph consumo acucares producao acidos organicos perfil compostos_fenolicos longo fermentacao colonica sj liofilizado apresentou elevada concentracao fibra_alimentar principalmente fibra soluvel presenca acucares variedade compostos_fenolicos apos cultivo 48 horas meio sj digerido 20 g l cepas probioticos apresentaram contagens >8 log ufc ml quais semelhantes encontradas meio cultivo frutooligossacarideos cultivo probioticos meio sj resultou diminuicao ph aumento producao acido latico acidos_graxos_cadeia_curta consumo glicose frutose longo tempo indicando intensa atividade metabolica sj aumentou abundancia relativa bifdobacterium spp lactobacillus spp enterococcus spp durante 48 horas fermentacao colonica alem diminuir abundancia relativa bacteroides spp prevotella spp eubacterium rectale clostridium coccoides c histolyticum obtencao valores escores prebioticos positivos aumento atividade metabolica microbiota evidenciado reducao ph producao acido succinico aumento producao acidos_graxos_cadeia_curta consumo acucares meio durante fermentacao colonica sj compostos_fenolicos disponiveis sj extensivamente metabolizados durante periodo fermentacao colonica resultados mostraram sj pode contribuir modulacao positiva grupos bacterianos formam microbiota_intestinal humana producao metabotitos relacionados melhoria saude_intestinal podendo ser explorado ingrediente propriedades prebioticas formulacoes produtos_alimenticios funcionais,3688
11,"fermentacao, probioticas, mate, casei, colonica, fermentado, paracasei, plantarum, fermentum, probioticos",frutas amplamente conhecidas potencial funcional recentemente coprodutos frutas ganhado destaque especial devido composicao_nutricional riqueza compostos_bioativos coprodutos derivados industria processamento frutas constituidos basicamente cascas sementes talos geralmente descartados lixo podendo ser aproveitados bioprocessamentos estudo objetivo avaliar potencial utilizacao coprodutos processamento frutas acerola malphigia glabra l cace caju anacardium occidentale l ccas goiaba psidium guayaba l cgua meios crescimento fermentacao manutencao viabilidade lactobacillus_acidophilus la 05 lacticaseibacillus paracasei l 10 durante liofilizacao armazenamento digestao gastrointestinal simulada efeitos abundancia relativa diferentes grupos bacterianos intestinais microbianos durante 48 h fermentacao fecal usando inoculo fecal humano resultados mostraram utilizados meios cultivo cace ccas cgua resultaram contagem celulas viaveis lactobacillus =8 8 log ufc g apos 24 h fermentacao alem capacidade reducao fase lag longo fermentacao reducao concentracao acucares glicose frutose concomitante aumento producao acidos organicos reducao ph 3 46  3 99 fermentacao coprodutos lactobacillus promoveu aumento concentracao compostos_fenolicos contribuiu aumento atividade_antioxidante final processo fermentativo apos processo liofilizacao cepas lactobacillus coprodutos fermentados observaram altas taxas sobrevivencia > 86 demonstrando meios poderiam proteger cepas durante liofilizacao final armazenamento l acidophilus la 05 l paracasei l 10 liofilizados cace ccas cgua apresentaram reducoes 2 3 ciclos logaritmicos significativamente menores liofilizados meio controle ainda cace ccas cgua capazes reduzir tamanho subpopulacoes injuriadas mortas durante etapas digestao simulada meios coprodutos frutas aumentaram abundancia relativa grupos bacterianos beneficos tempo diminuiram mantiveram abundancia relativa grupos bacterianos beneficos indicando efeitos estimuladores supostamente seletivos populacoes intestinais bacterianas beneficas concomitante estimulo atividade microbiana alteracao perfil_metabolico resultando diminuicao ph consumo acucar producao acidos_graxos_cadeia_curta aumento compostos_fenolicos capacidade_antioxidante durante fermentacao fecal resultados sugerem cace ccas cgua podem atuar meios cultivo eficientes crescimento l acidophilus la 05 l paracasei l 10 efeito protetor destas cepas durante liofilizacao armazenamento exposicao digestao gastrointestinal simulada alem disso podem induzir mudancas beneficas abundancia relativa varios grupos bacterianos bem atividade metabolica microbiota_intestinal humana sendo candidatos circulares novos sustentaveis uso ingredientes simbioticos,4970
11,"fermentacao, probioticas, mate, casei, colonica, fermentado, paracasei, plantarum, fermentum, probioticos",padroes dieteticos incluam consumo regular compostos prebioticos capazes modular composicao metabolismo microbiota_intestinal humana exercendo papel importante saude hospedeiro beterraba vermelha beta vulgaris l importante especie olericola destacavel aporte nutrientes compostos_bioativos destaque fibras dieteticas compostos_fenolicos betalainas trabalho objetivo avaliar potencial prebiotico liofilizados obtidos diferentes porcoes beterraba vermelha meio verificacao efeitos sobre crescimento metabolismo cepas probioticas lactobacillus_acidophilus la 05 lacticaseibacillus casei l 26 limosilactobacillus fermentum 296 microbiota colonica humana condicoes in vitro ensaios realizados liofilizados porcoes raiz fdbr talos folhas fdbsl beterraba vermelha cultivar early wonder fdbr fdbsl submetidos analises determinacao composicao_nutricional parametros fisico quimicos seguida cepas lactobacillus expostas condicoes simuladas trato_gastrointestinal presenca fdbr fdbsl avaliados aspectos relacionados viabilidade celular functionalidade fisiologica capacidade_antioxidante_total compostos_fenolicos totais durante tres fases principais digestao boca estomago intestino segunda etapa novas amostras fdbr fdbsl submetidas digestao gastrointestinal simulada produto digestao avaliado ensaios fermentacao usando unica fonte carbono cultivo cepas probioticas avaliacao modulacao microbiota colonica utilizando inoculo fecal calculado escore atividade prebiotica atividade metabolica microbiana monitorada meio determinaao ph conteudos acucares acidos organicos diferentes sistemas cultivo monitorados perfil fenolicos capacidade_antioxidante_total durante fases digestao simulada fermentacao inoculo fecal fdbr fdbsl apresentaram altos teores fibras soluveis 5 25 11 10 g 100 g insoluveis 21 43 37 03 g 100 g pectinas 8 45 9 51 g 100 g betalainas 3 3628 99 g 100 g variedade compostos_fenolicos fdbr fdbsl estimularam crescimento cepas probioticas testadas altas contagens celulas viaveis >9 log ufc ml aumento producao acidos acetico butirico latico propionico alteracoes teores compostos_fenolicos durante 72 h cultivo ainda apresentaram valores positivos indices prebioticos =0 17 durante exposicao digestao simulada fdbr fdbsl aumentaram sobrevivencia manutencao funcoes fisiologicas ativas cepas probioticas indicado alta contagem celulas viaveis =3 5 log ufc ml percentual celulas fisiologicamente ativas >25 2 fdbr 23 1> fdbsl fdbr fdbsl aumentaram abundancia lactobacillus spp enterococcus spp 3 64 7 60 bifidobacterium spp 2 76 5 78 diminuiram abundancia bacteroides spp prevotella spp 9 56 4 18 clostridium histolyticum 1 62 1 15 eubacterium rectale clostridium coccoides 2 33 1 49 durante 48 h fermentacao colonica resultando indices prebioticos positivos > 3 61 fdbr fdbsl promoveram intensa atividade metabolica evidenciada diminuicao ph aumento producao acido latico acetico butirico propionico consumo glicose frutose longo tempo cultivo probioticos ensaios fermentacao colonica alteracoes conteudo compostos_fenolicos alta capacidade_antioxidante durante fermentacao colonica observados fbrd fdbsl mostraram potenciais propriedades prebioticas podendo ser explorados formulacao produtos_alimenticios suplementos dieteticos funcionais,4481
12,"uti, asg, internacao, glim, obito, admissao, hospitalizados, desfechos_clinicos, risco_nutricional, utip",triagem risco_nutricional trn primeiro passo sistematizacao cuidado nutricao deve ser realizada partir ferramenta validacao previa ser destinada populacao aplicada baixo custo rapida aplicabilidade composta questionamento simples plano acao possa ser facilmente aplicado adaptado dentre ferramentas existentes apenas malnutrition universal screening tool must nutritional risk screening nrs 2002 modified nutrition risk in critically ill mnutric previamente estudadas pacientes_criticos ferramentas malnutrition screening tool mst nutritional risk in emergency nre 2017 parecem ser faceis acessiveis considerarem peso altura aferidos porem validade mesmas unidade_terapia_intensiva investigada acordo diretrizes nacionais internacionais paciente critico recomenda utilizar ferramentas nutric nrs 2002 trn entanto ambas ferramentas apresentam limitacoes sendo assim etapa cuidado_nutricional paciente critico requer maior investigacao objetivos avaliar validade criterio cinco diferentes ferramentas triagem risco_nutricional pacientes_criticos adultos desenvolver nova ferramenta maior factibilidade identificacao risco_nutricional ambiente terapia_intensiva metodos realizamos estudo_coorte coleta dados prospectiva pacientes adultos_idosos admitidos seis unidades terapia_intensiva utis complexo hospitalar sul brasil periodo julho 2019 maio 2022 ferramentas triagem risco_nutricional aplicadas mnutric nrs 2002 mst must nre 2017 realizar analise concorrente ferramentas utilizamos mnutric nrs 2002 metodos referencia curva caracteristica operacao receptor roc coeficiente avaliaram acuracia concordancia ferramentas regressao_logistica verificou associacao risco_nutricional tempo internacao uti prolongada regressao cox utilizada verificar associacao risco_nutricional mortalidade uti ambas ajuste confundidores realizamos analise secundaria desenvolvimento nova ferramenta trn pacientes_criticos escore screenic screening of nutritional risk in intensive care realizadas quatro etapas desenvolvimento ferramenta variaveis diferentes ferramentas trn diagnostico_desnutricao mnutric nrs 2002 mst must nre 2017 avaliacao_subjetiva_global asg criterios global leadership initiative on malnutrition glim consideradas nortear construcao ponto corte classificacao risco_nutricional definido atraves construcao curva roc utilizando mnutric referencia calculada sensibilidade especificidade valor preditivo positivo negativo validade preditiva avaliada regressao_logistica tempo internacao uti hospital readmissao uti desfechos pos alta regressao cox utilizada avaliar associacao risco_nutricional screenic mortalidade uti hospital resultados avaliados 450 pacientes 64 aiq 54 71 anos 52 2 homens risco_nutricional variou 36 4 nrs 2002 > 5 50 2 nrs 2002 > 3 nrs 2002 > 5 apresentou melhor acuracia 0 63 ic95 0 580 69 mnutric mst nrs 2002 > 5 0 76 ic95 0 710 80 embora nenhuma ferramenta metrica satisfatoria todas ferramentas apresentaram concordancia fraca mnutric k=0 0190 268 concordancia moderada nrs 2002 > 5 k=0 4740 503 must hr=2 26 ic95 1 403 63 mst hr=1 69 ic95 1 092 60 preditores obito uti nrs 2002 > 5 or=1 56 ic95 1 02 2 40 mnutric or=1 86 ic95 1 262 76 permanencia prolongada uti construcao screenic partir 14 variaveis pre selecionadas seis questoes possibilidade respostas sim incluidas ferramenta estarem associadas alto mnutric escore idade > 65 anos dias pre uti > 1 numero comorbidades > 2 sepse perda moderada grave massa_muscular exame fisico ventilacao mecanica vm admissao ponto corte classificacao risco_nutricional 4 0 pontos definido partir equilibrio maior sensibilidade 88 5 especificidade 68 8 escore screenic identificou 57 6 pacientes alto risco_nutricional apresentou concordancia moderada k=0 564 acuracia alta 0 896 ic95 0 867 0 925 mnutric escore screenic preditor independente internacao prolongada uti or=1 81 ic95 1 14 2 85 hospital or=2 15 ic95 1 37 3 38 conclusao nenhuma ferramenta trn apresentou validade concorrente satisfatoria mnutric nrs 2002 apenas must mst preditoras obito uti nrs 2002 > 5 mnutric associados independentemente internacao prolongada uti desenvolvido escore screenic trn pacientes_criticos composta seis questoes respostas sim variaveis necessitam anamnese podem ser obtidas prontuario partir exame fisico realizado beira leito nova ferramenta apresentou concordancia moderada alta sensibilidade mnutric preditora independente permanencia prolongada uti hospital aplicabilidade reprodutibilidade validade preditiva escore screenic identificar pacientes beneficiarao terapia nutricional precoce plena deve ser avaliada estudos futuros,4077
12,"uti, asg, internacao, glim, obito, admissao, hospitalizados, desfechos_clinicos, risco_nutricional, utip",embora exista metodo universalmente aceito diagnostico_desnutricao avaliacao_subjetiva_global asg considerada referencia avaliacao_nutricional ambiente hospitalar contudo depende habilidade avaliador ultima decada sociedades internacionais nutricao clinica propuseram novas ferramentas diagnostico_desnutricao academy of nutrition and dietetics american society of enteral and parenteral nutrition and aspen european society clinical nutrition and metabolism espen global leadership initiative on malnutrition glim ferramentas validadas brasil uso pacientes hospitalizados criticos poucos estudos avaliaram desempenhos predizer morbimortalidade acuracia mesma amostra parece ainda ter sido comparada objetivo avaliar validade concorrente preditiva ferramenta and aspen pacientes hospitalizados comparar acuracia demais ferramentas integrativas diagnostico_desnutricao metodos coorte prospectiva pacientes hospitalizados > 18 anos coleta dados realizada primeiras 48 horas admissao dados_sociodemograficos clinicos laboratoriais obtidos prontuario gravidade clinica pacientes classificada partir indice comorbidades charlson icc ferramentas asg and aspen espen glim aplicadas diagnostico_desnutricao pacientes acompanhados alta_hospitalar coleta desfechos tempo internacao_hospitalar tih obito intra hospitalar bem contatados telefone apos seis meses alta coleta desfechos readmissao hospitalar obito estudo aprovado comite etica pesquisa hospital todos pacientes assinaram termo consentimento resultados avaliados 600 pacientes 55 7 + 14 8 anos 51 3 homens 78 2 etnia autodeclarada branca tih mediano 10 0 5 0 18 0 dias 2 7 amostra obito durante internacao pacientes contatados apos seis meses n= 566 35 3 readmissao 8 3 obito frequencia desnutricao 34 0 asg 34 6 and aspen 5 7 espen 41 7 glim desnutricao ferramenta and aspen apresentou concordancia substancial asg kappa=0 690 assim preditora maior risco tih prolongado rr= 1 4 ic 95 1 2 1 6 mortalidade hospitalar hr=5 0 ic 95 1 3 18 8 readmissao rr=1 4 ic 95 1 2 1 8 maior chance obito seis meses or=5 1 ic 95 2 6 9 9 apos ajuste icc and aspen glim apresentaram acuracia satisfatoria identificar pacientes desnutridos auc= 0 846 ic 95 0 810 0 883 auc= 0 842 ic 95 0 807 0 877 respectivamente significativamente superior acuracia espen satisfatoria auc= 0 572 ic 95 0 522 0 622 and aspen testada criterio forca aperto mao fam apresentando boa validade concorrente preditiva conclusao desnutricao avaliada and aspen preditora pior prognostico clinico pacientes hospitalizados alem disso and aspen avaliacao fam glim metodos acurados identificar pacientes desnutridos ambiente hospitalar enquanto uso ferramenta espen deve ser desencorajado,3070
12,"uti, asg, internacao, glim, obito, admissao, hospitalizados, desfechos_clinicos, risco_nutricional, utip",fase aguda doenca critica caracterizada intenso catabolismo proteico consequente perda massa_muscular associada piores desfechos_clinicos minimizar catabolismo proteico fase aguda doenca critica desafio terapia nutricional entanto oferta proteica ideal bem melhor momento terapia possa conferir melhor resposta clinica pacientes ainda controversa objetivo avaliar associacao oferta proteica fase aguda doenca critica morbimortalidade pacientes terapia_intensiva metodo trata coorte retrospectiva realizada pacientes admitidos unidade_terapia_intensiva uti medico cirurgica maiores 18 anos ambos_sexos periodo janeiro 2018 junho 2020 coletados dados_demograficos clinicos oferta nutricional setimo dia internamento utilizando prontuarios eletronicos software acompanhamento_nutricional utilizado hospital meta proteica 1 2g kgpeso meta calorica 20 25kcal kgpeso consideradas adequadas dados mortalidade seis meses coletados site tribunal justica bahia analise descritiva variaveis realizada medidas tendencia central frequencia prevalencia comparadas testes_t studet mann_whitney qui_quadrado pearson associacao ingestao_proteica mortalidade seis meses uti hospitalar avaliada regressao multivariada cox associacao oferta proteica tempo internamento uti hospitalar regressao binominal negativa resultados 197 pacientes incluidos estudo 52 8 n=104 obito 6 meses pacientes obito apresentaram pontuacoes apache sofa altos 17 versus 15 p=0 028 6 versus 4 p=0 004 respectivamente desenvolveram sepse durante periodo internacao uti 81 7 versus 40 9 p < 0 001 permaneceram tempo hospitalizados 41 dias versus 30 5 dias p=0 004 sobreviventes pacientes obito apresentaram maior frequencia risco_nutricional 51 9 versus 34 4 p=0 013 aumento 1g kgpeso ingestao_proteica media setimo dia reduziu 65 0 mortalidade 6 meses hr 0 346 ic 95 0 133 0 903 64 4 mortalidade uti hr 0 356 ic 95 0 142 0 895 61 9 mortalidade hospitalar hr 0 381 ic 95 0 164 0 883 considerando risco_nutricional reducao mortalidade ainda maior apenas pacientes alto risco_nutricional 81 5 mortalidade 6 meses hr 0 185 ic 95 0 046 0 732 78 5 mortalidade uti hr 0 215 ic 95 0 061 0 75 82 7 mortalidade hospitalar hr 0 173 ic 95 0 051 0 587 tempo internamento uti aumento 1g kgpeso ingestao_proteica media dias 3 7 reduziu 32 0 rr 0 680 ic 95 0 498 0 928 28 4 rr 0 716 ic 95 0 533 0 961 respectivamente tempo internamento uti pacientes alto risco_nutricional reducao tempo internamento uti 41 0 rr 0 590 ic 95 0 374 0 928 34 5 rr 0 655 ic 95 0 450 0 954 respectivamente conclusao aumento ingestao_proteica media dia 7 reduziu mortalidade 6 meses mortalidade uti hospitalar tempo internamento uti pacientes doenca critica resultados ainda evidentes pacientes alto risco_nutricional tais achados revelam importancia otimizacao oferta proteica pacientes doenca critica particular pacientes alto risco_nutricional enfatizando importancia triagem_nutricional tomada conduta nutricional assertiva,4223
13,"anemia, hepcidina, folato, ferro, hemoglobina, ferropriva, ferritina, vitamina_b12, falciforme, deficiencia",deficiencias vitamina ferro carencias nutricionais prevalentes mundo estudos recentes sugerem existe inter relacao vitamina metabolismo ferro porem mecanismos envolvidos ainda esclarecidos retinoides modulam expressao diversos genes meio ligacao receptores nucleares receptores acido retinoico receptores retinoides x considerando hepcidina responsavel regulacao sistemica homeostase ferro expressao regulada parte atraves via sinalizacao hemojuvelina proteina morfogenetica osso 6 proteinas smad presente estudo avaliou efeito deficiencia vitamina biomarcadores status ferro niveis transcritos genes envolvidos via sinalizacao hjv bmp smad possivel envolvimento receptores nucleares rar rxr manutencao homeostase ferro vitamina metodos trinta ratos_wistar_machos tratados 59 dias seguintes dietas dieta controle dieta deficiente vitamina vad dieta deficiente ferro fed dieta deficiente vitamina ferro vafed dieta acido retinoico todo trans atra parametros hematologicos determinados utilizando kits comerciais figado intestino baco removidos determinacao concentracao ferro espectroscopia emissao atomica niveis hepaticos retinol quantificados cromatografia_liquida_alta_eficiencia figado determinados niveis mrna hepcidina hamp hemojuvelina hfe2 proteina morfogenetica osso 6 bmp6 smad 7 smad7 receptor acido retinoico alfa rar 61537 receptor retinoides x beta rxr 61538 intestino niveis mrna transportador metal divalente 1 dmt1 ferroportina 1 fpn1 sistema reacao polimerase cadeia tempo real qrt pcr comparacoes grupos tratamento realizadas utilizando teste t student amostras independentes valor p < 0 05 considerado estatisticamente diferente resultados deficiencia vitamina vad promoveu reducao niveis sericos ferro saturacao transferrina acumulo ferro baco aumento niveis mrna bmp6 hfe2 diminuicao hamp smad7 rar 61537 figado alem reducao niveis mrna fpn1 intestino ratos tratados dieta deficiente ferro fed apresentaram reducao niveis sericos ferro saturacao transferrina concentracao ferro figado intestino baco diminuicao niveis mrna bmp6 hfe2 hamp smad7 figado associacao deficiencias vitamina ferro vafed promoveu reducao niveis sericos ferro saturacao transferrina concentracao ferro figado intestino baco niveis hepaticos mrna hamp smad7 substituicao ester retinil atra dieta promoveu reducao niveis sericos ferro aumento concentracao ferro figado reducao intestino baco apresentaram diminuicao niveis mrna hepaticos hamp aumento rar 61537 alem reduzir niveis mrna dmt1 fpn1e aumentar bmp6 intestino conclusao resultados presente estudo sugerem deficiencia dietetica vitamina promove reducao disponibilidade sistemica ferro concomitante acumulo desse micronutriente baco deficiencia sistemica ferro promovida deficiencia vitamina diminui disponibilidade ferro eritropoiese sugerindo sinal eritroide prevaleca regulacao expressao hamp resultados sugerem ainda deficiencia vitamina modula transcricao hepcidina figado maneira indireta envolvendo receptor rar 61537,560
13,"anemia, hepcidina, folato, ferro, hemoglobina, ferropriva, ferritina, vitamina_b12, falciforme, deficiencia",anemia falciforme af hemoglobinopatia caracterizada inflamacao fenomenos vaso oclusao hemolises cronicas fatores intrinsecos doenca podem influenciar forma positiva negativa sintese hepcidina hormonio responsavel homeostase ferro eritropoiese intensa anemia hemolitica podem ocasionar reducao deste hormonio acarretando aumento absorcao intestinal deste micronutriente entanto sobrecarga ferro transfusional observada alguns pacientes assim quadro inflamatorio poderiam levar aumento producao hepcidina consequentemente reduzir absorcao intestinal ferro estudos clinicos realizados adultos observaram concentracoes sericas deste hormonio diferiram funcao carga ferro tendo participantes sobrecarga deste mineral af apresentado maiores concentracoes hepcidina comparados participantes af sobrecarga controles doenca dados sugerem individuos expostos carga excessiva ferro precisariam reduzir ingestao_alimentos ricos neste micronutriente orientacao comumente prescrita profissionais_saude contudo resultados ainda suficientes estabelecer abordagem nutricional segura individuos visto estimativa capacidade absorcao ferro precisa ser melhor compreendida informacoes importantes especialmente criancas porque reducao consumo determinadas fontes alimentares carnes feijoes pode levar deficiencia micronutrientes fundamentais crescimento desenvolvimento assim objetivo deste estudo avaliar capacidade absorcao ferro criancas anemia falciforme estudo_experimental realizado 14 criancas idade mediana 8 0 anos intervalo interquartil 7 9 anos divididas seguintes grupos pareadas sexo cor raca idade controle composto individuos doenca n=2 af sobrecarga ferro n=8 af sobrecarga ferro n=4 avaliacao capacidade absorcao ferro realizada meio marcacao alimento padronizado 100 ml suco laranja isotopo estavel 57fe 5 mg amostras sangue obtidas tempo basal 14 dias apos ingestao isotopo sendo relacao isotopica 56fe 57fe determinada espectrometria massa plasma indutivamente acoplado icp ms percentual absorcao 57fe estatisticamente diferente tres grupos estudados 3 9 criancas af sobrecarga ferro 18 2 criancas af sobrecarga ferro 12 7 criancas respectiva doenca grupo criancas af sobrecarga ferro encontrada correlacao positiva grau moderado ferritina hepcidina r = 0 762 p < 0 05 correlacao negativa grau forte ferritina percentual absorcao 57fe r = 0 962 p < 0 05 grupo percentual hbs fortemente correlacionado percentual absorcao ferro r = 0 976 p < 0 05 percentual absorcao 57fe correlacionou hepcidina concentracao hepatica ferro nenhum grupos possivelmente devido pequeno numero amostral grupo sobrecarga encontrada correlacao absorcao ferro ferritina percentual absorcao ferro intestinal encontrado criancas af sobrecarga ferro sugere talvez necessarias recomendacoes restricao alimentos fontes ferro quais individuos frequentemente submetidos,3219
13,"anemia, hepcidina, folato, ferro, hemoglobina, ferropriva, ferritina, vitamina_b12, falciforme, deficiencia",mendonca juliana omena braga alteracoes metabolismo ferro pessoas doenca falciforme 2016 82 f dissertacao mestrado alimentacao nutricao saude  instituto nutricao universidade estado rio janeiro rio janeiro 2016 introducao doenca falciforme df hemoglobinopatia caracterizada inflamacao hemolise cronicas intensa eritropoiese anemia inerentes doenca fatores potencialmente ocasionariam reducao producao hepcidina  hormonio responsavel homeostase ferro  acarretando aumento absorcao intestinal deste micronutriente contrapartida quadro inflamatorio caracteristico bem sobrecarga ferro observada alguns pacientes capazes induzir transcricao deste hormonio reduzindo absorcao ferro lacuna conhecimento respeito comportamento hepcidina gera dificuldades elaboracao protocolo nutricional especifico pessoas assim objetivo deste trabalho avaliar comportamento hepcidina serica individuos doenca falciforme metodos estudo_transversal realizado 115 adultos divididos grupos df presenca sobrecarga ferro n=13 41 0 + 11 6 anos df sobrecarga n=59 30 9+ 10 7 anos individuos doenca n=43 29 4+ 8 9 anos amostras sangue coletadas avaliacao seguintes parametros hematocrito hemoglobina hemoglobinas s fetal hepcidina serica ferritina ferro serico capacidade total ligacao ferro ctlf lactato desidrogenase ldh resultados concentracao hepcidina serica apresentou significativamente maior participantes doenca falciforme sobrecarga ferro relacao grupo df sobrecarga 12 0 ng ml versus 4 2 ng ml respectivamente grupo referida doenca 12 0 ng ml versus 7 2 ng ml respectivamente contrapartida grupo df sobrecarga ferro apresentou menores concentracoes hepcidina serica comparado outros grupos estudados exceto grupo df sobrecarga ferro ferritina correlacionou fortemente hepcidina apresentando principal variavel capaz influenciar variabilidade deste hormonio demais grupos hemoglobina s ldh sexo_feminino idade apareceram variaveis capazes influenciar variabilidade concentracao hepcidina porem menor intensidade conclusao hepcidina serica apresentou elevada individuos doenca falciforme sobrecarga ferro sugerindo aumento concentracao deste hormonio poderia diminuir absorcao deste micronutriente havendo entao necessidade restricao alimentos ricos ferro neste grupo,1486
14,"entorno, ambiente_alimentar, estabelecimentos, desertos, cantinas, venda_alimentos, pantanos, epsan, comercios, feiras",introducao termos desertos alimentares pantanos alimentares terminologias surgem classificar ambiente_alimentar considerando acesso fisico alimentos condicoes_socioeconomicas desertos alimentares caracterizados vizinhancas socialmente vulneraveis possuem acesso fisico limitado alimentos_saudaveis enquanto pantanos alimentares vizinhancas acesso fisico facilitado alimentos_saudaveis objetivo descrever ambiente_alimentar comunitario identificar vizinhancas desertos pantanos alimentares metropole brasileira metodos estudo ecologico realizado cidade belo_horizonte unidades analises utilizadas setores censitarios buffers circulares 400 800 4000 metros variaveis ambiente social adotadas renda numero domicilios populacao alfabetizacao raca disponibilidade servicos essenciais fornecimento agua energia eletrica coleta lixo indice vulnerabilidade saude ivs variaveis ambiente_alimentar comunitario provenientes duas fontes dados governamentais estabelecimentos comercializam alimentos classificados estabelecimentos comercializam predominantemente alimentos_in_natura estabelecimentos comercializam predominantemente alimentos_ultraprocessados estabelecimentos mistos selecionadas quatro metodologias avaliar desertos alimentares pantanos alimentares considerando frequencia apareciam literatura possibilidade reproduzilas analise dados realizada softwares qgis 2 14 9 spss 15 0 resultados estabelecimentos mistos ultraprocessados frequentes cidade belo_horizonte corresponderam 42 90 46 92 respectivamente lanchonetes 25 36 restaurantes 24 52 tipos frequentes aproximadamente 25 setores censitarios possuem estabelecimentos comercializam alimentos 77 52 possuem estabelecimentos comercializam predominantemente alimentos_in_natura avaliar disponibilidade_alimentos estratificada renda per capita setor censitario verificou setores menor renda possuem menor disponibilidade todos tipos estabelecimentos identificacao desertos alimentares metodologia proposta caisan 37 70 cdc 39 10 identificaram setores censitarios enquadravam nesta classificacao apenas metodologia proposta caisan identificou desertos alimentares frequentes setores menor renda relacao pantanos alimentares metodologia adaptada caisan 58 50 cdc 66 58 identificaram maior percentual setores recebiam classificacao estratificar renda metodologia proposta hager colaboradores identificou pantanos alimentares frequentes setores menor renda demais metodologias mostraram inverso setores classificados desertos alimentares apresentaram piores condicoes_socioeconomicas pior acesso servicos essencias conclusao acesso fisico estabelecimentos comercializam alimentos ocorre maneira homogenea cidade sendo regioes menores rendas apresentaram pior acesso fisico todos tipos estabelecimentos metodologia identificacao desertos pantanos alimentares proposta realidade brasileira apresentou resultados satisfatorios alem disso presente estudo verificou domicilios localizados vizinhancas desertos alimentares piores condicoes_socioeconomicas disponibilidade servicos essenciais,3360
14,"entorno, ambiente_alimentar, estabelecimentos, desertos, cantinas, venda_alimentos, pantanos, epsan, comercios, feiras",introducao equipamentos publicos seguranca_alimentar_nutricional estruturas fisicas criadas promover acesso alimentos_saudaveis atraves fortalecimento circuitos locais producao abastecimento distribuicao comercio alimentos acesso alimentos_saudaveis mensurado investigacao cinco dimensoes disponibilidade acessibilidade fisica financeira aceitabilidade conveniencia disponibilidade_alimentos amplamente associada consumo acessibilidade financeira proeminencia contextos elevadas desigualdades sociais conveniencia pode evidenciar quais locais fato acessiveis individuos porem pouco explorada objetivo investigar disponibilidade acessibilidade financeira frutas_hortalicas conveniencia estabelecimentos comerciais alimentos entornos equipamentos publicos seguranca_alimentar_nutricional metodos estudo_transversal realizado belo_horizonte brasil conduzida auditoria estabelecimentos comerciais alimentos consumo domicilio localizados entornos amostra_representativa equipamentos publicos seguranca_alimentar_nutricional n=10 equipamentos selecionados bem setores censitarios correspondentes influencia equipamentos n=10 locais auditados agrupados estabelecimentos comerciais alimentos_in_natura alimentos mistos disponibilidades frutas_hortalicas comparadas areas equipamentos qui_quadrado exato fisher precos alimentos comparados areas utilizando diferencial preco estabelecimentos in_natura mistos teste mann_whitney medias horas funcionamento comparadas estabelecimentos in_natura mistos teste t student funcionamento estabelecimentos dividido status considerar funcionamento alem horarios comerciais usuais comparado tipos estabelecimentos qui_quadrado exato fisher fim comparadas medias horas funcionamento estabelecimentos segundo areas teste t student resultados auditados 148 estabelecimentos comerciais estabelecimentos in_natura disponibilidade hortalicas maior areas epsan p<0 05 estabelecimentos mistos disponibilidades frutas_hortalicas baixas ambas areas 34 0 vs 26 2 p>0 05 somente areas equipamentos estabelecimentos in_natura apresentaram precos inferiores observados estabelecimentos mistos p<0 001 estabelecimentos mistos ficavam abertos horas estabelecimentos in_natura p<0 001 quantidade estabelecimentos mistos abertos apos 18 horas superior quantidade estabelecimentos in_natura p<0 001 funcionamento semanal estabelecimentos in_natura menor areas equipamentos p<0 05 conclusao presenca epsan associada disponibilidade hortalicas fh comercializadas estabelecimentos in_natura precos inferiores praticados estabelecimentos mistos apenas areas epsan porem estabelecimentos mistos convenientes in_natura inclusao epsan reduziu media horas funcionamento estabelecimentos in_natura,4704
14,"entorno, ambiente_alimentar, estabelecimentos, desertos, cantinas, venda_alimentos, pantanos, epsan, comercios, feiras",introducao seguranca_alimentar_nutricional consiste realizacao direito acesso permanente alimentacao_saudavel equilibrada sendo acesso ditado fatores_socioeconomicos comportamentais culturais ambientais escolhas_alimentares influenciadas fatores disponibilidade variedade qualidade preco publicidade alimentos dentro estabelecimentos fortalecer acesso alimentacao_saudavel implementados equipamentos publicos seguranca_alimentar_nutricional epsan entanto sabe presenca desses equipamentos altera disponibilidade variedade promocao alimentos ofertados estabelecimentos proximos epsan objetivo investigar ambiente_alimentar consumidor areas epsan metodos estudo_transversal realizado areas epsan belo_horizonte mg brasil definicao area investigada tracado buffer 500m entorno epsan centroides setores censitarios areas epsan considerando distancia minima 1000m total dez areas epsan dez areas epsan investigados auditados in loco partir questionario validado duran et al 2013 todos estabelecimentos venda_alimentos consumo domiciliar avaliadas variaveis disponibilidade variedade propaganda promocao alimentos compuseram indice avaliacao acesso_alimentos estabelecimentos comercializacao consumo domicilio hfsi atributos descritos meio medidas tendencia central dispersao comparados areas utilizando anova teste_tukey resultados epsan selecionados sacolao abastecer n=2 feira livre n=3 organica n=1 mercado municipal n=2 direto roca n=2 todo participaram 131 estabelecimentos 17 epsan sendo 72 48 6 areas epsan 76 51 3 areas epsan media indice acesso 7 0 16 sendo maiores indices encontrados sacoloes hfsi=13 7 16 epsan hfsi=12 1 16 menores indices acesso observados lojas conveniencia padarias hfsi=1 0 9 mercados locais hfsi=2 0 12 diferenca significativa hfsi areas epsan media disponibilidade variedade frutas_hortalicas fh maior epsan sacoloes supermercados p<0 001 media disponibilidade alimentos_ultraprocessados propaganda promocao destes maior lojas conveniencia padarias mercados locais supermercados p<0 001 variedade alimentos_ultraprocessados maior supermercados conclusao sacoloes epsan apresentaram maiores indices acesso alimentos_saudaveis devido maior disponibilidade variedade fh indice acesso alimentos_saudaveis variou segundo areas epsan refletindo baixa influencia epsan dinamica comercializacao,3649
15,"padroes_alimentares, aup, ultraprocessados, cafe_manha, consumo_alimentos, padrao_alimentar, doces, alimentos_in_natura, processados, lanche",objetivo identificar padroes_alimentares adolescentes escola publica goiania alguns fatores_associados material metodos estudo_transversal 446 adolescentes 10 19 anos idade matriculados escola publica goiania goias consumo_alimentar obtido meio recordatorio_alimentar habitual padroes_alimentares identificados empregando analise_fatorial componentes principais rotacao ortogonal varimax calcularam escores fatoriais utilizados modelos regressao_linear verificar associacoes padroes_alimentares variaveis_socioeconomicas antropometricas estilo_vida resultados identificaram quatro padroes conjunto explicaram 38 8 variancia total consumo_alimentar padroes denominados 1 refeicao tradicional composto cereais tuberculos leguminosas carnes hortalicas bebidas_acucaradas 2 lanche tradicional incluiu lanches farinaceos manteiga margarina lacteos doces inversamente associado consumo carnes processadas 3 lanche processado carnes processadas queijos amarelos lanches farinaceos 4 junk food composto balas lanches gordurosos bebidas_acucaradas massas inversamente associado ingestao frutas padrao refeicao tradicional inversamente associado indice_massa_corporal sexo_feminino padrao lanche tradicional inversamente associado indice_massa_corporal positivamente associado maior tempo sentado finais semana padrao junk food associou positivamente maior tempo diario frente televisao apenas ultimo padrao apresentou associacao inversa deslocamento escola meio automovel conclusao padroes_alimentares adolescentes associaram variaveis antropometricas estilo_vida modo recomenda alimentacao baseada alimentos tradicionais brasileiros pois parece favorecer menores indices massa_corporal,1923
15,"padroes_alimentares, aup, ultraprocessados, cafe_manha, consumo_alimentos, padrao_alimentar, doces, alimentos_in_natura, processados, lanche",estudo dinamica padroes refeicoes longo tempo auxilia identificacao mudancas alimentares subsidia intervencoes especificas refeicoes estudo objetivo identificar padroes refeicoes escolares avaliar estabilidade longo tres anos 2013 2014 2015 trata estudo paineis transversais realizado 2013 2014 2015 6353 escolares 2º 5º ano escolas_publicas municipais florianopolis sc dados consumo_alimentar dia anterior coletados utilizando questionario validado web caafe consumo_alimentar atividade_fisica escolares permite obtencao dados consumo partir seis refeicoes predefinidas cafe_manha lanche manha almoco lanche tarde jantar lanche noite derivacao padroes refeicoes realizada analise classe latente manutencao escolares padroes refeicoes longo anos analisada meio regressao_logistica_multinomial calculando posteriormente probabilidades pertencer cada padrao acordo ano analisado identificados tres padroes cafe_manha quatro padroes lanche manha almoco lanche tarde jantar lanche noite todas refeicoes identificados padroes incluiram alimentos tradicionalmente consumidos brasil padroes compostos alimentos_ultraprocessados principalmente lanches manha tarde relacao estabilidade maioria padroes refeicoes mostrou estavel longo tres anos avaliados mudancas observadas apenas lanche tarde onde aumento probabilidades alocacao padrao frutas mingau reducao padrao predominancia alimentos tradicionais almoco arroz feijao legumes_verduras carnes resultados podem subsidiar intervencoes reducao padroes_alimentares saudaveis principalmente lanches manha tarde estimular manutencao aumento padroes saudaveis todas refeicoes,3184
15,"padroes_alimentares, aup, ultraprocessados, cafe_manha, consumo_alimentos, padrao_alimentar, doces, alimentos_in_natura, processados, lanche",estudo padroes_alimentares pas tornado popular epidemiologia nutricional embora ainda limitado criancas idade escolar sete dez anos idade sobretudo diz respeito estabilidade estudo objetivos 1 identificar pas escolares segundo quinto ano rede publica ensino florianopolis monitorados web caafe 2013 2014 2015 2 verificar estabilidade pas 3 verificar associacao pas estabilidade variaveis sociodemograficas atividade_fisica atividade sedentaria status peso conjunto dados tres anos pesquisa incluiu amostra total 6 379 escolares 1942 2013 2013 2014 2424 2015 analise estabilidade intraindividual contou amostra 522 escolares acompanhados prospectivamente dados obtidos meio questionario web caafe consumo_alimentar atividade_fisica escolares questionario baseado web examina consumo_alimentar atividade_fisica durante dia anterior analise perfis latente apl utilizada identificar pas cujos indicadores frequencias consumo diario 32 alimentos bebidas questionario web caafe regressao multinomial multivariada utilizada verificar associacao pas estabilidade variaveis interesse tres pas identificados analise dados tres levantamentos combinados tradicional alimentos tipicos cultura brasileira arroz feijao carnes paes biscoitos monotono massas macarrao instantaneo sanduiches cachorro quente pizza salgados misto maioria alimentos web caafe incluindo saudaveis saudaveis porcentagens criancas cada desses perfis 41 3 36 3 22 4 respectivamente proporcao maior meninos apresentou pa monotono enquanto proporcao maior meninas apresentou padrao tradicional escolares tercis elevados escore atividade_fisica comportamento_sedentario significativamente propensos apresentar pa misto pa tradicional mostrou associado relato consumo_alimentos dias semana dia escolar oposicao dias escolares ambos_sexos meninos relataram terem realizado lanche escolar maior probabilidade apresentar pa monotono status peso excesso_peso excesso_peso apresentou associacao estatisticamente_significativa pas analises paineis transversais conduzidas 2013 2015 resultaram tres pas comparaveis dois anos tradicional monotono misto estudo_longitudinal observado 45 522 escolares mantiveram alocados pa pa tradicional estavel 51 1 sendo manutencao desse padrao longo dois anos mostrou associada sexo_feminino maior renda relato consumo dia escolar semana ambos anos inquerito virtude instabilidade intraindividual pas observada intervalo dois anos futuras pesquisas necessarias investigar pas tendem modificar periodos tempos maiores determinantes dessa instabilidade influencia dia relato pas,2425
16,"hiperalgesia, parkin, dor, persistente, contracao, p2x3, regeneracao, musculares, muscular, receptores",dores cronicas representam grande problema saude_publica sendo sexo_feminino afetado estrategia farmacologica controle dor ligantes receptores ativados peroxissoma gama pparg vem sendo estudados diversos modelos experimentais ligantes pparg prostaglandina 15d pgj2 pioglitazona ligantes diminuem hiperalgesia mecanica termica atraves diminuicao marcadores processo_inflamatorio atividade neuronal nociceptiva periferia sistema_nervoso_central entanto efeito desses ligantes diferentes modelos hiperalgesia hiperalgesia muscular acao forma sexo dependente hiperalgesia pos operatoria neuropatica induzida modelo lesao nervosa neuropatica associada diabetes tipo ii sido pouco explorada ainda desconhecida portanto objetivo geral presente estudo avaliar efeito analgesico agonistas pparg diferentes modelos hiperalgesia especificamente avaliado 1 administracao intramuscular 15d pgj2 reduziria hiperalgesia muscular mecanica induzida carragenina contracao estatica caso positivo processo modulado opioides 2 administracao sistemica intratecal pioglitazona diminuiria resposta nociceptiva mecanica induzida hiperalgesia pos operatoria administracao pioglitazona via sistemica diminuiria resposta nociceptiva mecanica termica hiperalgesia neuropatica induzida seccao nervosa maneira sexo dependente ambos modelos 3 pioglitazona administrada sistemicamente cronicamente via dieta reduziria hiperalgesia mecanica termica induzida neuropatia diabetica maneira sexo dependente teste randall selitto utilizado avaliar hiperalgesia mecanica muscular enquanto teste von frey filamentos utilizado avaliar hiperalgesia mecanica demais modelos experimentais hiperalgesia termica avaliada teste acetona modelo hiperalgesia neuropatica induzida seccao nervosa testes coldplate hotplate modelo hiperalgesia neuropatica diabetica resultados demonstram 1 15d pgj2 via receptores pparg bloqueou hiperalgesia muscular induzida carragenina contracao estatica especificamente hiperalgesia muscular induzida carragenina processo modulado receptores opioides 2 pioglitazona intratecal sistemica diminuiu resposta nociceptiva mecanica induzida hiperalgesia pos operatoria enquanto pioglitazona sistemica diminuiu resposta nociceptiva mecanica termica hiperalgesia neuropatica induzida seccao nervosa diferenca sexos ambos modelos hiperalgesia 3 pioglitazona diminuiu hiperalgesia termica induzida neuropatia diabetica diferenca sexos administrada cronicamente diminuiu hiperalgesia mecanica termica induzida neuropatia diabetica especificamente nesse caso efeito potencializado femeas juntos dados indicam 15d pgj2 possui efeito anti hiperalgesico modulado sistema opioide pioglitazona reduz hiperalgesia neuropatica induzida lesao nervosa pos operatoria apresentar diferenca sexos hiperalgesia neuropatica associada diabetes forma sexo dependente fim sugerimos receptores pparg importante alvo futuros estudos visando controle diferentes condicoes dolorosas,1815
16,"hiperalgesia, parkin, dor, persistente, contracao, p2x3, regeneracao, musculares, muscular, receptores",contracao muscular estatica padrao contracao muscular associado atividades vida diaria laborais sustentacao postural longos periodos tempo capaz induzir dor inflamacao local dados obtidos recentemente grupo pesquisa demonstraram contracao estatica ratos capaz induzir hiperalgesia muscular mecanica modulada diferentes mediadores inflamatorios bradicinina aminas simpatomimeticas prostaglandinas neutrofilos demonstramos ativacao receptores p2x3 atp endogeno essencial desenvolvimento hiperalgesia muscular induzida contracao estatica entretanto mecanismos envolvidos nesse processo ainda desconhecidos assim sendo objetivo geral presente estudo avaliar envolvimento receptores p2x3 perifericos corno raiz dorsal medula espinhal desenvolvimento hiperalgesia muscular origem inflamatoria induzida carragenina contracao muscular estatica via farmacologia comportamental utilizando teste randall selitto ainda envolvimento receptores p2x3 hiperalgesia muscular modulado migracao neutrofilos via quantificacao enzima mieloperoxidase mpo resultados demonstraram pre tratamento antagonista seletivo receptores p2x3 317491 via intramuscular intratecal preveniu desenvolvimento hiperalgesia muscular induzida contracao estatica carragenina p<0 0001 anova one way teste_tukey migracao neutrofilos tecido muscular ambos modelos p<0 05 teste_tukey resultados demonstram hiperalgesia muscular induzida contracao estatica carragenina modulada receptores p2x3 perifericos centrais processo modulado menos parte migracao neutrofilos dados sugerem portanto receptores p2x3 importantes alvos farmacologicos controle dores musculares origem inflamatoria fim paralelamente estudo principal demonstramos contracao estatica induz aumento citocinas_inflamatorias tnf il 1 il_6 primeiras 24 horas apos contracao via ensaio imunoenzimatico elisa p>0 05 teste_tukey alem disso apresentamos informacoes sobre projeto desenvolvimento camundongos gcamp6 estudo mecanismos dor fadiga muscular relativo periodo doutorado sanduiche realizado universidade utah eua demonstramos processo desenvolvimento camundongos trpv1 cre gcamp6+ capazes expressar proteina fluorescente gfp apenas fibras trpv1+ alem disso demonstramos resultados analise via calcium imaging celulas ganglio raiz dorsal desses animais quanto caracterizacao resposta diferentes doses metabolitos verificamos 57 64 celulas cultura grd origem muscular destas 78 apresentam gfp sendo 1 3 respondem capsaicina demonstramos fim 85 6 100 celulas origem muscular respondem respectivamente ph 7 0 6 6 trpv1+ sugerindo portanto receptores neuronios trpv1+ possuem importante papel mediador resposta evocada metabolitos fadiga dor muscular,2180
16,"hiperalgesia, parkin, dor, persistente, contracao, p2x3, regeneracao, musculares, muscular, receptores",introducao estudos demonstraram maior prevalencia intolerancia estimulos dolorosos mulheres dimorfismo sexual modulado hormonios gonadais beneficios pratica exercicios_fisicos regulares prevencao reducao quadros algicos conhecidos porem pouco sabe sobre influencia hormonios gonadais nesse processo portanto objetivo deste estudo investigar ciclo estral modula dor muscular aguda persistente camundongos femeas prevencao meio exercicios_fisicos regulares metodologia estudo utilizados camundongos_swiss femeas 60 dias idade obtidos cemib unicamp todos experimentos aprovados comite etica pesquisa animal universidade estadual campinas 5234 1 2019 inicialmente estabelecemos modelo transicao dor aguda cronica dina et al 2008 injetado carragenina musculo gastrocnemio direito promovendo sensibilidade previa apos intervalo 10 dias realizada nova injecao pge2 local verificando cronificacao atraves limiares nociceptivos musculo mecanico quantificada analgesimetro randall selitto antes apos injecoes avaliar participacao ciclo estral neste modelo realizamos tecnica lavado vaginal antes apos injecoes exercicio_fisico avaliar efeitos exercicio_fisico animais submetidos natacao antes injecao carragenina resultados cg injetada proestro hiperalgesia muscular aguda maior femeas machos p <0 0001 anova teste_tukey estro diestro cg induziu menor hiperalgesia muscular aguda camundongos femeas machos p <0 05 anova teste_tukey metaestro cg induziu hiperalgesia muscular femeas forma semelhante camundongos machos p> 0 05 anova teste_tukey considerando hiperalgesia muscular persistente femeas fase estro momento injecao cg apresentaram hiperalgesia semelhante machos p> 0 05 anova teste_tukey enquanto femeas demais fases apresentaram menor hiperalgesia machos p <0 05 anova teste_tukey comparando respostas comportamentais camundongos femeas resultados mostraram proestro cg induziu maior hiperalgesia muscular aguda comparada outras fases p <0 05 anova two way pos teste_tukey fase estro cg induziu maior hiperalgesia muscular persistente comparada demais fases p <0 05 anova two way pos teste_tukey analisamos fase estral femeas previamente sensibilizadas cg pge2 induziu hiperalgesia muscular cronica semelhante p> 0 05 anova two way pos teste_tukey exercicio_fisico natacao evitou cronificacao hiperalgesia muscular forma semelhante camundongos machos femeas todo ciclo estral p> 0 05 anova teste_tukey conclusao resultados demonstraram ciclo estral modula hiperalgesia muscular aguda cronica sendo importante desenvolvimento hiperalgesia muscular persistente manutencao prevencao hiperalgesia muscular camundongos femeas exercicio_fisico influenciada ciclo estral,3560
17,"textura, sensorial, paes, sensoriais, aceitabilidade, analise_sensorial, ultrassom, tecnologicas, atributos, formulacoes",consumo_alimentos gluten crescido industria buscado ampliar producao finalidade contemplar nova necessidade mercado produzir paes gluten mesma qualidade similares gluten sido desafio pesquisadores pois ausencia gluten afeta elasticidade massa impactando caracteristicas_sensoriais produto farinha tuberculo amorphophalus konjac rico fibra soluvel chamada glucomannan sido utilizada literatura aditivo melhorar estrutura produtos gluten encontra descrito literatura fibra compoe 70 90 desta farinha trabalho objetivos produzir paes gluten farinha amorphophallus konjac ingrediente caracterizar quimicamente paes produzidos avaliar textura cor volume especifico avaliar aceitabilidade produtos preparados trata estudo_experimental dividido quatro etapas elaboracao formulacoes fichas tecnicas preparacao analise fisico quimica paes analise_sensorial analise estatistica elaboracao formulacoes testada adicao farinha konjac formulacao pao gluten proporcao 12 5 25 37 5 50 teor farinhas formulacao determinados teores proteinas lipidios umidade fibra_alimentar residuos minerais posteriormente carboidratos determinados diferenca conduzida analise amido_resistente todas formulacoes paes avaliacao aceitabilidade metodo check all that apply cata realizados 110 provadores 43 consumidores 67 consumidores paes gluten analise_sensorial aceitabilidade realizada meio escala hedonica 9 pontos atributos cor aroma textura sabor aparencia aceitacao global analise estatistica dados composicao textura cor volume especifico realizada meio software spss analise_sensorial utilizado programa xlstat farinha konjac influenciou composicao caracteristicas_sensoriais paes deste estudo quantidade fibras umidade amido_resistente volume especifico aumentados medida aumentou farinha formulacoes teor fibra dietetica encontrado paes variou 1 07 36 93 amido_resistente variacao 0 84 1 45 paes 0 50 konjac observada relacao inversa calorias adicao farinha konjac paes obtida diferenca estatistica volume especifico pao controle volume especifico encontrado todos paes konjac volume positivamente influenciado adicao farinha konjac formulacoes pao konjac 12 5 apresentou maior media firmeza pao caracteristicas proximas encontradas pao gluten 12 5 farinha konjac tanto analise aceitabilidade quanto atributos levantados meio mapa descritivo cata check all that apply possivel observar pao controle localizado proximo caracteristicas aparencia ressecada textura seca granulosa casca cor escura salgado demais paes 25 37 5 50 encontram localizados proximos caracteristicas aroma peixe aroma fermento miolo escuro borrachudo sabor fermento sabor desagradavel portanto pao 12 5 encontra proximo caracteristicas desejaveis paes cor casca clara cor miolo claro textura macia umida coesa agradavel brilhante pao maior percentagem aceitacao global consumidores consumidores paes gluten 12 5 farinha konjac 93 96 aceitacao respectivamente,2963
17,"textura, sensorial, paes, sensoriais, aceitabilidade, analise_sensorial, ultrassom, tecnologicas, atributos, formulacoes",ultrassom tecnologia apontada alternativa pasteurizacao conservacao sucos proporciona menor prejuizo nutricional fisico quimico comparado processamento termico tradicional deste modo objetivou avaliar efeito ultrassom qualidade_microbiologica fisico quimica sensorial suco misto laranja cenoura amostras sucos submetidas tratamentos pasteurizacao 90°c durante 30 segundos ultrassom 40 khz tempos 5 10 minutos temperaturas 40 50 60 °c amostras suco tratadas consideradas controle amostras armazenadas 7 + 1 °c durante 22 dias longo periodo armazenamento conduzidas analises microbiologicas fisico quimicas apos avaliacao resultados destas analises selecionados tratamentos ultrassom 60 °c 5 10 minutos alem suco natural tratamento pasteurizado realizacao analise_sensorial reducoes significativas obtidas apos tratamento ultrassom 60 °c 10 minutos mesofilos aerobios fungos filamentosos leveduras coliformes 35 °c todos tratamentos afetaram significativamente valores ph acidez total titulavel solidos_soluveis_totais carotenoides_totais vitamina_c compostos_fenolicos atividade_antioxidante pos tratamento tratamentos ultrassom provocaram incremento parametros cor turbidez tempo armazenamento afetou valores ph acidez total titulavel solidos_soluveis_totais vitamina_c compostos_fenolicos atividade_antioxidante turbidez observou incremento conteudo carotenoides_totais parametros cor l c bem reducao h° b tratamentos ultrassom 60 °c 5 10 minutos retardaram processo sedimentacao microscopia optica revelou aumento tempo temperatura tratamento causou danos estruturas celulares analise_sensorial diferenca significativa notas obtidas amostra tratada ultrassom 60 °c 5 minutos amostra pasteurizada tratamento ultrassom 60 °c 5 minutos mostrou promissor conservacao suco misto laranja cenoura oferecendo suco microbiologicamente seguro mantendo caracteristicas fisico quimicas obtendo boa aceitabilidade consumidores,2777
17,"textura, sensorial, paes, sensoriais, aceitabilidade, analise_sensorial, ultrassom, tecnologicas, atributos, formulacoes",estudo objetivo desenvolver avaliar caracteristicas fisico quimicas sensoriais biscoitos contendo farinha mista extrudada pericarpo milho fuba biscoitos elaborados diferentes proporcoes farinhas mistas extrudadas pericarpo milho pm fuba 30 70 40 60 50 50 diferentes percentuais umidade processamento up 24 26 28 meio delineamento experimental fatorial 2² realizado primeiramente processo extrusao farinhas meio extrusor rosca unica onde energia mecancia especifica eme analisada durante processamento farinhas extrudadas conduzidas analises solubilidade agua isa absorcao agua iaa viscosidade pasta biscoitos elaborados utilizando farinhas extrudadas analisados quanto medicoes composicao centesimal textura instrumental atividade agua avaliacao sensorial meio teste rate all that apply rata aceitacao menor teor umidade 24 maior gasto_energetico durante processamento aumentando eme solubilidade parametros extrusao afetados porem aumento umidade teor pm resultaram reducao capacidade absorcao agua conforme aumentou teor pm verificou reducao viscosidade farinhas assim capacidade retrogradacao destas medicoes biscoitos sofreram alteracoes meio processo extrusao exceto espessura reduzida conforme aumento up farinhas mistas extrudadas aumento teor pm up elevou umidade final biscoitos alem disso aumento teor pm farinhas extrudadas reduziu teor carboidratos totais textura verificou aumento up diminuiu dureza bem trabalho quebra biscoitos tratamentos contendo 28 up 30 50 pm maior aceitacao relacao demais amostras meio teste rata possivel verificar amostras receberam atributos bonitos temperados saborosos conclui utilizacao 50 pm 28 up resultaram producao farinhas mistas caracteristicas ideais utilizacao produtos biscoitos,4613
18,"rotulos, rotulagem, alimentos_industrializados, consumidores, ingredientes, aditivos, receitas, aditivos_alimentares, vendedores, informacao_nutricional",presente tese objetivou analisar presenca produtos subprodutos derivados organismos geneticamente modificados ogm alimentos comercializados brasil alimentos consumidos populacao conformidade rotulagem regulamentacoes brasileiras atender objetivos propostos conduzidas quatro etapas pesquisa inicialmente realizou estudo_transversal tipo censo descritivo analitico analisados todos alimentos embalados disponiveis venda supermercado pertencente dez maiores redes supermercados brasil coletadas informacoes sobre identificacao alimento bem registro fotografico posterior obtencao lista ingredientes todos alimentos alimentos categorizados grupos acordo divisao estabelecida legislacao brasileira rotulagem alimentos rdc nº 359 2003 sendo posteriormente divididos tres conjuntos alimentos declaravam presenca ogm b alimentos continham ingredientes identificados gm conjunto declaravam rotulo c alimentos continham nenhum ingrediente possivelmente gm identificado conjunto declaravam rotulo informacoes disponiveis rotulo alimentos conjunto analisadas segundo regulamentacoes brasileiras rotulagem ogm decreto 4 680 2003 portaria 2 658 2003 identificados ingredientes gm contidos nestes alimentos verificou presenca ingredientes passiveis serem gm alimentos similares declaravam presenca ogm etapa 2 analises frequencia ingredientes gm listas ingredientes alimentos conjuntos b utilizou tecnica mineracao texto software r terceira etapa estudo buscou identificar partir literatura_cientifica ingredientes provenientes produtos subprodutos derivados culturas gm aplicacao industria_alimentos nomenclaturas podem ser encontradas rotulos alimentos fim buscou analisar presenca ingredientes possivelmente gm alimentos consumidos populacao brasileira meio dados consumo pesquisa orcamentos familiares pof realizados brasil 2008 09 total alimentos embalados analisados n 5048 4 7 n 238 conjunto declaravam presenca ogm rotulo sendo 2 8 conformidade legislacao brasileira rotulagem identificados 20 ingredientes gm conjunto maioria derivados milho n 15 total alimentos analisados 52 5 continham ingredientes possivelmente gm alimentos declaravam presenca ogm conjuntos b c 50 1 n 2410 continham menos 20 ingredientes gm identificados anteriormente conjunto conjunto b todos grupos alimentos continham ingredientes gm maior frequencia grupo molhos temperos prontos caldos sopas pratos prontos consumo 77 3 produtos doces 69 6 panificacao 59 9 observou presenca maxima 13 ingredientes possivelmente gm alimento meio revisao_literatura busca sistematica identificados 28 produtos subprodutos culturas gm soja milho algodao levedura aplicacoes industria alimenticia partir listagem ingredientes 5048 alimentos analisados censo supermercado tais produtos subprodutos identificados 101 nomenclaturas distintas presenca menos ingrediente possivelmente gm observada metade variedade 63 8 quantidade 64 5 alimentos consumidos brasileiros estudo destaca necessidade acoes garantam direito consumidor informacao sobre consumo produtos subprodutos possivelmente gm presentes alimentos ressalta importancia acoes fiscalizacao cumprimento legislacao rotulagem ogm vigente industrias alimentos necessidade revisao legislacao rotulagem modo quaisquer percentuais presenca produtos subprodutos gm identificados rotulo necessidade padronizacao terminologias utilizadas indicando origem alimento exemplo gordura vegetal soja forma consumidor informado sobre composicao alimentos possa exercer direito fazer escolhas_alimentares informadas,2403
18,"rotulos, rotulagem, alimentos_industrializados, consumidores, ingredientes, aditivos, receitas, aditivos_alimentares, vendedores, informacao_nutricional",observado ultimas decadas reducao frequencia preparo refeicoes casa consumo crescente alimentos_industrializados paralelo consumidores demonstrado interesse alimentos menos processados aditivos industriais cientes disso fabricantes alimentos utilizado rotulos alimentos_industrializados termo caseiro expressoes analogas regulamentados legislacao brasileira rotulagem alimentos entanto estudos analisaram lista ingredientes desses alimentos observaram presenca aditivos_alimentares indo desacordo esperado consumidores diante disso presente dissertacao mestrado objetivou identificar comparar similaridades divergencias ingredientes listados rotulos alimentos_industrializados termo caseiro analogos receitas culinarias tradicionais trata estudo_observacional transversal descritivo analitico analisou presenca termo caseiro expressoes analogas rotulos 7 828 alimentos_industrializados compoem censo rotulos conduzido 2020 partir alimentos identificados termo selecionadas receitas culinarias tradicionais correspondentes alimentos disponiveis livros receitas <dona benta comer bem= identificar alimentos analisados apresentavam principais ingredientes aditivos_alimentares listados receitas culinarias empregadas analises estatisticas descritivas termo caseiro analogos presente rotulo 104 alimentos classificados maioria n=55 55 89 ultraprocessados desses alimentos 46 44 23 pertenciam grupo alimentos 1 3 produtos panificacao cereais leguminosas raizes tuberculos derivados estabelecido rdc nº 359 2003 analise comparativa media ingredientes alimentos_industrializados n=51 media ingredientes receitas culinarias equivalentes n=52 mostrou receitas culinarias 6 80 ingredientes dp 2 81 ingredientes apresentaram numero estatisticamente maior p=0 0247 ingredientes alimentos_industrializados 6 14 ingredientes dp 2 53 ingredientes observou maior frequencia ingredientes processados in_natura minimamente processados analisar extensao proposito processamento industrial ingredientes listados receitas culinarias analise comparativa aditivos_alimentares alimentos_industrializados listados receitas culinarias equivalentes mostrou existencia diferenca estatisticamente significante p<0 0001 sendo frequencia maior grupo alimentos_industrializados aditivos_alimentares evidencia declarados rotulos alimentos_industrializados pertenciam classes funcionais conservantes corante fermento quimico aromatizante achados deste estudo enfatizam necessidade criacao regulamento tecnico especifico voltado utilizacao termo caseiro analogos rotulos alimentos_industrializados visto presenca desses termos rotulos alimentos_industrializados podem induzir consumidores equivoco quanto caracteristicas desses alimentos vez comparar ingredientes desses alimentos ingredientes receitas culinarias tradicionais percebe receitas baseadas principalmente alimentos_in_natura poucos aditivos_alimentares diferente encontra alimentos_industrializados comercializados,5095
18,"rotulos, rotulagem, alimentos_industrializados, consumidores, ingredientes, aditivos, receitas, aditivos_alimentares, vendedores, informacao_nutricional",terminologias caseiro tradicional original aparecem rotulos alimentos comercializados brasil contudo segundo legislacao brasileira rotulagem rotulos alimentos devem conter termos denominacoes possam ser demonstradas pois podem induzir consumidor erro relacao natureza composicao procedencia qualidade produtos presente estudo objetivou investigar percepcao consumidores adultos grande florianopolis sc relacao alimentos_industrializados terminologias caseiro tradicional original realizados 9 grupos_focais outubro dezembro 2015 compostos 3 8 participantes cada conducao grupos guiada roteiro semiestruturado perguntas relacionadas terminologias comumente encontradas paineis frontais alimentos_industrializados identificadas estudo censitario realizado supermercado pertencente dez maiores redes supermercados brasil sede florianopolis caseiro tradicional original roteiro incluidas questoes sobre significado terminologias identificadas percepcao sobre caracteristicas produtos terminologias utilizadas embalagens reais alimentos fim instigar discussao sobre significados cada terminologia criterios inclusao grupos participantes deveriam ser adultos moradores grande florianopolis realizar compras alimentos ter formacao nutricao estudo aprovado comite etica pesquisa seres_humanos universidade federal santa catarina ufsc entrevistas gravadas transcritas verbatim submetida analise tematica quarenta quatro individuos 20 58 anos participaram grupos_focais 24 sexo_feminino segundo participantes alimentos terminologia caseiro rotulo geralmente referem alimentos naturais menos processamento aditivos_alimentares feitos casa forma artesanal ainda terminologia pode remeter alimento sabor lembra alimento caseiro embalagem aparencia artesanal normalmente considerado saudavel saboroso alimentos terminologia tradicional rotulos remetem modo producao tradicional menos processamentos aditivos_alimentares natural artesanal contudo pode referir alimentos possuem variacoes exemplos sabores diet light marcas tradicionais antigas alimentos cujos sabores ingredientes mantiveram inalterados desde primeira formulacao alimentos terminologia original remeteram modo producao tradicional menos processamentos aditivos_alimentares naturais provenientes fazendas produzidas regiao podem ainda representar alimentos marca primeira lancar alimento mercado relacionados principalmente marcas tradicionais antigas podem expressar alimentos padroes possuem outras variacoes assim terminologia tradicional tres terminologias avaliadas apresentaram diferentes conceitos significados quanto terminologia podendo confundir consumidores referiram sentirem confusos enganados uso padronizado terminologias assim reitera necessidade proibicao uso terminologias demonstra necessaria melhora fiscalizacao uso terminologias rotulos alimentos nesse aspecto reforca ainda assegurado direito consumidor informacao adequada clara concisa assim informacoes contidas rotulos consumidor possa fazer escolha alimentar forma consciente,1603
19,"ccm, ages, restricao_calorica, wpc, prandial, castanha, amendoim, curcumina, voluntarias, glicacao",consumo castanhas destacado efeito cardioprotetor associado melhora perfil_lipidico controle peso_corporal efeito antioxidante anti_inflamatorio entanto maioria dessas evidencias fruto estudos conduzidos amendoas castanhas pouco presentes alimentacao brasileira partir estudos observacionais nessa perspectiva presente estudo objetivo avaliar efeito ingestao_diaria mistura amendoas castanhas brasileiras castanha bertholletia excelsa h b k castanha caju anacardium occidentale l associado dieta restricao_calorica sobre composicao_corporal funcao endotelial estresse_oxidativo mulheres risco_cardiometabolico trata estudo_clinico randomizado controlado 40 mulheres distribuidas aleatoriamente dois grupos 01 controle restricao_calorica 500 kcal dia consumo amendoas castanhas n= 19 2 mix nuts restricao_calorica 500 kcal dia associada consumo diario mix amendoas castanhas brasileiras 15 g amendoa castanha + 30 g amendoa castanha caju n= 21 periodo intervencao durou oito semanas longo quais todas voluntarias seguiram dieta prescrita inicio final intervencao todas participantes submetidas avaliacao_antropometrica composicao_corporal pressao_arterial sistolica diastolica indice tornozelo braquial itb ainda coletadas amostras sangue jejum analisados marcadores risco_cardiometabolico ct ldl_c hdl_c tgl apo a1 apob apoe glicose jejum insulina jejum indice_tyg marcadores sistemicos funcao endotelial icam 1 vcam 1 on marcadores_estresse_oxidativo sod mda frap cat gpx ldlox marcadores funcao hepatica ggt ast alt fosfatase alcalina selenio plasmatico analises estatisticas realizadas utilizando software spss versao 22 0 considerando nivel significancia = 5 normalidade variaveis avaliada teste shapiro_wilk teste_t_pareado teste wilcoxon utilizados avaliar efeito tempo tratamentos avaliar diferencas grupos utilizados teste t amostras independentes teste u mann_whitney apropriado teste ancova empregado comparacao medias grupos utilizando valores basais variaveis ajuste dados apresentados media + erro padrao media apos periodo intervencao reducao peso imc perimetros cintura quadril estatisticamente semelhante grupos contudo participantes grupo mix nuts apresentaram melhora composicao_corporal maior reducao percentual_gordura 0 1 + 0 3 vs 1 3 + 0 4 p= 0 019 menor perda massa_magra compartimentos corporais comparacao mulheres alocadas grupo_controle ainda apos consumo mix nuts melhora selenio plasmatico 8 9 + 7 3 vs 35 4 + 7 2 p= 0 010 alem reducao molecula adesao vcam 1 24 3 + 14 6 vs 25 8 + 10 4 p= 0 010 sugerindo reducao inflamacao endotelial entanto marcadores risco_cardiometabolico estresse_oxidativo funcao hepatica permaneceram inalterados apos periodo intervencao assim dados presente estudo demonstraram consumo amendoas castanhas brasileiras associado dieta restricao_calorica pode ser estimulado vez promove melhora composicao_corporal concentracao plasmatica selenio molecula adesao vcam 1 quais conjunto podem contribuir reducao risco_cardiovascular,3534
19,"ccm, ages, restricao_calorica, wpc, prandial, castanha, amendoim, curcumina, voluntarias, glicacao",obesidade considerada atualmente maiores problemas saude_publica mundo associada desenvolvimento diversas doencas_cronicas tais diabetes_mellitus_tipo_2 dm2 doencas_cardiovasculares dcv alguns tipos cancer alimentacao associada fatores geneticos ambientais desempenha papel significativo controle_peso modo inclusao alimentos especificos dieta pode ser estrategia util controle obesidade nuts grupo inseridas castanha caju castanha dopara frutos secos elevado teor gorduras insaturadas fibras vitaminas minerais compostos antioxidantes dentre nuts castanha destaca alto conteudo selenio micronutriente elevada capacidade_antioxidante enquanto castanha caju contem elevado teor acidos_graxos monoinsaturados mufa alem propriedades anti_inflamatorias associados aumento hdl_colesterol reducao risco_cardiovascular elevado teor proteinas fibras gorduras insaturadas presente ambas castanhas contribui maior saciedade consequentemente diminuicao ingestao_alimentar proveniente outros alimentos devido composicao_nutricional diversos estudos demonstrado beneficios associados ingestao regular nuts saude dentre menor risco desenvolver dcv dm2 reducao colesterol serico melhora estresse_oxidativo inflamacao entretanto pouco sabe sobre efeitos consumo agudo posprandial nuts organismo assim presente estudo objetivo avaliar efeitos ingestao aguda shake contendo castanha caju anacardium occidentale castanha bertholletia excelsa sobre percepcao fome saciedade homeostase metabolica estresse_oxidativo individuos excesso_peso tratou estudo_clinico randomizado cruzado simples cego controlado 15 individuos 18 59 anos avaliados quanto ingestao_alimentar incluindo percepcao fome saciedade glicemia perfil_lipidico estresse_oxidativo amostras sangue coletadas jejum 60 120 240 minutos apos ingestao shakes percepcao fome saciedade avaliada meio escalas visuais analogicas vas jejum 60 120 180 240 minutos apos ingestao shakes teste shapiro_wilk realizado verificar normalidade variaveis continuas analise variancia anova medidas repetidas seguida post hoc tukey aplicada testar efeito tempo intervencao shakes interacao dois fatores intervencao x tempo escalas saciedade metodo trapezoidal utilizado calcular area abaixo curva auc area abaixo curva incremental iauc escala saciedade perfil_lipidico plasmatico utilizando software graphpad prism versao 6 graphpad software inc teste_t_pareado utilizado comparar diferencas iauc saciedade consumo_calorico palatabilidade analise_sensorial bem perfil_lipidico plasmatico pos prandial shakes teste controle correcao greenhouse geisser aplicada esfericidade assumida analises estatisticas realizadas auxilio software spss 20 windows spss inc chicago il usa adotando criterio significancia estatistica 0 05 todas analises resultados sensacoes fome saciedade diferiram significativamente grupos teste controle concentracoes glicose insulina colesterol_total hdl_colesterol ldlcolesterol triglicerideos diferiram grupos analisada interacao tempo x dieta grupo teste observado aumento concentracao pos prandial complemento c3 assim maior auc acido estearico quanto marcadores_estresse_oxidativo reducao concentracoes pos prandiais malondialdeido mda superoxido_dismutase sod grupo teste relacao grupo_controle tais resultados parecem ter sido influenciados principalmente curto intervalo tempo estudo indicando consumo agudo nuts exerce efeitos saciedade metabolismo glicidico lipidico alem disso aumento concentracao pos prandial complemento c3 concomitantemente maior valor auc acido tearico grupo teste indica resposta pro inflamatoria induzida gordura_saturada modulada complemento c3 fim mix castanhas capaz reduzir estresse_oxidativo conforme mensurado mda observado melhora capacidade_antioxidante conforme mensurado sod estudos necessarios elucidar mecanismos relacionados consumo agudo nuts,2623
19,"ccm, ages, restricao_calorica, wpc, prandial, castanha, amendoim, curcumina, voluntarias, glicacao",desenvolvimento hipertrofia adipocitos subjacentes obesidade doencas metabolicas associadas diabetes_mellitus_tipo_2 dm2 vez produtos finais glicacao avancada chamados ages ingles advanced glycated end products tendem ser abundantes condicoes hiperglicemia excesso_peso objetivo desse estudo avaliar efeito consumo regular castanha brasil associado dieta restrita calorias sobre produtos finais glicacao avancada mulheres adultas excesso_peso trata ensaio_clinico controlado paralelo randomizado mulheres adultas excesso_peso risco_cardiometabolico quarenta seis participantes alocadas grupo_controle grupo castanha brasil cb grupo teste ambos grupos receberam plano alimentar reducao calorias 500 kcal entanto apenas grupo teste recebeu 2 unidades castanha brasil 8 g dia castanha 347 2 g dia selenio dia durante oito semanas marcadores antropometricos peso altura perimetros cintura quadril pescoco panturrilha composicao_corporal gordura_corporal massa livre gordura consumo_alimentar media tres recordatorios alimentar 24 horas avaliadas inicio final estudo laboratorio metabolismo_energetico composicao_corporal marcadores_bioquimicos avaliados amostras sangue coletadas manha apos jejum noturno 10 12h armazenadas 80°c consumo ages dieta dages estimado partir banco dados contendo 549 alimentos valores ages 100g alimento estimados acordo conteudo carboximetillisina cml expressos ages equivalentes eq dia determinacao quantitativa cml metilglioxal mgo srage receptores soluveis produtos finas glicacao acavncada utilizados kits elisa analise produtos precoces glicacao egps realizada partir tecnica nitroblue tetrazolium nbt anova dois fatores medidas repetidas anova rm seguida teste_tukey kramer aplicada verificar efeito tratamento tempo interacao tempo tratamento variaveis todas analises realizadas software spss adotado nivel significancia estatistica =5 metilglioxal diminuiu grupo castanha brasil srage reduziu grupo_controle alem disso mgo negativamente associado concentracao selenio grupo cb r= 0 459 p= 0 028 enquanto srage correlacionou positivamente variacao gordura_corporal kg grupo_controle r= 0 466 p= 0 025 insulina grupo cb r= 0 459 p= 0 028 ages dieta apresentaram reducao significante dieta restricao_calorica 500 kcal associada consumo 8g castanha brasil diminuiu concentracao plasmatica mgo enquanto apenas restricao_calorica capaz diminuir concentracoes srage alteracoes marcadores glicacao associados diferentes marcadores antropometricos bioquimicos,4365
20,"dhgna, selenio, hiv, cobre, dii, zinco, vhc, ambulatorio, estadiamento, lipodistrofia",esclerose multipla doenca inflamatoria cronica desmielinizante sistema_nervoso_central componente autoimune degenerativo patogenia envolve alteracoes permeabilidade barreira hematoencefalica acredita zinco capaz migrar sistema_nervoso_central junto celulas imunes cerebro pode concentrar zinco niveis toxicos induzindo alteracoes capazes mediar neurodegeneracao objetivo investigar status zinco relacao esclerose multipla estudo analitico observacional transversal grupos caso n=50 controle n=50 coletados dados_sociodemograficos antropometricos composicao_corporal zinco plasmatico eritrocitario analisado espectrofotometria absorcao atomica chama atividade superoxido_dismutase eritrocitaria espectrofotometria pacientes caso 90 possuiam subtipo remitente recorrente apresentaram sintomas incapacidade funcional peso apresentou correlacao negativa valores zinco eritrocitario p=0 03 superoxido_dismutase p=0 01 grupo caso apresentou percentual_gordura maior relacao controle p=0 03 ingestao zinco esclerose multipla 5 7mg dia menor controle 8 0mg dia p<0 01 participantes caso 100 apresentaram consumo inadequado desse mineral apresentaram niveis zinco plasmatico 94 6 l dl sod 2298 9u ghb significativamente maiores comparados controle p=0 02 zinco eritrocitario apresentou correlacao negativa peso positiva tempo doenca grau incapacidade funcional p<0 01 pacientes caso apresentaram ingestao_dietetica zinco inadequada relacao recomendacao consumo zinco influenciou peso parece alterar acordo tempo doenca zinco eritrocitario caracterizou excessivo excesso zinco eritrocitario mostrou relacao duracao progressao esclerose multipla acordo escala incapacidade funcional,1591
20,"dhgna, selenio, hiv, cobre, dii, zinco, vhc, ambulatorio, estadiamento, lipodistrofia",funcoes tireoide dependem presenca elementos tracos zinco cobre evidencias mostram biomarcadores desses minerais encontram desequilibrio presenca doencas nodulares tireoidianas porem alguns resultados controversos presente estudo objetivou avaliar biomarcadores zinco cobre pacientes_adultos portadores nodulos tireoidianos fortaleza ceara estudo tipo transversal conduzido 121 portadores nodulos tireoidianos diagnosticados analise citologica grupo nodulo 72 participantes saudaveis grupo_controle coletados dados_socioeconomicos clinicos realizadas medidas_antropometricas peso altura calculo indice_massa_corporal imc circunferencia_cintura cc apos jejum 10 12 horas participantes submetidos coleta sangue venoso determinacoes zinco cobre plasmatico hemoglobina atividade superoxido_dismutase sod eritrocitaria realizadas analises estatisticas associacao comparacoes medias variaveis ambos grupos correlacoes variaveis clinicas antropometricas bioquimicas grupo nodulo adotando nivel significancia 5 observou predominancia diagnostico citologico benigno grupo nodulo apresentou maiores medias idade p< 0 001 imc p=0 001 grupo_controle maioria participantes grupo nodulo encontrava elevados valores cc quantos biomarcadores zinco plasmatico grupo nodulo menor comparado controle 78 8 + 13 0 g dl 1 85 3 + 6 0 g dl 1 respectivamente p<0 001 porem cobre plasmatico razao cobre zinco atividade sod eritrocitaria apresentaram valores altos grupo nodulo relacao controle 138 1 + 87 1 g dl 1 87 1 + 8 9 g dl 1 1 8 + 0 7 1 0 + 0 1 2895 4 + 557 8 u ghb 1 2193 2 + 673 2 u ghb 1 respectivamente p<0 001 imc cc grupo nodulo correlacionaram positivamente cobre razao cobre zinco plasmaticos p<0 05 doencas nodulares tireoide interferiram pool plasmatico zinco cobre porem parecem alterar dinamica metabolismo desses minerais dada altas razao cobre zinco atividade sod eritrocitaria presentes grupo nodulo,2447
20,"dhgna, selenio, hiv, cobre, dii, zinco, vhc, ambulatorio, estadiamento, lipodistrofia",virus hepatite c hiv ocasionam repercussoes metabolicas importantes curso infeccao cronica principalmente resistencia insulinica diabetes mellitus artigos recentes envolvendo investigacoes pacientes portadores virus c mono coinfectados hiv mostraram meio variavel peso relacoes progressao doenca relacoes consideraram diferentes distribuicoes massa_magra adiposa objetivo avaliar composicao corporea perfil_bioquimico pacientes mono coinfectados virus vhc hiv correlacionando estadiamento histologico doenca hepatica cronica metodologia estudo_transversal realizado 231doentes sendo 142 portadores vhc 44 hiv 45 coinfectados vhc hiv aferidas medidas_antropometricas registrados dados_demograficos estilo_vida perfil_bioquimico genotipo contagem celulas cd4 carga viral hiv estadiamento histologico analise comparativa tres grupos excluidos individuos outra coinfeccao menores 18 anos uso interferon ribavirina resultados media idade 47 2 anos sendo 60 genero masculino 187 pacientes portadores vhc 80 genotipo 1 n=110 imc predominantemente eutrofia circunferencia_cintura adequada maioria pacientes inclusos tres grupos proporcao massa adiposa maior grupo vhc representada prega cutanea triciptal media igual 15 1+ 8 8 seguida grupo vhc hiv=10 3+ 5 2 hiv=11 5+ 5 8 p<0 001 obtida somatorio quatro pregas triciptal biciptal suprailiaca subescapular vhc=63 7+ 26 9 vhc hiv=49 3+ 24 hiv=53 4+ 25 6 p<0 001 percentual_gordura corporea total vhc=29 7+ 8 7 vhc hiv=25+ 8 6 hiv=25 3+ 8 2 p=0 003 grau inflamacao fibrose relacao estadiamento doenca variaveis antropometricas apresentaram diferencas significantes grupos vhc porem observamos relacao grau fibrose idade onde 71 4 idosos apresentaram maior prevalencia fibrose estadio avancado f3 f4 n=15 comparado 33 7 adultos n=28 p=0 002 grau fibrose f3 f4 associado menor nivel hdl serico 53 8 n=28 p=0 009 colesterol_total ct 200 presente 33 3 mono infectados hiv seguidos 14 9 vhc 12 9 pacientes vhc hiv p=0 041 enquanto ldlc 130 prevalente grupo infectado hiv 36 vhc 10 7 vhc hiv 11 1 p=0 003 hdlc apresentou maior inadequacao grupo hiv 64 3 seguido vhc hiv 58 1 vhc 49 6 porem p=0 069 conclusao existem diferencas composicao corporea perfil_lipidico pacientes mono coinfectados virus hepatite c hiv sendo vhc grupo maior proporcao tecido_adiposo variaveis antropometricas apresentaram correlacao grau inflamacao fibrose niveis aumentados ct ldlc reduzidos hdlc pacientes infectados hiv mostraram haart perfil_lipidico deste grupo pacientes permanece alterado comparado pacientes mono coinfectados vhc,76
21,"inseguranca_alimentar, familias, pbf, capita, domicilios, escala_brasileira_inseguranca_alimentar, situacao, programa_bolsa_familia, domicilio, per",brasil historico profundo desigualdades racismo sexismo corroboram estruturar tais disparidades sociais nesta conjuntura pandemia_covid_19 estabelece acentuando assimetrias sociais pre existentes somadas crise fome principalmente lares comandados mulheres negras objetivo avaliar influencia pandemia_covid_19 inseguranca_alimentar ia segundo interseccionalidade genero raca cor brasil metodos estudo_transversal utilizando microdados i ii inqueritos nacionais sobre inseguranca_alimentar contexto pandemia_covid_19 vigisan 2021 2022 realizados rede penssan mensuradas proporcoes respectivos intervalos confianca 95 ic95 analises descritivas caracteristicas sociodemograficas individuos socioeconomicas domicilios seguranca_alimentar sa niveis inseguranca_alimentar ia aferidos atraves escala_brasileira_inseguranca_alimentar ebia 8 itens perfis chefe domicilio estratificados partir cruzamento variavel sexo masculino feminino raca cor branco preto pardo partir disso prevalencias sa ia estimadas assim variacoes c ano 2021 2022 segundo perfis criados determinar razoes chance odds ratio  or desenvolvidas regressoes logisticas multinomiais realizacao ajustes corrigir erros estatisticos causados variaveis confusao todas analises feitas software estatistico stata versao 16 statacorp college station estados unidos resultados identificado aumento proporcao chefes familias ocupacao informal daqueles trabalho regular empreendedores individuais segundo ano inquerito alem disso proporcao sa ia leve diminuiu 2022 formas graves ia moderada grave aumentaram variacoes prevalencias mostram domicilios onde referencia raca cor negra permanecem diminuindo prevalencia sa observado lares onde referencia branca 2022 domicilios chefia feminina negra chances estarem ia moderada grave maior comparadas domicilios chefiados mulheres brancas conclusao evidenciado situacao crise pandemia_covid_19 ser chefe familia genero feminino raca cor negra preta + parda expoe forma significativa domicilio niveis graves ia moderada+grave resultado destaca necessidade olhar interseccional analisar vulnerabilidades existentes sociedade brasileira,5025
21,"inseguranca_alimentar, familias, pbf, capita, domicilios, escala_brasileira_inseguranca_alimentar, situacao, programa_bolsa_familia, domicilio, per",presente estudo objetivo avaliar variacao situacao inseguranca_alimentar ia indicadores sociais familias beneficiadas beneficiadas pbf apos cinco anos implantacao realizados dois inqueritos populacionais 2005 2010 regiao metropolitana rio janeiro avaliando domicilios quanto participacao pbf ia meio escala_brasileira_inseguranca_alimentar ebia variaveis_socioeconomicas renda_familiar mensal per capita escolaridade chefe familia numero moradores domicilio acesso bens abastecimento presenca filtro agua utilizou teste_qui_quadrado teste t student respectivos intervalos confianca ic95 insercao familias beneficiadas pbf aumentou 8 1 ic95 6 0 10 8 2005 15 ic95 12 4 18 0 2010 proporcao ia reduziu 53 4 40 7 inquerito seguinte tendo queda significativa categoria grave ia 14 ic95 11 3 17 0 3 ic95 2 1 5 1 familias beneficiadas pbf anos 2005 2010 reducao significativa pobreza extrema p valor<0 01 aumento proporcao daquelas pobreza ano 2010 bem reducao proporcao ia grave p valor <0 001 aumento significativo familias renda mensal per capita salario_minimo p valor<0 05 reducao numero pessoas domicilio p valor<0 001 refletindo aumento renda media melhor classificacao socioeconomica nesse grupo melhoria abastecimento agua ambos grupos apenas domicilios pbf apresentaram aumento significativo presenca filtro agua progresso condicoes_socioeconomicas ia familias pbf sugerem programa contribuiu gerar melhores condicoes vida domicilios estudados entretanto falta investimentos locais reflete ausencia melhorias saneamento visto fatores representam contrapartidas governo municipal,757
21,"inseguranca_alimentar, familias, pbf, capita, domicilios, escala_brasileira_inseguranca_alimentar, situacao, programa_bolsa_familia, domicilio, per",apesar esforcos longo anos combate inseguranca_alimentar ia ainda problema frequente especial trata populacoes vulneraveis caso indigenas brasil estudo objetivou conhecer prevalencia fatores_associados inseguranca_alimentar familias indigenas estado alagoas trata estudo_transversal base_populacional buscou avaliar 11 etnias indigenas estado planejamento amostral utilizou prevalencia 50 fim obter maior tamanho amostral possivel assim universo 8 575 familias nivel significancia 5 0 erro amostral 3 0 intervalo 95 confianca necessaria amostra 950 familias variavel dependente ia definida escala_brasileira_inseguranca_alimentar realizada analise bivariada seguida analise multivariada meio modelo hierarquizado variaveis independentes caracteristicas demograficas socioeconomicas ambientais atraves regressao_poisson ajuste robusto variancia resultados apontaram 1270 familias avaliadas prevalencia 69 06 ia algum grau classificacao sendo quase 30 formas moderada grave variaveis independentes associadas ia sexo rp=1 38 ic95 1 16 1 63 tipo casa rp=1 69 ic95 1 25 2 28 numero comodos rp=1 47 ic95 1 18 1 84 escolaridade chefe 5 8 anos rp=1 80 ic95 1 38 2 34 menos 4 anos estudo rp=2 02 ic95 1 61 2 53 quanto condicoes trabalho chefes domicilio aposentados pensionistas rp=1 73 ic95 1 10 2 73 desempregados rp=1 62 ic95 1 03 2 54 renda total menor salario dois salarios_minimos rp=1 69 ic95 1 22 2 33 zero salario_minimo rp=2 00 ic95 1 44 2 76 situacao ia indigenas alagoanos elevada mostrou associada fatores demograficos socioeconomicos ambientais evidenciam vulnerabilidade necessidade acoes politicas_publicas garantia direitos desses povos melhora qualidade_vida,4882
22,"tocoferol, caroteno, 100g, luteina, carotenoides, vitamina, dha, folico, agpi, tiamina",sorgo sorghum bicolor l cereal utilizado alimentacao humana paises africa asia america central ainda pouco consumido brasil outros paises ocidente cereal possui elevado valor_nutricional potencial funcional quais podem ser alterados durante processamento graos entanto ainda escassos literatura dados sobre efeitos principais tipos processamento concentracao vitaminas compostos_bioativos sorgo neste contexto presente pesquisa objetivo avaliar estabilidade vitaminas carotenoides flavonoides graos sorgo desenvolvidos alimentacao humana forma in_natura processada genotipo brs 330 avaliado efeito processamento diferentes condicoes extrusao industrial maceracao germinacao estalamento pipoqueira convencional estalamento micro ondas coccao agua concentracao vitaminas complexo b tiamina riboflavina piridoxina vitamina g tocoferois tocotrienois carotenoides luteina zeaxantina flavonoides 3 desoxiantocianidinas 3 dxas flavonas flavanonas compostos analisados cromatografia_liquida_alta_eficiencia clae sendo vitaminas complexo b vitamina detectadas fluorescencia carotenoides flavonoides utilizando deteccao arranjo diodos dad maceracao germinacao reduziram concentracoes tiamina piridoxina retencao 3 8 50 2 respectivamente concentracao riboflavina afetada maceracao aumentou germinacao p<0 05 concentracao vitamina total influenciada maceracao p>0 05 sendo germinacao reduziu concentracao total deste composto p<0 05 concentracao carotenoides afetada maceracao germinacao comparada controle p>0 05 3 dxas sensiveis maceracao germinacao retencao 69 7 70 0 respectivamente concentracao flavonas influenciada vmaceracao p>0 05 reduziu germinacao p<0 05 concentracao flavanonas aumentou graos macerados reduziu graos germinados p<0 05 ambos estalamentos coccao agua reduziram concentracoes tiamina comparados controle p<0 05 influenciaram riboflavina estalamento micro ondas afetou concentracao piridoxina p>0 05 sendo estalamento pipoqueira coccao agua reduziram concentracoes desta vitamina p<0 05 estalamento pipoqueira afetou concentracao total vitamina p>0 05 forma geral perfis vitamina apos estalamentos graos similares si excecao tocoferol g tocotrienol concentracoes influenciadas apos estalamento micro ondas reduziram apos estalamento pipoqueira coccao agua coccao graos agua afetou concentracao total vitamina perfil similar apresentado apos estalamento graos pipoqueira ambos estalamentos coccao apresentaram comportamento similar vez reduziram concentracoes somas carotenoides bem zeaxantina influenciaram luteina 3 dxas estalamentos coccao apresentaram efeitos similares retencoes variaram 0 04 22 4 relacao concentracoes iniciais estalamentos resultaram retencoes apenas 1 4 13 7 tempo reduziram concentracao flavanonas retencao 2 7 17 7 relacao extrusao graos sorgo pontos centrais temperatura rotacoes parafuso influenciaram concentracoes tiamina piridoxina diferentes temperaturas rotacoes parafuso influenciaram concentracoes luteina zeaxantina total carotenoides maiores temperaturas rotacoes 161 182 c 292 348 rpm aumentaram concentracao tocoferol menores temperaturas 98 119 c maiores rotacoes parafuso 292 348 rpm aumentaram concentracao tocotrienol valores medios rotacoes parafuso 178 292 rpm baixos valores temperatura 98 119 c aumentaram concentracao tocotrienol total 3 dxas influenciado temperaturas rotacoes utilizadas extrusao concentracoes apigeninidina 7 metoxi apigeninidina aumentaram condicoes alta temperatura baixa rotacao parafuso temperaturas rotacoes influenciaram concentracoes flavonas flavanonas totais eriodictiol aumentaram valores altos rotacoes parafuso resultados indicam temperaturas rotacoes parafuso apresentaram comportamentos diferentes frente cada classe compostos sendo maiores valores rotacoes menores valores temperatura ocasionaram menores perdas vitaminas carotenoides flavonoides conclusao recomenda ingestao sorgo especialmente formas macerada cozida agua bem condicoes extrusao incluam altos valores rotacao parafuso menores valores temperatura,1797
22,"tocoferol, caroteno, 100g, luteina, carotenoides, vitamina, dha, folico, agpi, tiamina",hamacek fabiana rossi m sc universidade federal vicosa fevereiro 2012 caracterizacao fisica quimica valor_nutricional especies frutiferas cerrado minas gerais orientadora helena maria pinheiro santana co orientadoras ana vladia moreira bandeira hercia stampini martino duarte sonia machado rocha ribeiro especies nativas cerrado brasileiro podem contribuir fornecimento frutos elevado valor_nutricional alem caracteristicas peculiares formas variadas cores fortes sabores sui generis aspectos sensoriais intensos tornam consumo atrativo ingestao desses frutos populacao pode contribuir menor incidencia mortalidade diversas doencas_cronicas_transmissiveis devido principalmente acao antioxidante carotenoides vitaminas presentes polpa alem disso consumo desses frutos pode contribuir realizacao direito alimentacao_adequada garantia seguranca_alimentar_nutricional dessa forma presente estudo objetivos avaliar caracteristicas fisicas composicao_quimica ocorrencia conteudo carotenoides caroteno caroteno criptoxantina licopeno vitamina_c acido_ascorbico acido desidroascorbico vitamina tocoferois tocotrienois folatos tetraidrofolato 5 metiltetraidrofolato 5 formiltetraidrofolato frutos cerrado minas gerais utilizados frutos araca buriti murici tamarindo coletados epoca safra area vegetal nativa formacao tipica cerrado mineiro avaliou caracteristicas fisicas frutos massa diametros comprimento altura rendimento teor acidez total titulavel solidos_soluveis_totais ph polpa in_natura frutos umidade cinzas proteinas lipidios fibra_alimentar total carboidratos determinados polpa in_natura frutos umidade determinada estufa 105°c cinzas mufla 550 °c proteinas determinadas metodo micro kjeldhal lipidios determinados extrator soxhlet fibra_alimentar total determinada metodo gravimetrico enzimatico carboidratos calculados diferenca atraves formula 100 umidade lipidios proteinas fibra_alimentar total cinzas valor energetico total estimado considerando fatores conversao 4 kcal g proteina carboidrato 9 kcal g lipidios analises vitamina_c carotenoides realizadas cromatografia_liquida_alta_eficiencia clae deteccao uv visivel detector arranjos diodos vitamina folatos clae deteccao fluorescencia frutos analisados apresentaram cores atrativas formas variadas odores caracteristicos araca murici apresentaram rendimento polpa elevado 81 43 79 04 respectivamente tamarindo rendimento mediano 52 21 enquanto buriti apresentou baixo rendimento 22 75 teor solidos_soluveis_totais frutos variaram 7 03 44 00 ºbrix araca tamarindo respectivamente conteudo acidez total titulavel maior polpa tamarindo 18 52 g acido tartarico 100g ph frutos variou 2 95 3 93 tamarindo murici respectivamente umidade menor polpa tamarindo 35 65 g 100g maior polpa araca 77 46 g 100g conteudo proteinas variou 1 26 12 39 g 100g murici tamarindo respectivamente teor lipidico polpas menor araca 1 07 g 100g maior buriti 12 13 g 100g conteudo fibra_alimentar total variou 4 14 g 100g tamarindo 13 58 g 100g murici teor carboidratos variou 2 10 g 100g polpa buriti 50 40 g 100g polpa tamarindo valor energetico total menor fruto araca 43 19 kcal 100g maior tamarindo 273 01 kcal 100g maior teor carotenoides encontrado buriti 23 94 mg 100g buriti murici apresentaram maiores conteudos vitamina_c 59 94 mg 100g 27 24 mg 100g respectivamente conteudo vitamina elevado fruto buriti 6470 74 µg 100g representativo murici 1816 72 µg 100g observada presenca folatos frutos araca 244 08 µg 100g buriti 53 08 µg 100g tamarindo 59 35 µg 100g frutos cerrado minas gerais analisados apresentaram excelente valor_nutricional sendo alguns fontes importantes macronutrientes fibra_alimentar total lipidios carboidratos micronutrientes carotenoides vitaminas podendo ser classificados fonte tamarindo vitamina_c boa fonte araca folatos murici vitamina excelente fonte buriti pro vitamina vitamina_c vitamina murici pro vitamina dessa forma ingestao araca buriti murici tamarindo mostram alternativa alimentacao populacoes vulnerabilidade_social habitam cerrado minas gerais podendo ser ferramenta alcance seguranca_alimentar_nutricional prevencao varias patologias alem disso deve estimular cultivo consumo desses frutos populacoes habitam outras regioes,398
22,"tocoferol, caroteno, 100g, luteina, carotenoides, vitamina, dha, folico, agpi, tiamina",sorgo quinto cereal produzido mundo considerado fonte nutrientes compostos_bioativos especialmente 3 deoxiantocianidinas taninos vitamina policosanois outros compostos antioxidantes modulam beneficamente parametros relacionados doencas transmissiveis antes utilizacao consumo humano sorgo precisa ser processado pode alterar nutrientes compostos_bioativos estudo objetivo avaliar variabilidade nutrientes compostos_bioativos sorgo sorghum bicolor l estabilidade extrusao processamento forno convencional utilizando calor seco cem genotipos sorgo selecionados partir colecao alta variabilidade genetica embrapa milho sorgo sete lagoas mg brasil analisados quanto teores carotenoides vitamina tococromanois cromatografia_liquida_alta_eficiencia clae detector arranjo diodos dad variabilidade genetica carotenoides tococromanois 100 genotipos sorgo avaliada tecnica agrupamento tocher cem genotipos sorgo apresentaram alta variabilidade teores tococromanois 280 7 2 962 4 g 100g base umida sendo 23 genotipos classificados fonte vitamina carotenoides_totais variaram 2 12 85 46 g 100g cem genotipos sorgo acordo variabilidade genetica carotenoides tococromanois 100 genotipos divididos sete grupos geneticamente distintos si partir 100 genotipos sorgo tres selecionados sc319 b dlo357 sc391 submetidos tres tipos tratamento f1 farinha crua graos moidos moinho analitico micro rotor 850 m f2 calor seco forno convencional moagem forno moagem graos inteiros submetidos calor seco forno convencional csfc 121 °c 25 min subsequentemente moidos moinho analitico micro rotor 850 m f3 extrusao moagem graos extrudados extrusora parafuso dupla rosca graos tres genotipos processados caracterizados quanto teor flavanonas teor carotenoides 3 deoxiantocianidinas flavonas determinados clae dad tococromanois grau proantocianidinas analisados clae deteccao fluorescencia fenolicos totais atividade_antioxidante espectrofotometria diferencas determinados efeitos diferentes processamentos avaliadas anova seguida teste duncan = 5 retencao total tococromanois equivalente tocoferol diminuiu apos extrusao 69 1 84 8 52 4 85 0 respectivamente aumentou apos processamento csfc 106 8 114 7 109 9 115 8 respectivamente retencao carotenoides sorgo diminuiu apos extrusao 30 7 37 1 csfc 58 6 79 2 teores flavanonas flavonas diminuiram apos extrusao 100 csfc 31 7 61 6 3 dxas estaveis apos csfc susceptiveis extrusao 70 7 93 9 proantocianidinas identificadas apenas genotipo sc391 reduziram apos ambos processamentos csfc 39 2 extrusao 52 1 fenois totais diminuiram genotipo sc319 submetido csfc 8 3 todos genotipos extrudados 13 6 14 9 csfc aumentou capacidade_antioxidante todos genotipos enquanto extrusao reduziu capacidade_antioxidante dois genotipos conclusao perfil tococromanois carotenoides apresentaram ampla variacao genotipos apresentaram alta variabilidade genetica carotenoides tococromanois sorgo apresentou fonte tococromanois aumentaram apos csfc diminuiram apos extrusao teor carotenoides sorgo diminuiu apos csfc extrusao estabilidade diferencial principais flavonoides sorgo observada apos csfc extrusao implica diferentes tecnicas processamento podem ser selecionadas minimizar perda polifenois bioativos sorgo dependendo composicao flavonoides,935
23,"kefir, msg, sal, ervas, sede, afe, des, triptofano, glutamato, p60",objetivo avaliar influencia consumo cronico leite kefir sobre niveis pressoricos parametros_bioquimicos renais ratos machos shr induzidos sm metodologia inoculou 5 g graos kefir 100 ml leite vaca pasteurizado diferentes teores lipideos 5 5 3 5 4 ºc amostras incubadas estufa temperatura controlada 25 + 2 ºc 24 horas nessas amostras determinadas umidade teor cinzas proteinas carboidratos lipideos totais ph acidez determinacao perfil acidos_graxos realizada cromatografia gasosa apos extracao saponificacao esterificacao contagem bacterias lacticas leveduras totais feita metodo plaqueamento superficie partir diluicoes decimais sucessivas amostras utilizados 35 ratos machos shr 2º 7º dia vida filhotes submetidos protocolo inducao sm injecoes subcutaneas administradas regiao cervical concentracao 4 mg msg g peso_corporal apos 12 semanas confirmacao sm animais submetidos avaliacao pressao_arterial glicemia_jejum pesagem posteriormente animais subdivididos cinco grupos leite leite 5 5 lipideo kefir kefir leite 5 5 lipideo leite b leite 3 5 lipideo kefir b kefir leite 3 5 lipideo grupo_controle msg+sal seguida animais transferidos gaiolas individuais passando receber dieta comercial kefir 1 ml animal via gavagem diariamente 10 semanas ganho peso_corporal ingestao_alimentar animais registrados semanalmente final periodo experimental animais dessensibilizados isofluorano eutanasiados tiopental sangue coletado puncao arteria aorta abdominal rins removidos analises colesterol_total fracao hdl_colesterol triglicerideos determinados meio metodo enzimatico colorimetrico analise bioquimica funcao_renal determinadas concentracoes ureia creatinina microalbuminuria sodio potassio determinadas atividades enzimas catalase cat superoxido_dismutase sod glutationa s transferase gsh citosolica analise histologica rins submetidos etapas fixacao desidratacao inclusao parafina apos microtomia corados hematoxilina eosina he resultados caracterizacao microbiologica leite kefir evidenciou expressivo crescimento microbiano processo fermentacao aproximadamente cinco ciclos log bal dois leveduras umidade kefir kefir b maior leite leite b processo fermentacao reducao teores proteinas lipideos elevacao teores acido lactico promoveu reducao ph kefir observou reducao 17 5 teores carboidratos kefir b apenas 2 3 kefir perfil_lipidico amostras leite kefir revelou presenca 15 acidos_graxos amostras kefir apresentaram niveis elevados maioria acidos_graxos c8 0 c10 0 c12 0 c14 0 c16 0 c18 0 c18 1t c18 1c 969 9 amostras leite apresentaram maiores teores acidos_graxos c20 2 c20 4 assim acidos_graxos essenciais linoleico c18 2c 969 6  leite 945 linolenico c18 n3 969 3  leite b consumo_alimentar ganho_peso similares grupos longo periodo experimental contudo coeficiente eficiencia alimentar significativamente maior grupo kefir b p<0 05 final periodo experimental observou reducao pas grupo leite b elevacao niveis glicemia sanguinea grupos leite kefir niveis colesterol_total hdl_colesterol apresentaram elevados grupo_controle msg+sal niveis triglicerideos concentracao creatinina plasmatica clearance creatinina diferiram significativamente grupos concentracao ureia plasmatica maior grupo leite menor grupo leite b reducao concentracao microalbumina urinaria grupos leite kefir kefir b aumento grupo_controle msg+sal atividade sod maior grupos leite b kefir b consumo leite kefir influenciou significativamente atividade cat excrecao na+2 diferiu grupo_controle consumiram leite kefir porem excrecao k+ maior grupo_controle msg+sal relacao analise histologica rins observou aumento significativo area glomerular animais grupo_controle msg+sal conclusao kefir apresentou caracteristicas produto fermentado potencial probiotico considerando caracteristicas_nutricionais baixo teor lipideos controle ingestao_alimentar ganho_peso pressao_arterial alteracao parametros renais evidenciasse quadro patologico pode ser considerado alimento adequado consumo parte dieta saudavel,925
23,"kefir, msg, sal, ervas, sede, afe, des, triptofano, glutamato, p60",alimentos propriedades funcionais incluindo prebioticos apresentam papel importante nutricao basica reduzem riscos doencas_cronicas_transmissiveis portanto objetivos deste trabalho avaliar efeitos prebioticos frutooligossacarideo lactulose adicionados iogurte tipo grego ratos desde desmame sobre parametros nutricionais comportamentais ansiedade memoria depressao locomocao exploracao utilizados 35 ratos machos wistar 21 dias idade distribuidos controle c  racao comercial nuvilab R n=12 iogurte frutooligossacarideo fos  racao comercial nuvilab R 6 p p iogurte grego frutooligossacarideo liofilizado n=11 iogurte lactulose lac  racao comercial nuvilab R 6 p p iogurte grego lactulose liofilizado n=12 oferta alimentos agua ad libitum durante todo tratamento avaliados peso ganho_peso ingestao_alimentar total iat coeficiente eficacia alimentar cea comprimento nasoanal cna circunferencia_abdominal toracica ansiedade labirinto cruz elevado lce campo aberto transicao claro escuro memoria sequencia comportamental saciedade scs preferencia sacarose 106º dia apos jejum 12 horas animais anestesiados eutanasiados retirados 5ml sangue analise bioquimica glicemia colesterol_total ct lipoproteina_alta_densidade hdl triacilglicerol tg creatinina ureia bilirrubina direta indireta total atividade alanina aminotransferase alt aspartato aminotransferase ast amostras hepaticas fecal secadas determinacao lipidios totais ct tg orgaos baco coracao figado rins suprarrenais gordura_abdominal epididimal mesenterica retroperitoneal visceral ossos femur tibia retirados pesados medidos prebioticos fos lac interferiram peso final orgaos ganho_peso cna gordura_abdominal iat circunferencia_abdominal comprimento tibia femur minerais totais ast aumentou cea fos reduziu glicose ct creatinina relacao lac menores c fos reduziu tg hdl fos reduziu ureia relacao c menores lac fos lac reduziram bilirrubina total aumentaram bilirrubina direta fos aumentou bilirrubina indireta comparacao c maior lac fos aumentou ast relacao lac maior c lac aumentou triacilglicerol figado reduziu fezes prebioticos alteraram teores lipidios colesterol hepatico fecal nenhum parametro avaliado lce campo aberto todos animais interagiram objeto c fos lac interagiram objeto c apresentaram maior frequencia entradas zona clara teste claro escuro lac apresentou tempo alimentacao c fos consumiram racao fos fos permaneceu tempo repouso scs fos lac diminuiram consumo sacarose primeiro dia todos animais consumiram sacarose terceiro dia teste preferencia sacarose suplementacao prebioticos fos lac adicionados iogurte tipo grego alteraram parametros nutricionais influenciaram ansiedade locomocao exploracao depressao melhoraram perfil_bioquimico memoria,5201
23,"kefir, msg, sal, ervas, sede, afe, des, triptofano, glutamato, p60",recente atencao sido dada papel atividade_fisica espontanea afe representa todas atividades fisicas voluntarias vida diaria tais manutencao postura deambulacao tonus muscular inegavel importancia obter entendimento acerca afe relacoes respostas metabolicas conta forte influencia afe sobre gasto_energetico diario estrategias capazes aumentar afe manipulacoes farmacologicas geneticas extrema importancia indicios associacao treinamento_fisico aerobio manutencao animais gaiolas espaco habitacional amplo possa provir interessante modelo experimental capaz estimular afe dessa forma objetivo inicial desenvolver aparatos mensurar afe roedores mantidos diferentes condicoes alojamento apos desenvolvimento aparatos objetivo investigar efeitos treinamento_fisico aerobio espaco habitacional sobre afe respostas metabolicas camundongos_c57bl 6j desse modo quarenta camundongos machos distribuidos dois tipos alojamento espaco padrao ep 1320 cm2 espaco amplo ea 4800 cm2 cada tipo alojamento camundongos separados dois grupos controle co treinado tr camundongos grupos tr submetidos programa treinamento aerobio corrida executado esteira intensidade equivalente 80 velocidade critica determinada individualmente cada sessao treinamento composta volume diario 40min frequencia semanal cinco dias durante todo experimento avaliado comportamento_alimentar animais bem afe meio sistema gravimetrico ambos tipos alojamento registros executados animais alojados coletivamente 10 camundongos cada gaiola antes apos 4ª semana termino experimento 8ª semana capacidades aerobia anaerobia obtidas protocolo velocidade critica final 8ª semana camundongos eutanasiados retirada amostras biologicas todos dados apresentados media erro padrao media camundongos mantidos ea ativos camundongos mantidos ep considerando todos valores afe obtidos periodo 8 semanas animais ea exibiram maior ingestao_alimentos agua durante todo periodo 8 semanas camundongos ea apresentaram menor conteudo massa_gorda carcaca eviscerada comparados camundongos ep reducao depositos gordura epididimal retroperitonial massa_corporal camundongos ea observada comparacao animais mantidos ep efeito pronunciado roedores treinados grupos ea tr ep tr apresentaram velocidade critica capacidade aerobia significativamente maior grupo ep co oitava semana achados demonstram oito semanas confinamento gaiola espaco amplo aumenta afe camundongos_c57bl 6j pode ser razoes quais camundongos ea tornaram resistentes acumulo gordura assim apresentam elevada capacidade aerobia importante ressaltar presente investigacao sugere gaiolas espaco padrao limitam afe estudo indica gaiolas amplo espaco podem ser empregadas abordagem estimular afe roedores,2581
24,"gfc, pulmonar, gdo, cistica, vfc, mutacao, nox, dpoc, asma, tau",introducao fibrose cistica fc doenca origem genetica resultante mutacoes gene cystic fibrosis transmembrane regulator cftr complicacoes fc relacionadas tipo mutacao proteina cftr sendo mutacao f508 conhecida intestino consequencias fc afetar microbiota_intestinal evidencias mostram pacientes fc padrao microbiota_intestinal diferencia comparado grupo_controle fc objetivo avaliar relacao microrganismos rectale f prausnitzii p aeruginosa presenca mutacao df508 resposta_inflamatoria intestinal medida calprotectina clp fecal criancas_adolescentes fc metodos estudo_clinico transversal pacientes fc realizado marco 2016 dezembro 2016 hospital infantil joana gusmao estado santa catarina hijg sc florianopolis inscritos associacao catarinense assistencia mucoviscidotico acam 120 sujeitos compostos criancas_adolescentes distribuidos grupo_controle gc n = 48 fc atendidos ambulatorio puericultura grupo fc gfc n = 72 atendidos ambulatorio fibrose cistica dados distribuicao normal apresentados media + desvio padrao assimetricos mediana intervalo interquartil 25° 75° teste t student mann_whitney utilizados apropriado verificar diferenca medias analise regressao_linear univariada multivariada realizada gc gfc gfcdf508 homo gfcdf508 hetero variaveis ajuste idade sexo avaliar tamanho efeito destes dados aplicada estatistica cohen resultados microbiota_intestinal avaliada tecnica fish revelou diferenca estatisticamente 12 significativa microrganismos rectale f prausnitzii p aeruginosa p < 0 05 bacterias rectale f prausnitzii concentracao aumentada gc comparadas grupos fc passo p aeruginosa mostrou elevada grupos fc comparada gc destaque gfcdf508 hetero apresentou maior mediana concentracao p aeruginosa 1 77x109ml fezes gfcdf508 homo apresentou menor mediana concentracao f prausnitzii 0 0x109ml fezes nivel intestinal comparados gc relacao inflamacao intestinal avaliada clp fecal significativamente maior todos grupos fc p<0 05 gfc apresentou mediana concentracao clp fecal 231 3 maior relacao mediana concentracao gc sendo maior aumento 325 8 gfcdf508 homo conclusao fc pode contribuir comprometimento estado_nutricional alteracao microbiota_intestinal presenca inflamacao intestinal pacientes fc apresentam mutacao df508homozigoto todas alteracoes parecem estar exacerbadas,2424
24,"gfc, pulmonar, gdo, cistica, vfc, mutacao, nox, dpoc, asma, tau",introducao infeccoes vias respiratorias ativacao processos inflamatorios promovem deplecao nutricional declinio funcao pulmonar representando principais consequencias fibrose cistica fc objetivo avaliar relacao resposta_inflamatoria estado_nutricional funcao pulmonar criancas_adolescentes fc sujeitos emetodos estudo_clinico transversal realizado 86 sujeitos distribuidos grupo_controle gc n= 31 grupo fc gfc n= 55 redistribuido gfc bacteriologia negativa gfcb gfc bacteriologia positiva gfcb+ gfc pseudomonasaeruginosanegativa gfcpa gfc pseudomonasaeruginosapositiva gfcpa+ funcao pulmonar avaliada volume expiratorio forcado primeiro segundo vef1 estado_nutricional z escore peso idade zp i estatura idade ze i indice_massa_corporal_idade zimc i area muscular braco zamb area gordurosa braco zagb percentual gordura_corporal gc resposta_inflamatoria avaliada dosagem mieloperoxidase mpo interleucina 1beta il 1 fator necrose_tumoral alfa tnf proteina_c_reativa pcr metabolitos oxido nitrico nox adenosina deaminase ada contagem leucocitos neutrofilos linfocitos monocitos analise bacteriologica avaliada secrecao cavidade orofaringea adotado nivel significancia p< 0 05 resultados vef1 significativamente maior gc 88 57 comparado gfc 66 77 p=0 001 gfcb+ 57 87 p<0 001 gfcpa+ 54 82 p<0 001 comparados gc apos analise ajustada variaveis confusao observou reducao zimc i zamb gfc p=0 030 p=0 019 gfcb+ p=0 030 p=0 029 gfcpa+ p=0 047 p=0 026 aumento mpo p<0 001 todos subgrupos il 1 p<0 001 todos subgrupos pcr gfc p=0 002 gfcb p=0 007 gfcb+ p=0 009 gfcpa p=0 004 gfcpa+ p=0 020 gfcb+ gfcpa+ nox p=0 001 p<0 001 leucocitos p=0 002 p=0 001 neutrofilos p=0 003 p<0 001 aumentados gfc observada correlacao positiva vef1 zp i p=0 009 ze i p=0 006 zimc i p=0 028 zamb p=0 027 negativa leucocitos p=0 008 neutrofilos p=0 031 correlacao negativa zamb nox p=0 028 conclusao sujeitos fc independente tipo infeccao acometida apresentam resposta_inflamatoria importante caracterizada aumento mpo il 1 pcr bacteriologia positiva apresentou efeito aditivo resposta_inflamatoria levando aumento nox leucocitos neutrofilos desnutricao leucocitose neutrofilia correlacionadas reducao funcao pulmonar,447
24,"gfc, pulmonar, gdo, cistica, vfc, mutacao, nox, dpoc, asma, tau",introducao disfagia orofaringea pode ocorrer alteracao disfuncao degluticao relacao conducao alimentos cavidade oral estomago alteracoes decorrentes doencas base podem afetar consumo_alimentar estimular producao especies_reativas_oxigenio eros ocasionar estresse_oxidativo alem disso doencas base podem estimular resposta_inflamatoria contribui aumento producao eros estresse_oxidativo provoca oxidacao membrana lipidica vez atenuada caroteno diminui concentracoes sericas deste antioxidante devido aumento utilizacao desses antioxidantes objetivo relacionar estresse_oxidativo metabolitos oxido nitrico nox mieloperoxidase mpo resposta_inflamatoria proteina_c_reativa pcr interleucina il 8 il 1beta il 1 fator necrose_tumoral alfa tnf interferon gama ifn g valores sericos sscaroteno adultos_idosos sujeitos metodos estudo_transversal abril 2014 dezembro 2018 realizado hospital_universitario universidade federal santa catarina adultos_idosos submetidos exame videofluoroscopia degluticao participaram estudo 72 sujeitos distribuidos grupo gdo n = 51 grupo_controle gc n = 21 gdo distribuido conforme categorizacao valores sericos caroteno gruponormovitaminose gdo normo caroteno grupo hipovitaminose gdo hipo caroteno avaliou estado_nutricional indice_massa_corporal imc composicao_corporal dual energy x ray absorptiometry dxa medida independencia funcional mif degluticao clinica exame videofluoroscopia ingestao_alimentar questionario_frequencia_alimentar qfa alem variaveis clinicas nutricionais avaliados marcadores sericos nox mpo pcr il 8 il 1 tnf ifn g caroteno dados apresentados mediana intervalo interquartil iiq associacao valores sericos inflamatorios estresse_oxidativo hipovitaminose caroteno avaliada regressao_logistica bruta ajustada resultados testes estatisticos expressos odds ration or intervalo confianca ic 95 significancia estatistica resultados considerado valor p < 0 05 resultados grupo gdo 54 9 sexo_masculino mediana idade 62 anos iiq 19 86 maioria sujeitos apresentavam leve moderada 54 9 p < 0 001 maioria classificada independencia completa 56 8 p = 0 011 hipovitaminose caroteno prevalente sujeitos gdo comparacao gc 29 p = 0 005 sujeitos gdo hipo caroteno apresentaram nivel maior mediana marcador estresse_oxidativo nox comparacao gc 61 3 vs 28 1 mol l p = 0 004 respectivamente assim maior valor marcadores resposta_inflamatoria observado gdo hipo caroteno relacao gc pcr 3 0 vs 0 7 mg l p < 0 001 il 8 24 3 vs 11 4 pg ml p < 0 001 regressao_logistica bruta ajustada identificada associacao marcadores_estresse_oxidativo resposta_inflamatoria hipovitaminose caroteno grupos gdo contrapartida marcadores_estresse_oxidativo resposta_inflamatoria nox or 10 46 p = 0 036 pcr or 3 98 p = 0 014 il 8 or 3 00 p = 0 028 associados hipovitaminose caroteno comparados sujeitos regressao_logistica bruta ajustada conclusoes identificado menor nivel caroteno sujeitos alem maior nivel marcadores_estresse_oxidativo nox resposta_inflamatoria pcr il 8 maior concentracao marcadores nox pcr il 8 parecem aumentar chance hipovitaminose caroteno entretanto estudos longitudinais devem ser conduzidos maior tamanho amostral fim confirmar tal achado,4501
25,"gpx, sod, estresse_oxidativo, glutationa, peroxidacao, oxidativo, glutationa_peroxidase, enzimas, cat, malondialdeido",d glucanas levedura polissacaridivasoros constituidas esqueleto linear central unidades glicose ligadas posicao 1 3 cadeias laterais unidas ligacoes 1 6 polimeros importantes modificadores resposta biologica possuem diversos efeitos biologicos beneficos saude grande interesse derivados principalmente forma carboximetilada demonstra acao antioxidante imunoestimulante antiplaquetaria moduladora funcao vascular entretanto acao sobre funcao cardiovascular ainda pouco compreendida principalmente hipertensao diante disso estudo buscou investigar quais efeitos carboximetilglucana cmg saccharomyces cerevisiae sobre pressao_arterial funcao vascular modulacao autonomica atividade plaquetaria estresse_oxidativo animais espontaneamente hipertensos shr ratos machos shr controles normotensos wistar kyoto wky distribuidos grupos wky controle wky ct wky cmg 60 mg kg shr controle shr ct shr cmg 20 mg kg shr cmg 60 mg kg animais tratados durante quatro semanas doses 20 60 mg kg via_oral controles receberam solucao salina final tratamento avaliados ganho_peso parametros_bioquimicos niveis pressoricos sensibilidade barorreflexo participacao tonus simpatico seguida animais eutanasiados testes reatividade vascular avaliacao agregacao plaquetaria analises histologica morfometrica capacidade_antioxidante resultados mostraram tratamento cmg reduziu ganho_peso grupo shr cmg 60 mg kg alterou perfil_lipidico funcao_renal reducao ureia apenas grupo shr cmg 60 mg kg observado reducao significativa pressao_arterial media entanto duas doses testadas promoveram reducao pressao_arterial sistolica diastolica alterar frequencia_cardiaca grupos shr ainda diminuiu hipertrofia cardiaca animais wky cmg modificou parametros cardiovasculares observado modulacao ganho barorreflexo promovendo melhora resposta animais shr cmg 60 mg kg diminuicao participacao tonus simpatico nesse grupo quanto funcao vascular observadas diferencas significativas resposta contratil induzida fenilefrina fen entanto constatada melhora resposta vasorrelaxante dependente endotelio avaliada acetilcolina ach grupos shr cmg 20 mg kg shr cmg 60 mg kg vasorrelaxamento induzido nitroprussiato sodio nps observou melhora resposta grupo wky cmg 60 mg kg estudos agregacao plaquetaria demonstraram menor agregacao plaquetaria grupo shr cmg 60 mg kg relacao shr ct induzido difosfato adenosina adp analises estresse_oxidativo mostraram apesar animais shr ct apresentarem significativamente maiores niveis especies_reativas_oxigenio ros comparados wky ct cmg capaz promover reducao ros achados sugerem cmg melhora funcao vascular animais shr demonstrando acao antihipertensiva atraves barorreflexo via modulacao tonus impatico possui propriedade antiagregante plaquetaria assim apresenta potencial estrategia manejo hipertensao_arterial,3669
25,"gpx, sod, estresse_oxidativo, glutationa, peroxidacao, oxidativo, glutationa_peroxidase, enzimas, cat, malondialdeido",hipertensao_arterial caracterizada niveis pressoricos elevados sustentados associados alteracoes funcionais estruturais orgaos alvo bem estabelecido aumento estresse_oxidativo hiperatividade simpatica disfuncao endotelial contribuem manutencao pressao_arterial elevada estudos previos demonstrado extrato especies hymenaea apresenta atividade_antioxidante anti inflamatoria entanto ainda elucidado efeito hymenaea pressao_arterial possiveis fatores envolvidos nesse contexto objetivo presente estudo avaliar efeito extrato hidroalcoolico casca caule hymenaea rubriflora ducke hr hac pressao_arterial modulacao autonomica estresse_oxidativo reatividade vascular ratos espontaneamente hipertensos shr estudo desenvolvido administracao dose unica intravenosa protocolo agudo tratamento diario via_oral quatros semanas protocolo cronico previamente intervencoes hr hac caraterizado quanto fenolicos totais perfil fenolico capacidade_antioxidante protocolo agudo ratos machos shr normotensos wistar kyoto wky receberam doses unicas hr hac 2 5 5 15 30 60 mg kg i v presenca ausencia atropina propranolol mensuradas pressao_arterial media pam frequencia_cardiaca fc ensaios in vitro hr hac 0 1 729 g ml aplicado aneis aorta endotelio funcional pre incubados tea 4 ap glib protocolo cronico shr wky tratados hr hac 100 200 mg kg veiculo via_oral vez dia final tratamento mensurados pressao_arterial pa modulacao autonomica estresse_oxidativo reatividade vascular agentes relaxantes contrateis aorta trabalho aprovado comissao etica uso animais universidade federal paraiba n° 117 2016 hr hac apresentou alta concentracao fenolicos totais 14 compostos_fenolicos identificados capacidade_antioxidante resultado administracao aguda shr hr hac 2 5 5 15 30 60 mg kg induziu hipotensao 7 9+ 0 7 8 9+ 1 5 9 4+ 1 4 13 7+ 1 7 28 5+ 4 3 respectivamente bradicardia wky reducao pam similar shr modificacoes fc atropina atenuou significativamente reducao pam fc shr doses cumulativas hr hac induziram relaxamento endotelio independente aorta shr emax = 88 8 + 3 8 reduzido tea emax = 36 6 + 4 5 p < 0 001 4 ap emax = 53 6 + 8 9 p < 0 004 wky relaxamento emax = 64 8 + 3 5 dependente endotelio tratamento cronico dose 200 mg kg hr hac resultou menor pa media 163 9 + 2 4 mmhg vs 184 5 + 1 2 mmhg p < 0 0001 sistolica 190 7 + 4 3 mmhg vs 232 1+ 2 2 mmhg p < 0 0001 shr tratados comparacao shr controle dose ainda promoveu atenuacao resposta contratil fenilefrina melhoria potencia relaxante acetilcolina reducao peroxidacao lipidica aumento capacidade_antioxidante_total menor balanco autonomico shr tratados relacao shr controle dose 100 mg kg alterou pa nenhum grupos animais atenuou reposta contratil fenilefrina melhorou potencia relaxante acetilcolina estresse_oxidativo shr tratados conclusao estudo mostra hr hac promove reducao pa tanto maneira aguda cronicamente shr alem disso induz potente vasodilatacao melhorar disfuncao endotelial estresse_oxidativo desbalanco simpatovagal importantes mecanismos patologicos envolvidos hipertensao_arterial,2382
25,"gpx, sod, estresse_oxidativo, glutationa, peroxidacao, oxidativo, glutationa_peroxidase, enzimas, cat, malondialdeido",carboximetil glucana cm g derivado obtido 1 3 1 6 d glucana saccharomyces cerevisiae caracterizando ser modificador resposta biologica apresentando acao antioxidante antiagregante plaquetaria hipolipemiante propriedades apontam potencial desse derivado protetor sistema cardiovascular entretanto pesquisas nesse campo ainda escassas assim trabalho objetivou investigar atuacao cm g sobre reatividade vascular contratilidade atrial cardiomiocitos ventriculares bem prevencao dano cardiaco modelo animal infarto agudo miocardio iam todos protocolos desenvolvidos aprovados comissao etica uso animais ceua ufpb sob parecer nº 006 2016 inicialmente estudado efeito direto cm g sobre reatividade vascular contratilidade atrial transiente calcio cardiomiocitos ventriculares posteriormente delineados experimentos animais saudaveis quais tratados via_oral cm g dose 50 mg kg diariamente durante 21 dias comparados grupo_controle realizados experimentos utilizando modelo animal iam induzido isoproterenol 20º 21º dias experimento administrados 85 mg kg dia isoproterenol via subcutanea 22º dia 48 h apos administracao primeira dose isoproterenol feitos ensaios experimentais cm g provocou efeito relaxante forma dependente concentracao pronunciado vasos endotelio funcional emax = 69 13 + 8 18 comparacao endotelio emax = 35 26 + 5 86 p<0 05 eficacia relaxamento dependente endotelio induzido cm g significativamente reduzida aneis pre incubados l name emax = 30 91 + 3 66 odq emax = 19 57 + 4 08 carboxi ptio emax = 21 19 + 3 42 comparacao controle emax = 69 13 + 8 18 p<0 05 tratamento cm g promoveu reducao potencia contracao pd2 = 7 103 + 0 06 emax = 111 55 +1 99 resposta concentracoes crescentes phe comparados grupo_controle pd2 = 6 85 + 0 09 n=8 p<0 05 emax= 150 9 +3 67 relaxamento induzido ach eficacia aumentada aneis aorta grupo cm g pd2 = 5 56 + 0 14 emax = 90 10 + 3 71 n=11 comparacao grupo_controle pd2 = 4 18 + 0 35 n=9 emax = 69 87 + 4 27 p<0 05 constatado efeito inotropico negativo atrio esquerdo isolado ratos induzido cm g associado reducao significativa eficacia maxima cacl2 aumentar contratilidade atrial emax = 100 cm g vs 73 41 cacl2 p<0 05 n=5 efeito acompanhado reducao transiente intracelular ca2+ cardiomiocitos ventriculares ratos tanto maneira direta quanto apos suplementacao evidenciado prevencao dano cardiaco modelo animal iam causado isoproterenol avaliou altura segmento st indice massa coracao resultados desse estudo ineditos demonstrar cm g induz relaxamento aorta ratos participacao endotelio aumentando sintese biodisponibilidade via scg alem disso atua sobre miocardio induzindo efeito inotropico negativo meio modulacao homeostase ca2+ achados fornecem novas evidencias apontam efeitos beneficos cm g sobre sistema cardiovascular,1965
26,"adiponectina, leptina, adipocinas, terapia_interdisciplinar, hormonios, grelina, apetite, obesas, sop, resistina",introducao pratica jejum mostrado resultados beneficos diz respeito parametros metabolicos perda_peso pratica sido frequentemente realizada longo dia durante atividades vida diaria individuos dentre efeitos jejum sobre metabolismo intermediario destaca potencial modular secrecao peptideos gastrointestinais relacionados controle fome regulacao metabolica outro lado desconhecido efeitos jejum agudo durante atividades vida diaria diferentemente realizado durante noite ainda individuos eutroficos obesidade respondem mesma forma objetivo investigar efeito jejum agudo realizado durante periodo ativo sobre peptideos gastrointestinais mulheres eutroficas obesidade metodos trata ensaio_clinico_randomizado estratificado estado_nutricional dois grupos acordo indice_massa_corporal imc i grupo eutrofico imc > 18 5 kg m² < 24 9 kg m² ii grupo obesidade imc > 35 kg m² amostra composta mulheres adultas idade 18 60 anos avaliacao inicial realizada periodo manha apos 10h jejum noturno seguintes medidas aferidas dados pessoais coletados antropometria calorimetria_indireta composicao_corporal participantes submetidas coleta 5 ml sangue analise peptideos gastrointestinais gip glp 1 pp pyy grelina adiponectina insulina glicose indices homa seguida ofertado desjejum padronizado valor calorico correspondente 20 necessidade energetica estimada calculada apos coleta dados iniciais apos voluntarias dispensadas realizacao atividades diarias habituais orientado manutencao jejum 10h longo dia voluntarias retornaram final dia repeticao procedimentos realizados primeira avaliacao coleta sangue analises estatisticas efetuadas auxilio programas statistical package the social sciences windows student version R spss versao 20 0 graficos criados meio programa graphpad prism versao 8 0 1 adotando nivel significancia 5 resultados 54 mulheres incluidas estudo sendo 29 grupo eutrofico 25 grupo obesidade jejum periodo ativo promoveu reducao concentracoes insulina adiponectina indices homa_ir homa beta alem aumento polipeptideo pancreatico pp circulante tanto mulheres eutroficas mulheres obesidade somente grupo obesidade reducao leptina aumento peptideo 1 semelhante glucagon glp 1 apos jejum diurno grupos eutrofia versus obesidade concentracoes leptina insulina maiores grupo obesidade apos jejum periodo ativo peptideos gip grelina peptideo yy pyy mudancas apos jejum periodo ativo comparados jejum noturno conclusao jejum durante atividades diarias diminui hormonios anorexigenos insulina leptina entanto aumenta pp glp 1 especialmente mulheres obesidade jejum durante atividades diarias pode reorganizar intrincada rede sinais endocrinos alguma forma podem modular comportamento_alimentar homeostatico hedonico,4711
26,"adiponectina, leptina, adipocinas, terapia_interdisciplinar, hormonios, grelina, apetite, obesas, sop, resistina",introducao jejum sido usado pratica religiosa medica milhares anos atualmente perda_peso estando relacionado melhora perfil_metabolico inflamatorio individuos obesidade objetivo investigar efeito jejum realizado durante periodo ativo sobre respostas metabolicas inflamatorias mulheres adultas eutroficas obesidade metodos mulheres 18 59 anos divididas grupo eutrofia imc 18 5 24 9 kg m2 grupo obesidade imc = 35 0 kg m2 avaliadas apos jejum noturno 10 horas apos jejum periodo ativo 10 horas apos jejum noturno consumiram desjejum padronizado primeiro momento feita antropometria avaliacao composicao_corporal gasto_energetico repouso ger alem coleta sangue segundo momento nova coleta sangue realizada analise estatistica adotado nivel significancia 5 p < 0 05 resultados participaram estudo 54 mulheres sendo 29 grupo eutrofia 25 grupo obesidade apos jejum periodo ativo reducao concentracao insulina homa_ir aumento concentracao agl corpos cetonicos tanto grupo eutrofia quanto grupo obesidade quanto mediadores resposta_inflamatoria concentracao pcr apos jejum periodo ativo modificou dois grupos manteve elevada tempos 1 2 grupo obesidade relacao grupo eutrofia reducao significativa tnf somente grupo eutrofia apos jejum periodo ativo tempo 2 concentracao tnf mcp 1 maior significativamente grupo obesidade observadas alteracoes concentracoes il_6 il_10 il 18 apos jejum periodo ativo ambos grupos considerando tempo 2 correlacao positiva agl insulina corpos cetonicos homa_ir grupo eutrofia correlacao positiva agl glicose grupo obesidade grupo eutrofia observada correlacao positiva il_6 glicose tnf il 18 mcp 1 il_10 il 18 il 18 mcp 1 negativa mcp 1 agl grupo obesidade correlacao positiva concentracao il_6 glucagon il_10 glucagon il 18 homa_ir negativa mcp 1 glucagon conclusao resultados presente trabalho demonstraram jejum periodo ativo afetou metabolismo_glicose lipideos tanto mulheres eutroficas quanto mulheres obesidade reduziu concentracao sanguinea tnf grupo eutrofia concentracoes pcr tnf mcp 1 mantiveram elevadas grupo obesidade apos intervencao observa portanto jejum periodo ativo promoveu alteracoes perfil_metabolico inflamatorio mulheres obesidade maneira diferente mulheres eutroficas diferenca pode ter relacao parte presenca ri inflexibilidade metabolica mulheres obesidade,4057
26,"adiponectina, leptina, adipocinas, terapia_interdisciplinar, hormonios, grelina, apetite, obesas, sop, resistina",migranea cefaleia primaria comum incapacitante fisiopatologia totalmente compreendida hipotese comum desenvolvimento crises ativacao fibras aferentes nervo trigemeo levando estado inflamacao neurogenica estudos anteriores sugerem efeito dor gasto_energetico humanos investigacao gasto_energetico pacientes migranea relevante adequacao intervencoes dieteticas objetivo deste estudo avaliar gasto_energetico repouso mulheres enxaqueca difere mulheres enxaqueca controles trata estudo_transversal envolvendo mulheres adultas 18 65 anos diagnostico enxaqueca realizado ambulatorio enxaquecas hospital clinicas universidade federal minas gerais belo_horizonte mg brasil coletamos dados clinicos demograficos utilizando questionario semi estruturado gravidade enxaqueca mensurada meio testes migraine disability test headache impact test versao 6 peso_corporal altura aferidos composicao_corporal avaliada bioimpedancia_eletrica gasto_energetico repouso medido calorimetria_indireta comparado gasto_energetico repouso preditivo calculado atraves formulas preditivas selecionadas base frequencia uso relevancia clinica recolhidas amostras sangue subgrupo apos jejum noturno mulheres enxaqueca gasto_energetico repouso elevado comparado controles p<0 01 alem disso gasto_energetico repouso correlacionou positivamente numero crises enxaqueca rho=0 226 p=0 044 mulheres enxaqueca niveis sericos elevados adiponectina contudo correlacionou gasto_energetico repouso rho=0 140 p=0 343 diferenca niveis sericos leptina grupos p=0 968 quanto formulas preditivas observamos formulas mifflin st jeor henry rees precisao prever gasto_energetico repouso mulheres migranea resultados deste estudo sugerem mulheres enxaqueca maior gasto_energetico repouso comparadas mulheres controles pode ser relacionado numero crises enxaqueca formulas mifflin st jeor henry rees precisas prever gasto_energetico repouso mulheres enxaqueca alem disso estudo sugere participacao adiponectina fisiopatologia enxaqueca,4058
27,"pre_natal, idade_gestacional, gpg, trimestre, gestantes, parto, pos_parto, gestacional, iodo, gestante",objetivo avaliar associacao ganho_peso_gestacional gpg desfechos perinatais mulheres brasileiras adultas diagnostico diabete mellitus gestacional dmg metodos estudo analitico transversal realizado gestantes adultas diagnostico dmg recem_nascidos atendidos maternidade publica rio janeiro periodo 2011 2014 amostra estudo dividida tres grupos representavam gpg insuficiente adequado excessivo recomendacoes institute of medicine iom 2009 dados maternos recem_nascidos analisados alem riscos desfechos perinatais desfavoraveis relacionados inadequacao gpg parto cesareo shg prematuridade macrossomia recem_nascidos pequeno grande idade_gestacional pig gig associacao variaveis verificada testes x² pearson comparacao medias aplicou analise variancia teste t student anova pos hoc tukey alem estimativa modelos regressao_logistica simples multipla avaliar efeito adequacao gpg desfechos perinatais resultados amostra final representada 545 gestantes filhos gpg total adequado apenas 35 8 mulheres incluidas maior parte amostra ganho ponderal excessivo 37 inadequacao gpg associada resultados adversos ganho abaixo associado maior risco prematuridade or ajustada 2 57 ic95 1 06 6 19 enquanto ganho acima aumentou chance shg or ajustada 2 62 ic95 1 54 4 45 recem_nascidos gig or ajustada 1 88 ic95 1 08 3 29 ocorrencia macrossomia recem_nascido pig entretanto apresentaram resultados significativos associados ganho_peso inadequado or ajustada 1 79 ic95 0 66 4 86 or ajustada 1 96 ic95 0 78 4 97 respectivamente conclusao mulheres dmg gpg insuficiente associado maior chance prematuridade gpg excessivo associado maior chance shg recem_nascido gig palavras chave gestantes ganho_peso diabetes gestacional resultado gravidez cuidado pre_natal,2710
27,"pre_natal, idade_gestacional, gpg, trimestre, gestantes, parto, pos_parto, gestacional, iodo, gestante",introducao assistencia pre_natal objetivo assegurar desenvolvimento gestacao permitindo parto recem_nascido saudavel impacto saude materna ganho_peso_gestacional inadequado pode ocasionar desfechos gestacionais indesejaveis diabetes gestacional sindromes hipertensivas gestacao baixo_peso_nascer macrossomia neonatal controle ganho_peso_gestacional necessaria assistencia pre_natal eficaz captacao precoce gestantes numero adequado consultas objetivo avaliar efeito assistencia pre_natal sobre ganho_peso_gestacional gestantes adultas baixa_renda atendidas maternidade publica baixada fluminense rio janeiro metodologia estudo tipo transversal incluindo 281 mulheres adultas brasileiras baixa_renda ganho_peso_gestacional adequado insuficiente excessivo definidos ganho_peso dentro abaixo acima recomendacoes institute of medicine respectivamente numero consultas pre_natal categorizado 1 nenhuma consulta 2 tres consultas 3 quatro seis consultas 4 7 consultas inicio pre_natal avaliado forma continua indice assistencia pre_natal apcui desenvolvido combinando inicio pre_natal numero visitas acordo kotelchuck modelos regressao_logistica_multinomial ajustados fatores confusao realizados estimar associacoes assistencia pre_natal ganho_peso_gestacional resultados media assistencia pre_natal iniciou 12 6 + 6 9 semanas gestacao total 8 2 mulheres n = 23 < 4 visitas pre_natal 38 4 n =108 apresentaram inicio pre_natal inadequado 38 4 n = 108 apcui inadequado gpg medio 12 9 kg + 6 2 prevalencia gpg adequado insuficiente excessivo 36 5 31 0 32 5 respectivamente apos ajuste fatores confusao apcui inadequado or=2 01 p valor=0 041 ic 95 =1 03 3 90 apresentou associacao significativa gpg insuficiente inicio pre_natal or=1 05 p valor=0 056 ic 95 =1 00 1 10 numero consultas or=0 59 p valor=0 051 ic 95 =0 34 0 70 apresentaram associacao limitrofe gpg insuficiente conclusao estudo destaca importancia assistencia pre_natal adequada durante gestacao controle ganho_peso_gestacional,1651
27,"pre_natal, idade_gestacional, gpg, trimestre, gestantes, parto, pos_parto, gestacional, iodo, gestante",gestantes ganham peso recomendacoes apresentam maiores complicacoes saude materno_infantil estudos relatam idade materna peso pre gestacional paridade hipertensao diabetes tabagismo estado_civil fatores_associados ganho_peso inadequado outros apontam problemas saude_mental materna podem prejudicar ganho_peso_gestacional adequado poucos estudos sobre associacao violencia parceiros intimos vpi ganho_peso_gestacional gpg inadequado nesta perspectiva presente dissertacao objetivo investigar associacao vpi gpg estudo oriundo coorte prospectiva sobre papel desempenhado violencia familiar cuidados maternos crianca apoio_social processo determinacao crescimento infantil trata investigacao tipo seccional composta 554 mulheres compareceram quatro unidades_basicas_saude municipio rio janeiro 2005 2009 gpg calculado atraves diferenca peso final gestacao concernente ultima consulta pre_natal peso pre gestacional obtencao exposicao utilizada versao portugues instrumento cts 1 conflict tatics scales  form r hasselmann reichenheim 2003 analise dados baseou modelos regressao_logistica_multinomial estimando razoes chance respectivos intervalos 95 confianca associacoes variaveis observou 32 7 parceiros intimos usam violencia fisica global resolver diferencas dividida menor maior violencia fisica apresentou 31 6 16 2 respectivamente relacao ganho_peso_gestacional 65 2 mulheres apresentaram ganho_peso recomendacoes iom 2009 sendo 31 8 ganho_peso insuficiente 33 4 excessivo explorar relacao abuso fisico ganho_peso_gestacional inadequado calcularam razoes chance or intervalos confianca 95 ic p valor utilizando regressao_logistica_multinomial obter resultados analises multivariadas simples observou presenca violencia fisica parceiros intimos significativamente associada ganho_peso_gestacional insuficiente situacao ocorreu tanto violencia fisica global or=1 57 ic95 = 1 02  2 43 quanto violencia fisica menor or=1 58 ic95 = 1 02  2 44 entretanto apos ajustes variaveis confundidoras numero consultas pre_natal escolaridade_materna paridade condicoes ambientais relacao perde significancia relacao ganho_peso_gestacional excessivo associacao tipos vpi resultados desta investigacao apontam necessidade atencao abordagem pratica atendimento gestantes durante consultas pre_natal tratar momento possibilidade identificacao disturbios nutricionais rastreamento violencia domestica,960
28,"comensalidade, sentidos, significados, saberes, discursos, discurso, narrativas, habitus, quilombolas, bourdieu",tese debruca sobre tematica comida rua intuito compreender contexto acepcoes respeito praticas circundam formas fazer comida comercializa las vias publicas partir estudo etnografico trabalhadores deste comercio santo antonio jesus reconcavo bahia ainda comida rua represente relevante constructo socioeconomico internacional constitua objeto estudo transdisciplinar parte expressiva analises sobre tematica brasil america latina concentra campo biomedico muitas vezes desconsidera protagonismo trabalhadores pesquisas distintamente presente tese analisa microcosmo social comida rua insere agentes sociais implicados neste comercio tradutores desse fenomeno pesquisa lancando mao dialogo ciencias saude nutricao ciencias sociais humanas compreender objeto elementos resultados alcancados buscam contribuir oferecer outras perspectivas investigativas sobre comida rua brasil produtos tese contemplam assim capitulo livro ensaio remontam estado arte dois artigos cientificos originarios pesquisa empirica etnografica capitulo apresenta revisao_literatura objetivou analisar abordagens teoricas metodologicas fundamentam producao saberes campo comida rua brasil analisar distintas dimensoes evidenciou respeito implicacao replicante ciencias biomedicas perspectiva microscopica abordagens analitico compreensivas ambos podem atuar paralelos complementares pensar formacao campo saberes comida rua agrupe perspectiva multidisciplinar embebida saberes empiricos historicos primeiro artigo cunho ensaistico traz reflexao teorica acerca processo institucionalizacao comida rua tessituras modernidade ocidental nesta discussao problematizou comercio comida espaco urbano expresso descritor comida rua emergiu antiguidade adquirindo contornos institucionais estruturar social economica culturalmente advento sociedade moderna sob atua elemento ressignificador tempo remodela recorrentes transformacoes dessa modernidade dois artigos seguintes derivam incursao etnografica cidade santo antonio jesus reconcavo bahia territorio eleito conveniencia tempo importancia economica regiao fase campo durou sete meses 2018 2019 material empirico produzido uso tecnicas entrevistas estruturadas observacoes sistematicas participantes diario campo acolhido meio gravacoes audio fontes secundarias jornais livros sites tratado acordo procedimentos descritos poupart et al 2014 kaufman 2018 corpus empirico reunido propiciou descricoes etnograficas cuja analise interpretativa seguiu escritos clifford geertz 2008 2014 apreciacao desse material emergiram categorias analiticas reconfiguraram direcionamento tese saber microempreendedor comida rua interpretado transicao ambulante empreendedor comida rua saj discutida segundo artigo partir implementacao ressonancias torno estrategia intervencao programa saj legal reproduziu ideologia neoliberal multiplicacao mecanismos precarizacao trabalho formalizados regular comida rua terceiro artigo vislumbrou analogia ambulantes artifices sennett 2015 desvelada desenvoltura fazeres manuais complexos envolviam habilidades saberes herdados tecnicas apreendidas outrossim astucias estrategias engajamento social incutidos trabalho executado rede familiar nesta demarcou precarizacao trabalho ambulante incluindo familiares subempregados bem contradicao implicada responsabilidade produzir comida permeada san tempo encontrar lugar invisibilidade social perante outras politicas_publicas brasileiras desses percursos analiticos tese reuniu elementos desvelar processo trabalho invisibilizado torno comida rua cujas praticas transitavam espaco domestico urbe etapas aquisicao pre preparo coccao comida praticas agregadoras saberes fazeres multiplos articulavam mente corpo amoldando artifices ambulantes comercio comida rua saj permeado mecanismos ideologicos regulacao estatal reproduziu cenario precarizacao mundo trabalho descortinar contexto enredado fazer comer comida rua tese desvelou ainda embora colecione rede complexa fazeres trabalho ambulantes familias ressoam entes excluidos regime trabalhista legal desassistidos termos saude seguranca_alimentar_nutricional enquanto politicas_publicas voltadas segmento marcadamente priorizam suposta ordem inocuidade seguranca comida consumidor tais compreensoes conclui comida rua requer politicas estrategias inclusivas quais ambulantes possam atuar participes ativos processo,3777
28,"comensalidade, sentidos, significados, saberes, discursos, discurso, narrativas, habitus, quilombolas, bourdieu",estudo analisa praticas saberes agroecologia soberania alimentar vivenciadas mulheres assentadas reforma agraria traz atuacao territorios destaque conhecimentos tradicionais empregados sistemas producao cultivam proposito quais praticas manejo usos destinos dados producao vislumbrando praticas agroecologicas promotoras soberania alimentar empoderamento abordagem pesquisa baseia metodologia qualitativa fundamenta triangulacao metodos associando observacao participante b entrevista semiestruturada c registros caderno campo audiovisuais relacao analise conteudo levantadas cinco categorias tematicas aprioristicas primeira apresenta quais motivacoes conduzem conduziram mulheres camponesas desenvolvimento praticas saberes agroecologicos segunda figura significados percepcoes mudancas incorporadas mulheres quanto agroecologia pontuam paradigma viavel alternativo producao consumo sustentavel assimilam promotora soberania alimentar saude quanto mudancas fazem referencia melhorias alimentacao saude qualidade_vida agroecossistema ganhos economicos transformacoes modos viver pensar ver mundo vida relacao natureza terceira categoria referenciam agroecologia enquanto criadora fortalecedora processos empoderamento construcao autonomias medida ocupam espacos sociais politicos educativos outros fomentados agroecologia passam redefinir posicao importancia sociedade limitando espaco domestico privado quarta categoria apresenta dinamica producao agroecologica destinos sendo primeira fundamentada policultivos sistemas agroflorestais equilibrio producao articulado preservacao meio_ambiente agrobiodiversidade respeito natureza segunda autoconsumo excedente destinado comercializacao trocas doacoes alimentacao animal compostagem destaca nesta categoria protagonismo posicao guardias participantes concernem sementes plantas medicinais ultima categoria revela realidades familiares partir agroecologia experimentam vivenciam principios equidade relacoes genero relacionados tomadas decisoes sobre producao processamento alimentacao comercializacao portanto evidencia mediante praticas construcao mudancas significativas transformadoras caminham convivencias igualitarias compartilhamento decisoes identifica conseguinte protagonismo mulheres camponesas agroecologia convoca profunda mudanca paradigmas direcao sustentabilidade vida bem viver reaprender enxergar abrir troca saberes descobrir nova forma olhar estar mundo denunciando ficou historia oficial reconhecendo emerge partir praticas falas olhares subjetividades racionalidades,2806
28,"comensalidade, sentidos, significados, saberes, discursos, discurso, narrativas, habitus, quilombolas, bourdieu",objetivo deste estudo interpretar sentidos significados homens atribuem comer corpo saude contexto feira livre cidade salvador bahia tratase pesquisa qualitativa cunho etnografico realizadas entrevistas oito homens frequentadores feira sete portas dois informantes chave resultados buscou descrever cotidiano feira situada mediacao casa rua bem cidade campo espaco comensalidade universo masculino expressao particular deste modo feira constitui ponto confraternizacao masculina alimento trabalho feijoada emblematica neste processo destacou ainda bebida alcoolica outro importante elemento socializacao homens relacao sinergica consumo denominadas comidas pesadas tais modos comer fazem parte construcao identidade masculina marcada construcao corpo forte viril coaduna relacoes comer voraz sobre ideia comer comida pesada recompor forcas debilitadas desgaste fisico provocado excessivo uso corpo exemplo trabalho refere discursos sobre alimentacao_saudavel sendo aceitos homens havendo contextos resistencia assim contextos compartilhamento dessas logicas saude aparentam serem fundamentais propiciarem reformulacoes inclusive significados saudavel esfera masculina incorporacao implique perda elementos masculinidade buscam sentir bem atraentes fortes elementos considerados masculinidade tradicional entanto dialogado configuracoes masculinidade contemporanea cuidado aparencia respaldado discurso higiene saude seducao,889
29,"idosos, idosas, fragilidade, idoso, idosos_institucionalizados, envelhecimento, pessoas_idosas, incapacidade, populacao_idosa, cognitivo",hoje queda questao saude_publica mundial gerando grande impacto social principalmente paises desenvolvimento brasil alto custo mesma proporciona alem lesoes fraturas ficam sequelas vao perdurar resto vida diminuicao capacidade_funcional depressao baixa autoestima isolamento social estudo objetivo identificar prevalencia fatores_associados risco quedas idosos municipio cuiaba mt amostra composta 387 idosos 65 anos ambos_sexos residentes municipio cuiaba mt avaliados marco 2009 marco 2010 meio questionario socioeconomico questionario auto relatado sobre quedas historico atividades instrumentais vida diaria auto eficacia queda fesi saude fisica percebida avaliacao capacidade_funcional estado_nutricional medidas_antropometricas short physical performance battery sppb teste fisicos preensao palmar equilibrio unipodal calculadas prevalencias porcentagens fatores socios demograficos idosos historico quedas avaliar associacao queda demais variaveis qualitativas realizou teste parametrico qui_quadrado 95 significancia frequencias esperadas teste_qui_quadrado apresentaram valor esperado menor 5 utilizado teste_exato_fisher nivel significancia 95 associacao quedas demais variaveis quantitativas utilizado teste parametrico wilcoxon mann_whitney nivel significancia 95 meio analise estatistica observou apenas 16 idosos sofreram queda ultimo ano sendo genero feminino 2 09 vezes maior possibilidade queda idade acima 75 anos 1 87 vezes maior risco queda relacao testes fisicos apenas equilibrio unipodal esquerdo associacao quedas conclui existem muitas variaveis associadas risco quedas tornando complexo trabalho preventivo ainda prevalencia aumenta idade atinge principalmente sexo_feminino diante disso pratica exercicio_fisico torna melhor ferramenta modular alteracoes ocorridas processo envelhecimento ainda normas tecnicas acessibilidade precisam ser cumpridas modo reduzir isolamento riscos quedas desfechos graves obito populacao_idosa,1680
29,"idosos, idosas, fragilidade, idoso, idosos_institucionalizados, envelhecimento, pessoas_idosas, incapacidade, populacao_idosa, cognitivo",brasil populacao envelhecido ritmo acelerado sendo importante compreender caracteristicas processo envelhecimento submetem organismo alteracoes repercussoes sobre condicoes saude nutricao idoso especialmente residem instituicoes admissao individuo instituicoes longa permanencia idosos ilpis impoe alteracoes rotina sobretudo area alimentacao pode fragilizar estado_nutricional idoso ultimos anos sido desenvolvidos instrumentos permitem avaliar estado_nutricional idosos mini avaliacao_nutricional man utilizada avaliar grupo etario mundo finalidade identificar idosos desnutridos risco desnutricao objetivo avaliar estado_nutricional fatores_associados idosos residentes ilpis cidade salvador segundo man metodologia estudo_transversal realizado 296 idosos residentes 13 ilpis aplicado questionario padronizado alem man mini exame estado mental meem escala geriatrica depressao egd 15 escala atividades vida diaria avds analise dados envolveu alem estatisticas descritivas testes_t student qui_quadrado pearson exato fisher calculo correlacao variaveis continuas utilizado coeficiente correlacao_pearson calculadas razoes prevalencia rp brutas ajustadas segundo regressao_poisson intervalos confianca 95 resultados maior parte idosos 67 5 desnutrida risco desnutricao man correlacionou meem r=0 459 p=0 000 escala avds r=0 555 p=0 000 escore egd 15 r= 0 201 p=0 004 idade r= 0 115 p=0 049 analise multivariada apenas capacidade_funcional avds apresentou rp estatisticamente significante conclusao desnutricao risco desnutricao condicoes ocorrencia expressiva idosos avaliados escolaridade consumo alcool capacidade cognitiva capacidade_funcional associaram estado_nutricional entanto ultima variavel apresentou maior correlacao estado_nutricional observado individuos dependentes parcialmente dependentes realizacao avds desnutridos risco individuos independentes resultados obtidos sugerem necessidade abordagem interdisciplinar contexto institucionalizacao sentido melhorar saude qualidade_vida idoso,668
29,"idosos, idosas, fragilidade, idoso, idosos_institucionalizados, envelhecimento, pessoas_idosas, incapacidade, populacao_idosa, cognitivo",fragilidade condicao vem ganhando destaque literatura mundial sobre envelhecimento associada elevado risco desfechos adversos saude declinio capacidade_funcional cognitiva objetivo identificar prevalencia fragilidade associacao estado cognitivo capacidade_funcional idosos_institucionalizados metodo estudo_transversal realizado pessoas_idosas residentes instituicoes longa permanencia idosos ambos_sexos duas cidades brasileiras definicao fragilidade utilizado fenotipo fried et al 2001 avalia 5 criterios perda_peso intencional fadiga autorreferida diminuicao forca reducao velocidade marcha baixo nivel atividade_fisica estado cognitivo avaliado atraves mini exame estado mental meem capacidade_funcional meio indice katz coletados variaveis saude sociodemograficas antropometricas atividade_fisica caracterizacao amostra resultados participaram 73 idosos sendo maioria sexo_feminino 63 47 9 idosos longevos 32 1 apresentaram baixo_peso 68 3 dependentes funcionalmente 54 8 apresentaram declinio cognitivo prevalencia fragilidade 57 5 modelo regressao_poisson ajustado idade tempo institucionalizacao apresentou associacao positiva estado cognitivo rp=1 90 ic 1 17 3 06 capacidade_funcional rp=2 97 ic 1 18 3 11 conclusao resultados mostraram alta prevalencia fragilidade associacao incapacidade funcional declinio cognitivo idosos residentes instituicoes,3781
30,"microbiota_intestinal, simbiotico, microbiota, yacon, intestinal, agcc, bifidobacterium, disbiose, probiotico, ctl",cancer colorretal ccr terceiro tipo cancer diagnosticado mundo consumo prebioticos modula microbiota sistema imune intestinal promovendo melhora ccr yacon smallanthus sonchifolius fonte conhecida prebioticos frutooligossacarideos fos inulina compostos_fenolicos beneficos microbiota_intestinal modulacao resposta imune intestinal porem mecanismos regulatorios ainda permanecem pouco claros hipotese suplementacao dietetica produto base yacon pby poderia modular microbiota_intestinal aumentando concentracao acidos_graxos_cadeia_curta agcc fecal resposta imune intestinal modificando populacao linfocitos fatores transcricao resposta imune adaptativa colon camundongos portanto estudo objetivo investigar efeitos consumo pby sobre caracteristicas intestinais fecais sobre perfil resposta imune intestinal camundongos balb c sadios induzidos carcinogenese colorretal lesoes pre neoplasicas induzidas camundongos balb c machos meio injecao intraperitoneal 1 2 dimetil hidrazina 20mg kg peso_corporal semana 8 semanas apos inducao animais divididos dois grupos receberam dieta controle ain 93m grupo dc n = 19 dieta pby ain 93m suplementada pby 6 0 fos + inulina grupo dy n = 17 8 semanas paralelamente camundongos sadios induzidos lesoes pre neoplasicas divididos dois grupos receberam dieta pby grupo cc n = 16 dieta controle grupo cy n = 18 8 semanas camundongos sadios verificamos consumo pby reduziu ingestao_alimentar melhorou umidade viscosidade fecal intensificou concentracao fecal acidos_graxos acetico propionico butirico isovalerico valerico caproico aumentou numero celulas t reguladoras treg regulou negativamente expressao fator transcricao rorgt colon camundongos induzidos dieta pby eficaz reducao numero focos criptas aberrantes fca colon porem promoveu reducao ph fecal aumentou umidade viscosidade fezes aumentou concentracao acidos_graxos formico acetico propionico butirico valerico fezes modulou expressao fatores transcricao intestino reduzindo foxp3 aumentando rorgt t bet ultimo ligado controle melhor prognostico ccr sugere pby durante estagios iniciais carcinogenese colorretal possa contribuir integridade mucosa promovendo aumento agcc fecal modulacao resposta imune colon favorecendo reducao risco lesoes neoplasicas alem disso pode inferir consumo pby camundongos sadios possa auxiliar regulacao saciedade melhora transito intestinal manutencao integridade tecidos intestinais aumento diferenciacao celulas treg meio regulacao negativa expressao rorgt reduzindo consequentemente processos inflamatorios colon,2619
30,"microbiota_intestinal, simbiotico, microbiota, yacon, intestinal, agcc, bifidobacterium, disbiose, probiotico, ctl",microbiota_intestinal ecossistema trilhoes microrganismos vivem forma simbiotica corpo humano sendo funcoes intimamente relacionadas bom funcionamento metabolico imunologico estrutural neurologico organismo alem disso impacto microbiota_intestinal saude pode ser relevante vez efeito desenvolvimento cerebral neurogenese demonstrado efeito ressalta importancia conexao intestino cerebro bom funcionamento cerebral kefir bebida probiotica apresenta potencial terapeutico modular microbiota_intestinal atenuar estresse_oxidativo inflamacao intestinal embora numero significativo estudos avaliando conexao intestino cerebro observa estudo dessa conexao presenca kefir modelo experimental doenca inflamatoria intestinal dii ausencia il_10 ainda pouco elucidado diante disso objetivo desse estudo investigar efeitos consumo kefir sobre processo_inflamatorio intestinal cerebral camundongos_c57bl 6j il10 doenca inflamatoria intestinal espontanea utilizados 18 camundongos_c57bl 6j il10 divididos dois grupos experimentais tratamento controle tratamento consistiu quatro semanas uso 0 4ml d kefir 6x108 ufc bal ml 106 ufc leveduras totais ml controle 0 4ml d agua via gavagem resultados encontrados evidenciaram melhor preservacao fisiologia intestinal menor escore histopatologico inflamacao intestinal maior concentracao acido graxo cadeia curta agcc intestino reducao estresse_oxidativo intestinal cerebral grupo tratado kefir dessa forma sugere capacidade kefir preservar morfometria intestinal controlando inflamacao aumentando contagem celulas caliciformes alem aumentar concentracao agcc intestino regular estresse_oxidativo intestino cerebro favoreceu manutencao barreira intestinal controle imune local,4356
30,"microbiota_intestinal, simbiotico, microbiota, yacon, intestinal, agcc, bifidobacterium, disbiose, probiotico, ctl",uso probioticos sido sugerido possivel profilaxia bacteriana contra infeccoes salmonella porque algumas cepas probioticas efeitos protetores combinacao varios mecanismos descrita literatura producao substancias antibacterianas contra salmonella aumento resposta imune hospedeiro contra infeccoes mucosa intestinal dentre microrganismos utilizados producao bebidas fermentadas probioticas destaca cultura kefir kefir bebida fermentada composta comunidade microbiana vive associacao simbiotica estudos relatam uso kefir leite possui atividades anti inflamatoria antimicrobiana antioxidante alem aumentar concentracao acidos_graxos_cadeia_curta scfas alteracao microbiota outros beneficios saude_intestinal composicao desequilibrada microbiota_intestinal conhecida disbiose envolvida apenas doencas intestinais patologias outros orgaos cerebro entao atraves producao hormonios fatores imunologicos metabolitos microbiota_intestinal pode modular ambiente intestinal interferir comportamento funcao sistema_nervoso_central hospedeiro entanto ainda existem lacunas sobre papel kefir mecanismos acao seguranca uso infeccoes agudas assim objetivo geral trabalho investigar efeito consumo kefir leite sistema imunologico antioxidante composicao microbiota_intestinal camundongos_c57bl 6 tipo selvagem il_10 saude infeccao oral salmonella enterica sorovar typhimurium manuscrito 1 objetivo revisar dados estudos ultimos 10 anos diferentes bases dados modelos murinos sobre papel kefir contra inflamacao principais mecanismos resposta envolvidos neste processo total 23 estudos incluidos nesta revisao delineamento experimental manuscrito 2 realizado camundongos_c57bl 6 n=20 subdivididos grupos receberam 0 1ml agua 0 1ml 10 p v kefir kefir passou maturacao 48 horas sendo entao administrado via orogastrica animais 4 semanas experimento manuscrito 3 camundongos_c57bl 6 selvagem wt n=40 c57bl 6 il_10 ko n=40 subdivididos oito grupos experimentais tratados kefir primeiros 15 dias grupos agua receberam agua filtrada 0 1 ml enquanto grupos kefir receberam kefir leite 0 1 ml 10 p v via orogastrica seguida dois grupos cada linhagem receberam unica dose 0 1 ml inoculo s typhimurium atcc 14028 dose 106 ufc ml acordo dados revisados manuscrito 1 kefir demonstrou atuar reducao inflamacao inicialmente atraves alternancia respostas inata th1 th2 reduzindo citocinas_pro inflamatorios tempo aumenta anti_inflamatorias alem disso atua mediacao efeitos imunomoduladores protetores intermedio inumeros metabolitos acidos organicos produzidos secretados kefir microbiota_intestinal ainda demonstrou atuar anti hipertensivo antioxidante acao antitumoral hipocolesterolemico hipoglicemiante fatores contribuem reducao inflamacao manuscrito 2 objetivo analisar perfil microbiota kefir leite efeito metabolismo estresse_oxidativo eixo microbiota intestino cerebro modelo murino saudavel bebida kefir leite exibiu alta capacidade_antioxidante comparacao leite in vivo aumentou enzimas antioxidantes composicao_microbiota bebida microbiota fecal distintas composta principalmente bacterias produtoras scfas comamonas bebida lachnospiraceae lachnoclostridium camundongos metabolismo kefir melhorou funcao hepatica reduziu triglicerideos acido_urico aumento scfas cerebrais fecais efeito antioxidante encontrado associados mudanca microbiota_intestinal causada kefir indica kefir influencia positivamente eixo intestino microbiota cerebro contribui preservacao saude_intestinal cerebral manuscrito 3 objetivo avaliar papel il_10 inflamacao microbioma intestinal camundongos consumindo kefir leite desafiados oralmente salmonella enterica sorovar typhimurium observou kefir preveniu infeccoes sistemicas apenas camundongos il_10 quais capazes sobreviver regular citocinas controlar inflamacao colon abundancia lachnospiraceae roseburia maior producao scfa pre infeccao mostraram kefir papel saude protecao intestinal colonizando oferecendo competicao nutrientes patogeno alem atuar regulacao infectividade salmonella apenas falta il_10 resultados demonstram papel il_10 prognostico salmonelose kefir leite pode ser utilizado infeccoes agudas palavras,4378
31,"iid, tav, rce, roc, cintura, indicadores_antropometricos, imc, gordura_corporal, braco, corte",acumulo gordura regiao abdominal caracterizado principalmente excesso tecido_adiposo visceral tav considerado preditor mortalidade pratica clinica estudos_epidemiologicos excesso gordura_abdominal avaliado mensuracao perimetro_cintura apesar medida perimetro_cintura pc ser simples pode ser aferida qualquer porcao tronco decima costela parte superior iliaco depender protocolo adotado presente estudo objetivo investigar associacao medidas perimetros realizadas diferentes porcoes regiao abdominal tav adultos_idosos utilizados dados_secundarios projetos realizados laboratorio avaliacao_nutricional funcional uff incluiram medicao massa_corporal estatura perimetros localizados regiao abdominal p1 p2 p3 determinacao quantidade massa_gorda mg tav regiao androide tecido_adiposo subcutaneo total tast realizada meio absorciometria raio x dupla energia dxa realizadas analises estatisticas descritivas variaveis quantitativas variaveis qualitativas analise correlacao_pearson avaliar associacoes medidas perimetro tav tast desenvolvidos modelos regressao_linear generalizados utilizado pacote estatistico r valores p<0 05 considerados significativos incluidos estudo 723 participantes sendo 450 mulheres 62 273 homens 38 media idade 57 1 + 17 8 anos prevalencia excesso_peso participantes 62 4 observadas associacoes positivas significativas perimetros localizados regiao abdominal quantidade gordura_visceral independentemente local afericao perimetro porem forca associacao pc tav modificada funcao idade estado_nutricional medidas p1 p2 apresentaram boa correlacao tav grupos classificados adequado sobrepeso obesidade cujos coeficientes variaram 0 719 0 768 grupo baixo_peso correlacoes menores sendo 0 347 p1 0 199 p2 mulheres homens medidas perimetro_cintura localizadas parte estreita tronco medida realizada ponto medio ultima costela palpavel topo crista iliaca consideradas melhores preditoras gordura_visceral explicando variacao torno 3 4 tav unidade pc,5046
31,"iid, tav, rce, roc, cintura, indicadores_antropometricos, imc, gordura_corporal, braco, corte",existem diversos metodos estimativa composicao_corporal dentre tecnicas utilizadas destacam antropometria bioimpedancia_eletrica alcoolistas antropometria utilizados avaliar deficit nutricional objetivo comparar composicao_corporal estimada metodos antropometricos bioimpedancia_eletrica aplicados pacientes alcoolistas metodos trata estudo_transversal 109 individuos sexo_masculino idades 20 69 anos composicao indices corporais avaliados antropometria bioimpedancia indice_massa_corporal pregas cutaneas percentual_gordura indice musculo_esqueletico existencia correlacao metodos avaliada coeficiente correlacao_pearson nivel concordancia medido atraves coeficiente kappa resultados correlacoes metodos estatisticamente significantes correlacao positiva indice musculo_esqueletico indice_massa_corporal area muscular braco corrigida musculo adutor polegar sendo correlacao forte encontrada indice_massa_corporal relacao percentual_gordura correlacao forte encontrada prega cutanea bicipital conclusao correlacao positiva indicadores avaliacao composicao_corporal derivados bioimpedancia indicadores_antropometricos porem concordancia metodos considerada fraca,1426
31,"iid, tav, rce, roc, cintura, indicadores_antropometricos, imc, gordura_corporal, braco, corte",estudo objetivou analisar diferentes sitios anatomicos regiao abdominal determinar parametro posicional identifica maior concentracao tecido_adiposo visceral tav confere maior risco_cardiometabolico trata estudo metodologico envolvendo profissionais adultos ambos_sexos hospital publico realizado 2020 tav avaliado ultrassonografia tres sitios anatomicos abdominais circunferencia_abdominal ca mensurada utilizando sete protocolos distintos incluidos 106 individuos mediana idade 42 36 8 46 2 anos avaliacao calibracao intra interavaliadores procedimento ultrassonografico analise tav evidenciou alta reprodutibilidade padrao distribuicao gordura_abdominal apresentou diferenca sexos maiores medias tav sexo_masculino p<0 05 maiores medias tas sexo_feminino p<0 005 observou varredura abdominal mulheres maior concentracao tav menor concentracao tas regiao estreita crista iliaca ultima costela p<0 001 sexo_masculino perfil disposicao adiposa longo abdomen mostrou uniforme p>0 05 correlacoes tav mensurado usg parametros cardiometabolicos relativamente fortes regioes superiores abdomen p<0 05 conclusao mulheres concentram tav regiao abdominal estreita homem concentracao tav manteve disposta uniformemente longo abdomen relativa superioridade predicao risco_cardiometabolico regiao superior abdomen ambos_sexos,3719
32,"chia, oleo, linhaca, oleo_coco, virgem, oleo_chia, oleos, palma, frutose, azeite_oliva",regulacao metabolismo_lipidico fundamental homeostase organismo principais fatores transcricao envolvido neste processo receptor ativado proliferadores peroxissoma alfa ppar diversas moleculas capazes ativa lo incluindo acidos_graxos polinsaturados omega_3 alguns peixes salmao boas fontes alimentares omega_3 portanto objetivo estudo investigar efeito consumo oleo salmao expressao gene ppar concentracao triglicerideos sericos hepaticos ratos realimentados dieta rica frutose apos jejum prolongado utilizados 31 ratos machos linhagem wistar peso aproximado 180 200 g animais mantidos gaiolas individuais distribuidos aleatoriamente quatro grupos grupo_controle gc n=8 grupo frutose gf n=7 grupo oleo salmao i gsfi n=8 grupo oleo salmao ii gsfii n=8 apos periodo adaptacao grupos experimentais receberam sete dias dieta oleo salmao fonte lipidica seguida mantidos jejum durante 48 horas realimentados dieta rica frutose 24 horas grupo gsfii difere gsfi ter recebido dieta oleo salmao antes apos realimentacao frutose racoes experimentais preparadas segundo recomendacoes american institute of nutrition dieta ain 93g final 17 dias experimento animais sacrificados decapitacao coletadas amostras sangue tecido_hepatico analises_bioquimicas moleculares tecido_adiposo epididimal retroperitoneal removido pesado comparacao grupos dados analisados meio software stata 11 0 considerando estatisticamente significativo valor p<0 05 teste estatistico comparacao grupos teste anova kruskall wallis dependendo caracteristicas variavel desfecho pos teste bonferroni dieta rica frutose capaz aumentar gordura hepatica total animais oleo salmao efetivo reduzir efeito entanto diferenca relacao concentracao triglicerideos hepaticos influencia perfil_lipidico serico exceto fracao hdl_c apresentou reducao animais consumiram dieta rica frutose expressao gene ppar apresentou diferenca grupos assim conclui neste estudo oleo salmao apresenta beneficios principalmente relacao reducao gordura_total hepatica pode contribuir melhora saude cardiovascular,448
32,"chia, oleo, linhaca, oleo_coco, virgem, oleo_chia, oleos, palma, frutose, azeite_oliva",regulacao metabolismo_lipidico fundamental homeostase organismo principais fatores transcricao envolvido neste processo receptor ativado proliferadores peroxissoma alfa ppar 945 diversas moleculas capazes ativa lo incluindo acidos_graxos polinsaturados omega_3 alguns peixes salmao boas fontes alimentares omega_3 portanto objetivo estudo investigar efeito consumo oleo salmao expressao gene ppar 945 concentracao triglicerideos sericos hepaticos ratos realimentados dieta rica frutose apos jejum prolongado utilizados 31 ratos machos linhagem wistar peso aproximado 180 200 g animais mantidos gaiolas individuais distribuidos aleatoriamente quatro grupos grupo_controle gc n=8 grupo frutose gf n=7 grupo oleo salmao i gsfi n=8 grupo oleo salmao ii gsfii n=8 apos periodo adaptacao grupos experimentais receberam sete dias dieta oleo salmao fonte lipidica seguida mantidos jejum durante 48 horas realimentados dieta rica frutose 24 horas grupo gsfii difere gsfi ter recebido dieta oleo salmao antes apos realimentacao frutose racoes experimentais preparadas segundo recomendacoes american institute of nutrition dieta ain 93g final 17 dias experimento animais sacrificados decapitacao coletadas amostras sangue tecido_hepatico analises_bioquimicas moleculares tecido_adiposo epididimal retroperitoneal removido pesado comparacao grupos dados analisados meio software stata 11 0 considerando estatisticamente significativo valor p<0 05 teste estatistico comparacao grupos teste anova kruskall wallis dependendo caracteristicas variavel desfecho pos teste bonferroni dieta rica frutose capaz aumentar gordura hepatica total animais oleo salmao efetivo reduzir efeito entanto diferenca relacao concentracao triglicerideos hepaticos influencia perfil_lipidico serico exceto fracao hdl_c apresentou reducao animais consumiram dieta rica frutose expressao gene ppar 945 apresentou diferenca grupos assim conclui neste estudo oleo salmao apresenta beneficios principalmente relacao reducao gordura_total hepatica pode contribuir melhora saude cardiovascular,737
32,"chia, oleo, linhaca, oleo_coco, virgem, oleo_chia, oleos, palma, frutose, azeite_oliva",introducao amaranto pseudocereal alto valor nutritivo alem apresentar propriedade reducao colesterol plasmatico conteudo lipidico graos superior cereais comuns elevado teor acidos_graxos insaturados alem apresentar quantidade significante esqualeno possiveis compostos_bioativos responsaveis reducao colesterol objetivo verificar efeito oleo amaranto esqualeno metabolismo_lipidico hamsters alimentados gordura_saturada colesterol metodologia oleo amaranto extraido solvente organico n hexano analisado conteudos esqualeno potencial efeito hipocolesterolemizante deste oleo avaliado mediante ensaio biologico utilizados 40 hamsters recemdesmamados animais divididos 4 grupos 10 diferenciados dietas controle dieta normal 20 oleo milho c hipercolesterolemica dieta 12 gordura coco 8 oleo milho 0 1 colesterol h oleo amaranto identica h oleo amaranto substituindo milho esqualeno identica h + esqualeno proporcao encontrada oleo amaranto formuladas segundo recomendacoes nrc 1995 ain 93 apos 28 dias experimento animais sangue coletado puncao cardiaca sob anestesia sendo determinados colesterol_total triglicerides hdl_c colesterol hdl plasmaticos apos sacrificio figados animais coletados realizacao analise histologica teor colesterol determinados teores colesterol acidos biliares fezes animais resultados diferenca estatisticamente significante perfil_lipidico excrecao fecal colesterol animais grupos hipercolesterolemico oleo amaranto esqualeno excrecao fecal acidos biliares maior animais grupos oleo amaranto esqualeno comparacao grupos controle hipercolesterolemico teor colesterol hepatico animais grupo esqualeno maior relacao outros grupos embora diferenciado estatisticamente apenas grupo_controle relacao analise histologica hepatica maiores graus esteatose inflamacao parenquimatosa grupos oleo amaranto esqualeno conclusoes oleo amaranto componente esqualeno apresentaram efeito hipocolesterolemizante promoveram aumento excrecao acidos biliares hamsters alimentados dieta contendo elevadas quantidades gordura_saturada colesterol,157
33,"dac, cortical, alastrante, cerebral, memoria, propagacao, excitabilidade, ansiedade, cortex, hipocampo",depressao alastrante cortical dac potenciacao longa duracao ltp fenomenos neurais relacionados excitabilidade cerebro recentemente descrevemos potenciacao atividade eletrica cortical espontanea eletrocorticograma  ecog in vivo ratos machos adultos sido submetidos dac souza et al 2011 exp brain res v 214 p 463469 entanto informacoes disponiveis sobre efeito cerebro feminino hormonios ovarianos papel importante excitabilidade cerebral provocando aumento significante inducao dac ltp condicoes favoraveis desfavoraveis lactacao podem influenciar desenvolvimento parametros eletrofisiologicos cerebrais neste trabalho investigou influencia genero machos versus femeas distintas condicoes lactacao grandes ninhadas versus pequenas sobre potenciacao atividade eletrica cortex cerebral dependente dac ratos_wistar adultos machos m femeas f amamentados ninhadas 6 12 filhotes grupos l6 l12 10m 13f cada condicao lactacao 90 120 dias idade registrado ecog duas regioes parietais anterior posterior p periodo continuo quatro horas duas primeiras horas registro transcorreram dac deflagrada periodo basal duas horas finais dac deflagrada cada 20 30min estimulacao kcl 2 periodo dac amostras registros papel digitalizadas cada hora analisadas meio algoritmo especifico amplitudes ecog convertidas unidades relativas comparadas animal antes apos presenca dac base analisar ocorrencia potenciacao atividade eletrica espontanea dois grupos controle animais l6 ambos_sexos denominados dac¯ dac+ acrescentados estudo 10 machos 7 femeas cada grupo grupos dac+ dac deflagrada 3 ultimas horas registro verificar maior periodo estimulacao modificou padrao amplitudes ecog grupos dac¯ 4 horas registro transcorreram deflagracao dac determinar tempo registro  dac  influenciou mudancas amplitudes ecog comparacao valores basais amplitudes periodo dac aumentaram significantemente p<0 05 teste_t_pareado ponto grupos l6m l6f l12m l12f aumentos 19 38 ponto p apenas grupos l12 aumentos 22 50 machos femeas respectivamente grupos dac+ apresentaram aumento significante amplitudes ecog ponto aumentos 27 34 machos femeas respectivamente grupos dac¯ quais provocou dac apresentaram amplitudes semelhantes durante 4 horas registro resultados 1 indicam rato dac potencia atividade eletrica cortical in vivo sugerindo efeito semelhante ltp 2 corroboram existencia diferencas regionais tecido cortical quanto potenciacao 3 sugerem potenciacao modulada interacao genero condicao lactacao palavras chave depressao alastrante atividade eletrica cortical genero condicoes lactacao potenciacao longa duracao,280
33,"dac, cortical, alastrante, cerebral, memoria, propagacao, excitabilidade, ansiedade, cortex, hipocampo",cafeina 1 3 7 trimetilxantina psico estimulante parece agir atraves receptores adenosina a1 a2 receptores dopamina d2 supoe administracao possa influenciar excitabilidade cerebral neste estudo avaliou acao cafeina sobre comportamento semelhante ansiedade sobre depressao alastrante cortical dac tres grupos ratos receberam cafeina gavagem doses 15mg kg dia 30mg kg dia 45mg kg dia 7º 27º dia vida pos natal grupos caf15 caf30 caf45 dois grupos controle receberam gavagem veiculo v receberam qualquer tratamento ingenuo pesos corporais registrados dias 7 14 21 28 dia registro dac 28 dias vida animais submetidos teste comportamental labirinto cruz elevado 30 dias teste campo aberto 35 dias submetidos registro dac outro grupo animais jovens 31 40 dias vida submetido aplicacao topica cortical solucao cafeina 15mg ml durante sessao registro dac testes comportamentais sugeriram efeito ansiolitico cafeina tempo cada entrada aumentou forma dose dependente animais tratados cafeina labirinto cruz elevado campo aberto valores significativamente maiores grupo caf45 comparacao grupo ingenuo 28 dias vida grupos caf30 caf45 apresentaram pesos corporais menores respectivamente 64 6+ 4 0g 58 9+ 3 8g comparacao grupos ingenuo 73 6+ 5 5g veiculo 72+ 3 7g caf15 70 5+ 4 5g lce numero comportamento levantar significativamente menor grupo caf45 relacao grupos controles numero desse comportamento grupos ingenuo veiculo caf15 caf30 caf45 respectivamente 10 6+ 1 4 10 8+ 1 2 9 5+ 1 3 8 8+ 0 9 6 9+ 1 4 p<0 05 campo aberto numero comportamento levantar significativamente menor grupo caf45 relacao grupos controles caf15 numero comportamento levantar grupos ingenuo veiculo caf15 caf30 caf45 respectivamente 9 5+ 1 4 9 8+ 1 4 7 5+ 1 2 6 6+ 1 4 4 8+ 0 9 p<0 05 35 dias vida grupos caf30 caf45 apresentaram pesos corporais menores respectivamente 103 3 + 7 8 g 99 4 + 6 4 g comparados grupos v 124 2+ 7 1 g ingenuo 120 9+ 9 5 g caf15 122 4 + 12 9 g p < 0 05 dac grupos tratados cafeina velocidades mm min maiores caf15 = 4 06+ 0 10 caf30 = 4 18 + 0 18 caf45 = 4 74+ 0 18 controles ingenuo = 3 93+ 0 10 v = 3 92+ 0 16 p<0 05 aplicacao topica cafeina aumentou velocidade amplitude dac reduziu duracao resultados indicam administracao cafeina durante periodo critico desenvolvimento impacto sobre comportamento ansiedade reduzindo aumenta velocidade propagacao dac sugerindo portanto importante papel cafeina excitabilidade cerebral,2057
33,"dac, cortical, alastrante, cerebral, memoria, propagacao, excitabilidade, ansiedade, cortex, hipocampo",resumo lectina concanavalina cona obtida sementes canavalia ensiformis proteina liga especificamente manose glicose estruturas complexas receptores celulares contenham residuos expostos desses carboidratos lectina possui varias atividades biologicas incluindo modulacao propriedades imunologicas electrofisiologicos cerebro presente estudo caracterizada acao cona sobre fenomeno dependente excitabilidade cerebral conhecido depressao alastrante cortical dac estudou imunomarcacao microglia anticorpo policlonal contra proteina iba1 ionized calcium binding adaptor molecule 1 ratos_wistar_machos n = 89 amamentados condicoes favoraveis desfavoraveis lactacao representadas respectivamente ninhadas 6 7 filhotes grupo n6 12 14 filhotes grupos n12 5º 24º dia pos natal tratados via intraperitoneal 1 mg kg 10 mg kg cona grupos l1 l10 respectivamente solucao salina nacl 0 9 grupo sal nenhum tratamento grupo ingenuo 90 120 dias idade dac quimicamente induzida cortex frontal registrada dois pontos regiao parietal durante 4 h parametros velocidade propagacao amplitude duracao ondas mensurados apos registro dac cerebros perfundidos fixados seguidos seccoes cerebrais reacao anticorpos anti iba1 quantificacao imunomarcacao microglia grupos n12 apresentaram maior velocidade propagacao dac grupos n6 ambas condicoes lactacao tratamento sistemico cona resultou diminuicao significativa dose dependente velocidade propagacao dac p < 0 05 comparacao grupos controle salina ingenuo amplitude duracao componente negativo variacao lenta voltagem dac permaneceram inalterados grupo adicional ratos adultos aplicacao topica cona superficie cortical reduziu reversivelmente velocidade propagacao dac imunorreatividade microglia avaliada cortex hipocampo menor grupos tratados cona comparacao respectivos controles hemisferio cerebral dac repetidamente induzida apresentou maior imunorreatividade comparacao hemisferio oposto principalmente cortex podemos concluir atenuacao propagacao dac diminuicao imunorreatividade microglia ratos adultos decorrencia aplicacao lectina cona 1 mg kg 10 mg kg durante periodo lactacao fase grande plasticidade neurogenese indicam lectina pode influenciar desenvolvimento cerebral acao protetora duradoura cerebro ratos acao dificultada condicao desfavoravel lactacao desse modo lectina cona apresentou proteina potencial acao protetora cerebro julgar efeitos sobre dac sobre reacao microglial palavras chave lectina cona eletrofisiologia cerebral estado_nutricional microglia depressao alastrante cortical imunomarcacao iba1,1120
34,"cha_verde, diabeticos, dieta_hiperlipidica, stz, diabetico, tratado, extrato, jucara, gavagem, hiperlipidico",uso plantas medicinais encontram expansao todo mundo funcao alto custo medicamentos industrializados efeitos beneficos creditados proprio modismo efeitos atraem portadores doencas degenerativas diabetes mellitus tipo ii sendo epidemia mundial inumeras plantas estudadas objetivo auxiliar tratamento diabetes mellitus brasil podemos destacar insulina vegetal cissus sicyoides l dissertacao objetivo avaliar infusos folhas insulina vegetal 5 ratos_wistar sadios diabetes mellitus induzida streptozotocina coletada planta municipio rio janeiro encaminhada injc ufrj ser higienizada desidratada moida armazenada sob refrigeracao parte experimental contou 20 ratos divididos dois grupos dm ndm onde induzida diabetes via intraperitoneal uso streptozotocina R outro agua destilada antes inducao mensurou glicemia animais apos tres dias repetiu mensuracao confirmar animais ficaram diabeticos formados quatro grupos dm dm5 ndm ndm5 apos iniciou tratamento infuso folhas insulina vegetal 5 administrada 28 dias neste periodo verificado massa_corporal animais ingestao racao glicemia quatro pontos sacrificio realizado super dosagem thiopental R posteriormente coletado sangue processamento analise catalase orgaos coracao rim figado retirados analise histologica resultados glicemia animais final experimento demonstrou claramente efeito hipoglicemiante significativo cha insulina vegetal 5 animais diabeticos dm 5 comparacao grupo_controle dm efeito hipoglicemiante ocorreu grupo diabetico porem tratado cha ndm5 comparacao diabetico tratado cha dm5 grupos diabeticos tratados ndm5 ndm exibiram glicemia menor grupo dm outro lado significancia grupos diabeticos avaliacao efeito antioxidante insulina vegetal atividade enzima catalase avaliada plasmas animais utilizou kit comercial caymans catalase assay kit valores medios densidade optica 2 59 + 0 30 2 84 + 0 60 1 82 + 0 46 3 20 + 0 35 grupos ndm dm ndm5 dm5 respectivamente animais diabeticos receberam cha apresentaram atividade catalase significativamente alta comparada grupos diabeticos tratados efeito insulina vegetal atividade serica catalase inedito pois presente momento encontrados artigos referenciam resultados avaliacao histologica influencia insulina vegetal padroes tecidos estudados coracao rim figado estudo avaliou infusao folhas insulina vegetal verificar efeito 5 folhas insulina vegetal verificou efeito hipoglicemico antioxidante animais diabeticos entanto causou lesoes tecidos cardiacos renais hepaticos animais diabeticos necessarios estudos pre clinicos clinicos uso correto seguro desta planta,746
34,"cha_verde, diabeticos, dieta_hiperlipidica, stz, diabetico, tratado, extrato, jucara, gavagem, hiperlipidico",prevalencia diabetes_mellitus_tipo_2 dm2 aumenta cada ano todo mundo estando fortemente associada obesidade sedentarismo nesse contexto interesse terapias naturais doencas_cronicas_transmissiveis dm2 ganhado destaque paises industrializados ampliando utilizacao plantas medicinais medicamentos base ervas fins terapeuticos faveleira favela cnidoscolus quercifolius pohl mart pax et k hoffm planta tipicamente xerofita pertence familia euphorbiaceae empregada fins medicinais carater cicatrizante anti_inflamatorio dentre outros presente estudo objetivo avaliar potencial terapeutico extrato aquoso folha faveleira cnidoscolus quercifolius pohl tratamento camundongos_swiss modelo diabetes induzido estreptozotocina apos administracao unica estreptozotocina via intraperitoneal 140 mg kg camundongos diabeticos alocados aleatoriamente grupos submetidos diferentes tratamentos extrato aquoso faveleira doses 100 200 mg kg peso camundongo doentes tratados grupo saudaveis tratados metformina durante tratamento coletadas amostras sangue determinacao glicemia termino deste animais eutanasiados figados coletados analise histopatologica forma complementar resultados obtidos durante tratamento realizadas analise fitoquimica toxicidade aguda cha curva glicemica analise estatistica utilizado analise variancia two way anova seguido teste_tukey adotando criterio significancia p <0 05 tratamento extrato aquoso faveleira mostrou reducao glicemia longo analise dentro mesmos grupos eaf100 eaf200 contudo alterar peso corporeo animais entanto avaliado peso umido figado pode perceber menor peso destes comparados grupo tratado observados danos severos ensaio toxicidade alteracoes morfologicas aparentes efeito hipoglicemiante encontrado respaldado analise fitoquimica extrato revelou presenca catequinas flavonois triterpenoides pentaciclicos livres substancias acao hipoglicemiante relatada apesar presenca acao hipoglicemiante necessarios estudos fim encontrar concentracoes tornem efetivo emprego extrato aquoso faveleira terapeutica dm2 possibilitaria assim assegurar validar aplicabilidade finalidade gerar produto fitoterapico eficaz baixo custo populacao,1530
34,"cha_verde, diabeticos, dieta_hiperlipidica, stz, diabetico, tratado, extrato, jucara, gavagem, hiperlipidico",diabetes melito grupo doencas caracterizado hiperglicemia associada complicacoes disfuncoes insuficiencia varios orgaos podendo resultar defeitos secrecao acao insulina atualmente brasil existem cerca seis milhoes diabeticos estima numero pode dobrar 2030 chegando 11 3 milhoes recentemente isolado cera carnauba composto quimico constituido esteres acido cinamico encontrados po cerifero origem pco c apresentou efeitos hipolipemiantes hipoglicemiantes animais sob ponto vista quimico cera carnauba pco c composta mistura muitas substancias predominantemente esteres testes toxicologicos ecotoxicologicos mostraram cera carnauba produto atoxico agride meio_ambiente presente trabalho objetivou avaliar potencial terapeutico pco c tratamento animais diabeticos observando efeito hipoglicemico estudo efeito pco c in vivo desenvolvido grupos camundongos diabetes melito induzido aloxano 120 150 mg kg dias consecutivos via intraperitoneal tratados pco c 100 125 150 mg kg agua glibenclamida 10 mg kg final protocolo inducao tratamento amostras sangue coletadas determinacao niveis sorologicos glicose alem disso animais pesados vez semana fim verificarmos composto estudo possui efeito sobre peso dados expressos media + erro padrao media epm analisar significancia diferencas dados utilizado anova seguida teste newman keuls sendo considerados significativos resultados apresentavam p<0 05 composto pco c identificado caracterizado diesteres acido 4 metoxicinamico apresentou importantes efeitos hipoglicemiantes comparados glicemia inicial periodo pos inducao diabetes fitocomposto mostrou acao hipoglicemiante semelhante melhor droga referencia glibenclamida utilizado doses 100 150 mg kg sendo ultima eficaz controle niveis glicemicos pco c efeito sobre reducao peso animais diabeticos diabeticos tendo parametro permanecido estavel durante todo periodo experimento fitocomposto apresentou melhor controle ganho_peso comparado glibenclamida portanto acreditamos hipotese composto possa ter acao nivel expressao_genica estimulando genes responsaveis producao insulina celulas beta pancreas pois apresentou acao sobre peso animais deste estudo apenas melhor controle_peso droga referencia glibenclamida,608
35,"sindrome_metabolica, risco_cardiovascular, hdl_c, ldl_c, colesterol_total, hdl, pressao_arterial, ldl, cardiovasculares, risco_cardiometabolico",introducao acido_urico au produto final metabolismo purinas concentracoes elevadas considerado fator risco diferentes doencas porem infancia adolescencia existem poucos estudos avaliam relacao acido_urico alteracoes cardiometabolicas objetivo estudo avaliar niveis acido_urico criancas_adolescentes relacao variaveis risco_cardiometabolico metodos trata estudo_transversal 791 criancas_adolescentes 6 18 anos ambos_sexos variaveis antropometricas analisadas estatura peso perimetro_cintura pc percentual gordura_corporal gc indice_massa_corporal imc medidas hemodinamicas pressao_arterial sistolica diastolica velocidade onda pulso carotida femoral vop cf sangue medidos acido_urico glicose colesterol_total ct lipoproteina_alta_densidade hdl_c lipoproteina_baixa_densidade ldlc colesterol hdl hdlc maturacao_sexual classificada escala tanner pre pubere estagio i pubere estagio ii iii iv v utilizou teste t student analise variancia seguida teste_tukey comparar diferenca medias teste_qui_quadrado proporcoes analises realizadas teste correlacao_pearson regressao_linear nivel significancia estabelecido p<0 05 resultados amostra composta 56 4 n=446 meninos 43 6 n=345 meninas media idade 11 3 + 2 7 anos media acido_urico amostra 3 99 + 1 04 mg dl sexo puberdade influenciaram valores acido_urico sendo elevado meninos puberes p<0 05 variaveis apresentaram correlacoes fortes acido_urico ambos_sexos peso pc p<0 001 meninos variaveis mantiveram associadas acido_urico percentil imc =0 006 pc =0 047 pressao_arterial sistolica =0 041 diastolica =0 010 vop cf =0 238 p<0 05 meninas associados au percentil imc =0 009 pc =0 036 gc =0 030 hdlc = 0 012 triglicerideos =0 004 p<0 05 conclusao acido_urico serico apresenta distribuicao diferente sexos relacao estagio maturacao_sexual meninas variaveis antropometricas variaveis perfil_lipidico associadas acido_urico meninos alem variaveis antropometricas pressao_arterial vop associada acido_urico dessa forma dados demonstram associacao niveis acido_urico serico alteracoes cardiometabolicas sendo importante utilizacao novos marcadores risco acido_urico controle investigacao dessas alteracoes saude populacao,2977
35,"sindrome_metabolica, risco_cardiovascular, hdl_c, ldl_c, colesterol_total, hdl, pressao_arterial, ldl, cardiovasculares, risco_cardiometabolico",objetivo deste estudo investigar relacao acido_urico fatores_risco cardiovasculares final infancia 8 9 anos inicio adolescencia 10 14 anos escolares regiao maruipe municipio vitoria es trata estudo_transversal observacional conveniencia 296 criancas_adolescentes ambos_sexos 9 escolas_publicas municipio vitoria es realizadas avaliacoes antropometricas hemodinamicas bioquimicas jejum 12 h coleta sangue utilizada determinar glicemia_jejum insulina plasmatica colesterol_total fracoes hdl ldl triglicerideos plasmaticos tgc acido_urico au insulina plasmatica proteina_c_reativa leucocitos totais resistencia_insulina avaliada realizando calculo indice homa_ir obtidas medidas peso estatura perimetro_cintura pc perimetro quadril pq percentual gordura_corporal gc avaliacao acido_urico considerados elevados valores acima percentil 90 acordo cada fase sexo analises estatisticas realizadas teste kolmogorov smirnov teste_qui_quadrado teste exato fischer teste mann_whitney correlacao_pearson spearman modelos regressao_logistica simples multiplo nivel significancia adotado p<0 05 projeto aprovado comite etica pesquisas seres_humanos universidade federal espirito santo parecer n° 1 565 490 termo consentimento livre esclarecido assentimento assinado participantes responsaveis observou amostra composta 54 4 n=161 sexo_feminino tendo media idade 10 7 + 2 0 anos 54 0 n=159 adolescentes avaliado prevalencias inadequacoes antropometricas composicao_corporal acordo classificacao acido_urico segundo fases tanto infancia quanto adolescencia excesso_peso pc pq relacao cintura estatura rce excesso_gordura_corporal apresentaram maior prevalencia relacao acido_urico elevado alteracoes bioquimicas clinicas infancia significancia manifestou hdl insulina resistencia_insulina adolescencia pressao_arterial ldl insulina resistencia_insulina correlacao niveis acido_urico composicao_corporal bioquimica clinica moderadas infancia peso rce pq gc forma negativa hdl regressao simples infancia indicou imc pc pq rce gc indice homa_ir elevados hdl baixo adolescencia imc pq rce gc pa ldl indice homa_ir demonstraram maior chance apresentarem acido_urico elevado modelo regressao_logistica_multipla remocao efeito observou nenhuma variavel manteve associada conclui criancas_adolescentes acido_urico elevado apresentaram associacao fatores_risco_cardiovascular entanto nota valores elevados acido_urico individuos avaliados inadequacao parametros_antropometricos composicao_corporal,2304
35,"sindrome_metabolica, risco_cardiovascular, hdl_c, ldl_c, colesterol_total, hdl, pressao_arterial, ldl, cardiovasculares, risco_cardiometabolico",adolescencia periodo transicao infancia idade adulta acordo modificacoes fisicas psicologicas pode ser dividida tres fases distintas inicial 10 13 anos intermediaria 14 16 anos tardia 17 19 anos excesso adiposidade resistencia insulinica associados alteracoes endocrinas perfil_inflamatorio trombogenico podendo aumentar risco_cardiometabolico adolescentes diante exposto objetivou avaliar relacao niveis hormonais fatores_risco_cardiometabolico considerando tres fases adolescencia trata estudo epidemiologico corte transversal realizado adolescentes 10 19 anos ambos_sexos estudantes escolas_publicas privadas areas urbana rural municipio vicosa minas gerais adolescentes selecionados amostragem aleatoria simples considerando sexo fase adolescencia criterios inclusao estudo aferiu peso estatura classificou estado_nutricional utilizando indice_massa_corporal imc idade conforme proposto organizacao_mundial_saude percentual gordura_corporal estimado utilizando bioimpedancia_eletrica tetrapolar vertical oito eletrodos tateis classificado segundo lohman aferiu perimetros cintura pc quadril pq calculou relacoes cintura estatura rce cintura quadril rcq realizou dosagens perfil_lipidico glicemia_jejum insulina acido_urico proteina_c_reativa ultrassensivel pcr us testosterona total tt globulina ligadora hormonios sexuais shbg hormonio crescimento gh fator crescimento semelhante insulina i igf i calculou homeostasis model assessment insulin resistance homa_ir aferiu pressao_arterial quantificou expressao acido ribonucleico mensageiro mrna inibidor ativador plasminogenio 1 pai 1 tecnica real time polymerase chain reaction utilizou programas estatisticos spss windows R versao 17 0 stata R versao 11 0 sigmaplot R windows versao 11 0 realizar analises descritivas bivariadas multivaridas dados considerando nivel significancia = 0 05 estudo aprovado comite etica pesquisa seres_humanos instituicao no170 2012 todos voluntarios n = 800 participaram avaliacoes antropometrica bioquimica clinica xvido total realizou dosagem hormonal 372 individuos investigou expressao mrna pai 1 397 adolescentes considerando total participantes n = 800 53 2 sexo_feminino 78 7 apresentaram alteracoes colesterol_total fracoes 10 8 resistencia insulinica acordo resultados curvas roc receiver operating characteristic curve pc pq rcq rce capazes predizer alteracoes principalmente niveis triglicerideos insulina homa_ir tres fases adolescencia modo geral p < 0 05 analises poisson variancia_robusta adolescentes altos valores medidas indices localizacao gordura_corporal percentil 75 apresentaram maiores prevalencias alteracoes componentes sindrome_metabolica independente modelo ajuste analise regressao_linear_multipla investigou variaveis relacionadas expressao mrna pai 1 encontrou relacao positiva desse biomarcador fases adolescencia relacao inversa pressao_arterial diastolica acordo analise_fatorial identificou quatro fatores sendo relacionados composicao_corporal metabolismo glicidico pressao_arterial dislipidemia eventos aterotromboticos quais explicaram torno 70 variancia total dados cada fase adolescencia conforme analises regressao_linear multiplas independente ajuste shbg relacionou forma inversa tres fatores ambos_sexos principalmente duas primeiras fases p < 0 05 tt associou positivamente fator pressao_arterial fase inicial sexo_feminino negativamente masculino fator composicao_corporal fases inicial intermediaria fator dislipidemia eventos aterotromboticos fase final p < 0 05 gh relacionou forma negativa fatores composicao_corporal dislipidemia meninos fases inicial intermediaria respectivamente p < 0 05 igf 1 positivamente fator metabolismo glicidico fase final p < 0 05 base resultados concluiu concentracoes tt shbg gh igf i podem influenciar positiva negativamente perfil_metabolico adolescentes porem ressalta maioria destas alteracoes relacionada excesso_peso gordura_corporal notadamente aumento gordura_abdominal sendo principais fatores_risco doencas_cardiovasculares nesta fase vida,1215
36,"custos, paises, dcnt, temporal, dados_secundarios, vigilancia, sisvan, tendencia, taxas, postagens",introducao alimentacao inadequada principais determinantes carga doencas_cronicas_transmissiveis dcnt brasil conhecer carga custo dcnt atribuidas alimentacao inadequada importantes melhorar qualidade_vida populacao induzir politicas eficazes beneficiem populacao sistema_unico_saude sus objetivo analisar carga dcnt atribuivel consumo acidos_graxos trans agt baixo consumo frutas_hortalicas graos integrais populacao brasileira 1990 2019 custo financeiro consumo agt sus 2019 ainda investigadas iniquidades regionais distribuicao cargas custos atribuidos acordo desenvolvimento sociodemografico estados brasileiros metodos estudo ecologico dados_secundarios carga dcnt atribuida fatores_risco alimentares populacao adulta = 25 anos obtidos estudo global burden of disease 2019 dados custos diretos sistema informacoes ambulatoriais sia sus sistema informacoes hospitalares sih sus gbd usa fracao atribuivel populacao fap estimar carga sendo utilizadas neste estudo metricas mortalidade anos vida perdidos ajustados incapacidade dalys anos vida vividos incapacidade ylds sintese exposicao risco sev indice sociodemografico sdi investigados compreender distribuicao carga atribuida estados brasileiros custos diretos sus relacionados atendimento hospitalar ambulatorial obtidos multiplicacao fap ylds custo procedimento sus valores expressos dolares internacionais 1 int$ = r$ 2 280 resultados 1990 2019 taxas mortalidade bruta padronizada idade doenca isquemica coracao dic atribuivel agt diminuiram 15 9 58 0 respectivamente pais diminuicao taxas brutas 23 3 padronizadas 56 4 dalys observada estados sul sudeste distrito federal maiores declinios dic enquanto nordeste norte menores aumento menor sev sdi alto relacionaram menores cargas dic dic atribuivel consumo agt resultou 11 165 ylds total int$ 54 546 227 r$ 124 4 milhoes gasto sus 2019 devido dic atribuiveis agt maiores custos observados sergipe seguido dois estados sul geral medida sdi aumenta despesas aumentam relacao consumo frutas_hortalicas graos integrais populacao brasileira baixo consumo maiores taxas padronizadas idade dcnt atribuivel agt encontradas alimentacao insuficiente graos integrais 14 4 100 000 seguido alimentacao insuficiente hortalicas 7 6 100 000 frutas 5 0 100 000 respectivamente ranking semelhante observado todos estados brasileiros populacao estados nordeste norte apresentou menor sdi maiores taxas dcnt atribuiveis alimentacao insuficiente frutas_hortalicas graos integrais conclusao alimentacao elevada agt insuficientes frutas_hortalicas graos integrais contribuem substancialmente carga doenca custos sus brasil especialmente estados menor nivel socioeconomico alem disso achados reforcam importancia politicas alimentares reduzir carga doenca populacao brasileira,4749
36,"custos, paises, dcnt, temporal, dados_secundarios, vigilancia, sisvan, tendencia, taxas, postagens",introducao sistemas alimentares modernos caracterizam protagonismo empresas transnacionais alimentos bebidas tais big soda empresas investem globalmente marketing digital potencial influenciar escolhas_alimentares objetivo descrever marketing digital coca cola lider segmento big soda paginas facebook midia social usada diferentes paises acordo condicoes sociodemograficas participacao empresa mercado metodos amostra selecionada partir plataforma midia identifica paises presenca popularidade paginas comerciais facebook paises cadastrados n=149 identificou paginas coca cola considerados populares paises paginas empresa cinco maior numero seguidores segmento bebidas 57 0 paises considerados populares 22 8 insuficientemente populares 20 2 possuiam paginas marca indice sociodemografico socio demographic index sdi participacao coca cola mercado refrigerantes market share  ms usados caracterizar paises paginas coca cola paises populares registrados numero seguidores postagens interacoes curtidas comentarios compartilhamentos cada postagem recebeu 2018 alem disso descritas caracteristicas estrategias marketing presentes 10 postagens realizadas marca facebook desses paises resultados paises populares apresentaram maior sdi paises paginas coca cola insuficientemente populares paginas marca facebook paises populares obtiveram maior ms comparacao insuficientemente populares paises populares menor sdi apresentaram maior media postagens interacao paises maior sdi enquanto paises maior ms maior numero postagens seguidores interacoes paises menor ms paginas facebook coca cola paises populares uso logomarca 74 9 exibicao produtos marca 67 9 jovens 67 9 uso fotos 59 5 prevalentes assim apelos socializacao 38 5 atributos esportivos 21 0 eventos esportivos 16 6 paises menor sdi uso logomarca atributos esportivos eventos esportivos presentes colecionaveis apelo alimentacao_saudavel comuns postagens enquanto paises maior sdi coca cola publicou postagens mostrando jovens apelo socializacao paises maior ms exibicao produtos marca presenca individuos mencao datas comemorativas frequentes relacao menor ms conclusao coca cola utiliza globalmente facebook promover produtos sendo popularidade pagina conteudo marketing postagens distintos segundo caracteristicas paises,3653
36,"custos, paises, dcnt, temporal, dados_secundarios, vigilancia, sisvan, tendencia, taxas, postagens",silva jm uso estrategias marketing publicidade alimentos televisao midias sociais brasil dissertacao mestrado nutricao saude belo_horizonte escola enfermagem universidade federal minas gerais 2021 objetivo analisar uso estrategias marketing empresas alimentos televisao tv midias sociais brasil metodos conduzidos dois estudos primeiro natureza descritiva envolveu 18 empresas alimentos veicularam anuncios publicitarios tres canais tv aberta brasileira oito dias consecutivos abril 2018 06h00min 24h00min totalizando 432 horas gravacao sequencia identificadas paginas oficiais dessas empresas facebook R instagram R youtube R todas postagens realizadas marcas abril 2018 registradas estudo 2 natureza analitica envolveu todas postagens realizadas empresa mcdonald s R paginas oficiais facebook R instagram R youtube R brasil durante 2019 ambos estudos estrategias marketing identificadas segundo protocolo avaliacao publicidade televisiva proposto rede informas considera estrategias relacionadas poder publicidade oferta premios alegacoes beneficios coleta dados realizada dupla digitacao analise dados contemplou descricao frequencias estrategias publicitarias estudos 1 2 comparacao uso dessas estrategias segundo midia social analise_componentes_principais caracterizacao perfil publicidade cada midia social estudo 2 resultados estudo 1 identificados 52 anuncios tv 194 postagens midias sociais marca mcdonald s R destacou maior numero pecas publicitarias meios comunicacao relacao estrategias marketing uso celebridades esportivas tv 13 5 facebook R 19 1 instagram R 30 9 youtube R 31 0 eventos esportivos tv 21 1 facebook R 26 4 instagram R 29 1 youtube R 41 4 esportista famoso time tv 19 2 facebook R 10 9 instagram R 9 1 youtube R 41 4 frequente todas midias sociais assim anuncio produtos edicoes limitadas tv 26 9 facebook R 21 8 instagram R 29 1 youtube R 37 9 oferta brindes colecionaveis tv 15 4 facebook R 12 7 instagram R 12 7 youtube R 10 3 exaltacao caracteristicas_sensoriais produtos verificada 59 6 anuncios tv 50 9 facebook R 29 1 instagram R 86 2 youtube R estudo 2 mostrou midias sociais mcdonald s R utilizaram forma frequente estrategias alegacoes beneficios facebook R 81 3 instagram R 86 4 youtube R 100 poder publicidade facebook R 43 3 instagram R 39 1 sobretudo publicacoes youtube R 66 7 alem disso identificados tres componentes estrategias marketing tres midias sociais apelo infantil apelo economico celebridades facebook R instagram R verificou ainda presenca componente estrategias relacionadas exaltacao caracteristicas produto conclusao verificou uso elevado estrategias marketing meios comunicacao estudados maior diversidade deste uso tv youtube R,3365
37,"barra, batata, liquida, proteica, caseina, aminoacidos, doce, dietas, amendoa, enterais",bioma cerrado rico especies frutiferas pequi baru buriti caju cerrado destacam qualidades sensoriais cor sabor aroma apresentarem potencialidades mercado polpas amendoas dentre especies pequi merece especial atencao porque possui amendoa rica proteinas ainda pouco explorada alimentos proteinas podem ser classificadas conforme qualidade depende perfil proporcao aminoacidos essenciais biodisponibilidade hidrolise durante processo digestao pode interferir absorcao estudos especies nativas cerrado necessarios fornecer subsidios incentivem melhor utilizacao dessas fonte complementar nutrientes populacao local exploracao comercial fonte geradora emprego renda base nestas informacoes estudo objetivo avaliar qualidade biologica bioquimica farinha semente pequi desengordurada suplementada lisina atraves analise parametros nutricionais bioquimicos provenientes ensaio animais jovens neste estudo feitos dois delineamentos sendo primeiro animais divididos quatro grupos dez animais controle aproteico farinha semente pequi fsp farinha semente pequi suplementada primeiro aminoacido limitante lisina fspal dieta aproteica isenta proteinas demais dietas apresentavam teor 10 proteinas diferiram quanto fonte proteica caseina dieta controle farinha semente pequi experimento duracao 14 dias segundo delineamento utilizou 36 animais acompanhados 30 dias divisao grupos experimentais mantida exceto grupo dieta aproteica excluido durante experimento feitas avaliacao_consumo_alimentar coleta fezes mensuracao peso animais final experimento animais anestesiados eutanasiados posteriormente realizada coleta sangue orgaos resultados mostraram relacao composicao centesimal nutrientes maior concentracao semente pequi in_natura lipideos 55 42 seguido proteinas 25 28 alem disso semente mostrou boa fonte minerais aminoacido essencial deficiente semente lisina apresentando escore quimico 39 relacao metodos biologicos determinacao qualidade proteica coeficiente utilizacao proteica per grupo_controle significativamente superior demais grupos cabe destacar grupo fspal recebeu suplemento lisina estatisticamente superior grupo recebeu dieta fsp demais indices razao proteica liquida npr digestibilidade verdadeira dv balanco nitrogenado aparente bnap utilizacao proteica liquida npu grupo_controle significativamente superior demais grupos fsp fspal diferiram estatisticamente si,1831
37,"barra, batata, liquida, proteica, caseina, aminoacidos, doce, dietas, amendoa, enterais",gelatina amplamente utilizada alimentacao humana porem valor proteico limitado composicao aminoacidos essenciais bastante atipica vez teores todos aminoacidos inferiores padrao referencia comite nutricao alimentos instituto medicina academia nacional ciencias eua food and nutrition board fnb institute of medicine iom agravante conter triptofano composicao estudo avaliou eficacia alimentar qualidade proteica misturas caseina gelatina 4 1 base proteica dietas baixos teores proteina realizado estudo_experimental modelo animal 36 ratos albinos linhagem wistar machos recem desmamados 21 23 dias idade divididos seis grupos seis animais cada alimentados seguintes dietas c10 10 proteina caseina c8g2 10 proteina 8 caseina 2 gelatina c12 5 12 5 proteina caseina c10g2 5 12 5 proteina 10 caseina 2 5 gelatina g10 10 proteina gelatina ap aproteico duracao experimento 28 dias grupos c10 c8g2 c12 5 c10g2 5 14 dias grupos g10 ap eficacia alimentar dietas contendo mistura caseina gelatina influenciada gelatina segundo fator conversao alimentar nivel proteico 10 c10 = 3 35 + 0 19 versus c8g2 = 3 91 + 0 34 suplementacao gelatina c10 = 3 35 + 0 19 versus c10g2 5 = 3 86 + 0 32 eficacia proteica reduzida tanto nivel proteico 10 c10 = 2 90 + 0 17 versus c8g2 = 2 41 + 0 22 quanto nivel proteico 12 5 c12 5 = 2 32 + 0 19 versus c10g2 5 = 2 03 + 0 16 suplementacao gelatina c10 = 2 90 + 0 17 versus c10g2 5 = 2 03 + 0 16 segundo per protein efficiency ratio animais consumiram gelatina g10 apresentaram perda_peso corporeo semelhante grupo aproteico gelatina misturas caseina gelatina 4 1 base proteica dietas baixo teor proteina reduz eficacia alimentar proteica caseina,496
37,"barra, batata, liquida, proteica, caseina, aminoacidos, doce, dietas, amendoa, enterais",planta perskia aculeata miller conhecida brasil ora pro nobis possui elevados teores proteina fibras dieteticas totais minerais vitaminas presente estudo buscou avaliar crescimento desenvolvimento ratos tratados dietas contendo planta pereskia aculeata miller restricao proteina utilizados 24 ratos machos recem desmamados linhagem wistar animais divididos 4 grupos dieta padrao caseina restricao total proteina substituicao caseina 40 pereskia aculeata restricao 40 proteina avaliou crescimento meio qualidade proteica testes coeficiente eficiencia proteica per razao proteica liquida npr digestibilidade verdadeira analise desenvolvimento realizados testes esquiva inibitoria reconhecimento objetos testes reflexo locomocao resultados demonstram grupo restricao 40 proteina apresentou valores maiores coeficiente eficiencia proteica razao proteica liquida comparados grupo padrao p<0 01 porem analisado ganho_peso animais restricao_proteica menor ganho ponderal grupo padrao p<0 01 grupo recebeu pereskia aculeata miller apresentou menor ingestao_alimentar maior excrecao fecal comparado grupo padrao p<0 05 revelou menores valores coeficiente eficiencia proteica razao proteica liquida p<0 01 alem disso digestibilidade verdadeira significativamente menor grupo padrao p<0 01 fato provavelmente explicado devido alto teor fibras planta enquanto testes desenvolvimento evidenciaram dietas restricao 40 proteina contendo planta pereskia aculeata interferiram memoria animais p>0 05 entretanto grupo recebeu planta apresentou prejuizo alguns testes reflexo p<0 05 conclui restricao 40 proteina promoveu menor ganho ponderal comparado grupo padrao porem alteracoes testes desenvolvimento ainda planta pereskia aculeata miller efetiva desenvolvimento cognitivo exploratorio apresenta deficits alguns testes reflexos outro lado possui boa digestibilidade promove crescimento adequado ratos recem desmamados,465
38,"pnae, alimentacao_escolar, cardapios, agricultura_familiar, programa_nacional_alimentacao_escolar, sustentabilidade, uan, cardapio, agricultores, sustentaveis",programa_nacional_alimentacao_escolar pnae considerado maior antiga politica publica brasil recentemente sofreu alteracoes estabelecidas atraves lei 11 947 resolucao cd fnde 38 promulgadas julho 2009 diretrizes estipula minimo trinta cento 30 total recursos repassados fundo nacional desenvolvimento educacao fnde destinados compra_alimentos produzidos agricultura_familiar local regional nacional preferencialmente organicos diante desta regulamentacao presente estudo objetivo analisar demanda oferta alimentos_organicos alimentacao_escolar santa catarina realizou estudo descritivo onde avaliados municipios estado santa catarina compraram alimentos_organicos agricultura_familiar ano 2010 analisados dados 52 municipios meio entrevistas realizadas 52 nutricionistas responsaveis tecnicos alimentacao_escolar municipios 96 agricultores_familiares 24 presidentes cooperativas fornecedores alimentos_organicos alimentacao_escolar utilizando questionario_semiestruturado dados analisados apresentados numeros absolutos relativos total municipios catarinenses 17 7 compraram alimentos_organicos agricultura_familiar 2010 regiao sul estado 27 3 apresentou maior percentual municipios compradores entanto regiao oeste apresentou maior numero municipios avaliados 21 2 atendendo legislacao vigor modalidade predominante selecao agricultores cooperativas chamada publica compra municipios analisados alimentos_organicos agricultura_familiar adquiridos vendidos proprio municipio regiao municipio relacao dificuldades aquisicao alimentos_organicos nutricionistas destacaram falta certificacao 33 3 baixa oferta 33 3 precos produtos 28 6 dificuldades logistica 33 3 falta qualidade 19 agricultores cooperativas limitacoes comercializacao alimentacao_escolar baixa procura parte municipios 41 9 60 sazonalidade producao 38 7 40 dificuldades transporte 38 7 20 precos produtos 35 5 40 destaca cooperativas relataram dificuldades producao 60 alguns alimentos produzidos agricultores cooperativas incluidos cardapio ameixa melao pitanga carambola nectarina tomate cereja molho tomate pacoca pinhao requeijao manteiga outros estudo concluiu demanda compra oferta producao_alimentos organicos agricultura_familiar pnae serem fortalecidas faz necessario maior dialogo nutricionistas produtores cooperativas atender estabelece passo passo compra agricultura_familiar articulacao pode viabilizar maior oferta alimentos produzidos localmente aumento alimentos_organicos cardapios escolares consequentemente contribuir melhoria alimentacao escolares,462
38,"pnae, alimentacao_escolar, cardapios, agricultura_familiar, programa_nacional_alimentacao_escolar, sustentabilidade, uan, cardapio, agricultores, sustentaveis",campos david ribeiro analise chamadas publicas compra_alimentos agricultura_familiar alimentacao_escolar estado rio janeiro 2023 dissertacao mestrado ciencias nutricao  faculdade nutricao emilia jesus ferreiro universidade federal fluminense niteroi 2023 programa_nacional_alimentacao_escolar pnae meio obrigatoriedade compra_alimentos agricultura_familiar af combina incentivo producao agricola local melhora qualidade alimentos oferecidos escolas compras podem ocorrer chamada publica cp substitutivo tradicional licitacao porem entidades executam pnae enfrentam desafios diferentes ordens centrado propria elaboracao instrumento cp assim estudo pretende analisar chamadas publicas entidades executoras eex pnae compra_alimentos af estudo abordagem quali quantitativa transversal baseado analise_documental 51 chamamentos publicos compra_alimentos af eex atuantes instituicoes ensino federais estaduais municipais estado rio janeiro eex categorizadas funcao percentual utilizado recurso repassado fundo nacional desenvolvimento educacao fnde compra_alimentos af analise editais vez considerados base legal utilizada pauta compra identificacao alimentos solicitados quanto grupo alimentar origem sociobiodiversidade regionalidade sendo entao classificadas relacao conformidade criterios atendidos segundo modelo cp fnde sob seguintes criterios adequada precisa melhorar inadequada realizados analise descritiva dados referentes identificacao alimentos segundo grupos alimentar origem teste_qui_quadrado considerando nivel significancia 5 aferir associacao conformidade chamadas publicas perfil compra af eex percentual compra af anos 2017 2019 aumentou 37 21 74 4 analise editais cp constatou maioria inadequados 74 6 especialmente criterios legislacao referenciada prioridade definicao precos constatou total 1 163 alimentos solicitados frequencia absoluta percentual majoritariamente hortalicas frutas tanto identificacao grupos alimentares quanto pauta alimentos sociobiodiversidade 39 2 alimentos_regionais 90 1 solicitado eex demonstrou assim maior parte chamadas publicas instruidas forma inadequada pode dificultar processo adesao agricultores mercado institucional pnae,4629
38,"pnae, alimentacao_escolar, cardapios, agricultura_familiar, programa_nacional_alimentacao_escolar, sustentabilidade, uan, cardapio, agricultores, sustentaveis",tese intuito analisar criterios sustentabilidade aquisicao consumo_alimentos bem dificuldades fatores promotores compras sustentaveis restaurantes atender objetivos propostos conduzidas etapas pesquisa delineamento quanti qualitativo inicialmente investigados desafios alimentacao_saudavel sustentavel meio revisao narrativa literatura desafios apresentados primeiro manuscrito divididos etapas sistema agroalimentar producao processamento distribuicao consumo culminando proposta guia forma representacao grafica operacionalizacao alimentacao_saudavel sustentavel diante disso objetivo identificar quais recomendacoes sustentabilidade incorporadas estrategias promocao alimentacao sustentavel populacao desenvolvido segundo manuscrito desta tese partir revisao escopo identificados analisados 12 documentos continham 21 recomendacoes agrupadas cinco categorias 1 forma producao_alimentos 2 origem alimentos 3 processamento alimentos 4 consumo_alimentos 5 conservacao recursos guias governamentais especificamente alimentares apresentaram menor variedade recomendacoes recomendacoes frequentes incentivo consumo_alimentos nutricionalmente adequados presente 11 documentos seguido incentivo reducao consumo_alimentos origem_animal reducao desperdicio alimentos consumo_alimentos sazonais presentes 10 documentos terceiro manuscrito tese visou identificar recomendacoes aquisicao sustentavel alimentos restaurantes realizou revisao narrativa literatura_cientifica cinzenta onde analisadas 13 publicacoes identificaram 28 recomendacoes divididas quatro categorias 1 forma producao_alimentos 2 criacao animal 3 fornecedores alimentos 4 producao refeicoes aquisicao alimentos_organicos unico criterio incentivado todas publicacoes seguido alimentos sazonais produtos aquicultura pesca produzidos capturados modo sustentavel sistemas diminuam impacto producao considerados 12 publicacoes quarto manuscrito tese visou identificar fatores interferem adocao medidas sustentabilidade aquisicao alimentos restaurantes realizada pesquisa on line encaminhada restaurantes institucionais nutricionista gestor estado santa catarina total 107 restaurantes investigados sendo maioria utilizava alimentos_regionais 97 2 sazonais 94 4 percentual menor comprava alimentos agricultura_familiar local 57 9 alimentos_organicos agroecologicos 36 4 sistema gerenciamento autogestao significativamente associado compra_alimentos organicos p = 0 000 agricultura local p = 0 000 variaveis associacao numero refeicoes servidas presenca certificacao ambiental treinamento funcionarios nutricionistas analise importancia atribuida criterios selecao fornecedores demonstrou predominio preocupacao sanitaria nutricionistas entrevistados detrimento criterios sustentabilidade visando identificar principais dificuldades fatores promotores aquisicao sustentavel alimentos realizada pesquisa qualitativa meio entrevista aberta uso roteiro semiestruturado 17 restaurantes publicos brasileiros 4 autogestao 13 terceirizados situados cinco regioes pais selecionados maneira intencional resultados referem quinto manuscrito tese onde entrevistados 33 informantes chaves realizada analise conteudo qualitativa auxilio software nvivo identificaram quatro categorias sobre dificuldades compra_alimentos sustentaveis 1 problemas producao 2 distribuicao alimentos fornecedores 3 questoes operacionais compra 4 modelos distintos gerenciamento servico autogestao terceirizado analise fatores promotores compras sustentaveis resultaram duas categorias 1 incentivo producao distribuicao alimentos 2 gestao abastecimento entrevistados relataram dificuldades relacionadas continuidade oferta alimentos quantidade variedade disponiveis compra burocracia processos publicos compra destacada dificuldade restaurantes autogestao contrapartida restaurantes terceirizados parecem enfrentar resistencia compra devido necessidade servico gerar lucro estudo demonstra oportunidade produtores comercializarem produtos restaurantes publicos reafirma necessidade maior organizacao compromisso produtores atender demanda alimentos garantia fornecimento sensibilizacao gestores estimular setor produtivo sustentavel meio aquisicao alimentos fim ultimo manuscrito tese visou definir criterios aquisicao sustentavel alimentos restaurantes utilizada metodologia delphi consenso especialistas instrumento disponibilizado via on line consistia avaliacao modelo inicial criterios construido partir literatura_cientifica 13 publicacoes analisadas respostas obtidas escala 1 5 considerando relevancia grau dificuldade implementacao criterio total 13 especialistas participou pesquisa maioria nutricionistas agronomos regiao sul brasil especialistas classificaram maior relevancia criterios aquisicao alimentos locais alimentos provenientes sistemas diminuam impacto ambiental producao_alimentos sazonais alem reduzir aquisicao alimentos_processados evitar alimentos geneticamente modificados relacao grau dificuldade criterio considerado facil execucao compra sazonal dificil execucao aquisicao carnes utilizacao antibiotico durante producao partir resultados obtidos neste trabalho destaca necessidade incorporacao aspectos sociais culturais recomendacoes alimentacao sustentavel recomendacoes aquisicao sustentavel alimentos bem sustentabilidade diretrizes alimentares aproximacao producao consumo parece ser importante superacao dificuldades compra sustentavel restaurantes definicao criterios bem ordenacao relevancia grau dificuldade podem auxiliar restaurantes definir acoes prioritarias aquisicao sustentavel alimentos bem servir base politicas_publicas compra,2409
39,"sono, iqd, trabalhadores, qualidade_dieta, pontuacao, ias, turno, indice_qualidade_dieta, turnos, pontuacoes",consumo dieta balanceada fornece quantidades adequadas energia nutrientes favorece desempenho adaptacoes induzidas atividade_fisica conhecimento nutricional fatores podem influenciar adocao praticas_alimentares saudaveis consequentemente favorecer rendimento esportivo objetivo estudo avaliar conhecimento nutricional total praticantes atividade_fisica avaliar conhecimento sujeitos utilizado questionario validado traduzido adaptado contendo 35 questoes divididas duas secoes primeira composta 11 questoes sobre conhecimento nutricional geral cng segunda contem 24 questoes sobre conhecimento nutricional esportivo cne sujeitos recrutados meio cartazes informativos colocados academias divulgacoes redes sociais ainda convite direto pesquisadores questionario respondido on line plataforma google forms partir resultados determinados escores pontuacao percentual acertos realizadas comparacoes considerando caracteristicas sociodemograficas tempo pratica modalidade esportiva acompanhamento_nutricional conhecimento academico sobre nutricao dados tabulados banco dados excel R 2007 analisados software ibm spss windows versao 20 0 todas analises nivel significancia adotado p < 0 05 participaram estudo 409 sujeitos sendo 57 7 sexo_feminino 31 5 + 9 3 anos 42 3 masculino 33 7 + 9 8 anos estatura massa_corporal indice_massa_corporal imc maiores genero masculino comparacao feminino escore medio cnt participantes 50 7 + 16 2 cng 62 7 + 16 2 ambos classificados medio significativamente maiores cne 45 2 + 18 6 classificado pobre sexo nivel educacional influenciaram cng diferenca cng cne cnt sujeitos praticavam corrida ciclismo crossfit lutas esportes coletivos comparados praticantes contrario praticantes musculacao apresentaram cng cne cnt maiores praticantes p=0 0001 musculacao modalidade praticada havendo diferenca cng cne total conhecimento academico sobre nutricao impactou conhecimento nutricional cng observada maior proporcao sujeitos nivel conhecimento excelente 21 5 menor proporcao nivel pobre 23 5 maioria sujeitos 56 7 apresentou conhecimento pobre nutricao esportiva apenas 6 4 apresentaram conhecimento excelente cne desenvolvidos dois perfis cluster cluster 1 n = 178 sujeitos maior conhecimento nutricional total 34 4 = bom excelente maior proporcao homens 48 9 faixa etaria predominante 18  24 anos 36 maior proporcao superior incompleto 54 3 predominado pessoas fizeram fazem acompanhamento_nutricional 57 3 predominam pessoas maior conhecimento academico nutricao 52 8 cluster 2 n = menor conhecimento nutricional 81 4 = pobre maior proporcao mulheres 61 4 faixa etaria predominante 35 anos 42 9 maior proporcao superior completo 59 7 predomina pessoas fazem fizeram acompanhamento_nutricional 52 8 predominam sujeitos conhecimento academico nutricao 83 1 pode concluir praticantes atividade_fisica pesquisados possuem conhecimento pobre medio sobre nutricao excecao estudantes nutricao nutricionistas pos graduados nutricao ressalta necessidade maiores informacoes sobre nutricao bem educacao_alimentar_nutricional ministradas nutricionista,3418
39,"sono, iqd, trabalhadores, qualidade_dieta, pontuacao, ias, turno, indice_qualidade_dieta, turnos, pontuacoes",avaliar associacao curta duracao sono excesso_peso adolescentes dieta atua mediadora metodologia estudo_transversal avaliados 1384 adolescentes participantes estudo_longitudinal sobre comportamento_sedentario atividade_fisica habitos_alimentares saude adolescentes loncaafs obtidas informacoes referentes dados_sociodemograficos turno aula duracao sono estado_nutricional comportamento_sedentario consumo_alimentar analise estatistica realizados teste_qui_quadrado regressao_logistica analise mediacao ultima realizada meio pacote mediation software r considera efeitos totais diretos indiretos relacao duracao sono excesso_peso adolescentes resultados estratificados turno aula resultados registrou media duracao sono 9 6 horas 29 5 adolescentes apresentaram curta duracao <9h noite relacao estatisticamente_significativa duracao sono excesso_peso estratificacao turno aula or=0 9840 ic=0 8997 1 0762 manha integral or=0 9482 ic=0 8170 1 1005 tarde or=1 0035 ic=0 8957 1 1243 duracao sono dieta estratificacao turno aula =7 1392 p=0 81 manha integral = 3 0738 p=0 93 tarde =31 1476 p=0 54 dieta excesso_peso estratificacao turno aula or=0 9998 ic=0 9995 1 0000 manha integral or=0 9999 ic=0 9993 1 0000 tarde or=0 9997 ic=0 9993 1 0000 registrou efeito total duracao sono sobre excesso_peso estratificacao turno aula = 0 0352 ic= 0 0998 0 03 manha integral = 0 0193 ic= 0 1049 0 06 tarde = 0 0500 ic= 0 1529 0 05 efeito direto estratificacao turno aula = 0 0348 ic= 0 0996 0 03 manha integral = 0 0195 ic= 0 1029 0 06 tarde = 0 0481 ic= 0 1513 0 05 mediado estratificacao turno aula = 0 0004 ic= 0 0046 0 00 manha integral =0 0002 ic= 0 0053 0 01 tarde = 0 0019 ic= 0 0137 0 01 conclusao fase inicial adolescencia excesso_peso influenciado curta duracao sono dieta apresentou papel mediador,1964
39,"sono, iqd, trabalhadores, qualidade_dieta, pontuacao, ias, turno, indice_qualidade_dieta, turnos, pontuacoes",objetivo presente dissertacao avaliar relacao qualidade quantidade sono consumo_alimentar ultraprocessados nutricionistas estudantes nutricao jovem adultos participaram coorte estudo saude nutricionistas nutrihs realizado fortaleza estudo derivado nutrihs analise transversal englobou 243 estudantes nutricionistas idade maior igual 18 anos anos 2019 2022 atraves site cadastro realizado online onde participantes responderam termo consentimento livre esclarecido responderam questionarios realizacao coleta dados presencialmente nucleo atencao medica integrada nami consumo_alimentar ultraprocessados avaliado partir questionario_frequencia_alimentar contendo 136 itens analisado classificacao_nova qualidade quantidade sono avaliado atraves dois questionarios questionario cronotipo munique mctq indice qualidade sono pittsburgh psqi partir questionarios aferido tempo sono medio cronotipo jetlag social escore qualidade sono perfil antropometrico examinado peso_corporal altura obter indice_massa_corporal imc circunferencia_cintura cc cronotipos vespertinos =0 209 p=0 001 jetlag social maiores =0 166 p=0 012 aumentaram ingestao alimentos_ultraprocessados pior qualidade sono relacao escore psqi mostrou relacionado aumento imc =0 159 p=0 012 cc =0 248 p<0 001 menor tempo sono medio associado maiores imc = 0 175 p=0 007 cc = 0 134 p=0 028 portanto qualidade sono cronotipo jetlag social afetam consumo_alimentar aumentando consumo_alimentos ultraprocessados torna evidente avaliado aumento perfil antropometrico quanto imc cc ma qualidade sono entretanto observada interacao sono ultraprocessados acerca perfil antropometrico torna necessario estudos comprovar relacao torna importante considerar intervencoes focadas sono melhorar qualidade alimentacao diminuindo consumo ultraprocessados,5269
40,"placebo, capsulas, corredores, cafeina, beterraba, atletas, duplo, nitrato, cego, pla",introducao presente estudo investigou suplementacao cafeina 4 dias tolerancia efeitos ergogenicos promovidos ingestao aguda parametros fisiologicos metabolicos performance cafeina 1 3 7 trimetilxantina sido descrita recurso ergogenico licito capaz aumentar performance ciclistas entanto recomendacoes atuais abordam impacto consumo usual cafeina bem suplementacao durante dias consecutivos poderia gerar tolerancia efeitos ergogenicos promovidos ingestao aguda objetivo presente estudo investigou suplementacao cafeina 4 dias induziria tolerancia efeitos ergogenicos promovidos ingestao aguda parametros fisiologicos metabolicos desempenho ciclistas metodos selecionados 14 ciclistas sexo_masculino classificados atletas recreativos idade 34 1+ 4 3 anos massa_corporal 79 1+ 11 8 kg estatura 178+ 0 09 cm indice_massa_corporal 24 6+ 2 07 kg m2 consumo maximo o2 51 5+ 6 3 ml kg 1 min 1 volume treinamento 202+ 83 km semana consumo cafeina 285 31+ 130 34 mg dia completaram 4 sessoes experimentais ciclistas submetidos protocolo contrarrelogio 16 km utilizando carga 50 398 9+ 35 10 watts max potencia maxima saida alcancada avaliacao cardioventilatorio maxima realizado experimento randomizado_duplo_cego placebo controlado cruzado envolvendo quatro ensaios experimentais placebo 4 dias placebo agudo pp placebo 4 dias cafeina agudo pc cafeina 4 dias cafeina aguda cc cafeina 4 dias placebo agudo cp ciclistas ingeriram capsulas placebo cafeina 6 mg kg 1 4 dias dia 5 agudo capsulas placebo cafeina 6 mg kg 1 ingeridas 60 minutos antes completar contra relogio 16 km tt laboratorio resultados ensaios cc pc mostraram melhorias tempo 3 54 effect size = 0 72 2 53 effect size = 0 51 potencia saida 2 85 effect size = 0 25 2 53 effect size = 0 20 p lt 0 05 comparados condicoes cp pp respectivamente efeitos acompanhados aumento frequencia_cardiaca 2 63 effect size = 0 47 1 99 effect size = 0 34 volume minuto 13 11 effect size = 0 61 16 32 effect size = 0 75 fracao expirada o2 3 29 effect size = 0 34 = 0 96 2 87 effect size = 0 72 concentracao lactato sangue imediatamente apos 29 51 effect size = 0 78 28 21 effect size = 0 73 apos recuperacao 10 min 36 01 effect size = 0 84 31 22 effect size = 0 81 reducao fracao expirada co2 7 64 effect size = 0 64 7 75 effect size = 0 56 conclusao resultados indicam cafeina ingerida ciclistas dose 6 mg kg 1 4 dias induz tolerancia efeitos ergogenicos promovidos ingestao aguda parametros fisiologicos metabolicos performance,3701
40,"placebo, capsulas, corredores, cafeina, beterraba, atletas, duplo, nitrato, cego, pla",nitrato no3 vem consolidando ergogenico capaz otimizar desempenho esportivo principalmente individuos treinados tal efeito contribui maior sustentacao exercicio objetivo avaliar efeito suplementacao no3 rendimento teste progressivo corredores fundo propomos ainda maneira original utilizacao frequencia_cardiaca fc conjuntamente subprodutos ponto inflexao frequencia_cardiaca pifc deflexao fc pdfc deteccao pontos transicao metabolica ptm trata pesquisa natureza experimental duplo cega crossover amostra 13 homens corredores fundo equipe corrida rua cidade varginha  minas gerais submetidos teste progressivo incremental tpi esteira ergometrica onde sujeitos executaram teste 2 momentos distintos momento nitrato mn momento placebo mp suplementacao no3 realizada 2 horas antes testes 70 ml suco beterraba concentrado rico no3 ~6 4mmol no3 400mg beet it james white drinks ltd ipswich uk placebo empobrecido no3 0 04 mmol no3 >0 8g l beet it james white drinks ltd ipswich uk realizadas afericao fc percepcao subjetiva esforco pse tempo velocidade final analise dados adotado teste shapiro_wilk verificar distribuicao amostra teste levene homogeneidade variancia analise variaveis utilizados teste_t_pareado alem comparacao medias determinados delta variacao resultados tamanho efeito amostra atraves teste cohen d nivel significancia adotado p < 0 05 resultados revelaram nitrato capaz aprimorar parametros estudados todavia observamos tendencia melhorias mn relacao mp variaveis tempo velocidade distancia respectivamente d=0 035 d=0 026 d=0 036 havendo diminuicao tempo cerca 2 3 21 04 + 4 17 x 19 54 + 3 96 minutos detectamos diferenca frequencia_cardiaca maxima fcmax pse volume maximo oxigenio vo2max mn relacao mp respectivamente p=0 573 p=1 108 p=0 102 ptm`s mostraram diferenca estatistica momentos mn mp pifc pdfc respectivamente p=0 216 p= 0 508 relacao consumo oxigenio pifc pdfc observamos mn mp ocorreram respectivamente 37 49 + 3 00ml kg min 1 vs 36 98 + 1 36ml kg min 1 p= 0 562 46 77 + 6 47ml kg min 1 vs 44 45 + 5 66ml kg min 1 p= 0 971 revelando diferenca 9 27 + 4 76ml kg min 1 vs 7 46 + 4 95ml kg min 1 p= 0 945 achados sobre pselimiar mostram diferenca estatistica parametros pselimiar p=0 678 fc pselimiar p=0 668 velocidade pselimiar p=0 222 vo2max pselimiar p=0 574 observamos diferencas estatisticas quanto velocidade imprimida corrida ptm`s mn mp respectivamente p= 0 562 p=0 971 todavia detectamos diferenca 2 76 + 1 42km h 1 vs 2 23 + 1 48km h 1 p= 0 820 pontos percentuais vmax vpico ptm`s demonstraram diferenca estatistica grupos mn mp pifc pdfc respectivamente vmax p= 0 524 p= 0 361 vpico p= 0 598 p=0 295 suma suplementacao nitrato interfere rendimento corredores amadores fundo durante tpi todavia obtivemos tendencia sutis melhorias mn todas variaveis estudadas termos praticos poderia colaborar aprimoramento rendimento destes atletas,3884
40,"placebo, capsulas, corredores, cafeina, beterraba, atletas, duplo, nitrato, cego, pla",suplementacao suco beterraba rico nitrato ssbn vem tornando recurso ergogenico promissor modalidades cuja caracteristica aerobia assim corrida rua muitos buscam melhora desempenho neste sentido seguinte pesquisa objetivou analisar utilizacao suplementacao aguda suco beterraba rico nitrato melhora rendimento aerobio corredores rua teste pista estudo contou 13 homens idade 25+ 4 7 anos idade engajados corrida rua cidade lavras mg minimo 18 meses pratica participantes submetidos crossover randomizado controlado placebo estudo seguido 2 etapas primeira consistiu recrutamento assinatura termo consentimento livre esclarecido alem instrucoes preenchimento recordatorio_alimentar 24h enquanto segunda etapa subdividida 3 visitas laboratorio gepren ufla sendo primeiro momento destinado caracterizacao realizando antropometria composicao_corporal junto recolhimento recordatorio_alimentar 24h segunda terceira visita contou 7 dias washout onde 2h apos ingestao suplementacao suco beterraba rico nitrato placebo participantes submetidos contra relogio 3 200m pista atletismo anotando tempo percepcao subjetiva esforco frequencia_cardiaca variaveis velocidade vo2pico limiar velocidade comportamento estrategia duas configuracoes analises cada 25 inicio 400m meio 2400m final 400m consumo macronutrientes analisadas durante periodo espera aferiu pressao_arterial cada 30 min utilizou estatistica_descritiva testes kolmogorov smirnov shapiro_wilk relatar normalidade amostra teste levene igualdade variancias spss R 21 0 valores obtidos contra relogio 3 200m tempo resultaram conclusao rapida apos ingestao ssbn sup 720 0 + 83 7 vs pla 722 6 + 81 5s configuracoes ritmo empregado observou incremento 1º 0 98 correspondente primeiros 25 trajeto 0 59 metade 0 42 25 finais 2º configuracao nota incremento 1 47 inicio 1 05 final trajeto assim velocidade pico sup 16 20 km hr1 + 1 89 pla 16 13 km hr1 + 1 86 vo2pico sup 61 1 ml kg min ¹ + 6 6 pla 60 9 ml kg min ¹ + 6 4 2º limiar velocidade sup 15 95+ 1 74 pla 15 95+ 1 69 percepcao subjetiva esforco frequencia_cardiaca final pressao_arterial reducoes diferentes momentos 60min 1 45 90 min 4 48 diastole antes teste sistole apos teste 1 86 demonstraram respostas importantes porem valores demonstraram niveis significancia p<0 05 analises individuais tempo conclusao 10 5s incremento 1 54 velocidade 1 38 vo2pico 1 46 2º limiar velocidade macronutrientes apresentaram seguinte configuracao proteina 1 60g kg + 0 91 lipideos 0 70 g kg + 0 64 carboidrato 3 97 g kg + 2 75 pode concluir ingestao suplementacao aguda suco beterraba rica nitrato contribui ponto magnitude teste contra relogio 3 200m demonstra diferencas estatisticas rendimento aerobico variaveis,3889
41,"oeov, oero, quitosana, oleos_essenciais, revestimentos, pos_colheita, biofilme, oleo_essencial, antracnose, cim",diversas desordens podem acometer frutos especialmente fase pos_colheita destacando antracnose causada fungos pertencentes genero colletotrichum controle antracnose sido feito basicamente meio uso fungicidas sinteticos quais acarretam impactos negativos meio_ambiente saude consumidores nesse sentido outros metodos sido estudados alternativas compostos incluindo oleos_essenciais oes exemplo oleo_essencial cymbopogon citratus d c stapf oecc polimeros capacidade formar revestimentos comestiveis quitosana qui quais possuem reconhecidas propriedades antifungicas objetivo desse estudo avaliar eficacia aplicacao revestimento base qui oecc controle antracnose goiaba cultivar cv paluma manga cv tommy atkins mamao cv papaya causada c asianum c fructicola c tropicale c siamense c karstii realizadas analises identificacao constituintes oecc avaliacao efeitos in vitro qui oecc isolados combinacao sobre crescimento micelial radial tipo interacao aditiva sinergica antagonica estabelecida substancias combinacao ensaios verificacao efeito revestimentos base qui oecc sobre desenvolvimento antracnose causadas diferentes especies colletotrichum testadas goiaba manga mamao armazenados 25 °c durante 12 dias total 32 constituintes =0 1 massa total identificados oecc geranial 51 39 neral 29 29 encontrados constituintes majoritarios oecc oecc 2 5 1 5 0 6 0 3 0 15 l ml inibiu crescimento micelial fungico 3 100 todas cepas colletotrichum testadas meio laboratorial agar batata dextrose diferentes combinacoes qui 7 5 5 2 5 mg ml oecc 1 25 0 6 0 3 0 15 l ml apresentaram efeito fungicida inibicao 100 frente cepas fungicas testadas diferentes combinacoes qui oecc exibiram interacoes efeito aditivo sinergico aplicacao revestimentos base qui 5 mg ml oecc 0 6 0 3 0 15 l ml causou reducao desenvolvimento lesoes tipicas antracnose goiaba 33 100 manga 63 100 mamao 28 100 artificialmente contaminados qualquer especies colletotrichum testadas durante todo periodo armazenamento sendo combinacao qui 5 mg ml + oecc 0 6 l ml apresentou efeitos expressivos percentual reducao diametro lesao antracnose prla frutos revestidos combinacoes qui oecc similar maior observado frutos tratados fungicidas sinteticos tiofanato metilico difenoconazol resultados indicam aplicacao revestimentos contendo combinacoes sinergicas qui oecc pode ser considerada tecnologia alternativa controle antracnose frutos especial goiaba cv paluma manga cv tommy atkins mamao cv papaya,1959
41,"oeov, oero, quitosana, oleos_essenciais, revestimentos, pos_colheita, biofilme, oleo_essencial, antracnose, cim",hortalicas minimamente processadas produtos prontos consumo submetidos processos modificacao fisica corte descascamento fatiamento preservam caracteristicas alimento fresco processados sob condicoes higienico_sanitarias insatisfatorias produtos podem representar risco microbiologico portanto sanitizacao etapa critica processamento presente estudo avaliado efeito aplicacao oleos_essenciais origanum vulgare l oregano oeov rosmarinus officinalis l alecrim oero isolados combinados concentracoes sub inibitorias contra bacterias patogenicas contaminantes hortalicas minimamente processadas listeria_monocytogenes escherichia_coli salmonella enteritidis identificacao constituintes oleos_essenciais oes realizada meio cromatografia gasosa acoplada espectrometria massas cg ms efeitos inibitorios avaliados determinacao concentracao inibitoria minima cim indice concentracao inibitoria fracional fici avaliacao contagens celulas viaveis caldo vegetal vegetais frescos artificialmente contaminados timol eucaliptol compostos majoritarios detectados oeov oero respectivamente valor cim oeov 0 6 l ml frente cepas teste inoculo simples misto enquanto valor cim oero 5 l ml frente l_monocytogenes coli 10 l ml frente s enteritidis inoculo simples 10 l ml contra inoculo misto icif oes combinados 0 5 frente inoculo bacteriano misto sugerindo interacao sinergica incorporacao oeov oero isolados cim diferentes concentracoes sub inibitorias caldo vegetal resultou diminuicao contagens celulas viaveis todas cepas teste longo 24 h reducao 3 ciclos log contagem celulas viaveis l_monocytogenes coli s enteritidis observada apos exposicao cim oeov expostas cim oero reducao observada celulas l_monocytogenes coli enquanto s enteritidis apresentou menor reducao 1 7 ciclos log contagem celulas viaveis incorporacao oeov oero combinados concentracoes sub inibitorias resultou reducao contagem inicial celulas viaveis todas cepas ensaiadas embora tempo necessario estabelecer diminuicao variou acordo cepa quantidade cada oe combinacao mesma forma oes aplicados isoladamente combinacao reduziram contagens celulas viaveis todas cepas teste ensaiadas vegetais frescos artificialmente infectados entanto exposicao vegetais oes isolados combinacao durante 10 minutos causou maior reducao contagens celulas viaveis comparado resultados obtidos apos 5 minutos exposicao ambos ensaios observou efeitos inibitorios oes ocorreram forma tempo dependente cepa dependente achados reforcam utilizacao racional oeov oero combinados concentracoes sub inibitorias garantir seguranca prolongar vida_prateleira vegetais frescos sugere ainda realizacao pesquisas cientificas voltadas estudo toxicidade animais celulas humanas modo assegurar inocuidade destes oes aplicados alimentos,1322
41,"oeov, oero, quitosana, oleos_essenciais, revestimentos, pos_colheita, biofilme, oleo_essencial, antracnose, cim",desenvolvimento tolerancia s aureus frente condicoes estresse subletal aplicadas conservacao alimentos sido observado apesar uso oleo_essencial origanum vulgare l oeov conservante alimentos ser considerado alternativa promissora poucos estudos cientificos avaliado capacidade induzir desenvolvimento tolerancia direta cruzada bacterias patogenicas origem alimentar objetivo desse estudo investigar capacidade oeov inibir crescimento cepas staphylococcus_aureus isoladas alimentos bem avaliar desenvolvimento tolerancia direta cruzada sais acidos organicos comumente utilizados industria alimenticia apos exposicao cepas concentracoes subletais oeov utilizadas quatro cepas s aureus fri s 6 fri 196 3 fri 326 atcc 13565 produtoras enterotoxinas concentracao inibitoria minima cim oeov cloreto sodio nacl cloreto potassio kcl acido acetico aa acido lactico al determinada atraves metodo microdiluicao caldo capacidade cepas enterotoxigenicos s aureus desenvolverem tolerancia direta cruzada nacl kcl aa al observada mediante exposicao dessas cepas quantidades subletais 1 2 cim 1 4 cim oeov caldo brain heart infusion bhi durante 72 horas posterior determinacao cim agentes antimicrobianos ensaiados inducao tolerancia bacteriana direta cruzada avaliada atraves comparacao valores cim antimicrobianos contra cepas teste antes apos habituacao quantidades subletais oeov ensaios realizados triplicata resultados expressos valores moda valores cim oeov nacl kcl aa al contra cepas s aureus testadas 2 5 10 956 l ml 1 200 mg ml 1 300 mg ml 1 2 5 956 l ml 1e 10 956 l ml 1 respectivamente apos exposicao cepas concentracoes subletais 1 2 cim 1 4 cim oeov valores cim desse oleo_essencial frente celulas habituadas mantiveram mesmos reduziram cinco vezes comparados celulas habituadas revelando inducao tolerancia direta oeov induziu desenvolvimento tolerancia cruzada nacl kcl aa al vez valores cim desses antimicrobianos contra cepas teste habituadas oeov iguais seis vezes menores comparados obtidos contra celulas habituadas dados sugerem concentracoes subletais oeov podem ser aplicadas conservacao alimentos forma segura vez oleo_essencial induziu desenvolvimento tolerancia direta cruzada sobre cepas s aureus testadas,976
42,"7nachr, sinalizacao, gpr120, hipotalamo, akt, lps, rock, hfd, ampk, uprmt",titulo efeito exercicio_fisico sobre transducao sinal adiponectina hipotalamo animais obesos effects of exercise on adiponectin transduction signal in hypothalamus of obese animals resumo abstract introducao adiponectina apresenta importante acao homeostase glicemica atuando captacao glicose sensibilidade_insulina nivel central recentemente demonstrado adiponectina capaz modular homeostase energetica nesse sentido principais intervencoes capazes modular vias sinalizacao celular exercicio_fisico hipotalamo beneficios exercicio_fisico resultam regulacao circuitos neuronais recebem estimulos periferia sinais hormonios leptina insulina entanto efeito exercicio sobre via transducao sinal adiponectina controle fome sido pouco explorado literatura desse modo presente estudo objetivo verificar efeito exercicio_fisico agudo modulacao via sinalizacao adiponectina hipotalamo camundongos obesos bem acao controle homeostase energetica materiais metodo camundongos_swiss seis semanas idade distribuidos tres grupos ctl expostos dieta comercial obs expostos dieta_hiperlipidica obex expostos dieta_hiperlipidica submetidos protocolo exercicio_fisico apos oito semanas exposicao dietas experimentais animais grupo obex submetidos protocolo exercicio_fisico agudo consistiu tres sessoes 45 minutos corrida intervalo 15 minutos cada sessao posteriormente realizadas analise adiponectina serica tolerancia_glicose ingestao_alimentar gasto_energetico analises moleculares animais receberam estimulo leptina intraperitoneal meio tecnica western blotting analisado proteinas chaves via sinalizacao leptina adiponectina pi3q  akt hipotalamo niveis proteicos ucp1 tecido_adiposo marrom diferentes grupos experimentais resultados resultados obtidos demonstram animais exercitados agudamente apresentaram aumento tolerancia_glicose adiponectina serica comparados animais obs alem disso observou reducao ingestao_alimentar animais obex comparados grupo obs conteudo rnam appl1 correlaciona negativamente ingestao_alimentar ademais animais exercitados apresentaram aumento consumo oxigenio producao calor comparados animais obs nivel molecular animais exercitados apresentaram aumento ucp1 comparados demais grupos experimentais ademais exercicio efeito positivo sobre appl1 proteina chave via transducao adiponectina observa grupo obs apresentou reducao appl1 hipotalamica relacao grupo ctl ainda animais obex apresentaram aumento appl1 comparacao obs adicao animais exercitados apresentaram aumento conteudo proteico via sinalizacao pi3q akt hipotalamo fim analises bioinformatica tanto animais humanos apresentaram forte correlacao niveis rnam appl1 pi3q hipotalamico conclusao sendo assim pode concluir exercicio_fisico capaz aumentar conteudo proteico appl1 hipotalamo camundongos obesos assim aumentar gasto_energetico reduzir ingestao_alimentar,3569
42,"7nachr, sinalizacao, gpr120, hipotalamo, akt, lps, rock, hfd, ampk, uprmt",introducao sinalizacao colinergica mediada ativacao receptores muscarinicos nicotinicos sido descrita literatura sinalizacao classica importante regulacao resposta_inflamatoria pesquisas recentes investigado papel acetilcolina agonista fisiologico desses receptores controle homeostase energetica nivel central estudos demonstram camundongos expressam acetilcolina regioes cerebrais reguladoras homeostase energetica apresentam ganho_peso excessivo hiperfagia contudo ainda bem descrito literatura quais subunidades receptores colinergicos envolvidas mecanismo sinalizacao responsavel efeitos observados hipotalamo centro regulador homeostase energetica subunidade 7 receptor nicotinico acetilcolina 7nachr altamente expresso nesta regiao 7nachr ativo recruta proteinas jak2 stat3 sinalizacao mesmos componentes intracelulares requeridos leptina hormonio anorexigeno objetivo presente trabalho avaliar participacao receptor 7nachr hipotalamico controle homeostase energetica metodos trabalho desenvolvido camundongos_swiss sob autorizacao ceua unicamp registrado numero 4787 1 2018 cortes cerebrais utilizando tecnica imunofluorescencia avaliada presenca receptores 7nachr celulas hipotalamicas reguladoras homeostase energetica camundongos submetidos estereotaxia ventriculo lateral estimulo intracerebroventricular icv utilizado administracao agonista pnu antagonista bungarotoxina receptor 7nachr avaliados parametros metabolicos tecido hipotalamico avaliado expressao neuropeptideos real time pcr western blot camundongos tratados icv sirna inibidores proteinas jak2 stat3 ag490 stattic avaliado expressao neuropeptideos hipotalamicos camundongos knockout receptor 7nachr avaliada ingestao_alimentar adicionalmente cultura celular hipotalamica camundongos linhagem mypho pomc gfp verificou expressao neuropeptideos pstat3 apos estimulo pnu resultados resultados imunofluorescencia apontaram co localizacao 7nachr celulas hipotalamicas msh agrp npy ativacao farmacologica 7nachr reduziu ingestao_alimentar aumentou expressao_genica hipotalamica pomc diminuiu conteudo rnam npy agrp conteudo proteico pampk inibicao receptor 7nachr antagonista aumentou conteudo rnam npy agrp inibicao 7nachr sirna culminou supressao expressao pomc aumento niveis rnam agrp camundongos knockout 7nachr apresentaram alteracoes ingestao_alimentar inibicao proteinas via sinalizacao jak2 stat3 reverteu efeitos observados sob estimulo pnu celulas pomc gfp tratadas pnu apresentaram aumento expressao pomc translocacao nuclear pstat3 conclusao ativacao seletiva receptor 7nachr capaz modular marcadores importantes resposta ingestao_alimentar sugerindo ativacao 7nachr pode suprimir expressao marcadores orexigenos favorecer expressao anorexigenos mediados via sinalizacao jak2 stat3,2588
42,"7nachr, sinalizacao, gpr120, hipotalamo, akt, lps, rock, hfd, ampk, uprmt",introducao adiponectina apresenta importante acao homeostase glicemica atuando captacao glicose sensibilidade_insulina nivel central recentemente demonstrado adiponectina capaz modular homeostase energetica nesse sentido principais intervencoes capazes modular vias sinalizacao celular exercicio_fisico hipotalamo beneficios exercicio_fisico resultam regulacao circuitos neuronais recebem estimulos periferia sinais hormonios leptina insulina entanto efeito exercicio sobre via transducao sinal adiponectina controle fome sido pouco explorado literatura desse modo presente estudo objetivo verificar efeito exercicio_fisico agudo modulacao via sinalizacao adiponectina hipotalamo camundongos obesos bem acao controle homeostase energetica materiais metodo camundongos_swiss seis semanas idade distribuidos tres grupos ctl expostos dieta comercial obs expostos dieta_hiperlipidica obex expostos dieta_hiperlipidica submetidos protocolo exercicio_fisico apos oito semanas exposicao dietas experimentais animais grupo obex submetidos protocolo exercicio_fisico agudo consistiu tres sessoes 45 minutos corrida intervalo 15 minutos cada sessao posteriormente realizadas analise adiponectina serica tolerancia_glicose ingestao_alimentar gasto_energetico analises moleculares animais receberam estimulo leptina intraperitoneal meio tecnica western blotting analisado proteinas chaves via sinalizacao leptina adiponectina pi3q akt hipotalamo niveis proteicos ucp1 tecido_adiposo marrom diferentes grupos experimentais resultados resultados obtidos demonstram animais exercitados agudamente apresentaram aumento tolerancia_glicose adiponectina serica comparados animais obs alem disso observou reducao ingestao_alimentar animais obex comparados grupo obs conteudo rnam appl1 correlaciona negativamente ingestao_alimentar ademais animais exercitados apresentaram aumento consumo oxigenio producao calor comparados animais obs nivel molecular animais exercitados apresentaram aumento ucp1 comparados demais grupos experimentais ademais exercicio efeito positivo sobre appl1 proteina chave via transducao adiponectina observa grupo obs apresentou reducao appl1 hipotalamica relacao grupo ctl ainda animais obex apresentaram aumento appl1 comparacao obs adicao animais exercitados apresentaram aumento conteudo proteico via sinalizacao pi3q akt hipotalamo fim analises bioinformatica tanto animais humanos apresentaram forte correlacao niveis rnam appl1 pi3q hipotalamico conclusao sendo assim pode concluir exercicio_fisico capaz aumentar conteudo proteico appl1 hipotalamo camundongos obesos assim aumentar gasto_energetico reduzir ingestao_alimentar,1818
43,"qualidade_vida, emocional, dominios, intuitivo, qvrs, whoqol, comer, bref, dominio, comportamento_alimentar",introducao cancer cabeca pescoco ccp acomete regioes diretamente relacionadas trato digestivo ocasionando ingestao_alimentar inadequada consistentemente relacionado sintomas impacto nutricional sin sin intensificam reducao consumo_alimentar afeta estado_nutricional objetivo analisar severidade sin interferencia ingestao oral estado_nutricional individuos pre tratamento ccp centro referencia oncologia grande vitoria es brasil metodo trata estudo pacientes ccp hospital referencia oncologia regiao metropolitana vitoria aplicou questionario contendo variaveis sociodemograficas clinicas habitos vida alteracao alimentar realizou avaliacao_antropometrica triagem risco_nutricional meio nrs 2002 rastreio sin head and neck patient symptom checklist hnsc analise estatistica utilizou software r 4 3 1 windows nivel significancia 5 resultados participaram estudo 132 individuos regressao_linear_multipla observou cancer localizado laringe p=0 031 possui estimativa reducao 6 67 pontos escore sin comparados localizacao cavidade oral relacao tabagismo individuos ex fumantes p=0 019 possuem estimativa reducao 5 87 pontos escore sin comparados fumantes risco_nutricional p=0 009 possuem estimativa acrescimo 6 15 pontos escore total sin comparados apresentaram risco_nutricional estado_nutricional observou cada 1 ponto escore gravidade interferencia ingestao oral sin estimou reducao 3 3 kg m² imc 3 0 cm perimetro panturrilha pp conclusao localizacao tumor tabagismo presenca risco_nutricional influenciam quantidade severidade sin medida aumenta escore gravidade interferencia ingestao oral sin reducao tanto imc quanto pp inferindo deplecao estado_nutricional estrategias melhoria estado_nutricional controle tabagismo importantes reducao sintomas melhoria qualidade_vida desses pacientes,5072
43,"qualidade_vida, emocional, dominios, intuitivo, qvrs, whoqol, comer, bref, dominio, comportamento_alimentar",introducao incidencia cancer aumentou globalmente ultimas decadas apos cirurgia radioterapia tratamento adotado efeitos adversos variam acordo sitio irradiado tratamentos tumores localizados cabeca pescoco podem ocasionar disfagia odinofagia mucosite outro lado irradiacao tumores regiao abdomen pelve podem ocasionar dor abdominal nauseas diarreia sintomas originados tratamento causam impacto direto reducao consumo_alimentar associados aumento demanda metabolica ocasionada tumor podem levar pessoas desnutricao longo tratamento objetivos analisar presenca sintomas impacto nutricional individuos cancer longo tratamento radioterapico metodos estudo_coorte prospectivo individuos acima 18 anos cancer radioterapia hospital filantropico curitiba realizadas tres avaliacoes sendo primeira antes inicio radioterapia segunda metade tratamento terceira ultima semana coletados dados_sociodemograficos clinicos antropometricos realizada aplicacao avaliacao_subjetiva_global produzida paciente avalicao sintomas desenvolvidos modelos regressao_poisson estimar risco relativo rr intervalos confianca 95 ic95 sintomas impacto nutricional demais variaveis resultados avaliados 254 participantes inicio tratamento 165 meio tratamento 120 termino metade participantes todas fases idosos inicio tratamento 51 6 participantes sexo_feminino final 57 5 avaliados sexo_masculino todas fases individuos tumores localizados pelve frequentes seguido tumores cabeca pescoco torax inicialmente 58 3 pessoas apresentavam algum sintoma impacto nutricional aumentando 77 0 meio tratamento rr 1 31 ic95 1 03 1 66 p=0 024 78 3 final rr 1 22 ic95 0 94 1 58 p=0 128 sintoma relatado pessoas tumores cabeca pescoco torax odinofagia aumentou 24 4 66 6 rr 2 72 ic95 1 28 5 77 p=0 009 2 9 22 2 final tratamento rr 7 46 ic 95 1 49 37 4 p=0 014 respectivamente diarreia sintoma comum final tratamento participantes cancer abdomen 78 9 rr 4 10 ic 95 1 49 11 2 p= 0 006 pelve 35 8 rr 5 10 ic 95 2 23 11 6 p=<0 001 perda_peso grave observada 18 1 participantes inicio aumentou 28 3 final tratamento p=<0 001 inicialmente 29 1 classificados gravemente desnutridos final radioterapia 52 5 participantes desta forma conclui sintomas impacto nutricional presentes desde inicio tratamento tendem aumentar durante radioterapia diferentes topografias tumores associadas prevalencias variadas sintomas tornando essencial compreender desafios nutricionais durante radioterapia suporte nutricional continuo gerenciamento sintomas meio abordagem multidisciplinar fundamentais melhorar qualidade_vida sobrevida individuos tratamento,4841
43,"qualidade_vida, emocional, dominios, intuitivo, qvrs, whoqol, comer, bref, dominio, comportamento_alimentar",introducao crescente expectativa vida pessoas cancer aliada avancos medicina intensificado necessidade cuidados paliativos cp nutricao componente qualidade_vida qv desempenha importante papel nesse contexto entanto ainda lacunas entendimento relacao estado_nutricional qv diferentes fases cp objetivo correlacionar estado_nutricional qv pessoas tratamento oncologico diferentes fases cp metodos estudo_observacional transversal abordagem_quantitativa realizado pessoas doenca oncologica atendidos ambulatorialmente servico cp hospice curitiba dados coletados durante atendimento ambulatorial conjunto medico nutricionista coletados dados_demograficos clinicos antropometricos aplicado teste qualidade_vida qlq c15 pal avaliacao_subjetiva_global produzida proprio paciente asg ppp percentual perda_peso pp avaliacao estado_nutricional avaliacao funcionalidade eastern cooperative oncology group ecog questionario sintomas impacto nutricional pessoas classificadas 3 fases ambulatoriais definidas hospice fase 1 doenca avancada fase 2 terminalidade fase 3 final vida resultados estudo incluiu 98 pessoas diagnostico oncologico diferentes fases cp maioria participantes idosa 75 5 sexo_feminino 55 1 tumores gastrointestinais 31 6 fase terminalidade fase 2 prevalente 80 6 participantes declinio funcional observado conforme avanco fases 66 6 pessoas fase final vida fase 3 classificadas dificuldade realizar autocuidado principais sintomas encontrados dor 53 anorexia 48 9 nauseas 31 6 constipacao 29 5 sintomas dor constipacao sintomas pioraram longo fases estado_nutricional prejudicado 38 2 pessoas avaliadas asg ppp 35 2 avaliados pp maior 10 6 meses correlacao estado_nutricional fases cp significativa demonstrando ambas fases 1 2 3 individuos apresentavam estado_nutricional prejudicado relacao processo adoecimento correlacao qv fases cp apenas escala fisica sintomas fadiga dor correlacao significativa p<0 005 processo adoecimento achados evidenciam individuos apresentavam piora dor declinio funcional avanco fases cp associacao significativa p<0 005 estado_nutricional qualidade_vida conclusao qv relacionada en pessoas doenca oncologica cp en prejudicado todo processo adoecimento demostrando necessidade atendimento nutricional todas fases cp sintomas comuns dor anorexia nauseas constipacao podem ser manejados contribuir melhora en,4834
44,"il_6, tnf, citocinas, inflamatorios, il_10, pcr, oleo_peixe, inflamatorio, marcadores_inflamatorios, inflamacao",celulas mediadores inflamatorios componentes essenciais microambiente tumoral inflamacao cancer sustentada producao citocinas quimiocinas celulas imunes tumorais estroma partir ativacao fatores transcricao nestas mesmas celulas resposta estimulos iniciacao promocao tumoral ainda controle progressao doenca quimio radioterapia citocinas il 1 il_6 il 8 il_10 tnf apresentam papel bem definido inflamacao valores elevados cancer colorretal ccr comparados individuos saudaveis entretanto possui clareza quanto provavel papel il 17a possa exercer inflamacao relacionada cancer valores pcr encontram elevados ccr associam positivamente malignidade doenca pior prognostico clinico acidos_graxos poli_insaturados n 3 agpi n 3 especial acidos_graxos eicosapentaenoico epa docosahexaenoico dha encontrados oleo_peixe podem modular inflamacao relacionada cancer atraves producao metabolitos lipidicos derivados destes apresentam atividade pro resolucao inflamacao sendo assim ensaio_clinico prospectivo controlado randomizado conduzido objetivo verificar existem alteracoes sobre producao mediadores inflamatorios perfil acidos_graxos plasmaticos indicadores estado_nutricional suplementacao 2 g dia oleo_peixe durante nove semanas cancer colorretal pretendeu avaliar efeitos_suplementacao sobre toxicidade quimioterapia onze pacientes_adultos diagnostico histopatologico cancer colorretal atendidos centro pesquisas oncologicas florianopolis cepon sc indicacao tratamento quimioterapico randomizados dois grupos gs suplementado diariamentecom 2 g dia oleo_peixe encapsulado durante nove semanas n=6 b gc controle placebo n=5 citocinas tnf il 1 il_10 il 17a avaliadas elisa pcr metodo turbidimetrico albumina metodo colorimetrico verde bromocresol acidos_graxos plasmaticos cromatografia_liquida alta performance hplc indicadores estado_nutricional antropometria toxicidade quimioterapia relatada entrevista todos desfechos avaliados dia anterior primeira quimioterapia nove semanas tnf il 1 il_10 il 17a assim balanco pro anti_inflamatorio albumina serica alteracoes significativa entres momentos grupos estudo p>0 05 pcr apresentou comportamento inverso grupos reduzindo significativamente valores gs passo elevaram gc gs vs gc 9 semanas p=0 045 relacao pcr albumina indicou aumento risco complicacoes inflamatorias nutricionais gc baixo medio alto risco enquanto permaneceu baixo gs proporcao plasmatica epa dha aumentaram 1 8 1 4 vezes respectivamente enquanto aa reduziu aproximadamente 0 6 vezes suplementacao basal vs 9 semana p<0 05 individuos gstenderam ganhar preservar peso durante quimioterapia suplementacao pareceu exercer influencia sobre relatos clinicos toxicidade quimioterapia resultados evidenciam 2 g dia oleo_peixe durante nove semanas exercem efeitos positivos sobre resposta_inflamatoria sistemica estado_nutricional durante quimioterapia,451
44,"il_6, tnf, citocinas, inflamatorios, il_10, pcr, oleo_peixe, inflamatorio, marcadores_inflamatorios, inflamacao",neoplasias hematologicas grupo heterogeneo doencas malignas incluem leucemias linfomas tratamento inclui ciclos quimioterapia outras abordagens assim pacientes comumente acometidos efeitos colaterais farmacos utilizados dentre aspectos clinicos podem ser negativamente alterados nestes pacientes estado_nutricional pode ser prejudicado forma significativa razoes ligadas diminuicao ingestao_alimentar efeitos mediadores inflamatorios diretos farmacos sobre comportamento fisiologia individuo estudos sugerem lipidios contendo acidos_graxos docosaexaenoico dha eicosapentaenoico epa podem potencialmente modular efeitos deleterios quimioterapia atuando positivamente estado_inflamatorio nutricional pacientes diferentes neoplasias neste contexto objetivo deste estudo avaliar efeito suplementacao oleo_peixe durante nove semanas sobre parametros estado_nutricional inflamatorio pacientes neoplasias hematologicas malignas vinte dois pacientes diagnostico recente leucemias linfomas atendidos hospital_universitario professor polydoro ernani thiago hu orientados quimioterapia randomizados grupo suplementado gns n=13 grupo suplementado gs 2g dia oleo_peixe n=9 durante nove semanas avaliados estado_nutricional marcadores_inflamatorios proteinas fase aguda citocinas proporcao acidos_graxos plasmaticos dois momentos antes t0 termino nove semanas t1 dentre parametros_antropometricos peso_corporal pacientes gns diminuiu aproximadamente 2 5 kg vs 0 1 kg gs proteina_c_reativa pcr mostrou reducao maior gs p<0 05 neste grupo risco inflamatorio nutricional refletido relacao pcr albumina reduziu maior amplitude observadas diferencas significativas grupos sobre citocinas plasmaticas estado_nutricional p>0 05 entretanto resultados oferecem informacoes clinicas importantes sobre caracteristicas prognosticas estado_nutricional proporcao plasmatica epa aumentou significativamente gs p<0 01 tendencia incremento dha p=0 07 utilizando 2g dia oleo_peixe pacientes neoplasias hematologicas apresentaram leve atenuacao reducao peso_corporal diminuicao pronunciada concentracoes sericas pcr reducao pronunciada risco inflamatorio nutricional refletido relacao pcr albumina parametros apontam melhora estado_inflamatorio nutricional individuos neoplasias hematologicas suplementados oleo_peixe,1054
44,"il_6, tnf, citocinas, inflamatorios, il_10, pcr, oleo_peixe, inflamatorio, marcadores_inflamatorios, inflamacao",resumo inflamacao caracteristica comum cancer presenca magnitude resposta_inflamatoria sistemica podem produzir progressivo declinio nutricional pacientes cancer colo retal celulas transformadas estimulam producao mediadores inflamatorios colaboram microambiente inflamatorio relacionado tumor proteina_c_reativa pcr interleucina_6 elevadas podem predizer baixa sobrevivencia pacientes cancer colo retal estudos pre clinicos mostram intervencao nutricional especifica oleo_peixe rico acidos eicosapentaenoico epa 20 5 docahexaenoico dha 22 6 podem ser terapia adjuvante efetiva cancer colo retal acao antiinflamatoria antiangiogenica assim presente estudo visa verificar existem alteracoes marcadores resposta_inflamatoria estado_nutricional pacientes cancer colo retal suplementados oleo_peixe comparado individuos suplementados estudo conduzido forma randomizada 23 pacientes alocados dois grupos individuos grupo suplementado gs consumiram dois gramas dia oleo_peixe durante nove semanas marcadores estado_nutricional peso indice_massa_corporal albumina inflamatorio interleucina_6 1ss fator necrose_tumoral pcr avaliados momento basal t1 apos nove semanas quimioterapia t2 gs grupo suplementado gns analises estatisticas conduzidas software stata 11 0 teste_exato_fisher usado verificar diferenca gs gns variaveis dicotomicas teste t variaveis parametricas mann_whitney parametricas variacoes desfecho tempos t2 t1 verificadas teste wilcoxon valores relacao pcr albumina classificados acordo escores risco propostos correa et al 2002 media idade pacientes incluidos estudo 52 3 anos gs n=11 gns n=12 apresentaram diferenca estatistica caracteristicas momento basal diferenca marcadores estado_nutricional momentos m2 menos m1 estatisticamente significante peso_corporal p=0 01 indice_massa_corporal p=0 03 gns onde ocorreu reducao valores gs verificado diferenca marcadores resposta_inflamatoria apenas pcr apresentou valores inferiores gs relacao gns p=0 06 t2 demais marcadores verificado diferenca relacao pcr albumina mostrou diferenca estatisticamente significante relevancia clinica gs onde ocorreu diminuicao marcadores todos pacientes gs mantiveram melhoraram classificacao grau risco suplementacao dois gramas dia oleo_peixe durante nove semanas pacientes cancer colo retal tratamento quimioterapico pode modular positivamente estado_nutricional relacao pcr albumina pode ser utilizado terapia nutricional adjuvante neste grupo pacientes,207
45,"brs, sorgo, feijao, farinha, feijoes, carioca, oliveira, farinhas, taninos, caupi",deficiencia ferro fe deficiencia nutrientes prevalente afetando cerca 40 populacao mundial particularmente mulheres criancas paises desenvolvimento culturas alimentos basicos biofortificados tornado ferramenta eficaz reduzir deficiencia fe feijao comum phaseolus vulgaris l culturas alvo programa biofortificacao vez exibe variabilidade genetica suficiente concentracao ferro processo biofortificacao tese objetivo avaliar biodisponibilidade ferro in vitro in vivo feijoes biofortificados fe comparacao feijoes convencionais efeito sobre microbiota_intestinal funcao intestinal in vivo utilizados diferentes genotipos feijoes biofortificados fe feijoes convencionais feijoes cozidos panela pressao convencional 40 minutos utilizando agua deionizada secos estufa ar 17 horas 60oc moidos moinho inox 090 cft 3000 rpm armazenados 12 °c inicialmente avaliou efeito administracao intra amniotica prebioticos extraidos feijoes sobre expressao_genica proteinas relacionadas metabolismo ferro membrana borda escova bbm sobre populacao bacteriana intestinal modelo aves gallus gallus manuscrito 2 testados oito grupos experimentais controle negativo injetado 18mw h2o 40mg ml inulina 50 mg ml brs perola convencional carioca 50 mg ml brs cometa biofortificado carioca 50 mg ml brs esteio convencional preto 50 mg ml smn 39 biofortificado preto 50 mg ml brs artico convencional branco expressao_genica proteinas relacionadas ferro realizada rt qpcr abundancia bacterias avaliada pcr grupos feijao carioca apresentaram aumento p<0 05 abundancia relativa bifidobacterias lactobacilos relacao convencionais expressao_genica proteina transportadora zinco 1 znt1 ferroportina fnp amino peptidase ap apresentou aumentada p<0 05 grupo brs cometa biofortificado carioca segundo estudo manuscrito 3 objetivou avaliar biodisponibilidade fe in vitro diferentes genotipos feijao biofortificados fe feijoes convencionais sozinhos combinacao outras culturas alimentares basicas genotipos feijao utilizados neste estudo brs perola brs cometa brs esteio smn39 proporcoes alimentares utilizadas baseadas consumo_alimentar populacao brasileira analise polifenol realizada uplc ms concentracao ferro analisada icp aes concentracao fitato avaliada utilizando kit magazyme biodisponibilidade fe in vitro avaliada usando celulas caco 2 feijoes biofortificados brs cometa smn39 apresentaram maior p<0 05 concentracao ferro relacao convencionais brs perola brs esteio feijoes pretos brs esteio smn39 apresentaram maior p<0 05 concentracao miricetina 3 glicosideo quercetina 3 glicosideo relacao feijoes cariocas enquanto feijao carioca brs cometa brs perola apresentou maior p<0 05 concentracao 3 glucoside kaempferol epicatequina catequina comparacao feijoes pretos alem disso ambos feijoes cariocas apresentaram maior biodisponibilidade ferro p <0 05 relacao feijoes pretos combinacao feijao outros alimentos basicos aumentou p<0 05 biodisponibilidade ferro feijoes carioca preto excecao feijao preto convencional brs esteio terceiro estudo manuscrito 4 realizado experimento 6 semanas modelo aves gallus gallus n = 15 objetivo investigar estado_nutricional fe alteracoes microbioma intestinal apos ingestao feijao carioca biofortificado fe bc comparacao feijao carioca convencional sc dietas testadas elaboradas base consumo_alimentar populacao brasileira dois resultados primarios observados 1 aumento significativo valores hb fe total organismo grupo recebeu dieta base feijao carioca biofortificado 2 alteracoes composicao funcao microbioma intestinal especificamente mudancas significativas diversidade filogenetica grupos tratamento pois aumento abundancia bacterias relacionadas catabolismo compostos_fenolicos aumento abundancia bacterias beneficas produtoras acidos_graxos_cadeia_curta grupo bc apresentou maior altura vilosidades intestinais relacao grupo sc maneira geral resultados demonstram feijoes biofortificados preto carioca apresentaram maior concentracao ferro relacao feijao convencional feijao preto apresentou maior teor polifenois inibidores absorcao ferro assim feijao carioca apresentou maior biodisponibilidade ferro relacao feijao preto in vitro combinacao feijao outros alimentos basicos aumentou biodisponibilidade ferro in vitro resultados in vivo gallus gallus demonstraram variedade feijao carioca biofortificado capaz melhorar moderadamente fe afetar positivamente funcao intestinal composicao microbiota_intestinal modo geral feijao brs cometa carioca apresentou melhores resultados in vitro in vivo sendo capaz melhorar estado_nutricional ferro afetando positivamente funcionalidade intestinal populacao bacteriana assim feijao carioca biofortificado pode ser considerado veiculo promissor biofortificacao ferro,2613
45,"brs, sorgo, feijao, farinha, feijoes, carioca, oliveira, farinhas, taninos, caupi",objetivo analisar composicao_quimica centesimal aspectos nutricionais potencial_antioxidante feijoes phaseolus vulgaris l brasileiros in_natura impacto esterilizacao alta pressao autoclave nestes feijoes material metodos estudadas sete cultivares feijoes brasileiros incluindo tres cultivares carioca brs ametista brs notavel perola preto brs esplendor tres especiais brs pitanga brs executivo jalo precoce graos in_natura caracterizados quanto composicao_quimica parcial aspectos nutricionais feijoes previamente macerados esterilizados alta pressao hidrostatica eap autoclave estudados compostos_fenolicos totais atividade_antioxidante atividade inibidor tripsina digestibilidade proteica in vitro conteudos rafinose estaquiose medias analisadas teste anova one way two way comparadas teste_tukey p<0 05 realizado teste correlacao_pearson teor_compostos_fenolicos atividade_antioxidante resultados todas cultivares mostraram aminoacidos limitantes sulfurados metionina cistina cultivar perola apresentou maior quantidade inibidor tripsina feijao in_natura 9 22 uit mg amostra valores minimos maximos oligossacarideos totais feijoes in_natura 3 30 g 100 1 perola 4 54 g 100 1 jalo precoce ambos tratamentos ocasionaram desnaturacao inibidor tripsina aumento digestibilidade proteica p<0 05 brs esplendor autoclavada apresentou reducao 44 oligossacarideos sendo eap maiores perdas cultivar perola 31 dois tratamentos ocorreu reducao p<0 05 compostos_fenolicos totais consequentemente atividade_antioxidante relacao feijoes in_natura cultivar executivo apresentou menores perdas compostos_fenolicos totais 15 38 dois tipos processamentos atividade_antioxidante apresentou maior preservacao brs esplendor autoclavada 29 57 mol trolox g brs ametista eap 26 20 mol trolox g conclusao cultivares estudadas similares relacao valor nutritivo considerando escore quimico apresentado sendo jalo precoce destacou relacao digestibilidade proteica cultivares ametista notavel jalo precoce mostraram teores elevados fibra_alimentar ambos processamentos ocorreu reducao compostos_fenolicos atividade_antioxidante bem aumento digestibilidade proteina in vitro dois tratamentos eficientes inativar inibidores tripsina autoclave efetiva conservacao compostos_fenolicos atividade_antioxidante condicoes estudo,1333
45,"brs, sorgo, feijao, farinha, feijoes, carioca, oliveira, farinhas, taninos, caupi",presente trabalho objetivo avaliar efeito armazenamento comercial sobre composicao_nutricional fitoquimica feijoes comuns variedade carioca phaseolus vulgaris l artigo 1 determinar efeito armazenamento sobre potencial anti_inflamatorio artigo 2 anti aterosclerotico artigo 3 hidrolisados proteicos macrofagos humanos thp 1 utilizados dois genotipos feijao comum variedade carioca contrastantes endurecimento escurecimento longo armazenamento feijoes brsmg madreperola mp estavel armazenamento brs pontal po estocados temperatura ambiente 22 + 3 0 c < 65 umidade relativa acondicionados embalagens lacradas polipropileno 180 dias coccionados tempos zero apos tres seis meses estocagem realizadas analises artigo 1 2 0 3 6 meses artigo 3 0 6 meses graos analisados quanto composicao centesimal fibra_alimentar total fracoes conteudo minerais fitato compostos_fenolicos artigo 1 hidrolisados proteicos artigos 2 3 potencial anti_inflamatorio anti aterosclerotico hidrolisados proteicos avaliado in vitro utilizando celulas macrofagos thp 1 inflamacao induzida lipopolissacarideo lps artigo 2 lipoproteina_baixa_densidade oxidada ldl ox artigo 3 |o armazenamento comercial 180 dias temperatura ambiente afetou qualidade nutricional fitoquimica graos visto somente observada reducao conteudo lipidio total p = 0 007 hidrolisados feijoes carioca reduziram niveis marcadores_inflamatorios utilizados baixas concentracoes forma independente tempo armazenamento embora sido observadas diferencas cultivares 0 1 mg ml reducao tnf alfa hidrolisados po 0 3 6 mp 6 reducao il 1 mp 0 pge 2 mp 0 6 relacao potencial anti aterosclerotico observou hidrolisados feijoes armazenados reduziram expressao receptor ldl ox lox 1 metaloproteina 9 mmp 9 molecula adesao intracelular 1 icam 1 expressao 10 citocinas relacionadas processo aterosclerotico conclui portanto condicoes armazenamento utilizadas presente estudo adequadas preservacao qualidade nutricional fitoquimica feijoes alem disso inibicao marcadores_inflamatorios ateroscleroticos indica armazenamento feijoes seis meses independentemente caracteristicas resistencia armazenamento alterou propriedades fisicoquimicas biologicas hidrolisados proteicos,1799
46,"manipuladores, dta, boas, contaminacao, salmonella_spp, staphylococcus, sanitaria, higienico_sanitarias, maos, coagulase",ingestao_alimentos contaminados bacterias genero campylobacter resultam campilobacteriose humanos causas comuns diarreia estados unidos uniao europeia maiores reservatorios deste micro organismo produtos avicolas sendo carne crua mal cozida principal fonte contaminacao homem especies prevalentes envolvidas infeccoes campylobacter jejuni campylobacter coli campylobacter lari podem contaminar carcacas durante abate manipulacao frangos objetivo desse estudo determinar prevalencia campylobacter termotolerantes carcacas frango refrigeradas posteriormente congeladas comercializadas municipio goiania goias apoio departamento vigilancia_sanitaria municipal agencia goiana defesa agropecuaria coletadas meses maio setembro 2015 40 amostras carcacas refrigeradas congeladas abatedouros goias pontos venda goiania metodologia isolamento identificacao obedeceu normas international organization standardization 10272 1 2006 identificacao molecular realizada tecnica reacao cadeia polimerase deteccao genes hipo campylobacter jejuni glya campylobacter coli campylobacter lari encontrada prevalencia 17 5 n=7 contaminacao carcacas campylobacter spp dentre 24 amostras coletadas abatedouros 12 5 n=3 contaminadas 16 coletadas pontos venda 25 0 n=4 apresentaram positividade bacteria detectado campylobacter lari amostras avaliadas resultados evidenciam bacteria permanece viavel todas etapas cadeia produtiva frangos representando risco ocorrencia surtos gastroenterites presenca bacteria frangos aponta necessidade educacao criadores aves comerciantes quanto risco saude_publica produtos representam necessaria sensibilizacao melhorar gestao alem realizacao medidas preventivas corretivas sistema producao comercializacao destes produtos alem disso prevalencia encontrada presente estudo reforca necessidade estabelecimento padroes legais determinem pesquisa micro organismo neste tipo alimento,1924
46,"manipuladores, dta, boas, contaminacao, salmonella_spp, staphylococcus, sanitaria, higienico_sanitarias, maos, coagulase",estafilococos coagulase positiva patogenos relacionados surtos intoxicacao alimentar dentro deste grupo microrganismos encontra especie staphylococcus_aureus comumente associada infecoes hospitalares sendo considerado grande problema saude_publica presente trabalho objetivo investigar ocorrencia staphylococcus_aureus resistente meticilina mrsa sanduiches hamburgueres carne_bovina carne frango comercializados redes fast foods supermercados salvador ba respectivamente tal 100 amostras investigadas compreendendo 50 amostras sanduiches 25 carne frango 25 carne_bovina 50 amostras hamburgueres crus congelados 25 carne frango 25 carne_bovina observando lotes diferentes isolamento bacteria amostras pre enriquecidas caldo tsb nacl enriquecidas caldo vermelho fenol manitol contendo cefoxitina aztreonam posteriormente inoculadas agar manitol hipertonico colonias caracteristicas gram catalase coagulase positivas submetidas antibiograma metodo disco difusao resultados encontrados demonstram mrsa presente 32 amostras hamburgueres 8 amostras sanduiches resultados ainda evidenciam tanto amostras hamburgueres sanduiches frequencia isolamento patogeno maior produtos carne frango entretanto resultados analise estatistica demonstraram associacao isolamento mrsa tipo alimento investigado presenca mrsa principalmente sanduiches prontos consumo risco evidente sendo portanto necessaria adocao medidas controle evitar disseminacao bacteria,905
46,"manipuladores, dta, boas, contaminacao, salmonella_spp, staphylococcus, sanitaria, higienico_sanitarias, maos, coagulase",trabalho objetivo pesquisar presenca salmonella_spp carcaca coracao frango abatedouros estado goias estabelecimentos comerciais varejistas municipio goiania determinar susceptibilidade antimicrobianos coletadas 48 amostras sendo 24 carcacas 24 coracoes frango resfriados provenientes quatro abatedouros distanciados dentro raio 60 km goiania realizou visitas semanais totalizando tres visitas cada abatedouro durante maio julho 2015 alem coletar 16 amostras carcacas 16 coracao frango resfriados provenientes estabelecimentos varejistas periodo agosto outubro 2015 recebem produtos desses abatedouros avaliou viabilidade desse patogeno nesses produtos pos congelamento 24 amostras 48 coletadas abatedouros durante analises microbiologicas seguiu metodo padronizado estabelecido food and drug administration pre enriquecimento seletivo enriquecimento seletivo isolamento agar seletivo isolamento meio diferencial confirmacao bioquimica 11 provas testar susceptibilidade cepa isolada utilizou equipamento bd phoenix tm testando 14 antimicrobianos isolou cepa 1 48 salmonella_spp amostra coracao frango resfriado obtida abatedouros visitados enquanto produtos advindos estabelecimentos comerciais detectado nenhum isolamento patogeno cepa resistente somente ciprofloxacina sensivel demais antimicrobianos testados embora sido isolada somente cepa salmonella_spp amostra coracao resultado relevante considerando alta patogenicidade deste micro organismo assim resistencia ciprofloxacina antimicrobiano utilizado antibioticoterapia humanos infeccoes causadas bacteria assim sugere estudos desta natureza produtos avicolas implementacao ferramentas controle qualidade higienico sanitaria todas fases abate intensificacao fiscalizacao objetivo favorecer reducao riscos contaminacao patogeno aumentar garantia qualidade produtos destinado consumo,1928
47,"casca, abts, extratos, dpph, xique, polpa, extracao, frutos, cascas, astaxantina",presente estudo avaliou teor compostos_bioativos capacidade_antioxidante 12 frutos cerrado relacao maca red delicious identificou quantificou alguns compostos_fenolicos presentes fruto apresentou maior teor bioativos capacidade_antioxidante materiais metodos atividade_antioxidante aa extratos aquoso eaq acetato etila eae frutos cerrado araticum annona crassiflora mart baru dipteryx alata cagaita eugenia dysenterica dc cajuzinho anacardium humile st hil guariroba syagrus oleracea inga inga laurina willd jatoba hymenaea stigonocarpa mart jenipapo genipa americana l jurubeba solanum paniculatum l lobeira solanum grandiflorum ruiz pav mangaba hancornia speciosa tucum cerrado bactris setosa mart determinada ensaios capacidade redutora ferro frap sistema 946 caroteno acido linoleico teor antocianinas totais at flavonoides amarelos fa flavanois carotenoides_totais acido_ascorbico aasc determinados ensaios espectrofotometricos partes fruto selecionado casca polpa utilizadas metodologias ainda teor fenolicos totais ft identificacao quantificacao compostos_fenolicos realizadas sistema hplc dad extrato aquoso eaq fracoes acetato etila metanol agua extratos etanolico ee metanolico acidificados resultados araticum tucum apresentaram teor flavanois totais 15 19 vezes superior maca relacao conteudo at tucum apresentou concentracao 35 vezes maior valor obtido maca alto teor at encontrado cajuzinho jurubeba jatoba relacao aa eae tucum apresentou maior valor frap 6 vezes maior valor obtido eae maca enquanto valores frap eae araticum cagaita cajuzinho lobeira 2 vezes superiores eae maca eaq tucum araticum obtiveram maiores valores frap seguidos cagaita cajuzinho jurubeba mangaba ensaio oxidacao 946 caroteno eaq tucum apresentou segunda maior aa 6 vezes maior maca seguido eaq araticum cagaita amendoa baru mangaba jurubeba apenas tucum mangaba valores superiores maca sistema 946 caroteno eae relacao estudo envolvendo casca polpa tucum obtido alto teor ft flavonois at fa casca fruto 112 14 264 64 vezes maior casca comparados polpa respectivamente eaq ee casca tucum apresentaram maior aa comparados polpa flavonoides identificados extratos casca tucum flavanol catequina flavonois quercetina rutina acidos fenolicos galico ferulico cafeico antocianinas cianidina conclusao resultados sugerem fenolicos representam principais compostos_bioativos frutos cerrado particularmente frutos araticum cagaita lobeira tucum cajuzinho jurubeba mangaba possuem alto teor bioativos alta capacidade_antioxidante capacidade_antioxidante conteudo compostos_bioativos tucum cerrado associados principalmente casca sendo catequina antocianinas acido galico rutina principais compostos_fenolicos identificados,554
47,"casca, abts, extratos, dpph, xique, polpa, extracao, frutos, cascas, astaxantina",casca limao residuo largamente produzido industrias processamento frutas muitas vezes descartada forma incorreta trazendo inumeros prejuizos economicos socioambientais alem disso desperdicio representa oportunidade perdida pois materia prima rica compostos_bioativos polifenois apresentam propriedades biologicas industriais interessantes aproveitamento desses compostos necessario separa los demais componentes materia prima obter extratos alta concentracao processo pode ser realizado diversos metodos extracao constante desenvolvimento sendo assim estudo propoe desenvolvimento metodos extracao separacao concentracao flavonoides especificos partir casca limao meio tecnicas emergentes extracao usando solventes alternativos escolha deste tema fundamenta dois principais pilares extracao flavonoides especificos casca limao utilizando tecnicas solventes extracao considerados verdes b reaproveitamento agregacao valor residuos industrializacao casca limao primeira parte estudo_experimental objetivou desenvolver metodo integrado extracao separacao concentracao compostos_fenolicos casca limao meio acoplamento tecnicas extracao liquidos pressurizados ple extracao fase solida spe usando solventes verdes estudo mostrou diferentes condicoes extracao permitiram obter fracoes extratos composicoes quimicas distintas atraves processos verdes extracao condicoes extracao eluicao sepra c18 extracao agua ph 6 eluicao etanol 80 ºc resultaram maiores rendimentos hesperidina 12 8120 + 0 0006 mg g compostos menos polares totais 20 210 + 0 005 mg g alem obter elevado grau separacao fracoes distintas compostos polares menos polares alem disso ple spe obteve rendimentos elevados comparacao outras tecnicas extracao segunda parte estudo_experimental visou desenvolver metodo extracao otimizado recuperar flavonoides especificos casca limao utilizando extracao assistida ultrassom uae misturas euteticas solventes mistura eutetica cloreto colina acido acetico chcl aa 1 2 alcancou melhor desempenho extracao compostos alvo potencia sonda ultrassonica 320 w atingiu rendimento maximo hesperidina narirutina dccr r s f 30 teor agua 40 tempo estatico 40 min condicoes ideais recuperacao compostos interesse tempo extracao dinamico 6 min adequado solvente etanol agua 50 v v obteve maior pureza compostos relacao chcl aa porem chcl aa eficiente protecao compostos sob efeito alta temperatura extracoes uae superiores desempenho extracao comparacao tecnicas convencionais avaliadas assim possivel demonstrar potencial casca limao fonte compostos_bioativos assim potencial tecnologias extracao emergentes solventes verdes obtencao flavonoides interesse partir dessa matriz vegetal,3988
47,"casca, abts, extratos, dpph, xique, polpa, extracao, frutos, cascas, astaxantina",grumixama eugenia brasiliensis lam fruta pertencente familia myrtaceae fonte fitoquimicos importantes compostos_fenolicos flavonoides antocianinas apresentam quantidades variaveis conforme estadio maturacao compostos apresentam atividades biologicas importantes desde bioacessiveis apos processo fisiologico digestao objetivos deste estudo caracterizar propriedades fisico quimicas fracoes fruto grumixama semente polpa casca avaliar conteudo compostos_fenolicos tpc flavonoides tfc antocianinas tac atividade_antioxidante dpph abts frap antes apos digestibilidade in vitro frutos colhidos municipio jose pinhais parana separados maduro m semimaduro s fracionados semente s polpa casca p macronutrientes proteina lipideo carboidrato fibras acucares redutores minerais cor toxicidade frente artemia salina avaliados fracoes liofilizadas quantificacao compostos_fenolicos flavonoides realizada hplc bioacessibilidade bioativos tpc tfc tac atividade_antioxidante dpph abts frap aferida apos digestibilidade in vitro maiores conteudos acucares redutores fibras insoluveis l tfc miricetina quercetina acido cinamico atividade_antioxidante verificados fracao s destaque fibras soluveis carboidratos cinzas fracao s madura sm lipideos tfc s semimadura ss fracao p madura pm superior acucares redutores fibras soluveis carboidratos tac enquanto semimadura ps fibras insoluveis tpc conteudo minerais ca k mn ba s maior ps ambas fontes fracoes apresentaram toxicidade compostos_bioativos atividade_antioxidante grumixama diminuiram apos digestao in vitro bioacessibilidade tpc fracao p superior 50 fase gastrica 20 fase intestinal resultados sugerem grumixama pode contribuir soberania seguranca_alimentar_nutricional populacoes regionais fracoes liofilizadas fruto perfazer subproduto promissor uso industria alimenticia farmaceutica,4046
48,"mcf, ecv, cicatrizacao, tumorais, feridas, xantana, mel, ferida, dox, reparo",atualmente cancer_mama representa neoplasia maligna comum mulheres produtos finais glicacao avancada ages ingles advanced glycation end products precursores formacao substancias glioxal metilglioxal 3 deoxiglicosona obtidas exogenamente meio alimentos ricos aminoacidos acucares submetidos elevadas temperaturas podem ser gerados endogenamente meio hiperglicemia persistente vias alta utilizacao glicose metabolismo celulas cancerosas precursores ages deleterios celulas saudaveis celulas cancerigenas razao celulas otimizam sistema enzimatico detoxificacao destes compostos conhecido sistema glioxalase requer glutationa reduzida gsh cofator acao primeira enzima sistema glioxalase 1 glo1 compostos_bioativos alimentos cbas resveratrol curcumina piperina sido associados efeitos quimioterapicos quimiopreventivos poderao influenciar via formacao detoxificacao ages celulas cancer objetivo deste trabalho estudar efeitos resveratrol curcumina piperina sobre sistema glioxalase acao destes compostos precursores ages celulas adenocarcinoma mamario humano mcf 7 tanto resveratrol quanto curcumina piperina reduziram viabilidade celulas mcf 7 meio ensaio mtt gerando valores ic50 respectivamente iguais 131 m 24 5 m 94 5 m 24 horas tratamento 83 9 m 11 4 m 38 3 m 48 horas tratamento dados confirmados ensaio azul tripan metilglioxal glioxal geraram ic50 24 horas tratamento igual 2 8 mm valor aumentado pode associar melhora capacidade detoxificacao destes compostos sistema glioxalase linhagem mcf 7 3 deoxiglicosona demonstrou citotoxica mcf 7 neste trabalho tratar mcf 7 valores ic50 cada cba observamos geraram prejuizo sobre potencial membrana mitocondrial alteracao pode indicar dano mitocondrial formacao especies reaitivas oxigenio eros pre incubar celulas antioxidantes gsh n acetilcisteina nac observamos ambos geram efeitos protecao mcf 7 efeito citotoxico cbas ainda observado tratamento cbas isolados diminui atividade glo1 queda dose dependente celulas pre tratadas gsh queda enzima protegida grupos tratados resveratrol curcumina piperina curcumina diminuiu expressao glo1 avaliacao liberacao lactato produto final via glioxalase observamos liberacao prejudicada grupos tratados cbas podemos associar dado efeito deleterio cbas mitocondria mcf 7 avaliacao citotoxicidade combinacao cbas mcf 7 observado tratamento curcumina resveratrol curcumina piperina resveratrol piperina gerou efeito sinergico citotoxicidade utilizacao meio concentrado glicose alterou efeito isolado cbas mcf 7 resultados obtidos cultura celulas indicam potencial pesquisa clinica subsidiar uso agentes adjuvantes durante terapia cancer_mama cbas,1388
48,"mcf, ecv, cicatrizacao, tumorais, feridas, xantana, mel, ferida, dox, reparo",brasil estimativa cancer ano 2015 aproximadamente 576 mil novos casos reforcando magnitude desta doenca cancer_mama tipo acomete mulheres todo mundo estimativas indicam surgirao 57 120 novos casos sendo 8 380 estado rio janeiro processo carcinogenese apresenta tres etapas quais compreendem iniciacao promocao progressao tumoral sido demonstrado compostos_bioativos cbas dieteticos podem atuar diferentes fases especiarias sido utilizadas milhares anos possuem compostos_bioativos responsaveis propriedades quimiopreventivas quimioterapicas desta forma objetivo deste trabalho investigar efeito curcumina piperina 6 gingerol quimioterapico melfalan isolados combinados culturas celulas cancer_mama mcf 7 mdamb 231 analises viabilidade celular realizado metodo reducao mtt celulas tratadas concentracoes variaram 1 300 m compostos_bioativos isolados 0 5 150 m melfalan observou acordo valores ic50 linhagem mda mb 231 resistente todos tipos tratamentos comparada linhagem mcf 7 apos 24 horas tratamento valores ic50 linhagem mda mb 231 24 m 280 m 190 m curcumina piperina melfalan respectivamente 6 gingerol demonstrou efeito nesta linhagem celular realizada curva combinacao compostos valores ic50 concentracoes variaram 0 25 1 25 x ic50 intuito potencializar acao compostos linhagem resistente combinacao compostos reduziu viabilidade celular maneira dose dependente reducao expressiva combinados valores 1 x ic50 analise ciclo celular demonstrou bloqueio apenas fase g2 m principalmente curcumina isolada associacao piperina comparadas controle tratar celulas mda mb 231 24 horas associacao melfalan curcumina gerou maior numero celulas apoptose tratamento curcumina piperina levou celulas necrose apos 48 horas tratamento morte celular necrose expressiva todas associacoes observadas diferencas tratamentos cbas isolados combinados demonstrando semelhanca acao mesmos porem determinacao efeito sinergico aditivo antagonico avaliacao indice combinacao ic demonstrou todas associacoes apresentaram efeito antagonico menor intensidade tratamento piperina melfalan ic=1 21 analisar efeito citotoxico destas combinacoes celulas mononucleadas sangue periferico pbmc observou combinacao piperina melfanan apresentou efeito toxico consideravel linhagem nenhuma concentracoes combinadas utilizadas considerando diferencas acao compostos isolados combinados associacao piperina melfalan apresentou efeitos citotoxicos celulas cancerosas mama celulas normais associacao pode emergir possivel proposta ensaio_clinico principalmente partir associacoes sinergicas,1367
48,"mcf, ecv, cicatrizacao, tumorais, feridas, xantana, mel, ferida, dox, reparo",segunda principal causa morte todo mundo cancer representa importante problema saude_publica cancer primario figado frequentemente carcinoma hepatocelular chc costuma ter diagnostico tardio resultando opcoes terapeuticas limitadas doxorrubicina dox cisplatina cis agentes quimioterapicos empregados varios tipos tumores incluindo chc porem mecanismos acao associados desenvolvimento diversos efeitos colaterais danos cardiacos renais hepaticos ultimos anos avancos estrategias tratamento cancer abrangem utilizacao agentes quimiopreventivos alimentares extrato cha_verde ecv derivado bebidas consumidas mundo associado menor risco desenvolvimento cancer efeito benefico ampliado combinacao componentes bioativos matriz alimentar estudos anteriores descreveram propriedades antitumorais ecv capacidade protecao contra efeitos adversos quimioterapicos estudo objetivo contribuir compreensao papel ecv associacao agentes quimioterapicos dox cis tratamento chc utilizando linhagens celulares hep3b hepg2 celulas chc celulas tumorais hek293 tratadas ecv diferentes concentracoes 31 2 g ml 4000 g ml 24 48 dox 3 7 g ml 240 g ml cis 0 9 g ml 60 g ml 24 horas partir dessas analises calculamos indice seletividade 3 tratamentos seguida avaliamos co tratamento ecv associada dox cis 24 horas analisamos incubacao previa ecv 24 horas seguida tratamento dox resultados indicam ecv exerce efeito citotoxico dependente dose tempo celulas chc entanto ecv exibe acao citotoxica comparavel celulas tumorais hek293 evidenciando baixa seletividade celulas tumorais associacao ecv cis promoveu efeito aparentemente antagonico combinacao dox ecv potencializou citotoxicidade outro lado pre tratamento ecv seguido dox demonstrou resultados positivos relacao ecv sozinho sugerindo potencial pre incubacao quimioterapico entretanto necessarias investigacoes adicionais compreender forma abrangente efeitos observados incluindo outras linhagens celulares tumorais,4432
49,"leite_humano, lactentes, leite_materno, cabra, nbcal, caprino, leite, lactente, infantis, leites",lipidios leite_humano destacam inumeras funcoes nutricionais fisiologicas favorecem desenvolvimento lactente nutriente contem 200 acidos_graxos perfil caracterizado menor concentracao acidos_graxos_saturados maior teor acidos oleico linoleico fontes acidos_graxos poli_insaturados composicao aliada organizacao constituicao membrana globulo gordura fazem leite_humano alimento ideal lactentes contudo situacoes lactentes prematuros ainda contraindicacao amamentacao determinam necessidade uso formulas infantis completo substituto parcial leite_humano objetivo deste estudo determinar perfil_lipidico diametro globulos gordura formulas infantis lactentes coletadas amostras 10 formulas infantis lactentes tres diferentes lotes utilizadas substituto leite_humano hospital materno_infantil brasilia hmib totalizando 30 amostras amostra leite_humano constituida pool amostras 10 doadoras leite maduro proveniente banco leite hospital_universitario brasilia hub utilizado padrao lipidios totais quantificados metodo butirometrico gerber  van gulik lipidios formulas infantis lactentes extraidos metodo bligh dyer esterificacao realizada segundo christie 1989 analise acidos_graxos esterificados realizada cromatografo gasoso cg 2010 shimadzu detector ms qp2010 plus autoinjetor aoc 5000 separacao acidos_graxos feita utilizando coluna j w scientific 122 2362 db 23 60m comprimento 0 25 mm id diametro interno 0 25 m espessura filme condicoes cromatograficas temperatura injetor modo split 260 ºc temperatura inicial coluna 140 ºc 5 minutos programada aumentar 2 ºc cada minuto atingir 240 ºc final 56 minutos corrida cromatografica gas arraste utilizado helio vazao 0 40 ml minuto temperatura detector 260 oc volume injetado 1 l identificacao acidos_graxos feita comparacao tempo retencao padrao acidos_graxos supelco 37 component fame mix supelco R usa determinar diametro globulos gordura utilizada tecnica microscopia eletronica varredura resultados expressos percentual relacao area acidos_graxos totais dados obtidos nessa pesquisa revelaram diferencas significativas formulas infantis lactentes leite_humano formulas infantis analisadas relacao percentual lipidios totais perfil acidos_graxos exceto fracoes acido linoleico acido linolenico relacao diametro globulos gordura formulas infantis lactentes excetuando amostra todas diferiram significativamente relacao leite_humano,1431
49,"leite_humano, lactentes, leite_materno, cabra, nbcal, caprino, leite, lactente, infantis, leites",resumo acido sialico presente leites forma acido n acetilneuraminico neu5ac acido n glicolilneuraminico neu5gc desempenhando serie beneficios saude humana soro queijo caprino bioproduto fracao soluvel leite obtido atraves coagulacao caseina considerado importante industria_alimentos ingrediente sendo responsavel 55 todos nutrientes leite neste estudo objetivouse quantificar primeira vez literatura acido sialico presente naturalmente soro queijo caprino diferentes processos coagulacao lactea leite utilizado obtido cabras raca saanen submetidos processamento coagulacao enzimatico misto enzima + cultura starter obtencao soro acondicionado congelado sendo parte liofilizado identificacao quantificacao acido sialico realizada cromatografia_liquida_alta_eficiencia detector fluorescencia modelo rf 20a concentracao desse nutriente variou 23 5 292 1 mg l verificado coagulacao enzimatica preserva acido sialico neu5gc neu5ac eficientemente coagulacao mista pois bacterias cultura starter possibilitaram reducao nutrientes presentes soro desempenharem metabolismo assim acido sialico presente glicoconjugado reduzido acordo resultados obtidos pode concluir soro queijo caprino apresenta potencial funcional visto contem quantidade relevante nutriente estudado palavras chaves acido sialico alimento funcional coagulacao lactea compostos_bioativos,1711
49,"leite_humano, lactentes, leite_materno, cabra, nbcal, caprino, leite, lactente, infantis, leites",leite caprino alem fornecer nutrientes indispensaveis funcionamento adequado organismo humano ganhado espaco mercado consumidor necessidade premente estudos disponibilizem ferramentas deteccao adulteracao leite caprino adicao leite bovino pratica tornado reincidente presente trabalho objetivo disponibilizar ferramenta validacao especies caprinas bovinas brasileiras tecnica reacao cadeia polimerase obteve limiar deteccao 0 5 utilizou metodo base fenol cloroformio kit comercial realizacao extracao dna melhor qualidade grau pureza tecnica utilizada amostras leite conjunto coletadas usinas beneficiamento leite caprino regiao ocidental cariri paraibano encontrou presenca leite bovino 37 5 amostras,13
50,"prole, filhotes, lactacao, desmame, perinatal, dieta_materna, descendentes, ocidentalizada, cafeteria, gestacao",resumo presente estudo avaliadas repercussoes consumo dieta hipocalorica durante vida perinatal sobre parametros crescimento somatico bioquimicos ratos alimentados dieta palatavel hiperlipidica desmame idade adulta ratas wistar nuliparas confirmada gestacao formaram dois grupos conforme manipulacao dietetica n=6 cada controle cl recebeu dieta normocalorica durante gestacao lactacao 3 6 kcal g hipocalorica hl recebeu dieta hipocalorica durante gestacao lactacao 2 3 kcal g registro peso consumo acompanhado maes nascimento ninhadas ajustadas 8 filhotes mantendo proporcao 4 4 machos femeas sempre possivel desmame machos passaram receber dieta padrao labina R 3 6 kcal g formando grupos controle c+cp n 12 hipocalorico h+cp n 14 dieta palatavel hiperlipidica 4 2 kcal g formando grupos controle palatavel c+hlp n 11 hipocalorico palatavel h+hlp n 9 registro crescimento somatico realizado nascimento 120 dias vida teste tolerancia_glicose g realizado 60 90 120 dias final experimento orgaos pesados plasma coletado dosagens bioquimicas vida adulta ingestao_alimentar registrada durante 10 dias partir 110º dias vida condicoes padrao bioterio mantidas todo experimento agua racao ofertada vontade dieta hipocalorica oferecida maes gestacao lactacao alterou peso consumo variacao peso mesmas igualmente medidas peso comprimento corporal diferiram filhotes nascimento entanto longo lactacao algumas medidas crescimento mostraram reduzidas filhotes hipocaloricos peso_corporal cl 49 99+ 2 12g hl 38 90+ 3 22g p<0 001 comprimento naso anal cl 117 28+ 4 38cm hl 109 81 + 2 71cm p<0 001 animais consumiram dieta palatavel hiperlipidica pos desmame maior ganho ponderal acompanhado maior deposicao gordura_abdominal intolerancia glicose sendo ainda acentuado grupo sofreu restricao energetica periodo perinatal uso dieta palatavel hiperlipidica pos desmame elevou taxas triglicerides colesterol ambos grupos idade adulta sendo vldl colesterol pronunciado grupo h+hlp 38 10 + 3 031 mg dl 1 vs c+hlp 23 34 + 2 86 mg dl 1 p<0 001 hipertrigliceridemia h+hlp 190 54 + 15 15 mg dl 1 visto diferiu c+hlp 116 68 + 12 25 mg dl 1 p<0 001 resultados demonstram restricao energia periodo fetal neonatal acarreta danos desenvolvimento somatico repercussoes vida adulta afetando medidas murinometricas indicadoras sobrepeso uso dieta palatavel pos desmame alterou peso relativo orgaos grupos apresentando menor consumo maior armazenamento gordura_abdominal igualmente causou alteracoes perfil glico lipidico maior agravo grupo h+hlp determinados parametros pode inferir portanto restricao energetica vida perinatal pode acarretar efeitos deleterios longo prazo seguida dieta desequilibrada proporcoes macronutrientes palavras chave desnutricao gestacao lactacao dieta_hiperlipidica obesidade ratos,291
50,"prole, filhotes, lactacao, desmame, perinatal, dieta_materna, descendentes, ocidentalizada, cafeteria, gestacao",resumo durante periodo perinatal caracterizado elevada plasticidade carencia proteinas capaz induzir adaptacoes morfologicas funcionais tecidos visando garantir sobrevivencia individuo ambiente atual predito contudo ambiente posterior organismo adaptado eleva risco aparecimento doencas_cronicas_transmissiveis ingestao excessiva alimentos ricos energia gorduras carboidratos simples longo vida aumenta risco desenvolvimento excesso_peso doencas metabolicas associada desnutricao inicio vida podem ocorrer alteracoes trajetoria crescimento consumo_alimentar parametros_bioquimicos funcao imune estudo objetivou avaliar efeitos dieta_hiperlipidica pos desmame sobre crescimento somatico consumo_alimentar parametros_bioquimicos funcao macrofagos peritoneais ratos submetidos dieta_hipoproteica perinatal utilizados 52 ratos machos wistar cujas maes receberam dieta normoproteica hipoproteica durante gestacao lactacao desmame 60 dias filhotes receberam dieta padrao dieta_hiperlipidica formaram 4 grupos experimentais n=10 14 cada controle c ratos receberam dieta normoproteica gestacao lactacao padrao pos desmame desnutrido lp ratos receberam dieta_hipoproteica gestacao lactacao padrao pos desmame hiperlipidico hf ratos receberam dieta normoproteica gestacao lactacao hiperlipidica pos desmame desnutrido hiperlipidico lp hf ratos receberam dieta_hipoproteica gestacao lactacao hiperlipidica pos desmame avaliou crescimento somatico peso_corporal pc comprimento cauda comprimento naso anal longo vida consumo_alimentar ingestao_alimentar relativa ingestao_energetica relativa coeficiente eficacia alimentar 30 36 dias 54 60 dias vida 60 dias ratos sacrificados realizou coleta sangue avaliacao serica triglicerideo colesterol glicose leptina retirada orgaos tecido_adiposo epididimal retroperitoneal avaliacao peso relativo macrofagos peritoneais avaliacao fagocitose producao oxido nitrico in vitro filhotes lp menor pc comprimento cauda comprimento naso anal filhotes c 60 dias filhotes lp hf diferiram comparados c exceto reduzido comprimento naso anal 57 60 dias filhotes lp hf apresentaram menor ingestao_alimentar energetica relativa comparados lp coeficiente eficacia alimentar maior comparado lp c filhotes hf lp hf apresentaram maior peso relativo gordura epididimal retroperitoneal filhotes c lp quanto parametros_bioquimicos filhotes lp apresentaram menor colesterol_total c porem filhotes lp hf maior colesterol_total lp fagocitose producao aumentaram filhotes lp diante desafio imunologico producao macrofagos aumentou comparada estado basal exceto grupo lp resultados sugerem dieta_hiperlipidica pode modular efeitos desnutricao perinatal elevando risco doencas metabolicas palavras chave desnutricao proteica dieta_hiperlipidica crescimento consumo_alimentos macrofagos,1708
50,"prole, filhotes, lactacao, desmame, perinatal, dieta_materna, descendentes, ocidentalizada, cafeteria, gestacao",objetivo deste estudo avaliar repercussoes dieta hipocalorica restricao quantitativa oferecida ratas durante gestacao lactacao sobre crescimento somatico parametros murinometricos perfil_bioquimico prole ratas wistar divididas 4 grupos n=5 cada acordo tipo dieta recebida durante gestacao lactacao c controle dieta normocalorica durante gestacao lactacao h g dieta hipocalorica durante gestacao normocalorica durante lactacao h l dieta normocalorica durante gestacao hipocalorica durante lactacao h gl dieta hipocalorica durante gestacao lactacao durante lactacao filhotes machos avaliados quanto crescimento somatico maturacao caracteristicas fisicas ontogenese reflexos evolucao ponderal apos desmame filhotes receberam dieta padrao 150 dias avaliou indice_massa_corporal imc relacao abdome torax rat apos sacrificio alguns orgaos pesados sangue coletado analise niveis sericos glicose triglicerideo colesterol_total hdl_c vldl c desmame filhotes 3 grupos experimentais mostraram menor peso_corporal cl=46 96+ 1 01 h gl=44 04+ 1 68 h ll=32 70+ 1 31 h gll=36 83+ 1 01 crescimento somatico ontogenese reflexos maturacao fisica alteradas vida adulta grupo h gll apresentou diferencas relacao controle menor peso_corporal cl=417 24+ 11 21 h gl=426 60+ 7 64 h ll=405 76+ 11 37 h gll=376 44+ 9 00 peso relativo figado cl=3 223+ 0 054 h gl=2 805+ 0 048 h ll=3 097+ 0 084 h gll=2 767+ 0 044 menores valores triglicerideo cl=80 88+ 6 94 h gl=52 43+ 2 68 h ll=113 57+ 4 18 h gll=60 00+ 1 86 vldl c cl=16 18+ 1 39 h gl=10 49+ 0 54 h ll=22 71+ 0 84 h gll=12 00+ 0 37 glicemia cl=122 69+ 3 14 h gl=121 25+ 3 91 h ll=77 70+ 3 00 h gll=87 49+ 3 88 grupo mostrou menor peso_corporal imc cl=0 67+ 0 01 h gl=0 72+ 0 02 h ll=0 66+ 0 01 h gll=0 67+ 0 01 glicemia peso relativo gordura cl=2 533+ 0 187 h gl=2 976+ 0 152 h ll=2 766+ 0 259 h gll=2 120+ 0 095 grupo h gl grupos h gl h ll apresentaram maior recuperacao parametros avaliados diferindo apenas quanto bioquimica sangue dieta hipocalorica restricao quantitativa mostrou modelo alternativo desnutricao energetica repercussoes brandas modelos existentes restricao alimentar vez acarreta alteracoes decorrentes privacao alimentar longos periodos dia palavras chave desnutricao dieta gestacao lactacao crescimento desenvolvimento ratos,284
51,"especialistas, ivc, instrumento, confiabilidade, itens, validacao_conteudo, cronbach, reprodutibilidade, validade, interna",introducao versao 2022 processo cuidado nutricao pcn terminologia tpcn estruturas padronizadas facilitam pensamento critico tomada decisao comunicacao nutricionistas concebidos serem utilizados globalmente objetivam melhorar qualidade atendimento seguranca cliente traduzidos 11 idiomas inis international ncp ncpt implementation survey pesquisa avalia grau implantacao pcn tpcn diferentes paises questionario alta confiabilidade validade conteudo sete idiomas objetivo validar versao 2023 questionario inis portugues brasileiro material metodos estudo metodologico avaliou validade conteudo confiabilidade temporal instrumento etapa 1 traducao portugues brasileiro validacao_conteudo teste piloto avaliacao confiabilidade temporal questionario inis versao 2019 etapa 2 traducao questoes extras desenvolvidas 2022 portugues brasileiro validacao_conteudo etapa 3 montagem modelo final questionario inis versao 2023 traduzido portugues brasileiro validade conteudo analisada meio indice validade conteudo ivc ivc i ivc s ivc s media ivc s concordancia universal valores aceitaveis ivc i ivc s concordancia universal =0 80 valor aceitavel ivc s media =0 90 confiabilidade analisada meio coeficiente krippendorff valor aceitavel coeficiente krippendorff =0 67 resultados discussao ivc s media questionario inis versao 2019 0 98 0 99 0 99 relevancia clareza qualidade traducao respectivamente ivc s concordancia universal 0 86 0 93 0 98 relevancia clareza qualidade traducao respectivamente resultados apresentaram valores acima aceitaveis portanto instrumento validado portugues brasileiro valor medio coeficiente krippendorff 0 85 instrumento quanto questoes extras ivc s modulo prontuario eletronico paciente pep 1 00 1 00 1 00 relevancia clareza qualidade traducao respectivamente somente modulo pep apresentou valores ivc s acima aceitavel tendo sido validado portugues brasileiro incluido versao 2023 questionario brasileiro pesquisa inis conclusao estudo obteve questionario pesquisa inis traduzido portugues brasileiro versao 2023 alta validade conteudo confiabilidade temporal partir deste instrumento possivel avaliar nivel implementacao pcn tpcn nutricionistas brasileiros 2023 integrar dados brasileiros pesquisa internacional identificar barreiras facilitadores utilizacao permitira pesquisas futuras comparacao dados implementacao deste modelo brasil longo tempo,4342
51,"especialistas, ivc, instrumento, confiabilidade, itens, validacao_conteudo, cronbach, reprodutibilidade, validade, interna",pandemia_covid_19 aumento consultas on line brasil profissionais_saude beneficios esperados possibilidade realizar atendimentos remotos porem alguns desafios enfrentados durante pratica alternativa consultas presenciais sendo assim necessario conhecer percepcao profissionais_saude quanto teleconsultas qualidades desafios visto atendimento on line servico regulamentado brasil atualmente questionario portugues brasil avalie satisfacao profissionais_saude sobre teleconsulta objetivo deste estudo traduzir adaptar transculturalmente validar instrumento health optimum telemedicine acceptance questionnaire lingua portuguesa brasil avaliar percepcao fatores_associados dificuldades tecnicas nutricionistas durante teleconsulta metodos tratase estudo metodologico observacional transversal realizado profissionais_saude realizaram teleconsulta brasil traduzir adaptar transculturalmente instrumento seguida etapas metodologicas 1 traducao 2 sintese traducoes 3 avaliacao comite experts 4 avaliacao instrumento publico alvo 5 traducao reversa back translation 6 estudo piloto apos etapas questionario validado analisando confiabilidade alfa cronbach coeficiente validade conteudo cvc analise_fatorial exploratoria item 6 instrumento relacionado dificuldades tecnicas utilizado variavel dependente analise regressao_linear_multipla resultados instrumento traduzido adaptado seguindo seis etapas metodologicas traducao adaptacao transcultural obteve niveis satisfatorios cvc avaliacao geral comite experts criterios clareza 0 94 pertinencia 0 95 relevancia 0 95 itens alem disso etapa populacao alvo bem estudo piloto observou cvc geral adequado superando ponto corte aceitavel 0 80 relacao populacao alvo criterios avaliados clareza 0 95 adequacao categoria profissional 0 95 compreensao itens 0 95 estudo piloto indices correspondentes 0 96 0 96 0 97 respectivamente analise_fatorial exploratoria demostrou instrumento possui 2 fatores qualidades dificuldades relacionados teleconsulta niveis satisfatorios confiabilidade meio alfa cronbach instrumento geral 0 792 avaliacao percepcoes nutricionistas utilizacao instrumento validado maioria profissionais 63 3 enfrentaram dificuldades tecnicas qualidade geral teleconsulta avaliada alta 89 7 96 6 intencao usar teleconsulta futuro conclusao versao traduzida adaptada health optimum telemedicine acceptance questionnaire portugues brasil instrumento valido confiavel analisar satisfacao profissionais_saude quanto uso teleconsulta alem disso nutricionistas brasileiros satisfeitos teleconsulta apesar experenciarem dificuldades tecnicas,4933
51,"especialistas, ivc, instrumento, confiabilidade, itens, validacao_conteudo, cronbach, reprodutibilidade, validade, interna",relacao habilidades_culinarias praticas_alimentares saudaveis investigada cientificamente mundo estudantes_universitarios baixo consumo frutas_legumes_verduras sido associado carencia habilidades_culinarias entres estudantes destacando momento ingressam universidade paralelamente politicas_publicas promocao alimentacao_saudavel incentivam pratica culinaria entretanto consenso estudos sobre avaliar habilidades_culinarias relacao alimentacao_saudavel questionario estadunidense avaliacao programa intervencao culinaria cooking with chef desenvolvido universidade clemson identificado apos revisao_literatura busca sistematica apropriado avaliar habilidades_culinarias alimentacao_saudavel composto 8 medidas 64 itens tais availability and accessibility of fruits and vegetables index aafv 8 itens sim cooking attitude ca 7 itens graus concordancia likert 5 pontos cooking behavior cb 11 itens frequencia self efficacy in produce consumption sepc 3 itens self efficacy in cooking sec 6 itens self efficacy in using basic cooking techniques sect 12 itens self efficacy in using fruits vegetables and seazonings sefvs 9 itens todas medindo graus confianca likert 5 pontos knowledge of cooking terms and techniques ctt 8 itens multipla escolha brasil encontrou instrumento avaliacao habilidades_culinarias alimentacao_saudavel presente tese propos submeter questionario adaptacao transcultural avaliacao propriedades psicometricas estudantes ingressantes universidade brasileira etapa 1 adaptacao transcultural questionario avaliacao habilidades_culinarias alimentacao_saudavel realizaram 6 estagios i traducao duas traducoes portugues feitas dois tradutores bilingues independentes ii sintese traducao discussao producao versao traduzida feita dois tradutores estagio i pesquisadora iii retrotraducao traducao duas traducoes portugues ingles comparacao cada traducao versao original questionario feita dois tradutores bilingues independentes iv comite juizes oficina consenso especialistas representante publico alvo v sintese versao final traduzida versao final alguns membros estagio iv vi pre teste aplicacao online versao final 48 estudantes_universitarios estudantes responderam duas vezes questionario periodo 2 4 semanas avaliaram confiabilidade teste reteste adequacao questionario quanto compreensao forma apresentacao tempo preenchimento consistencia interna coeficiente alfa cronbach correlacao teste reteste coeficiente correlacao intraclasse icc medidas continuas concordancia kappa cohen indice aafv teste reteste apresentou excelente correlacao todas escalas indice aafv apresentou concordancia moderada quase perfeita consistencia interna adequada exceto escalas ca =0 29 cb =0 68 pequenas adaptacoes feitas enunciados questoes pareciam semelhantes apesar avaliacao estudantes ter atingido 90 adequacao etapa 2 avaliacao propriedades psicometricas selecionados estudantes matriculados primeiro ano cursos graduacao presenciais ufsc ano 2015 campus florianopolis sc baseado 10 1 estudantes item questionario estudo divulgado aula magna calouros 2015 fila restaurantes universitarios campi florianopolis salas aula midias sociais bem meio mensagens eletronicas encaminhadas coordenadores cursos graduacao presenciais ufsc acesso link questionario acesso preenchimento questionario feitos partir aceite estudantes clicarem termo concordancia disponivel primeira pagina questionario analise realizou consistencia interna coeficiente alfa cronbach validade construto grupos conhecidos teste t student diferencas sexos nivel conhecimento culinario cada escala questionario participaram 767 estudantes distribuidos 59 6 mulheres media 20 7 dp+ 5 59 anos idade 96 filhos menores 16 anos idade 44 6 moravam pais 51 0 mencionaram almocar jantar casa 72 achavam sabiam cozinhar mulheres demonstraram medias significativamente maiores homens todas escalas exceto escala sect diferencas estudantes classificados alto nivel conhecimento culinario apresentaram maiores medias todas escalas comparados niveis baixos conhecimento culinario consistencia interna adequada todas escalas exceto escalas ca =0 33 cb =0 59 tudo indica primeiro estudo disponibiliza questionario traduzido validado brasil avaliar habilidades_culinarias alimentacao_saudavel estudantes_universitarios brasil questionario faz parte programa nutricao culinaria cozinha visa avaliar desenvolver habilidades_culinarias resultados demonstram metodologia empregada efetiva possibilitando recomendacoes adaptacao transcultural combinacao abordagens avaliacao estagios equivalencias questionario original traduzido recomendacao sugere aprimoramento questionario brasileiro validado analise_fatorial bem aprimorar estudos avaliacao propriedades psicometricas instrumentos area nutricao producao refeicoes adicionalmente processo adaptacao transcultural validacao presente questionario trouxe tona discussao conceito habilidades_culinarias reforca necessidade investigacoes sobre influencia conhecimento confianca culinaria comportamentos culinarios alimentares_saudaveis recomendam estudos utilizando questionario brasileiro avaliacao habilidades_culinarias permitindo estrategias adequadas tracadas publico estudantes_universitarios refere habilidades_culinarias promocao alimentacao_saudavel,2040
52,"placenta, mir, femeas, placentario, let, desmame_precoce, mirnas, expressao, fetal, placentaria",desmame_precoce tipo estresse precoce associado alteracoes comportamento_alimentar apesar disso pouco sabe respeito mecanismos moleculares epigeneticos dentro desse contexto adicionalmente comunidade cientifica lancado esforcos encontrar estrategias prevencao problemas desenvolvimento associados estresse precoce neste contexto utilizacao terapeutica micrornas destacado desta forma estudo buscou avaliar efeitos desmame_precoce sobre parametros comportamentais moleculares epigeneticos controle comportamento_alimentar alem possivel efeito preventivo suplementacao pos natal aguda mir 320 3p mir 375 3p dois desenhos experimentais elaborados primeiro utilizados ratos_wistar_machos femeas submetidos desmame regular d30 precoce d15 250 300 dias vida animais avaliados massa_corporal ingestao_alimentar 24h fases ciclo circadiano resposta privacao alimentar alimento palatavel alem disso avaliados peso figado gordura_abdominal niveis sericos triglicerideos colesterol_total glicose expressao_genica sert 5ht1b 5ht2c drd1 drd2 npy pomc hipotalamo tronco encefalico atraves pcr tempo real segundo experimento ratos sprague dawley knock in gfp regiao promotora cck submetidos desmame regular d30 precoce d15 alem terem recebido suplementacao oral mir 320 3p d30 d15 mir 375 3p d30 embebidos dosp dia pos natal 12 45 dias vida animais ambos_sexos eutanasiados coletados hipotalamo hipocampo tronco encefalico onde avaliada atraves pcr tempo real expressao_genes sert 5ht1b 5ht2c drd1 drd2 clock bmal1 per1 per2 gfp cck micrornas mir 375 3p mir 320 3p mir 132 3p mir 504 mir 16 5p desmame_precoce promoveu hiperfagia aumento ingestao alimento palatavel machos porem hipofagia femeas expressao 5ht1b 5ht2c sert drd1 drd2 aumentada tronco encefalico machos alem hipotalamo serem observados elevada expressao sert drd1 expressao diminuida 5ht1b pomc apesar maioria casos efeitos_suplementacao mir 320 3p exercer efeitos semelhantes desmame_precoce preveniu efeitos desmame_precoce sobre aumento mir 16 5p hipotalamo femeas aumento drd1 tronco encefalico machos aumento clock hipocampo femeas suplementacao mir 375 3p aumentou expressao mir 320 3p hipotalamo reduziu expressao todos mrnas avaliados hipotalamo exceto drd1 cck reduziu expressao 5ht1b 5ht2c drd1 clock bmal1 per1 per2 cck hipocampo femeas cck hipocampo machos assim concluimos desmame_precoce altera comportamento_alimentar expressao componentes sistemas serotonergico dopaminergico longo prazo adicionalmente suplementacao mir 320 3p mir 375 3 apresentou resultados promissores estrategia prevencao modificacoes promovidas desmame_precoce apesar apresentar resultados semelhantes desmame_precoce,3721
52,"placenta, mir, femeas, placentario, let, desmame_precoce, mirnas, expressao, fetal, placentaria",glicose alcanca cerebro pode atuar apenas sinalizador ingestao_alimentar controle homeostatico balanco_energetico interagir mecanismos centrais envolvidos aspecto hedonico ingestao grande prevalencia obesidade indica presenca alimentos palataveis controle homeostatico pode ser perdido ocorrendo hiperfagia glicose pode agir areas implicadas aspecto hedonico ingestao_alimentar cortex pre frontal ratos_wistar alimentados 2 4 meses dieta controle hiperlipidica soja banha submetidos diferentes experimentos microdialise cerebral canulacao arteria carotida apresentacao alimento injecao i p glicose dietas hiperlipidicas soja banha capazes aumentar significantemente peso animais contudo grande aumento depositos gordura ambos grupos alimentados dietas hiperlipidicas mostrando efeito obesogenico dietas modificaram glicemia insulinemia jejum apos ingestao alimento aumento glicemia grupo_controle grupo banha sendo neste ultimo glicemia retornou valores basais apos 240 minutos demonstrando diminuicao tolerancia_glicose alteracao glicose sanguinea grupo soja experimento microdialise cerebral diferenca teor glicose cortex pre frontal apos ingestao_alimentar nenhum tres grupos teor glicose basal grupo soja significantemente menor comparacao grupo_controle grupo banha tendencia diminuicao mostrando ingestao cronica dietas hiperlipidicas afeta teor basal glicose cortex pre frontal apos injecao i p glicose glicemia grupo_controle elevacao maxima 12 minutos elevacao 228 60 minutos glicemia retornou valores basais experimento microdialise observou apos injecao i p glicose grupo_controle teor glicose elevado primeiro 30 minutos retornando valores basais 60 minutos alteracao teor glicose grupo soja grupo banha maior elevacao comparacao grupo_controle elevacao maxima 590 60 minutos grupo banha frente 170 30 minutos grupo_controle sendo teor glicose grupo banha retornou valores basais somente apos 210 minutos dados apresentados podemos concluir dietas hiperlipidicas possuem efeito obesogenico alem disso resultados demonstraram consumo cronico dietas hiperlipidicas afeta niveis extracelulares basais glicose cortex pre frontal fim observamos ingestao aguda modificou niveis extracelulares glicose cortex pre frontal indicando glicose age sinalizadora aguda nesta area,165
52,"placenta, mir, femeas, placentario, let, desmame_precoce, mirnas, expressao, fetal, placentaria",placenta tecido transitorio presente durante gestacao forte influencia sobre desenvolvimento fetal alteracoes metabolicas imediatas tardias prole pesquisas apontam excesso_gordura_corporal materno causa alteracao expressao placentaria diversas proteinas podem estar diretamente relacionadas desfecho progenie iniciado ainda vida intrauterina gene fto fat mass and obesity associated protein importante fator genetico relacionado diferentes fenotipos obesidade ainda sabe influencia sobre fenotipo fetal obesidade assim objetivo deste trabalho identificar processos biologicos ligados fto placenta camundongos_swiss obesidade induzida dieta periodos pre gestacional gestacional baseado transcriptoma associacao desenvolvimento fetal utilizamos camundongos femeas divididas randomicamente grupo_controle ctl grupo high fat hf recebeu dieta_hiperlipidica 45 quatro semanas apos periodo inducao obesidade animas receberam dieta hf subdivididos propenso hfp resistente hfr desenvolvimento obesidade acordo ganho_peso cada grupo manteve dieta durante gestacao tecidos coletados apos 19 dias contados partir primeiro dia acasalamento analise transcriptomica revelou alteracao perfil genes diferencialmente expressos gdes placenta maes hf cenario distinto hfp hfr sendo maior numero processos biologicos modulados grupo hfp aumento gdes relacionados exemplo regulacao processo metabolismo_lipidico processo celular metabolico desenvolvimento estrutura anatomica reducao gdes relacionados resposta niveis nutrientes angiogenese resposta fatores crescimento parametros maternos apenas hfp observamos associacao negativa expressao fto placenta ganho_peso pre gestacional peso placenta parametros fenotipicos fetais hfp peso fetal coroa nadega diametro biparietal diametro transverso abdominal apresentaram associacao positiva expressao fto placenta observamos obesidade materna modulou forma sexo especifica caracteristicas fetais placentarias dia e19 5 femeas apresentaram reducao peso_corporal alteracao peso placentario diminuicao conteudo fto placenta hipotalamo machos exibiram menor peso_corporal maior peso placentario alteracao expressao fto placentario hipotalamico dados destacam importancia fenotipo obeso exista associacoes fto placenta caracteristicas desenvolvimento fetal analises in silico apresentaram potenciais marcadores processos biologicos envolvidas alteracoes presentes feto maes obesas,4252
53,"equacoes, tmb, ger, mlg, equacao, altman, bland, equacoes_preditivas, bia, gasto_energetico",estimar massa livre gordura mlg jovens equacoes previas impedancia_bioeletrica bia elaboradas considerando individuos sedentarios ampla faixa etaria considerar maturacao biologica pode levar erros interpretacao objetivos presente estudo avaliar concordancia quantidade mlg proveniente diferentes protocolos bia obtidos absorciometria dupla emissao raios_x dxa jovens atletas ambos_sexos propor equacoes_preditivas considerando sexo maturacao biologica participaram estudo 318 jovens 48 sexo_feminino idade menarca obtida meio questionario aferidas massa_corporal total estatura obtencao dados bioeletricos utilizado bioimpedometro tetrapolar frequencia unica biodynamics mlg maturacao ossea determinadas jovens atletas ambos_sexos utilizando dxa partir levantamento bibliografico identificadas 19 equacoes preditoras mlg bia quais incluiam faixa etaria jovens presente estudo 11 14 anos destas destacamos deuremberget al 1991 pietrobelli et al 2003 horlick et al 2002 serem testadas quanto confiabilidade pois validadas dxa incluem sexo variavel teste bland altman avaliou concordancia equacoes bia dxa teste lin verificou concordancia acuracia metodos seguido classificacao mcbridge equacoes_preditivas mlg desenvolvidas utilizando analise regressao_linear meio teste stepwise variaveis ajuste maturidade ossea idade cronologica ambos_sexos maturacao_sexual somente sexo_feminino empregadas esperado jovens maturos ambos_sexos apresentaram maiores valores idade estatura massa_corporal massa_gorda mlg p<0 05 tres equacoes bia utilizadas estimar mlg apresentaram resultados diferentes comparadas obtidos dxa p= 0 001 analise bland altman apontou equacoes pietrobelli et al 2003 deuremberg et al 1991 concordantes sexo_masculino feminino respectivamente porem teste lin apontou equacao horlick 2002 concordante ambos_sexos possivelmente resultado obtido devido presenca variavel idade equacoes propostas presente estudo equacoes acordo sexo consideraram variaveis estatura2 resistencia idade maturacao ossea sexo_masculino maturacao_sexual sexo_feminino apresentaram menores valores erro padrao estimado sexo_masculino=2 7 sexo_feminino=2 3 coeficiente variacao sexo_masculino=7 sexo_feminino=6 alem maiores valores r2 sexo_masculino=0 93 sexo_feminino=0 84 resultados apontam real necessidade inclusao variaveis idade maturacao equacoes_preditivas mlg oriundas bia jovens ambos_sexos,2297
53,"equacoes, tmb, ger, mlg, equacao, altman, bland, equacoes_preditivas, bia, gasto_energetico",principais componentes gasto_energetico total gasto_energetico repouso ger mensuracao apropriada fundamental prescricao nutricional adequada atletas adolescentes principal metodo mensuracao ger calorimetria_indireta ci entretanto acesso complexo devido alto custo protocolos avaliacao extensos desconfortaveis acesso equipamento recomendado avaliacao equacoes predicao entretanto equacoes_preditivas comumente usadas muitas vezes adequadas populacoes especificas tornando valor final inapropriado sabendo estimativa energetica precisa crucial desempenho_fisico ideal atletas desenvolvimento fase puberal objetivo principal propor equacoes predicao ger atletas adolescentes brasileiros avaliando possibilidade criacao novo metodo mensuracao ci curto desenvolvimento equacoes 98 atletas 42 mulheres diversas modalidades realizaram mensuracao ger ci estimativa equacoes predicao destacam literatura publico alvo harris benedict hb cunningham cun henry rees hr kim kim reale rae fao who unu fao avaliacao concordancia equacoes ci conduzida meio graficos bland altman coeficiente correlacao lin ccc equacoes desenvolvidas metodo regressao_linear forward stepwise comparacao ger obtida ci diferiu estatisticamente todas equacoes avaliadas exceto cun considerando toda amostra p<0 05 avaliacao concordancia equacoes identificou nenhuma mostrou eficaz concordancia moderada populacao tres modelos equacao desenvolvidos sendo especifica sexo_masculino sexo_feminino estratificacao sendo variaveis massa_gorda mg massa livre gordura mlg unicas incluidas tres modelos observado equacao estratificada sexo_masculino possuiu melhores resultados correlacao r=0 719 explicativo medio r2=0 517 frente ci objetivo proposta desenvolvimento protocolos curtos mensuracao ci reduzir tempo exame trazer conforto avaliado exame 30 minutos comparando influencia tres diferentes metodos avaliacao filtros time intervals ti steady state sst sessenta seis individuos 30 mulheres avaliados metodo 5 min sst apresentou menor valor estimado ger 1454 kcal dia tendo diferenca significativa metodos f=2 607 p=0 04 diferenca absoluta ~36kcal dia doze minutos avaliacao suficientes obter valor ger dentro padroes necessarios sendo assim protocolo aproximadamente 10 min apos periodo descanso 30 min antes exame suficiente obter valor ger confiavel independentemente metodo avaliacao,4110
53,"equacoes, tmb, ger, mlg, equacao, altman, bland, equacoes_preditivas, bia, gasto_energetico",antropometria composicao_corporal maturacao_sexual importantes caracterizacao perfil atletas asseguram identificacao alteracoes ocorrem dietas especificas decorrer temporada treinamento adolescentes entretanto pentatlo moderno carente estudos pesquisa objetivo geral investigar antropometria composicao_corporal maturacao_sexual atletas adolescentes pentatlo moderno inicialmente objetivo analisar validade absortometria radiologica dupla energia dxa equacoes_preditivas utilizam dobras_cutaneas estimar gordura_corporal atletas adolescentes pentatlo moderno amostra composta 27 meninos media15 1+ 1 5 anos idade 24 meninas media14 2+ 2 5 anos idade equacoes densidade corporal durnin rahaman 1967 durnin womersley 1974 demonstraram melhores concordancias dxa feminino diferenca medias= 2 03 2dp=8 44 masculino diferenca medias=0 98 2dp=7 30 equacao siri determinacao percentual_gordura ambos_sexos weststrate deuremberg masculino diferenca medias=1 20 2dp=8 34 entanto alta variabilidade diferenca resultados demonstra imprecisao cuidados aplicacoes cotidiano esportivo posteriormente objetivo analisar caracteristicas antropometricas composicao_corporal maturacao_sexual pentatletas adolescente participantes tres edicoes campeonato brasileiro pentatlo moderno abordagem longitudinal misto cada categoria investigada masculino n=59 diferencas significativas p<0 05 destaques nao destaques observadas categoria jovem d 11 0 13 0 anos idade estatura p=0 001 envergadura p=0 001 massa_corporal p=0 007 massa_magra p=0 002 circunferencia torax p=0 020 analise descritiva estagios maturacao_sexual mostrou beneficios estado maturacional avancado resultados competitivos pode ser influenciado idade relativa descricao dados demais categorias demonstrou baixo percentual_gordura massa_magra desenvolvida envergadura maior estatura somatotipo maiores valores mesomorfia seguido ectomorfia valores baixos endomorfia caracteristicas especificas atletas adolescentes pentatlo moderno sexo_masculino feminino n=55 resultados baseados estatistica_descritiva permitiram concluir idade relativa envergadura somatotipo antropometrico medidas importantes avaliacao pentatletas adolescentes idade ocrrencia menarca baixa atletas modalidade exige treinamentos intensos menores proporcoes meninas menarqueadas categorias jovens d c mostram tendencia atraso maturacional atletas destaques valores encontrados variavel gordura_corporal altos exigencias deste desporto suma achados mostraram equacoes densidade corporal durnin rahaman 1967 durnin womersley 1974 equacao siri determinacao percentual_gordura ambos_sexos weststrate deuremberg masculino melhores alternativas avaliacao composicao_corporal atletas adolescentes pentatlo moderno dobras_cutaneas ademais apresentados subsidios iniciais antropometria composicao_corporal maturacao_sexual pentatletas adolescentes podem ser aplicados cotidiano esportivo pentatlo moderno,1009
54,"energia, micronutrientes, nutrientes, macronutrientes, carboidratos, sodio, gorduras, ingestao, recomendado, inadequacao",minerais nutrientes essenciais atuam diversas funcoes organismo literatura existe lacuna relativa estudo sobre teor destes nutrientes dietas hospitalares orais trabalho objetivou avaliar adequacao teores macrominerais ca k mg p microminerais cu fe mn zn presentes dietas hospitalares geral branda pastosa complementos alimentares s orais cao destinados pacientes hospitalizados relacao recomendacoes dieteticas referencias dris ainda contribuicao percentual cada refeicao oferta desses minerais relacao total diario ofertado dris teor minerais determinado duplicata amostras utilizando espectrometro emissao optico plasma acoplamento indutivo icpoes coletadas amostras desjejum colacao almoco lanches jantar ceia cao dois dias consecutivos terca quinta feira tres meses ano janeiro maio setembro procedimentos estatisticos executados atraves stata 11 0 incluiram testes shapiro_wilk tese bartlett anova seguido bonferroni kruskal wllis kwillis2 teste t stunt u mann_whitney significancia estatistica estabelecida p<0 05 resultados revelaram dentre dietas pastosa apresentou maiores teores elementos pesquisados notado variacao oferta minerais dietas relacao meses coleta sendo janeiro mes cardapios continham maiores teores minerais consequentemente apresentou cardapio teor nutrientes menor inadequacao 60 adequacao contra 40 inadequacao mes maio 50 setembro relacao recomendacoes nutricionais outro lado todas dietas apresentaram teor sodio superior ul todos meses estudo 200 acima ul dietas gerais branda todos meses coleta dieta pastosa variando 120 maio aproximadamente 300 acima ul janeiro almoco ofertou media 46 total ofertado jantar37 sendo refeicoes contribuiram teores excessivos detectados oferta cao essencial adequacao teores ca k mg cu mn zn alguns momentos estudo contribuicao percentual cada refeicao oferta macro micronutrientes teores adequados rda ai revelou almoco principal refeicao ofertando media 47 recomendacao seguido jantar contribuiu media 36 colacao ceia refeicao menos representativas veiculando media 2 6 conclui dietas orais ofertadas pacientes hospitalizados inadequadas relacao recomendacoes nutricionais todos minerais ofertados excecao p almoco jantar refeicoes chave oferta minerais conterem maior variedade grupos alimentares colacao ceia poderiam ser modificadas contendo alimentos ricos minerais assim contribuir adequacao dietas dris uso cao boa estrategica oferta minerais sendo inclusao permanente cardapios poderia ser medida relevante adequacao dietas recomendacoes nutricionais,410
54,"energia, micronutrientes, nutrientes, macronutrientes, carboidratos, sodio, gorduras, ingestao, recomendado, inadequacao",contribuicao dieta pacientes insuficiencia renal cronica irc importante impacto quadro clinico contribuindo tanto minimizar acelerar progressao doenca objetivo trabalho avaliar adequacao teores minerais ca cu fe mg mn k p zn dietas renais orais hospitalares complemento alimentar oral cao ofertadas pacientes isoladamente associadas cao bem teores energia macronutrientes carboidratos proteinas lipideos relacao recomendacoes nutricionais amostras refeicoes desjejum colacao almoco lanche jantar ceia coletadas dois dias consecutivos semanas diferentes meses maio setembro 2010 janeiro 2011 conteudo minerais determinado duplicata icp oes enquanto lipideos hidrolise acida metodo kjeldahl utilizado determinacao proteinas carboidratos quantificados diferenca utilizou anova teste t student dados parametricos kruskal_wallis u mann_whitney dados parametricos valor p<0 05 fixado sendo significativo dietas renais apresentaram deficiencia minerais ca cu fe individuos ambos_sexos homens predominio deficit mg zn teores acima recomendacao mn p k encontrados ultimo extrapolando ul 2 3 g combinacao cao dieta insuficiente adequacao oferta ca zn entanto adequou teores mg cu fe tornando excessivo niveis mn p k densidade energetica media dietas baixa 0 7 kcal g teor medio lipidios totais 15 acido graxo linolenico 0 4 energia 23 4 kcal kg dia inferiores recomendacao entretanto niveis gorduras trans saturadas dietas adequados outro lado teor medio carboidratos 63 5 proteinas 1 0 g kg dia extrapolaram recomendacoes nutricionais dieta hospitalar oral elaborada pacientes irc considerada desbalanceada desfavoravel tratamento clinico destes pacientes apresentarem insuficiencia diversos minerais excecao k p mn alem apresentou teor considerado toxico combinacao cao dieta adequou teores mg cu fe sendo ineficiente adequacao ca zn tornando excessivo niveis p k mn quanto perfil macronutrientes energia dietas renais favoraveis instalacao desnutricao apresentarem baixa densidade energetica 0 7 kcal g deficit lipidios acido graxo linolenico alem disso podem dificultar retardo controle irc excesso proteinas dieta alem terem exibido alto conteudo carboidratos,1087
54,"energia, micronutrientes, nutrientes, macronutrientes, carboidratos, sodio, gorduras, ingestao, recomendado, inadequacao",terapia nutricional fenilcetonuria pku elemento chave tratamento alimentacao baixo teor fenilalanina phe deve ser mantida toda vida conhecimento sobre teor phe alimentos essencial prescricao dieta tabela conteudo fenilalanina alimentos construida agencia nacional vigilancia_sanitaria tcfa anvisa visa suprir carencia dados sobre teor phe alimentos tabelas brasileiras composicao alimentos objetivo deste estudo comparar criticamente teores proteinas phe vegetais in_natura disponiveis tcfa anvisa brasil oito tabelas composicao alimentos tcas estrangeiras forma avaliar aplicabilidade informacoes contidas nessas tabelas elaboracao dieta pacientes fenilcetonuricos testes estatisticos teste wilcoxon correlacao_spearman realizados analisar variabilidade teores proteinas phe vegetais 16 frutas 15 verduras 12 legumes 12 raizes bulbos tuberculos tcas evidenciadas diferencas estatisticamente_significativas p>0 05 resultados proteinas phe expressos tcfa anvisa brasil maior parte tcas estrangeiras excecao teores proteinas verduras tcfa anvisa brasil tabela fao aa p=0 031 b teores phe frutas tcfa anvisa brasil tabela dtu food dinamarca p=0 046 c teores phe verduras tcfa anvisa brasil tabelas fao aa p=0 031 fcnt alemanha p=0 008 constatou redor 30 vegetais tcfa anvisa brasil devem ser reanalisados devido elevada dispersao observada teores phe expressos tcas correlacao positiva observada teores phe proteinas vegetais maior parte tcas sugere ser possivel estimar conteudo phe partir conteudo proteico utilizando concentracoes 3 4 phe proteinas frutas n=15 incluidas neste estudo apresentaram teores medios phe inferiores 75mg 100g excecao abacate dezenove vegetais demais grupos apresentaram teores medios phe inferiores 75mg 100g parece ser dado importante vez resultados estudos clinicos sugerem vegetais podem ser classificados consumo livre fenilcetonuricos,843
55,"agrotoxicos, itt, tripsina, s6ks, silico, s6k2, ittp, eif2, isoformas, tamarindo",introducao via sinalizacao mtor vem sendo relacionada varias doencas desordens metabolicas humanos incluindo obesidade diabetes varios tipos cancer neurodegeneracao proteinas s6ks mostrado importante papel sinalizacao mtor funcionando efetoras dessa via familia s6ks composta dois genes rps6kb1 rps6kb2 sendo primeiro codifica isoformas p85 p70 s6k1 enquanto segundo codifica isoformas denominadas p56 p54 s6k2 estudo investigou parceiras interacao isoformas p70 s6k1 p54 s6k2 celulas hek293 objetivo diferenciar proteinas acordo envolvimentos processos biologicos alem disso investigada detalhadamente interacao isoformas p70 s6k1 p54 s6k2 proteinas eif2 parp1 justificativa acreditava isoformas p70 s6k1 p54 s6k2 apresentavam funcoes biologicas redundantes vez possuem elevado grau similaridade si dessa forma poucos estudos objetivo identificar diferentes funcoes envolvimentos dessas isoformas processos biologicos entretanto descobrir diferentes funcoes dessas proteinas pode ter grande importancia estudos investigam novas estrategias desenvolver terapias certos tipos doencas cancer forma geral trabalho contribui melhor entendimento via mtor s6ks resultados primeiros dados obtidos desse estudo geraram artigo cientifico publicado revista proteomics 2016 anexo i observado espectrometria massas isoformas p70 s6k1 p54 s6k2 possuem diferentes proteinas interacao atuam diferentes processos biologicos indicando tais isoformas possuem funcoes biologicas distintas algumas parceiras interacao eif2 parp1 ppm1b fxr1 fmrp prmt5 wdr77 escolhidas relacoes isoformas p70 s6k1 p54 s6k2 estudadas forma detalhada alguns experimentos imunoprecipitacao realizados mostrando evidencias interacao p70 s6k1 p54 s6k2 proteina eif2 somente p54 s6k2 proteina parp1 situacao estresse celular eif2 fosforilada residuo serina 52 s52 acarretando inibicao sintese proteica global estimulo autofagia apoptose identificamos eif2 apresenta sitio fosforilacao predito s6ks rxrxxt s serina 58 s58 sendo 9 conservado variedade especies ensaios imunoprecipitacao revelaram eif2 fosforilada sitio rxxt s presenca insulina alem disso visto ativacao s6k1 s6k2 atraves insulina somente s6k2 atraves fgf2 diretamente relacionada reducao fosforilacao eif2 serina 52 outro lado inibidores farmacologicos mtor s6ks rapamicina pf4708671 respectivamente associados aumento niveis fosforilacao eif2 s52 realizada superexpressao p70 s6k1 p54 s6k2 constitutivamente ativas visto reducao fosforilacao eif2 s52 fim realizado ensaio mutacao sitio dirigida eif2 mimetizando fosforilacao residuo 58 eif2 resultado observamos fosforilacao constante residuo 58 acompanhado reducao fosforilacao residuo s52 conclusoes estudo mostrou diferentes isoformas s6ks possuem distintas proteinas interacao indicando tais isoformas possuem funcoes biologicas distintas celula resultados ainda sugerem s6ks podem fosforilar eif2 serina 58 devido proximidade sitios possa haver inibicao fosforilacao serina 52 regulando assim atividade eif2,1812
55,"agrotoxicos, itt, tripsina, s6ks, silico, s6k2, ittp, eif2, isoformas, tamarindo",introducao fator inicio traducao eucariotos 5a eif5a envolvido iniciacao elongacao traducao apresenta relacao processos transcricao transito macromoleculas complexo poro nuclear decaimento mrnas proliferacao diferenciacao celular alem estar relacionado processos inflamatorios diabetes cancer malaria infeccoes virais tais hiv 1 ebov eif5a produzido celulas precursor inativo hipusinacao deste fator modificacao pos traducional essencial atividade viabilidade celular ensaios espectrometria massas revelaram proteina sh2d4a possivel parceiro interacao eif5a flag purificada partir extratos celulas adenocarcinoma colo utero humano hela nestes ensaios constatou peptideo derivado proteina sh2d4a poderia estar hipusinado fato intrigante pois desde descoberta hipusinacao eif5a decada 70 evidencias existencia qualquer outra proteina hipusinada proteina sh2d4a gene localizado cromossomo 8p proximo alguns genes associados supressao tumoral regiao encontra deletada pacientes hepatocarcinoma celular hcc apresentam boas respostas tratamentos sugerindo deplecao sh2d4a pode estar envolvida progressao tumor recentemente demonstrado sh2d4a interage inibe atividade fator transcricao stat3 controlado via sinalizacao interleucina_6 il_6 inibindo transcricao genes envolvidos proliferacao celular sobrevivencia desenvolvimento tumores entretanto apesar fortes evidencias relacionando sh2d4a desenvolvimeno tumores existem menos 15 estudos publicados envolvendo proteina justificativa atualmente conhecidas vias biossintese hipusina associadas processo modificacao pos traducional eif5a existencia outras proteinas hipusinadas deste modo indicios proteina sh2d4a pudesse apresentar residuo aminoacido hipusina visto envolvimento supressor tumoral fez proteina tornasse alvo principal deste estudo utilizando modelo celulas adenocarcinoma colo utero humano hela resultados analises in silico indicam regiao supostamente hipusinada conservada isoformas x1 predita isoforma b 10 alem ser conservada varias especies entretanto analises espectrometria massas imunoprecipitados proteina sh2d4a endogena capazes validar hipusinacao dessa proteina requerendo estudos futuros caracterizacao relacao validacao interacao fisica proteinas eif5a flag sh2d4a observado immunoblotting proteina sh2d4a endogena co imunoprecipitava controle gfp flag dar inicio estudo caracterizacao proteina iniciamos amplificacao posterior clonagem gene vetor plasmidial possivel identificar transcritos variantes 1 2 x1 x2 sh2d4a celulas hela seguido validacao sequenciamento amostras partir sequenciamento possivel observar cdna sh2d4a clonado apresentava algumas mutacoes dentre significativa observada codon iniciador proteina resultando utilizacao codon iniciacao alternativo producao proteina nessas celulas alem disso presenca uorf upstream open reading frame variante 1 sh2d4a fez celulas hela transfectadas expressassem conteudos proteicos distintos partir variantes transcricionais 1 2 mutacao sitio dirigida uorf variante 1 resultou aumento producao proteina relacao variante 1 selvagem conclusao resultados obtidos presente estudo contribuem caracterizacao gene proteina sh2d4a sugerem proteina possui caracteristicas importantes dentre quais mutacoes gene podem contribuir juntamente outros fatores desenvolvimento progressao tumores,1820
55,"agrotoxicos, itt, tripsina, s6ks, silico, s6k2, ittp, eif2, isoformas, tamarindo",cancer considerado principal causa morte mundo maiores desafios saude_publica global cancer pulmao segunda principal causa morte cancer todo mundo fortemente relacionado diagnostico tardio baixa eficacia terapeutica cirurgia tratamento base pacientes estagio i ii cancer pulmao classificados nsclc impossibilidade resseccao cirurgica estrategias terapeuticas incluem quimioterapia base cisplatina imunoterapias pembrolizumabe avelumabe cisplatina farmacos antineoplasicos eficazes porem extremamente associado resistencia inata adquirida tratamento sabe algumas caracteristicas moleculares expressao aumentada diminuida proteinas associadas melhora piora progressao sensibilidade tratamento desfecho doenca neste trabalho usando primariamente analise proteomica identificamos alvos importantes vias sinalizacao alteradas celulas adenocarcinoma pulmao a549 resistentes cisplatina dentre alvos apresentaram expressao aumentada condicao resistente optamos caracterizar stat3 pcna apesar stat3 ser descrita fator correlacionado resistencia cisplatina pouco descreve respeito pcna relacao ambas proteinas via mtor importante resposta terapeutica cancer sabe via mtor constantemente aumentada diferentes tipos cancer fator impacta desfecho terapeutico doenca aqui mostramos atraves combinacao diferentes tecnicas knockout mediado crispr superexpressao ensaios funcionais perda funcao parcial pcna ablacao stat3 diminuiu sobrevivencia clonogenica sensibilizou celulas a549 cisplatina especificamente stat3 ablacao resultou diminuicao fenotipo mesenquimal observada potencial clonogenico analise expressao marcadores transicao epitelial mesenquimal ainda celulas knockout stat3 adquiriram superativacao via mtor induzida resistencia cisplatina responsivas inibicao mtor rapamicina demonstra combinacao rapamicina cisplatina ainda potente ausencia stat3 especificamente pcna perda funcional parcial sensibiliza cisplatina enquanto aumenta expressao yh2ax importante marcador reconhecimento danos dna alem disso superexpressao pcna aumenta fosforilacao stat3 aqui sugerimos pcna participa resistencia cisplatina tanto suscetibilidade dano dna via yh2ax relacao stat3 fim demonstramos capacidade resposta cisplatina pode ser dependente crosstalk stat3 pcna mtor alem inibicao sinergica stat3 mtor ser possivelmente abordagem potencial contra cancer pulmao,3976
56,"imagem_corporal, insatisfacao_corporal, transtornos_alimentares, comportamentos_alimentares, silhuetas, cozinhar, insatisfacao_imagem_corporal, satisfacao, insatisfacao, parentais",genero importante marcador social ato cozinhar estudos diferentes paises demonstram mulheres continuam sendo principais responsaveis planejar preparar refeicoes ambiente domestico diante disso presente estudo objetiva conhecer experiencias sentimentos mulheres tres geracoes sobre ato cozinhar referencial metodologico optou analise tematica at avaliar entrevistas realizadas vinte duas mulheres tres geracoes diferentes pesquisa aprovada comite etica pesquisa seres_humanos universidade federal santa catarina cep ufsc 1 723 746 aproximadamente 40 n=9 participantes possuem ensino superior cerca 63 n=14 casadas enquanto 54 n=12 vivem apenas marido filhos maior parte mulheres 59 n=13 reside estado santa catarina regiao sul brasil partir at entrevistas identificou tres grandes temas referencias papeis sociais cozinho falas participantes demonstraram referencias sobre ato cozinhar construidas desde infancia efetivando partir relacoes constituidas relacoes ofertaram elementos percepcao interna ato cozinhar conduzindo referencias positivas neutras negativas percepcao sobre ser mulher cozinhar presente tres geracoes sendo expressiva terceira geracao jovem possivel observar geracao traz falas relacionadas sentimento inferioridade perceberem sociedade ainda possa considerar ato cozinhar papel social feminino inclusive relatos participantes alem conceitos pre julgamentos visao social aparentemente daquilo consideravam si referencias pudessem permitir experienciar ato cozinhar propria perspectiva constituidas referencias observados papeis sociais verifica maior menor abertura individual vivenciar ato cozinhar buscando desenvolver habilidades  tanto necessidade alimentar prazer realizar ato cozinhar comer quer si outros forma pessoa compreende propria vivencia interacao sociedade unicas assim algo possa parecer imposicao uns possa ser motivacao desejo genuino outro observou falas participantes refletem avaliacao pessoal sobre experiencias vida propria individualidade contribuiram ato cozinhar perpassando prazer percepcoes negativas neutras sobre cozinhar dimensoes deste cozinhar reconhecimento identidade cozinheira,3804
56,"imagem_corporal, insatisfacao_corporal, transtornos_alimentares, comportamentos_alimentares, silhuetas, cozinhar, insatisfacao_imagem_corporal, satisfacao, insatisfacao, parentais",morte filho provoca reacoes afetivo emocionais longa duracao implicacoes comportamento_alimentar estado nutricao pais supressao convivio filho falecido compreender atitudes alimentares manifestadas luto presente trabalho objetivo investigar comportamento_alimentar maes vivencia perda filho trata estudo_transversal amostra conveniencia realizado maes frequentadoras organizacoes governamentais apoio luto estado minas gerais atender abordagem qualitativa quantitativa deste estudo desenvolvido protocolo condutas instrumento acesso especifico conduzir inqueritos alimentares enlutados analise compreensiva multiplas dimensoes fenomeno luto materno envolve abordagem qualitativa ancorada entrevista alimentar diretiva adotando perspectiva teorico metodologica fenomenologia existencial heideggeriana abordagem_quantitativa aplicado questionario contemplando variaveis antropometricas clinicas socioeconomicas causa obito dor perda caracterizacao enlutamento ingestao documentada meio questionario_frequencia_alimentar qfa identificar tendencias alimentares luto materno procedeu analise marcadores consumo_alimentar solicitou registro sensacoes hedonicas fome apetite saciacao saciedade refeicao apetitosa datas criticas tributo filho falecido nascimento falecimento protocolo condutas desenvolvido ferramenta atendeu forma satisfatoria necessidade obtencao informacoes qualidade minimizar reacoes emocionais parte mae participaram deste estudo 33 maes idade 40 61 anos predominancia dois anos vivencia perda filho meio pesquisa possivel delinear praticas_alimentares maes vivencia perda filho contexto existencial relacao alimento influencia luto exerceu relacao maes alimentacao evidenciada diversas maneiras ausencia fome alteracao peso falta filho refeicoes representando desafios mae perante mesa encolheu exigindo mesmas novas significacoes frente alimentacao condicao existencial mae ser demais filhos possibilitou reacoes contundentes enfrentamento luto contexto dimensao existencial espaco culinario resultados analise quantitativa evidenciaram condicao ter filhos impos maes reacoes proativas frente alimentos diante luto recente verificou intensidade dor perda correlacionou forma significativa ausencia fome saciacao rapida saciedade prolongada enquanto tempo maior obito filho correlacao escalas sensacao fome menor saciacao saciedade marcadores consumo_alimentar indicaram habito_alimentar mae tende restabelecer tempo estudar relacao maes alimento diante luto materno modo ser presente revelou relacao permeada conflitos implicaram alteracoes praticas_alimentares levando riscos nutricionais trauma decorrido morte filho exerce fortes influencias sistema regulacao fome saciedade resultando inicio ausencia fome saciacao rapida saciedade prolongada posteriormente busca alimentos residuos adocicados persistencia determinadas restricoes alimentares reacoes resultam desgastes fisicos implicacoes estado_nutricional,2149
56,"imagem_corporal, insatisfacao_corporal, transtornos_alimentares, comportamentos_alimentares, silhuetas, cozinhar, insatisfacao_imagem_corporal, satisfacao, insatisfacao, parentais",comportamento_alimentar definido todas formas convivio alimento varios motivos definem escolha alimentar individuos motivos podem explicar porque escolhas_alimentares variam longo tempo pessoas objetivo pesquisa compreender comportamentos_alimentares re construidos durante gravidez metodologia utilizada abordagem qualitativa atraves entrevistas profundidade mulheres gravidas escolha entrevistadas acessibilidade fechamento amostra saturacao entrevista elaborado roteiro semi estruturado entrevistas gravadas registradas integra analise dados utilizada analise conteudo bardin 2016 idade_gestacional entrevistadas variou 17 semanas 36 semanas analisadas duas categorias definidas priori atitudes alimentares condicionantes sociais posteriori surgiu categoria analise outros primeira categoria analise atitudes alimentares dividida tres temas principais sentimentos crencas praticas lado sentem bem buscar alimentacao_saudavel sentem culpadas fogem alimentacao idealizada relacao crencas racionalidade torno fez buscassem alimentar forma controlada pudessem prever ganho_peso categoria condicionantes sociais percepcao imagem_corporal orientacoes saude apareceram fatores sociais fortes mudanca comportamento_alimentar onde padroes esteticos atuais sobressairam alem preco cultura procedencia aspectos sensoriais alimento tomada decisao relacao gestacao colocada debate gestante alegou nunca ter pensando questoes entrevista conclui gestacao pode ser fonte motivadora alteracoes comportamento_alimentar fins esteticos,3422
57,"spray, microparticulas, uva, cerveja, vinhos, polifenois, drying, vinho, secagem, uvas",kfouri tanes sistematizacao experiencia gerenciamento sustentavel residuos solidos restaurantes 2020 215 f dissertacao mestrado nutricao programa pos graduacao nutricao universidade federal santa catarina florianopolis 2020 2010 sancionada brasil politica nacional residuos solidos pnrs define objetivos diretrizes metas voltadas gerenciamento ambientalmente adequado residuos solidos pnrs preconiza atividades produzam residuos solidos priorizem acoes gerenciamento foco gerar residuos frente reducao reutilizacao reciclagem desse tipo residuo processo produtivo refeicoes restaurantes abrange desde planejamento cardapio disposicao residuos gerados atividade encontrados estudos cientificos apresentem ferramentas gerenciamento residuos solidos produzidos durante etapas processo produtivo refeicoes restaurantes contudo encontrou proposta gerenciamento sustentavel residuos solidos aplicavel etapas processo produtivo refeicoes desenvolvida instituto ecozinha brasilia df consonancia pnrs nesse sentido estudo objetivou sistematizar experiencia gerenciamento sustentavel residuos solidos restaurantes realizada pesquisa qualitativa descritiva delineada estudo_caso restaurante brasileiro filiado instituto ecozinha instrumento coleta dados utilizada observacao direta apoio protocolos analise_documental observacao processo produtivo refeicoes possibilitou determinar pontos criticos geracao residuos solidos acompanhar acoes corretivas implantadas restaurante bem sugerir novas acoes sistema gerenciamento residuos solidos restaurantes sgrs composto sete etapas compreendem cinco blocos avaliacao controle gravimetrico residuos solidos reconhecimento estrutura fisica equipamentos gerenciamento residuos solidos estudo empresas coleta reciclagem destinacao final residuos observacao fluxo residuos solidos acompanhamento etapas processo produtivo refeicoes sistema estruturado forma protocolos contem instrucoes coleta analise dados aplicacao sgrs restaurantes possibilita reestruturar gerenciamento residuos solidos durante processo produtivo refeicoes reduzindo assim impactos ambientais decorrentes dessa atividade cabe salientar sgrs pode ser aplicado qualquer tipo restaurante vez criterios gerenciamento residuos solidos desse sistema fixados etapas processo produtivo refeicoes comuns todos restaurantes,3195
57,"spray, microparticulas, uva, cerveja, vinhos, polifenois, drying, vinho, secagem, uvas",encapsulamento cla pode ser empregado aumentar estabilidade nutriente enriquecimento fortificacao alimentos visando promocao_saude processo microencapsulamento afetado composicao matriz encapsulante embora existam materiais parede mp estabelecidos intensa busca novos materiais propriedades distintas objetivo geral deste trabalho microencapsular cla utilizando proteinas ervilha forma isolada ipe concentrada cpe unicas constituintes associadas maltodextrina m carboximetilcelulose cmc secas spray drying 10 formulacoes contendo 3 7 solidos totais formulacoes cmc 8 6 demais componentes razao nucleo variaram formulacoes sendo 1 cla ipe 1 2 2 cla cpe 1 2 3 cla ipe 1 3 4 cla cpe 1 3 5 cla ipe 1 4 6 cla cpe 1 4 7 cla m ipe 1 1 3 8 cla m cpe 1 1 3 9 cla cmc ipe 1 1 3 10 cla cmc cpe 1 1 3 microparticulas produzidas caracterizadas quanto retencao cla cg eficiencia microencapsulamento tamanho particula difracao laser teor umidade todas formulacoes apresentaram valores satisfatorios retencao cla umidade entanto microparticulas revestidas cpe apresentaram maiores valores p<0 05 embora adicao carboidratos aumentado presenca cmc formulacoes responsavel aumentar dispersao distribuicao tamanho mesmas formulacoes cla cpe 1 4 cla m cpe 1 1 3 apresentaram resultados promissores analisadas quanto espectroscopia infravermelho ftir estabilidade termica tga calorimetria diferencial varredura dsc solubilidade dispersibilidade morfologia mev alem disso estabilidade oxidativa cla determinada durante dois meses temperatura ambiente producao compostos volateis variacao concentracao cla perfil isomeros microencapsualmento alterou estabilidade termica cla microparticulas cla m cpe 1 1 3 apresentaram superficie menor grau rugosidade ausencia aglomeracao alem disso demonstraram maiores valores solubilidade dispersibilidade temperatura transicao vitrea tg concentracao cla perfil isomeros variou durante teste estabilidade duas formulacoes dentre compostos volateis identificados heptanal utilizado marcador oxidacao cla havendo incremento significativo concentracao primeiros 30 dias duas microparticulas manutencao dessas concentracoes final estudo portanto utilizacao proteinas ervilha microencapsulamento cla eficaz manter estavel durante dois meses temperatura ambiente embora adicao m influenciado estabilidade oxidativa particulas presenca carboidrato melhorou caracteristicas fisico quimicas viabilizando insercao microparticulas diversos alimentos alem disso resultados presentes nessa dissertacao demonstram nova aplicacao proteinas ervilha mp natural baixo custo sustentavel hipoalergenico,998
57,"spray, microparticulas, uva, cerveja, vinhos, polifenois, drying, vinho, secagem, uvas",maia paola daianne silva microencapsulamento suco caju anacardium occidentale l spray drying analise compostos antioxidantes estabilidade 2014 68 p dissertacao mestrado nutricao humana instituto nutricao josue castro universidade federal rio janeiro rj 2014 trabalho objetivo avaliar microencapsulamento suco caju anacardium occidentale l spray drying usando diferentes proporcoes matrizes encapsulantes maltodextrina m capsul c maltodextrina m capsul c diferentes concentracoes solidos totais st 10 15 microparticulas avaliadas quanto percentual retencao acido_ascorbico polifenois totais umidade rendimento solubilidade tamanho particulas microscopia eletronica varredura mev todas microparticulas apresentaram 100 solubilidade melhores resultados microparticulas maiores proporcoes solidos totais 15 mistura matrizes encapsulantes m c comparada utilizacao matriz encapsulante forma isolada capsul matriz encapsulante apresentou melhores resultados relacao maltodextrina microparticulas 50 50 m c 15 st 40 60 m c 15 st apresentaram melhores resultados quanto retencao acido_ascorbico polifenois totais alem boas propriedades fisicas melhor rendimento mostrando potencial desenvolvimento produtos relevancia saude humana microparticulas formuladas 40 60 m c 100 m 100 c 15 st selecionadas estudo estabilidade microparticulas armazenadas 90 dias temperatura ambiente 22 °c protegidas luz microparticulas caracterizadas quanto percentual retencao acido_ascorbico quatro tempos t0 controle t15 t30 t60 t90 apos producao reducao percentual acido_ascorbico microparticulas significativo tempo 90º dia armazenamento,1029
58,"gestores, profissionais, ean, professores, aprendizagem, politica, educacao_alimentar_nutricional, gestao, nasf, nutricionistas",formacao docente profissionais atuacao ensino superior vem sendo amplamente discutida diante demandas impostas atual realidade educacional brasileira discussao formacao docente universitaria programas pos graduacao stricto sensu possiveis consequencias falta iniciativas insuficiente valorizacao institucional orgaos fomento avaliacao faz necessaria centralidade formacao pesquisador constitui logica nacional estabelecida muitos cursos pos graduacao stricto sensu fato leva descuido formacao pedagogica didatica novas geracoes mestres doutores avaliacao reflexiva sistematica formacao docente pos graduacao stricto sensu pos graduandos professores exercicio oportunizara discussoes sobre formacao futuro professor revelara sob diferentes perspectivas dimensoes papel academico formador compromisso educacional programas pos graduacao stricto sensu universidades brasileiras neste sentido objetivo principal deste estudo tracar painel formacao docente pos graduacao stricto sensu area biologicas saude enfase investigacao principais contribuicoes motivacoes expectativas professores discentes unicamp reconhecem ambito construcao docencia ensino pos graduacao dados coletados duas fases fase 1 aplicacao questionario anonimo semiestruturado questoes abertas fechadas dicotomicas multipla escolha escala likert direcionado 46 estudantes pertencentes programas pos graduacao ciencias farmaceuticas faculdade ciencias farmaceuticas biologia funcional molecular instituto biologia enfermagem faculdade enfermagem ciencias nutricao esporte metabolismo faculdade ciencias aplicadas unicamp fase 2  realizacao entrevista individual semiestruturada remota questoes abertas direcionadas quatro pos graduandos quatro docentes pertencentes programa pos graduacao ciencias nutricao esporte metabolismo fca resultados tanto fase 1 baseada percepcao discente quanto fase 2 apresentados diferentes perspectivas dimensoes formativa didatico pedagogica reflexiva discentes docentes apontam priorizacao formacao pesquisadores detrimento formacao professores revelam informacoes reforcam falta interesse reflexao parte programas pos graduacao stricto sensu sobre formacao docente atuacao ensino superior percepcao pos graduacao comete erros tentar buscar aprimoramento constante formacao academica pos graduandos diante disso entendemos instituicoes ies capes ministerio educacao papel importantissimo acompanhar respaldar programas pos graduacao stricto sensu somente atraves resultados avaliacoes internas externas sistematizadas principalmente elaboracao planejamento pedagogico va encontro planejamento institucional fim verdadeiramente qualificar recursos humanos atuarem docencia,3566
58,"gestores, profissionais, ean, professores, aprendizagem, politica, educacao_alimentar_nutricional, gestao, nasf, nutricionistas",omarco referencia educacao_alimentar_nutricional ean politicas_publicas propoe ruptura praticas ean realizadas meio metodologias tradicionais oposicaoa defende acoes ean assumam perspectiva problematizadora mediadas metodologias ativas portanto necessidade refletir sendo ensinado capacita futuros profissionais realizarem ean capaz gerar autonomia participacao ativa sujeitos objetivo analisar experiencia aprendizagem mediada metodologias ativas disciplina educacao nutricional realizou pesquisa qualitativa tipo pesquisa acao outubro 2018 emarco 2019 sujeitos 31 discentes matriculados disciplina educacao nutricional proporcionar aprendizado mediado metodologiasativas conteudo ministrado meio conjugacao aula expositiva dialogada dramatizacao video debate jogo interativo arvore problemas dinamica bichos estudo_caso resenha cientifica aula pratica destacou desenvolvimento projeto ean cenario real pratica aplicado questionario aberto discentes realizacao deum diagnostico situacional decorrer disciplina sete questionarios abertos sobre conteudos aprendizagem final questionario competencias habilidades decurso disciplina adotado diario campo realizados doisgrupos focais discentes tendo conteudo sido analisado meio analise tematica proposta bardin presente pesquisa resultou elaboracao dois artigos primeiro buscou compreender percepcao experiencia aprendizado mediado metodologias ativas disciplina educacao nutricional dentre expectativas discentes quanto conteudo ministrado aprofundar conteudos interliga los outras disciplinas interligar conteudos temas acoes conhecer procedimentos ensino interativos aprender ser educadore fazer acoes educativas outros publicosforam expectativas quanto habilidades seremaprendidas citadas fragilidades relacionadasaos procedimentos ensino organizacao curricular aplicacao conteudo acoes ean transicao ensino tradicional ativo natureza transdisciplinar textos leitura sala tempo dedicar disciplina quanto potencialidades relacionadasaos procedimentos ensino destacaram proporcionam assimilacao conteudoe formacao atuacao multiprofissional estimulam participacao desenvolvimento cognitivo autonomia busca aprendizadoe uso reflexao favorecem aprendizado colaborativo segundo artigo descrevea experiencia aplicacao arvore problemas estrategia problematizadora disciplina educacao nutricional mediante analise coletiva oproblema predominio aprendizagem mecanica identificado educandos discutiram comoeventuais causas raizes aspectos macrossociais aspectos relativos ainstituicao ensino aspectosindividuais relacionados discentes docentese solucoes frutos aspectos caracteristicos comprovam necessidade uso metodologiasativas necessidade inclusao metodologias ativas forma inovacao ensino superiorna area saudee cada vez gradativa entanto ainsercao disciplina forma isolada suficiente capacitar alunos adequadamente,2873
58,"gestores, profissionais, ean, professores, aprendizagem, politica, educacao_alimentar_nutricional, gestao, nasf, nutricionistas",atencao_primaria_saude considerada porta entrada sistema_unico_saude caracteriza conjunto acoes saude abrangem promocao protecao prevencao agravos diagnostico tratamento reabilitacao manutencao saude ambito individual coletivo 2008 ministerio_saude objetivo ampliar abrangencia resolubilidade acoes atencao basica fortalecer insercao estrategia_saude_familia institucionalizou nucleos apoio saude_familia partir entao oferecido equipes saude_familia suporte tecnico pedagogico atendimento populacao meio insercao outras categorias profissionais incluindo nutricionista pesquisa buscou conhecer analisar atuacao nutricionista nucleos apoio saude_familia bem insercao acoes alimentacao nutricao nesse ambito atencao_saude motivacao deu desconhecimento fatos vez recente implantacao dessa estrategia brasil importancia insercao acoes alimentacao nutricao atencao_primaria_saude legitimada partir dispositivo matriciamento nucleos apoio saude_familia historico atuacao campo especifico nutricao atencao_primaria_saude restrito pontual assim realizado estudo_transversal abordagem multimetodo quali quantitativo inquerito online observacao participante analise_documental grupo focal entrevista semi estruturada individual elaboracao relato estudo casos participaram estudo fases diferentes somente nutricionistas quatro equipes nasf pesquisados proposta possivel 1 olhar pesquisador sobre objeto estudo 2 nutricionistas sobre propria acao sobre proprios processos trabalho sobre equipe inserido 3 equipe sobre processos trabalho insercao acoes alimentacao nutricao nesse contexto resultados equivalentes complementares positivos medida revelam preparacao engajamento profissionais extrapolando atuacao areas especificas cada formacao atencao abrangente voltada promocao_saude conforme recomenda proposta salienta neste contexto atuacao nutricionista compartilhamento acoes proposicoes enfoque interdisciplinar coletividade ficou evidente relevancia acoes alimentacao nutricao nucleos apoio saude_familia profissionais indica campo propicio continuo trabalho dificuldades desafios relatados referem essencialmente questoes estruturantes cujas respostas dependem gestao acoes publicas cita nesse conjunto ausencia carencia recursos desenvolverem trabalho falta formacao complementar saude coletiva trabalho problemas quantitativo recursos humanos alta rotatividade profissionais resultados trazem descricao organizacao atividades processo trabalho bem percepcao posicionamento destes profissionais sobre experiencia vivida assim espera contribuir acoes alimentacao nutricao facam parte efetivamente atencao_primaria_saude igualmente possa contribuir outros profissionais municipios visando adequada implantacao funcionamento nasf ordenadores rede atencao contribua melhor qualidade_vida populacao,559
59,"has, diabetes, hipertensao, hipertensao_arterial, hipertensao_arterial_sistemica, mellitus, obesidade, sobrepeso, saude_publica, dcv",limite deteccao reconhecimento gostos basicos fatores_associados adultos saudaveis objetivo verificar limites deteccao reconhecimento gostos basicos fatores_associados adultos saudaveis estabelecer distribuicao percentilar limites deteccao reconhecimento conforme sexo tabagismo tratou estudo_transversal amostra estratificada tendo criterios inclusao ser estudante universidade idade 18 40 anos excluidos individuos sintomas gripe febre obstrucao nasal complicacoes cavidade bucal uso determinados medicamentos produtos higiene dental considerou tabagismo exposicao interesse calculo amostral variaveis estudadas sexo idade limites deteccao reconhecimento gostos basicos acido amargo doce salgado umami tabagismo ingestao bebida alcoolica cafe realizou teste t anova bonferroni utilizando stata 12 avaliacao percentis 5 10 25 50 75 90 95 sexo tabagismo analise grafica analisados 592 universitarios prevalencia tabagismo 35 8 68 6 individuos consumiam bebida alcoolica 63 faziam uso cafe analise limites deteccao reconhecimento sexo verificou existe diferenca sexos sexo_masculino possui sensibilidade gustativa deteccao maior todos gostos basicos reconhecimento diferenca sexos gosto umami observou associacao sensibilidade gustativa consumo bebida alcoolica cafe tanto deteccao quanto reconhecimento individuos consomem bebida alcoolica apresentaram sensibilidade gustativa deteccao maior gostos acido amargo umami salgado consomem cafe maior sensibilidade deteccao todos gostos basicos concluiu limite deteccao reconhecimento associados sexo consumo bebida alcoolica cafe tabagismo alteracoes limites deteccao reconhecimento individuos adultos peculiares diferindo conforme sexo tabagismo percentil sendo classificados,497
59,"has, diabetes, hipertensao, hipertensao_arterial, hipertensao_arterial_sistemica, mellitus, obesidade, sobrepeso, saude_publica, dcv",introducao doencas_cronicas_transmissiveis dcnts principais causas mortalidade mundo correspondendo 71 mortes globais dentre dcnts destacamse diabetes mellitus dm hipertensao_arterial_sistemica has causas diretas indiretas desenvolvimento doencas_cardiovasculares dcv doenca_renal_cronica drc gerando impactos sociais economicos substanciais individuos familias sociedade sistemas publicos saude dm pre diabetes vem aumentando globalmente destaca outro importante problema saude_publica alta prevalencia dm diagnosticado inclusive brasil serem condicoes sensiveis atencao_primaria_saude aps importante investimento gestores municipal estadual federal profissionais_saude comunidades politicas acoes manejo gerenciamento destas morbidades sentido combater causas prevencao agravos complicacoes objetivos estudo duplo objetivo primeiro visa determinar prevalencia pre diabetes dm diagnosticado fatores_associados individuos diagnostico has segundo identificar prevalencia funcao_renal diminuida taxa filtracao glomerular tfg albuminuria individuos pre diabetes dm diagnosticado dm diagnosticado previamente metodos estudo tipo transversal realizado periodo agosto 2017 abril 2018 individuos diagnostico has dm cadastrados aps vicosa mg coletados dados_sociodemograficos habitos estilo_vida antropometricos exames_bioquimicos realizada afericao pressao_arterial estimadas prevalencias pre diabetes dm diagnosticado previamente dm diagnosticado assim prevalencia tfg diminuida albuminuria classificacao estado diabetes verificar associacoes variaveis categoricas utilizado teste_qui_quadrado_pearson variaveis continuas testada normalidade utilizando teste komogorov smirnov utilizada anova teste kruskal_wallis acordo resultado teste todos testes fixados nivel confianca 95 regressao_logistica bivariada multivariada utilizada estimar forca associacao variaveis dependentes taxa filtracao glomerular diminuida albuminuria explicativas glicemia normal pre diabetes dm diagnosticado hemoglobina_glicada glicemia_jejum resultados individuos has 58 6 apresentaram alteracao metabolismo_glicose destes 47 5 pre diabetes 11 1 dm diagnosticado doenca desconheciam condicao fatores_associados alteracao glicose hipertensos analise multivariada glicose alterada idade triglicerideos imc elevados amostra 841 individuos 227 27 53 6 3 363 43 2 pre diabetes dm diagnosticado dm diagnostico previamente respectivamente prevalencia tfg diminuida geral 8 sendo superior individuos dm diagnosticado 15 1 prevalencia albuminuria alterada 9 4 sendo prevalente individuos dm diagnosticado previamente 15 4 tfg diminuida associada dm diagnosticado albuminuria alterada associou dm diagnosticado dm diagnosticado hemoglobina glicolisada hba1c glicemia plasmatica jejum elevados conclusoes encontrou alta prevalencia funcao_renal diminuida individuos dm diagnosticado dm previo assim pre diabetes dm diagnosticado individuos has individuos podem beneficiar intervencoes diagnostico preceoce tratamento oportuno assim impedir desenvolvimento complicacoes dm drc destacando papel estrategico aps rastreamento monitoramento principais doencas_cronicas has dm tracando estrategias acoes reduzir desenvolvimento destas doencas complicacoes mortes prematuras bem custos financeiros evitaveis conforme recomendado orgaos internacionais nacionais organizacao_mundial_saude oms associacao americana diabetes ada sociedade brasileira diabetes sbd sociedade barsileira cardiologia sbc,3003
59,"has, diabetes, hipertensao, hipertensao_arterial, hipertensao_arterial_sistemica, mellitus, obesidade, sobrepeso, saude_publica, dcv",hipertensao_arterial_sistemica has diabetes melittus dm doencas_cronicas_transmissiveis dcnt comuns severas mundo sendo consideradas problemas saude_publica grande magnitude atualidade descricao caracteristicas portadores has dm bem classificacao estado_nutricional dessa populacao importante vez pode contribuir direcionamento acoes estrategias prevencao tratamento populacao objetivo descrever perfil epidemiologico caracteristicas sociodemograficas antecedentes familiares pessoais dcnt prevalencia tabagismo complicacoes associadas assim estado_nutricional populacao portadora has dm atendida cinco cs municipio florianopolis sc metodo estudo descritivo corte transversal realizado 424 portadores has dm idade 28 89 anos atendidos cinco cs representativos cinco distritos sanitarios saude ds atencao basica saude municipio florianopolis sc realizadas entrevistas meio questionario estruturado aferidas medidas peso estatura circunferencia_cintura entrevistados dados processados epi data versao 3 0 analises reali¬zadas software stata versao 11 0 analise estatistica incluiu descricao variaveis teste_qui_quadrado_pearson con¬siderando nivel significancia 5 resultados maioria populacao sexo_feminino idosos cor_pele branca baixa_escolaridade baixa classe_economica vive companheiro portadores has portadores has dm percentual mulheres duas vezes maior homens percentual idosos representaram 50 pacientes cada grupo p<0 05 diabeticos maior percentual homens adultos diferenca tipo doenca distribuicao centro saude escolaridade classe_economica observaram elevadas prevalencias excesso_peso circunferencia_cintura entrevistados infarto agudo miocardio frequente portadores ambos diagnosticos has dm p= 0 05 diferenca diagnostico doenca presenca acidente vascular cerebral colesterol ldl elevado p> 0 05 prevalencia tabagismo encontrada 10 4 conclusao necessidade reforcar adocao medidas prevencao acoes monitoramento estado_saude portadores has dm fim proporcionar melhor qualidade_vida populacao evitar aparecimento complicacoes cronicas associadas has dm,728
60,"covid_19, sars, cov, pandemia, celiacos, gluten, coronavirus, virus, hla, pandemia_covid_19",doenca celiaca dc doenca cronica inflamatoria acomete intestino delgado ocasionada associacao tres elementos suscetibilidade genetica resposta autoimune exposicao gluten calcula apenas 10 15 celiacos devidamente diagnosticados diagnostico feito base manifestacoes clinicas realizacao testes sorologicos testes geneticos biopsia intestinal considerada padrao ouro fechamento diagnostico principais determinantes suscetibilidade genetica dc localizados regiao codifica antigeno leucocitario humano hla classe ii especificamente alelos constituem complexos hla dq2 hla dq8 partir identificacao desses alelos possivel conhecer risco determinadas populacoes virem desenvolver doenca ausentes pode favorecer diagnostico reducao risco parentes primeiro grau celiacos considerados grupo alto risco desenvolvimento doenca devido grande probabilidade herdabilidade desses fatores geneticos diante disso objetivo presente estudo verificar frequencia alelos risco complexos hla dq2 dqa1 0501 dqb1 0201 hla dq8 drb1 04 associar presenca sintomas doencas relacionadas dc parentes primeiro grau celiacos sul brasil aplicado questionario solicitando dados caracterizacao amostra incidencia outras doencas sintomas associados dc dna genomico extraido celulas mucosa bucal alelos identificados reacao cadeia polimerase 224 individuos participantes 14 excluidos analise sintomas realizarem restricao total gluten sendo assim 67 6 individuos relataram algum tipo sintoma associado dc doencas associadas dc referidas 40 6 intolerancia lactose frequente 18 3 observado 87 parentes celiacos possuiam menos alelos risco estudados sendo 79 9 apresentaram alelos risco relacionados complexo hla dq2 29 9 hla dq8 individuos positivos ambos alelos dqa1 0501 dqb1 0201 complexo hla dq2 78 4 relataram sintomas associados dc p=0 003 sendo distensao abdominal sintoma frequente p=0 006 individuos portadores alelo drb1 04 marcador haplotipo dr4 dq8 referiram maior incidencia osteoporose p= 0 02 hipotireoidismo p= 0 04 comparar portadores deste alelo resultados ressaltam importancia genotipagem alelos risco relacionados sistema hla diagnostico dc estarem associados maior frequencia outras doencas sintomas relacionados dc,2133
60,"covid_19, sars, cov, pandemia, celiacos, gluten, coronavirus, virus, hla, pandemia_covid_19",doenca celiaca dc caracterizada ser desordem autoimune desencadeada ingestao gluten tendo principal manifestacao desordens nivel intestinal desordem estaria ligada fatores geneticos principalmente encontrados sistema leucocitario humano hla classe ii hladq sendo alelos hla dq2 dqa1 0501 dqb1 0201 hla dq8 drb1 04 responsaveis codificar proteinas dq2 dq8 sabe alelos presentes 25 30 populacao chega 95 outros 5 celiacos desencadeado doenca devido outros fatores geneticos sendo assim incluido rastreamento hla dq dentre etapas diagnostico dc utilizando principalmente pacientes assintomaticos rastreio grupos risco dc portanto objetivo desse estudo analisar frequencia prevalencia alelos dq2 dq8 celiacos parentes primeiro grau pessoas investigacao total amostras coletadas n = 78 obteve n=67 analises questionarios analisados conferindo total 85 9 total sendo deste total 37 amostras 55 2 diagnostico dc 13 amostras parentes celiacos 19 4 17 amostras investigacao dc 25 4 9 amostras perdidas conseguimos retorno participantes 14 1 quanto genotipos dq2 dq2 b dq a+b dq8 dq2 + b + dq8 celiacos avaliados n=37 23 62 menos 1 alelo sendo dq2 n=3 13 1 dq2 b n=8 34 8 dq2 ab n=12 52 1 alelo dq8 n=7 30 4 apresentavam positivos n=11 37 8 apresentaram alelo nenhum relacao teste genetico maioria pessoas todos tres grupos menos alelos entretanto grupo pessoas investigacao apresentaram maior porcentagem alelos menor porcentagem ter alelos estudados grupos genotipo dq2 ab encontrado todos grupos celiacos apresentaram maior numero sintomas patologias realizacao biopsia testes sorologicos busca diagnostico correto grupos entretanto dc deve ser investigada grupos parentes celiacos pessoas investigacao doenca visto maioria parentes celiacos relataram sintomas doencas relacionadas dc sendo classificados grupo risco individuos sintomas classicos dc realizacao biopsia necessaria pois pode tratar individuos assintomaticos evitando assim futur maiores complicacao relacionados patologia,3863
60,"covid_19, sars, cov, pandemia, celiacos, gluten, coronavirus, virus, hla, pandemia_covid_19",doenca celiaca dc caracterizada ser desordem auto imune desencadeada ingestao prolaminas presentes gluten sendo principal manifestacao lesao intestinal tal desordem implicada fatores geneticos dentre conhecidos encontrados sistema leucocitario humano hla regiao cromossomica 6p21 31 classe ii hla dq objetivo presente estudo avaliar prevalencia alelos hla dq2 dqa1 05 dqb1 02 hla dq8 drb1 04 associados aumento risco dc correlacionar metodos diagnostico sintomas outras patologias relacionadas celiacos residentes sul brasil participaram estudo 140 celiacos residentes estados santa catarina rio grande sul apos assinatura termo consentimento preenchidos formularios obtencao dados clinicos coletadas amostras celulas bucais posterior extracao dna genomico genotipagem alelos reacao cadeia polimerase encontrada prevalencia 98 menos alelos analisados perfil genetico dq2 ab presente 75 celiacos enquanto alelo dq8 apresentou prevalencia 21 associacao significativa ausencia total alelos p=0 003 perfil dq8 p=0 003 grau lesao intestinal 4 segundo classificacao marsh associacao perfil genetico dq2 ab testes sorologicos anti gliadina p=0 037 anti endomisio p<0 001 anti transglutaminse p=0 032 dados mostram alta prevalencia alelos risco relacionados sistema hla populacao dois estados sul brasil alem disso encontrada associacao perfil genetico gravidade lesao intestinal bem associacao perfil dq2 ab resultados testes sorologicos indicando perfil genetico alem influenciar suscetibilidade dc pode influenciar gravidade doenca,2140
61,"piperina, mdr, especiarias, ase, cpp, pbmc, linhagens, monocitos, capsaicina, trpv1",resistencia multiplas drogas mdr principal obstaculo tratamento leucemia mieloide cronica lmc crise blastica estrategia promissora identificacao compostos cuja acao seletiva sobre celulas mdr fenomeno conhecido sensibilidade colateral cs piperina fitoquimico presente pimenta reino apresenta efeito anticancer anti mdr entanto ainda explorada acao promocao cs objetivo desse estudo investigar efeitos piperina sobre diferentes mecanismos resistencia quimioterapicos celulas lmc crise blastica piperina promoveu maior efeito citotoxico sobre linhagens leucemia fenotipo mdr lucena 1 feps sobre linhagem sensivel drogas k562 caracterizando ocorrencia cs contrapartida efeito citotoxico piperina sobre macrofagos peritoneais camundongos menor celulas mdr piperina provocou importantes alteracoes morfologicas linhagens leucemia inducao formacao vacuolos citoplasma aumento granulosidade celular maior grau feps embora piperina alterado distribuicao ciclo celular induziu apenas celulas mdr processo apoptose ativacao caspase 3 sendo efeito pronunciado sobre linhagem feps apesar celulas mdr superexpressarem enzima glicolitica gliceraldeido 3 fosfato desidrogenase gapdh indicando maior resistencia morte celular independente caspases mcic piperina capaz induzir mcic via inibicao gapdh nessas linhagens enzima poli adp ribose polimerase 1 parp 1 possui diversas funcoes celulares relacionadas tanto sobrevivencia inducao morte celular analises indicaram linhagem feps apresentou menores niveis dessa proteina bem menor atividade alem disso unica apresentou niveis detectaveis fragmento 24 kda sugerindo desenvolvimento mecanismo capaz impedir superativacao parp 1 poderia proteger celulas contra morte celular piperina capaz reduzir niveis parp 1 fragmento 24 kda indicando possivel relacao inducao cs apesar piperina ter aumentado expressao p gp ambas linhagens mdr somente feps haveria possivel correlacao diminuicao expressao parp 1 aumento expressao p gp apos incubacao piperina investigamos possibilidade piperina estar sofrendo metabolizacao celulas mdr gerando metabolitos potencial ainda citotoxico primeiramente analisamos nivel genes relacionados metabolismo fase i xenobioticos linhagem feps apresentou maior expressao cyp3a5 seguida lucena 1 sendo piperina capaz induzir ainda expressao desse gene nessas celulas mdr ainda demonstrou interagir proteina cyp3a5 docking molecular seguida avaliamos metabolizacao piperina entanto observadas diferencas linhagens leucemia sugerindo provavelmente cyp3a5 estaria metabolizando fitoquimico sendo assim piperina parece promover cs diferentes vias sinalizacao modulando parp 1 feps p gp cyp3a5 identificacao mecanismos relacionados inducao cs pode auxiliar delineamento estrategias contra celulas fenotipo mdr,2715
61,"piperina, mdr, especiarias, ase, cpp, pbmc, linhagens, monocitos, capsaicina, trpv1",resistencia multiplas drogas mdr principal obstaculo tratamento leucemia mieloide cronica lmc crise blastica principais causas mdr superexpressao celulas tumorais bombas efluxo drogas glicoproteina p p gp capazes expulsar celulas agentes quimioterapicos exemplo vincristina vcr estrategia superar mdr identificacao compostos cuja acao seletiva sobre celulas mdr fenomeno conhecido sensibilidade colateral cs alem disso estudos recentes sido realizados intuito reverter mdr meio combinacao compostos_bioativos alimentos quimioterapicos compostos capazes sensibilizar celulas cancer quimioterapia piperina fitoquimico presente pimenta reino objetivo desse estudo investigar efeitos piperina inducao cs reversao resistencia vcr celulas mdr lmc crise blastica experimentos viabilidade celular ensaio reducao mtt brometo 3 4 5 dimetiltiazol 2 il 2 5 difenil tetrazolio demonstraram piperina promoveu reducao viabilidade linhagem leucemia sensivel drogas k562 linhagens mdr lucena 1 feps apresentando apos 72 horas incubacao ic50 99 0 + 2 3 m 87 9 + 3 9 m 41 5 + 1 6 m respectivamente resultados evidenciam celulas mdr lucena 1 feps apresentam maior sensibilidade piperina celulas k562 caracterizando fenomeno cs contrapartida efeito citotoxico piperina sobre celulas normais mononucleadas sangue periferico pbmc menor celulas mdr feps baseado analise citometria fluxo tratamento piperina 72 horas alterou distribuicao ciclo celular linhagens estudadas entanto apos periodo incubacao 100 m piperina induziu celulas mdr lucena1 feps processo apoptose sendo efeito pronunciado linhagem feps relatado linhagem feps resistente vez apresenta expressao p gp duas vezes maior celulas lucena 1 fim testar cs poderia estar relacionada presenca p gp realizados experimentos celulas lucena 1 feps silenciadas gene mdr 1 codifica p gp piperina menos toxica nessas celulas silenciadas alem disso analisado efeito piperina sobre expressao atividade p gp linhagens lucena 1 feps meio incubacao anticorpo contra p gp ensaio substrato fluorescente p gp rhodamina 123 respectivamente nesses experimentos visto 50 m 100 m piperina promoveram reducao tanto expressao quanto atividade p gp linhagem feps entanto inibiram apenas atividade p gp linhagem lucena 1 associacao piperina quimioterapico vcr mostrou resistencia celulas lucena 1 vcr revertida piperina dessa forma estudo sugere piperina capaz induzir cs reverter resistencia vcr celulas lmc mdr sendo mecanismo piperina induzir cs parece estar relacionado expressao p gp membrana dessas celulas tumorais investigacoes podem auxiliar delineamento estrategias terapeuticas possam atuar prevenindo revertendo mdr neste tipo cancer,1373
61,"piperina, mdr, especiarias, ase, cpp, pbmc, linhagens, monocitos, capsaicina, trpv1",soares r atividade_antioxidante extrato caroco acai aspectos moleculares celulas endoteliais humanas 2016 81 f dissertacao mestrado alimentacao nutricao saude  instituto nutricao universidade estado rio janeiro rio janeiro 2016 descarte caroco acai euterpe oleracea mart representa grande impacto ambiental desenvolvimento subprodutos viabilizem utilizacao grande interesse extrato hidroalcoolico caroco acai ase sido evidenciado possivel extrato planta medicinal propriedades farmacologicas uteis uso terapeutico tratamento doencas cardiometabolicas endotelio importante componente genese diversas doencas vasculares sendo disfuncao endotelial evento inicial desenvolvimento doenca aterosclerotica ainda conhecimento cientifico suficiente relacao atividade_antioxidante teor perfil compostos_fenolicos bem aspectos moleculares envolvidos atividade biologica ase celulas endoteliais humanas sendo objetivos presente estudo celulas endoteliais cordao umbilical humano huvec utilizadas presenca insulto oxidativo induzido peroxido hidrogenio h2o2 concomitancia ase atividade_antioxidante extrato avaliada folin ciocalteu ferric reducing ability power frap trolox equivalent antioxidant capacity teac oxygen radical absorbance capacity orac quantificacao bem perfil compostos_fenolicos avaliados atraves cromatografia liquido alta eficiencia clae realizadas analises geracao especies_reativas_oxigenio carbonilacao proteina alem atividade enzimas antioxidante potencial migratorio celulas expressao proteinas envolvidas via fator transcricao nrf2 desfechos demonstram ase possui elevada capacidade_antioxidante comparado outros extratos quantificados sete compostos_fenolicos oriundos classe acidos fenolicos sendo acido siringico 4 0 mg 100 g extrato seco acido 2 hidroxicinamico 9 9 mg 100 g extrato seco acido galico 19 0 mg 100 g extrato seco acido 3 4 dihidroxibenzoico 22 6 mg 100 g extrato seco acido benzoico 26 7 mg 100 g extrato seco acido 3 4dihidroxifenilacetico 65 7 mg 100 g extrato seco acido 4 hidroxifenilacetico 93 7 mg 100 g extrato seco celulas expostas h2o2 apresentaram menor potencial migratorio maior geracao eros aumento carbonilacao proteinas sendo tratamento pre tratamento ase capaz atenuar parametros observou tendencia maior expressao nrf2 grupos tratados ase reducao desta expressao tratados h2o2 assim ase rico compostos_fenolicos capaz reverter quadro estresse_oxidativo induzido h2o2 tendencia efeito atribuido modulacao positiva via sinalizacao nrf2 celulas endoteliais humanas,1479
62,"universitarios, tmc, comportamento_sedentario, depressao, sintomas_depressivos, alcool, estudantes_universitarios, saude_mental, comportamentos, sintomas_depressao",introducao ansiedade depressao transtornos_mentais comuns estudantes_universitarios sendo distribuicao prevalencia cada vez estudadas idades vivencia academica muitas vezes ocorrem primeiros contatos substancias psicoativas pode ser fator agravante desenvolvimento transtornos_mentais objetivo avaliar uso substancias psicoativas prevalencia sintomas transtorno ansiedade depressao fatores_associados estudantes_universitarios primeiro periodo universidade federal ouro preto ufop metodos trata estudo_transversal selecionados estudantes ingressantes ano 2019 idade maior igual 18 anos quatorze cursos ufop estudantes responderam questionario autoaplicado impresso composto questoes sociodemograficas habitos vida incluindo uso substancias psicoativas condicoes saude originaram variaveis explicativas variavel desfecho obtida meio classificacao sintomas transtorno ansiedade depressao avaliados escala dass 21 depression anxiety and stress scale 21 traduzida validada portugues realizadas analises descritiva bivariada multivariada regressao_poisson variancia_robusta software estatistico stata versao 13 0 pesquisa aprovada comite etica pesquisa ufop todos 356 participantes assinaram termo consentimento livre esclarecido resultados prevalencia ansiedade 42 5 depressao 33 2 uso substancias licitas alcool tabaco relatado 73 9 17 4 estudantes respectivamente 16 6 estudantes relataram fazer uso algum tipo droga ilicita uso medicamentos psicotropicos relatado 21 9 estudantes mostrou associado sintomas transtorno ansiedade rp=1 71 ic95 1 36 2 17 depressao rp=1 84 ic95 1 40 2 42 outros fatores permaneceram associados positivamente transtornos tais sexo_feminino ser homossexual cor_pele branca uso internet moderado excessivo falta atividade_fisica frequentar festas universitarias fazer acompanhamento psicologico ter historico ansiedade parentes primeiro grau autoavaliacao negativa saude fazer uso medicamento psicotropico conclusoes observaram altas prevalencias sintomas_ansiedade depressao consumo substancias psicoativas estudantes_universitarios primeiro periodo assim associacao transtornos_mentais avaliados uso medicamentos psicotropicos destacando importancia desenvolver programas voltados promocao_saude mental fisica estudantes_universitarios prevencao uso substancias psicoativas meio academico,3305
62,"universitarios, tmc, comportamento_sedentario, depressao, sintomas_depressivos, alcool, estudantes_universitarios, saude_mental, comportamentos, sintomas_depressao",introducao anos universidade periodo critico adultos jovens pois tendem aumentar exposicao comportamentos obesogenicos vulneraveis problemas comprometem saude_mental poucos estudos literatura avaliam possiveis associacoes transtornos_mentais coocorrencia comportamentos obesogenicos estudantes_universitarios apesar importancia tematica desempenha prevencao promocao_saude objetivo estimar prevalencia sintomas_ansiedade depressao verificar associacao coocorrencia comportamentos obesogenicos estudantes graduacao instituicao federal ensino superior durante primeiros meses pandemia_covid_19 metodos estudo_transversal dados linha base pesquisa longitudinal realizada estudantes graduacao areas ciencias vida ciencias exatas ciencias humanas sociais aplicadas universidade federal ouro preto coleta dados realizada julho agosto 2020 meio questionario on line autoaplicavel distribuido correio eletronico variavel desfecho sintomas_ansiedade sintomas_depressao avaliada meio escala dass 21 depression anxiety and stress scale 21 traduzida validada portugues coocorrencia comportamentos obesogenicos variou zero quatro mensurada partir somatorio seguintes comportamentos risco consumo irregular frutas_hortalicas = 4 dias semana consumo frequente alimentos_ultraprocessados = 5 dias semana inatividade_fisica lazer estudantes praticaram nenhuma atividade_fisica ultimos tres meses praticaram menos 150 75 minutos semana atividade_fisica intensidade moderada vigorosa respectivamente comportamento_sedentario tempo total sentado = 10 horas dia analise exploratoria utilizado diagrama venn verificar associacao sintomas_ansiedade sintomas_depressao coocorrencia comportamentos obesogenicos primeiramente construido modelo teorico causalidade meio grafico aciclico dirigido selecionar variaveis ajuste posteriormente realizada regressao_logistica multivariada sendo medida associacao usada odds ratio or intervalos confianca 95 ic95 resultados participaram estudo 1 353 estudantes idade 18 24 anos sintomas_ansiedade sintomas_depressao presentes 46 1 54 6 participantes respectivamente combinacao prevalente comportamentos obesogenicos estudantes consumo frequente alimentos_ultraprocessados inatividade_fisica lazer comportamento_sedentario 17 2 verificou quanto maior numero comportamentos obesogenicos simultaneos maior chance estudantes apresentarem sintomas_ansiedade or 2 90 ic95 1 83 4 59 depressao or 3 42 ic95 2 18 5 37 conclusao estudo sugere elevada prevalencia transtornos_mentais estudantes durante periodo suspensao atividades presenciais universidade alem associacao multiplos comportamentos obesogenicos sintomas_ansiedade sintomas_depressao achados reforcam necessidade desenvolver acoes saude_publica melhor abordar questoes saude_mental ambiente universitario indica importancia programas promocao estilo_vida saudavel direcionados grupos especificos estudantes reduzir risco desenvolvimento doencas_cronicas melhorar bem estar fisico mental estudantes principalmente considerando efeitos pandemia_covid_19,4181
62,"universitarios, tmc, comportamento_sedentario, depressao, sintomas_depressivos, alcool, estudantes_universitarios, saude_mental, comportamentos, sintomas_depressao",inatividade_fisica principais fatores_risco morte mundo contribui aumento ocorrencia doencas_cronicas_transmissiveis estudantes_universitarios podem ser considerados vulneraveis adocao comportamentos saudaveis inatividade_fisica devido proprias mudancas biologicas psicologicas inerentes final adolescencia mudancas decorrentes ingresso universidade caracterizado ambiente novo individuo exposto novos comportamentos contatos sociais entretanto poucos estudos sobre alteracoes pratica_atividade_fisica nesta fase vida bem fatores_associados alteracoes objetivo analisar influencia fatores_sociodemograficos economicos variacao tempo dedicado semanalmente pratica_atividade_fisica universitarios apos primeiro ano letivo curso superior metodos estudo_longitudinal estudantes 21 cursos periodo integral universidade publica mato grosso avaliados primeiro semestre 2015 apos ano 2016 dados coletados questionario autoaplicado pratica_atividade_fisica avaliada minutos semana meio questionario international physical activity questionnaires versao curta variavel dependente considerada neste estudo variacao pratica_atividade_fisica moderada vigorosa minutos semana dois periodos analises estatisticas valor obtido classificado tercil variaveis independentes analisadas sexo faixa etaria raca cor_pele classe_economica mora area curso universitario aplicados testes mann_whitney kruskal_wallis teste pareado wilcoxon analise bivariada utilizou modelos regressao multinomial verificar associacao variacao pratica atividade tercil variaveis independentes mantidas modelo apenas variaveis apresentaram significancia nivel 5 resultados avaliados 348 estudantes 51 4 sexo_masculino aproximadamente 50 18 19 anos pertenciam classe_economica b observado diminuicao tempo destinado atividade_fisica primeiro ano curso mediana = 90 0 minutos semana primeiro tercil distribuicao composto individuos apresentaram diminuicao variando 2820 0 350 0 minutos semana terceiro tercil apresentou valores 0 0 2760 minutos semana estudantes mantiveram aumentaram pratica_atividade_fisica durante primeiro ano apos analise regressao multinomial considerando terceiro tercil variacao referencia mantiveram associados primeiro tercil classes economicas c d morar republica sendo pertencer categorias representou quase 3 vezes chance pertencer primeiro tercil distribuicao conclusoes observou diminuicao pratica_atividade_fisica principalmente estudantes pertencentes classe_economica menor poder aquisitivo moravam republica desta forma torna necessario implantacao incentivos estimular pratica_atividade_fisica universitarios considerando influencia dessas barreiras,2216
63,"cirurgia_bariatrica, operatorio, bgyr, drc, dialise, doenca_renal_cronica, hemodialise, cirurgia, pre_operatorio, roux",tratamento dieta_cetogenica considerado eficaz aproximadamente 50 pacientes epilepsia farmacorresiste porem apesar potencial terapeutico dieta controle crises podem existir efeitos adversos exigindo monitoramento constante paciente tratamento realizado estudo quasi experimental analisar efeito dieta_cetogenica atkins modificada frequencia crises epilepticas densidade_mineral_ossea pacientes_adultos epilepsia farmacorresiste quais monitorados 4 12 24 48 semanas tratamento relacao frequencia crises epilepticas reducao significativa crises focais semanas 24 48 p=0 003 p=0 005 crises tonico clonico bilaterais tonico clonico generalizadas reducao significativa observada semanas 12 24 p=0 006 p=0 024 encontradas reducoes densidade_mineral_ossea longo semanas estudadas todos participantes mantiveram z score coluna lombar dentro faixa considerada adequada idade dieta demonstrou eficacia reducao frequencia crises epilepticas pacientes_adultos epilepsia farmacorresistente causar alteracoes clinicamente significativas densidade_mineral_ossea durante periodo avaliado,5099
63,"cirurgia_bariatrica, operatorio, bgyr, drc, dialise, doenca_renal_cronica, hemodialise, cirurgia, pre_operatorio, roux",protocolos multimodais otimizar cuidado perioperatorio acelerar recuperacao pos operatoria incluem praticas_alimentares promotoras saude abreviacao jejum pre pos operatorio objetivo deste estudo verificar situacao seguranca_alimentar_nutricional pacientes cirurgicos foco fatores influenciam periodo jejum pre pos operatorio incluidos estudo pacientes submetidos cirurgias aparelho digestivo parede abdominal informacoes coletadas proprios pacientes prontuarios participaram estudo 135 pacientes 19 89 anos sendo maioria adulta 75 55 sexo_feminino 60 74 cirurgias frequentes hernioplastia 42 96 colecistectomia 34 81 fundoplicatura 9 63 maior parte classificada asa i 38 52 asa ii 54 07 anestesia geral utilizada 64 44 casos periodo jejum pre_operatorio 16 91+ 5 34 horas solidos 16 07+ 5 52 horas liquidos diferente pacientes relataram fome p= 0 998 0 807 respectivamente sede p= 0 342 0 705 respectivamente orientacao fornecida principalmente telefonema central internamentos 31 85 equipe enfermagem 31 85 medicos 29 63 periodo jejum solidos liquidos similar independente fez orientacao p= 0 591 0 605 respectivamente orientacao frequente iniciar jejum partir meia noite 43 70 pacientes instruidos iniciar jejum partir 24h permaneceram menos tempo privacao alimentos bebidas instruidos iniciar jejum partir jantar p= 0 002 0 003 respectivamente instruido iniciar jejum partir 22h permaneceu menos tempo privacao alimentos bebidas instruido iniciar partir jantar p= 0 005 0 008 respectivamente recebeu instrucao sobre jejum ficou menos tempo privacao liquidos instruido iniciar jejum partir jantar p=0 05 recebeu anestesia geral permaneceu menos tempo privado alimentos pre_operatorio p= 0 040 periodo jejum pre_operatorio solidos liquidos diferente escores asa i ii iii p= 0 642 0 613 respectivamente tipo cirurgia p= 0 614 0 724 respectivamente adultos_idosos p= 0 892 0 965 respectivamente presenca diabetes p=0 123 p=0 353 respectivamente periodo jejum pos operatorio 17 47+ 12 24 horas diferente pacientes relataram fome sede p= 0 527 0 748 respectivamente submetido fundoplicatura nissen ficou tempo jejum pos operatorio submetido hernioplastia p= 0 004 recebeu anestesia geral permaneceu tempo jejum pos operatorio p= 0 019 periodo jejum pos operatorio diferente escores asa i ii iii p=0 524 adultos_idosos p=0 203 presenca diabetes p=0 266 complicacoes operatorias p= 0 812 longos periodos jejum pre pos operatorios evidenciaram quadro inseguranca_alimentar pacientes cirurgicos,616
63,"cirurgia_bariatrica, operatorio, bgyr, drc, dialise, doenca_renal_cronica, hemodialise, cirurgia, pre_operatorio, roux",introducao cirurgia derivacao gastrica y roux dgyr consideradapadrao tratamento_obesidade grave apesar ser tratamento eficaz maioria casos parcela pacientes obtem perda_peso bem sucedida dois primeiros anos varios fatores sido demonstrados preditores resposta perda_peso porem estudos ainda necessarios objetivo avaliar preditores resposta perda_peso pacientes submetidos dgry metodos trata estudo_longitudinal retrospectivo 63 pacientes submetidos dgyr 2004 2014 acompanhados posoperatorio menos 24 meses dados pree posoperatorio 12 24 meses coletados prontuarios incluindo presenca comorbidades antes cirurgia historico familiar obesidade medidas_antropometricas ingestao_energia macronutrientes pratica exercicios_fisicos polimorfismos genes bdnf val66met rs6265 lyplal1 rs4846567 genotipados utilizando metodologia taqman snp genotyping assays perda excesso_peso pep >50 adotada criterio perda_peso bem sucedida participantes distribuidos grupo perda_peso bem sucedida ppbs perda_peso insuficiente ppi modelos regressao_logistica utilizados verificar variaveis preditoras sucesso cirurgia nivel significancia adotado p<0 05 resultados apos 12 meses posoperatorio participantes apresentaram mediana geral perda excesso_peso pep perda_peso total ppt indice_massa_corporal imc 63 intervalo interquartil iqr=20 44kg iqr=19 35kg m2 iqr=8 respectivamente taxa insucesso 19 24 meses mediana pep ppt imc 67 iqr=27 46kg iqr=27 33kg m2 iqr=8 respectivamente taxa insucesso 16 comparado grupo ppbs 12 meses grupo ppi apresentou maiores medianas peso imc excesso_peso antes cirurgia 24 meses observouse grupo ppi frequencia significativamente menor individuos 12 meses apresentavam perda_peso bemsucedida analise genetica encontradas diferencas grupos dois periodos igual forma nenhuma diferenca encontrada demais parametros dois periodos apos analise regressao_logistica imc inicial preditor pior resposta dois momentos avaliados perda_peso total apresentada 12 meses mostrou preditora melhor resposta 24 meses cirurgia conclusao imc preoperatorio perda_peso 12 meses fatores preditores sucesso perda_peso 24 meses apos dgyr,4063
64,"grupo_intervencao, intervencao, mudanca, adesao, efetividade, aconselhamento, intervencoes, orientacoes, educativas, cancer_mama",introducao brasil 25 adolescentes acima peso sendo destacado etiologia excesso_peso papel habitos_alimentares guia_alimentar_populacao_brasileira instrumento apoio incentivo praticas_alimentares saudaveis atualmente encontra fase implementacao porem necessario linguagem adaptada publico adolescentes implementacao ocorra forma atrativa atraves mobile health intervencoes direcionadas estagios mudanca modelo transteorico mostraram promissores estudos conclusivos publico adolescentes objetivo comparar efeito intervencao nutricional direcionada estagios mudanca intervencao direcionamento adolescentes escolas_publicas distrito federal metodologia trata intervencao nutricional meio ensaio comunitario randomizado controlado escolas distribuidas aleatoriamente dois grupos 3 escolas grupo_intervencao participou intervencao direcionada estagios mudanca 2 escolas grupo_intervencao geral participou intervencao direcionamento adolescentes 3° ano ensino medio cinco escolas_publicas sorteadas participaram estudo estrategia envio diario mensagem texto curto promocao alimentacao_adequada saudavel via whatsapp durante 42 dias grupo direcionado estagios mensagens especificas estagios pre contemplacao contemplacao decisao acao manutencao adaptadas mensagens grupo geral base processos mudanca modelo transteorico aplicados questionarios autopreenchimento participantes ambos grupos estudo investigaram idade sexo escolaridade_materna consumo_alimentar estagios mudanca comportamento conhecimento sobre alimentacao_saudavel autoeficacia adocao praticas_alimentares saudaveis antes intervencao avaliar efeito intervencao intra grupos inter grupos feitas respectivamente analises meio teste wilcoxon anova mista bidirecional dados ordinais grupo direcionado direcionamento fator sujeito tempo pre pos intervencoes dentro fator sujeito resultados diferenca grupos participaram estudo 235 adolescentes grupo direcionado estagios mudanca 55 adolescentes grupo geral media idade 18 0 + 0 72 anos observadas diferencas significativas caracteristicas participantes baseline analises intra grupo pre pos intervencao revelaram grupo direcionado apresentou aumento significativo escores conhecimento media pre= 66 09 + 8 93 vs media pos= 68 17 + 6 90 p<0 01 autoeficacia media pre= 67 74 + 13 15 vs media pos= 70 07 + 13 73 p<0 001 diminuicao escore alimentacao_saudavel media pre= 3 49 + 2 12 vs media pos= 3 05 + 1 89 p=0 025 comparando grupo direcionado geral intervencao mostrou efeitos positivo estrategia direcionada dois itens isolados autoeficacia quanto intencao comer calma atencao media dif direcionamento= 0 24 + 1 32 vs media dif direcionamento= 0 22 + 1 58 p<0 001 escolher alimentos_saudaveis alimentar casa media dif direcionamento= 0 45 + 1 56 vs media dif direcionamento= 0 02 + 1 67 p=0 001 observadas melhorias significativas qualquer marcador alimentacao_saudavel progresso atraves estagios mudanca conclusoes grupo_intervencao direcionado apresentou melhora conhecimento autoeficacia aspectos relacionados consumo_alimentar antes apos intervencao enquanto grupo_intervencao geral apresentou mudancas significativas mostrou estrategia eficaz melhorar aspectos relacionados autoeficacia comparacao intervencao geral estudos futuros deverao prever maior duracao envio mensagens testar direcionamento conteudo estagios mudanca partir intervencoes comprovadamente efetivas,2969
64,"grupo_intervencao, intervencao, mudanca, adesao, efetividade, aconselhamento, intervencoes, orientacoes, educativas, cancer_mama",hipertensao_arterial considerada importantes problemas saude_publica devido alta prevalencia baixas taxas controle elevado custo economico social maioria vezes enfermidade assintomatica controle requer mudancas comportamento estilo_vida diretamente relacionado grau adesao portador tratamento objetivo avaliar efeito duas estrategias educacao_saude nutricao realizadas nivel aps sobre habito_alimentar nutricional portadores fim promover maior adesao habitos relacionadas mudancas estilo_vida metodos estudo_intervencao tipo ensaio comunitario cego abordagem_quantitativa participantes alocados dois grupos forma comparar diferentes modalidades intervencao educativa saude nutricao grupos comparados quanto adesao tratamento medicamentoso amostra constituida individuos diagnostico medico acompanhados estrategia_saude_familia n=84 municipio vicosa minas gerais atenderam criterios inclusao exclusao aceitaram participar estudo intervencoes realizadas longo cinco meses constaram seguintes estrategias acordo cada grupo grupo 1 n=42 realizadas oficinas educacao_saude nutricao mensais visando educacao prevencao agravos enfase terapeutica dietetica meio atividades educativas participativas dialogicas grupo 2 n=42 recebeu oficinas educacao_saude nutricao visitas domiciliares vd mensais alem receberem mix temperos naturais produzido patenteado equipe pesquisadores estudo objetivo reduzir consumo sodio preparacoes vd realizadas horario principal refeicao dia seguiram plano sistematico educacao nutricional ambos grupos escolhidos forma aleatoria sendo tamanho amostra previamente definido forma viabilizar operacionalizacao vd mensais dados sobre perfil socioeconomico habitos vida coletados entrevistas individuais antes inicio intervencao variaveis antropometricas bioquimicas pressao_arterial atividade_fisica informacoes sobre consumo_alimentos coletadas antes intervencoes analise dados utilizada estatistica_descritiva medida tendencia central media analises realizados testes kolmogorov smirnov qui_quadrado teste wilcoxon teste_t_pareado teste t adotadas analise diferencas variaveis mensuradas pre pos intervencoes adotado nivel significancia p<0 05 pacote estatistico utilizado spss 20 0 resultados analise comparativa antes duas estrategias educacao_saude nutricao revelou melhoras estatisticamente significantes apos intervencao grupo 2 recebeu alem oficinas educacao_saude nutricao vd mensais diferenca estatisticamente significante peso imc cc colesterol_total glicemia_jejum pas per capitas oleo sal acucar escores risco protecao consumo_alimentar analisarmos estrategia intervencao baseada somente oficinas educacao_saude nutricao grupo 1 diferenca estatisticamente significante glicemia_jejum per capitas oleo sal acucar escores risco protecao consumo_alimentar analisar estrategia educativa todo independe grupo_intervencao observou 17 variaveis analisadas 12 apresentaram diferencas estatisticamente significantes sendo individuos participantes estudo obtiveram melhores parametros_antropometricos bioquimicos clinicos dieteticos final estudo conclusoes intervencoes educativas propiciaram resultados positivos sobre adesao tratamento medicamentoso resultados evidenciados grupo 2 atividades educacao_saude nutricao aliadas vd satisfatorios participacao individuos oficinas educativas associadas recebimento vd tornou intervencao intensiva vez atividades realizadas forma individualizadas ambiente domiciliar horarios principal refeicao dia aspectos contribuiram melhor entendimento parte portadores sobre implementacao habitos_alimentares adequados bem acompanhamento sistematizado rotineiro,1805
64,"grupo_intervencao, intervencao, mudanca, adesao, efetividade, aconselhamento, intervencoes, orientacoes, educativas, cancer_mama",introducao pilares tratamento diabetes incluem uso medicacoes anti hiperglicemiantes alimentacao_saudavel atividade_fisica regular automonitoramento educacao diabetes saude_mental cessacao tabagismo estudos sugerem intervencoes educacao alimentar podem melhorar controle_glicemico tanto abordagens individuais quanto coletivas ainda intervencoes meio grupos operativos apresentaram resultados importantes autocuidado pes pacientes dm2 testadas abordagens nutricionais desta forma estudo busca avaliar efeito adicionar encontros educacao alimentar adesao aconselhamento nutricional individual oferecido ambulatorio nutricao especializado pacientes dm2 metodos ensaio_clinico_randomizado paralelo aberto seguimento 12 meses realizado pacientes atendidos ambulatorio nutricao especializado hospital_universitario estudo aprovado comite etica pesquisa hcpa 2022 0238 registrado clinicaltrials gov nct05598203 pacientes = adultos dm tipo 2 intervencao = educacao alimentar partir grupos operativos adicionada aconselhamento nutricional individual controle = aconselhamento nutricional individual tratamento usual desfechos = controle_glicemico peso adesao recomendacoes pacientes submetidos avaliacao clinica nutricional basal receberam aconselhamento nutricional partir alvos metabolicos randomizados intervencao controle grupo_controle recebeu aconselhamento nutricional individual cada quatro meses pacientes randomizados grupo_intervencao receberam aconselhamento nutricional individualizado acrescido oferta participacao quatro encontros educacao alimentar partir metodo grupos operativos abordados seguintes temas aquisicao alimentos prato saudavel reconhecimento fome saciedade fortalecendo mudanca cada encontro oferecido 20 participantes duracao 1 hora participante poderia participar semanal mensalmente conforme disponibilidade cada encontros participantes tarefa realizar casa participantes avaliados linha base quatro meses apos aconselhamento individual resultados presente data randomizados 220 participantes 179 participantes retornaram quatro meses apos aconselhamento nutricional linha base destes 63 7 mulheres idade 60 anos 53 65 65 9 classe social baixa 65 1 obesidade valores medios hba1c 9 2 8 3 10 2 participantes ambos grupos reducao hba1c peso_corporal adesao aconselhamento nutricional inicial avaliada maior proporcao participantes grupo_intervencao 77 8 apresentaram adesao aconselhamento realizar prato saudavel principais refeicoes comparado grupo_controle 61 3 p = 0 03 conclusao nesta amostra pacientes dm2 ambulatoriais aconselhamento nutricional promoveu melhora controle_glicemico reducao peso curto prazo oferta educacao nutricional grupos operativos promoveu maior aderencia recomendacoes prato saudavel diabetes grupo_intervencao intervencao parece promissora avaliacao demais parametros saude longo prazo permitira melhor interpretacao efetividade,4783
65,"imersao, osmotica, desidratacao, medicina, difusao, gengibre, menopausa, complementares, terapeutica, planejamento",gengibre planta cujo rizoma ampla aceitacao industria cosmeticos alimentos bebidas alem ser bastante empregado medicina popular apos colheita qualidade rizomas reduzida acarretando perdas significativas qualidade tempo permanencia produto prateleiras objetivo desta pesquisa otimizar processo desidratacao osmotica gengibre implementacao realizados estudos meio planejamento fracionario 27 3 23 avaliar influencia variaveis independentes temperatura concentracao solucao osmotica tempo imersao nacl geometria corte cobertura alginato agitacao sobre perda umidade pu ganho solidos gs indice desidratacao osmotica ied apos etapa objetivo encontrar melhores condicoes desidratacao osmotica gengibre realizado planejamento fatorial 23 determinacao melhor tempo imersao temperatura concentracao solucao osmotica processamento planejamento fatorial 22 realizado avaliar influencia variaveis tempo imersao concentracao agente osmotico sobre coeficientes difusao agua sacarose resultados demonstraram presenca nacl cobertura geometria corte agitacao influenciaram significativamente perda umidade ganho solidos p>0 05 entretanto baixos tempos imersao temperatura associados alta concentracao solucao osmotica resultam significativa reducao ganho solutos satisfatoria perda umidade melhores condicoes encontradas desidratacao osmotica gengibre temperatura 34°c concentracao 44°brix tempo imersao 120 minutos relacao coeficientes difusao ambos influenciados tempo imersao porem concentracao agente osmotico influenciou apenas coeficiente difusao sacarose parametros desidratacao osmotica demonstrou ser eficaz reducao umidade gengibres podendo ser alternativa aumentar vida util deste produto,1101
65,"imersao, osmotica, desidratacao, medicina, difusao, gengibre, menopausa, complementares, terapeutica, planejamento",osteoporose doenca metabolica caracterizada baixa massa_ossea deterioracao microarquitetura tecido osseo aumento suscetibilidade fraturas prevalente populacao mundial sobretudo mulheres apos menopausa diante importancia tema presente trabalho objetivo descrever tecnicas inducao dessa condicao modelo animal descrever forma realizacao tratamento acupuntura base medicina complementar utilizado modelo ratas ovariectomizadas considerado padrao ouro inducao menopausa experimental nesses animais descricao tecnica acupuntura experimental avaliacao mudanca massa_corporal ratas menopausa induzida cirurgicamente relacao tratamento 17 betaestradiol relevantes pois indice_massa_corporal diretamente relacionado risco osteoporose mulheres menopausa alem disso acupuntura especialidade medica reconhecida conselho federal medicina especialidade medico veterinaria reconhecida conselho federal medicina veterinaria alem disso acupuntura faz parte politica nacional praticas integrativas complementares pnpic sistema_unico_saude sus brasileiro dessa forma acupuntura pratica terapeutica tanto animais quanto seres_humanos grande potencial difusao territorio brasileiro baixo custo resultados dessa pesquisa sugerem reposicao hormonal tardia 17 betaestradiol dosagem 50 g kg via intramuscular aplicada duas vezes semana 10 semanas influencia benefica evitar ganho_peso excessivo animais apos ovario salpingo histerectomia conclui tratamento acupuntura aplicados apos 10 semanas ovario salpingo histerectomia duas vezes semana durante 10 semanas influencia ganho_peso ratas presente estudo conclui pratica experimental acupuntura ratos alternativa viavel estudo dessa modalidade terapeutica animais apresentam boa tolerancia agulhamento demonstraram repulsa pratica logo alternativa segura animais etica viavel experimentalmente estudos devem ser realizados verificar pratica acupuntura ratas efeito tratamento outros sintomas relacionados menopausa deficiencia estrogenica,3604
65,"imersao, osmotica, desidratacao, medicina, difusao, gengibre, menopausa, complementares, terapeutica, planejamento",refreamento sintese estrogenos progestagenos ocorre 45 65 anos idade mulher conhecido climaterio reducao leva diversos sinais sintomas cefaleia fogachos insonia problemas cardiovasculares osteoporose outros manejos sintomaticos baseiam intervencoes terapeuticas biomedicas integrativas complementares terapeuticas biomedicas medicamentos alopaticos fitoterapicos intervencoes integrativas complementares yoga vem sendo associado beneficios fisiologicos estudos quantitativos contudo poucos estudos perspectiva qualitativa shivam yoga modalidade composta tecnicas concentracao respiracao exercicios psicofisicos relaxamento meditacao utilizado projeto extensao yoga mulheres climaterio proex ufop fim conhecer percepcoes acerca pratica shivam yoga climaterio praticantes utilizadas entrevistas_semiestruturadas face face duas perguntas disparadoras percebe yoga vida percebe yoga climaterio menopausa criterio saturacao utilizado delimitacao grupo participantes saturacao ocorreu 7 participantes 45 65 anos idade praticavam shivam yoga 40 meses duas aulas semanais 60 minutos diferentes turmas diferentes instrutores avaliou entrevistas partir preceitos analise conteudo bardin 1977 emergiram analise tematica cinco categorias diversas significacoes climaterio isolamento social shivam yoga sintomatologia shivam yoga interacao social shivam yoga instrumento autoconhecimento finalmente shivam yoga pratica diferente espiritual shivam yoga percebido benefico manejo sintomatico aumentou interacao social empatia proporcionou autoconhecimento dominio corpo utilizacao shivam yoga climaterio mostrouse promissora,3302
